#usda 1.0
(
    defaultPrim = "tapered_box_union_union_union_union_union_union_union_union_union_union_union_union_union_union_union_union_union_union_union_union_union_union_union_union_union_union_union_union_union_union_union_union_union_union_union_union_union_union_union_union_union_union_union_union_union_union_union_union_union_union_union_union_union_union_union_union_union_union_union_union_union_union_union_union_union_union_union_union_union_union_union_union_union_union_union_union_union_union_union_union_union_union_union_union_union_union_union_union_union_union_union_union_union_union_union_union_union_union_union_union_union_union_union_union_union_union_union_union_union_union_union_union_union_union_union_union_union_union_union_union_union_union_union_union_union_union_union_union_union_union_union_union_union_union_union_union_union_union_union_union_union_union_union_union_union_union_union_union_union_union_union_union_union_union_union_union_union_union_union_union_union_union_union_union_union_union_union_union_union_union_union_union_union_union_union_union_union_union_union_union_union_union_union_union_union_union_union_union_union_union_union_union_union_union_union_union_union_union_union_union_union_diff_union_union_union_union"
    upAxis = "Y"
    metersPerUnit = 0.001
)

def Xform "tapered_box_union_union_union_union_union_union_union_union_union_union_union_union_union_union_union_union_union_union_union_union_union_union_union_union_union_union_union_union_union_union_union_union_union_union_union_union_union_union_union_union_union_union_union_union_union_union_union_union_union_union_union_union_union_union_union_union_union_union_union_union_union_union_union_union_union_union_union_union_union_union_union_union_union_union_union_union_union_union_union_union_union_union_union_union_union_union_union_union_union_union_union_union_union_union_union_union_union_union_union_union_union_union_union_union_union_union_union_union_union_union_union_union_union_union_union_union_union_union_union_union_union_union_union_union_union_union_union_union_union_union_union_union_union_union_union_union_union_union_union_union_union_union_union_union_union_union_union_union_union_union_union_union_union_union_union_union_union_union_union_union_union_union_union_union_union_union_union_union_union_union_union_union_union_union_union_union_union_union_union_union_union_union_union_union_union_union_union_union_union_union_union_union_union_union_union_union_union_union_union_union_union_diff_union_union_union_union" (
    prepend apiSchemas = ["PhysicsRigidBodyAPI", "PhysicsMassAPI"]
)
{
    float physics:mass = 3.75705

    def Mesh "tapered_box_union_union_union_union_union_union_union_union_union_union_union_union_union_union_union_union_union_union_union_union_union_union_union_union_union_union_union_union_union_union_union_union_union_union_union_union_union_union_union_union_union_union_union_union_union_union_union_union_union_union_union_union_union_union_union_union_union_union_union_union_union_union_union_union_union_union_union_union_union_union_union_union_union_union_union_union_union_union_union_union_union_union_union_union_union_union_union_union_union_union_union_union_union_union_union_union_union_union_union_union_union_union_union_union_union_union_union_union_union_union_union_union_union_union_union_union_union_union_union_union_union_union_union_union_union_union_union_union_union_union_union_union_union_union_union_union_union_union_union_union_union_union_union_union_union_union_union_union_union_union_union_union_union_union_union_union_union_union_union_union_union_union_union_union_union_union_union_union_union_union_union_union_union_union_union_union_union_union_union_union_union_union_union_union_union_union_union_union_union_union_union_union_union_union_union_union_union_union_union_union_union_diff_union_union_union_union_mesh"
    {
        float3[] extent = [(-115, -45, -30), (115, 45, 151.5)]
        int[] faceVertexCounts = [3, 3, 3, 3, 3, 3, 3, 3, 3, 3, 3, 3, 3, 3, 3, 3, 3, 3, 3, 3, 3, 3, 3, 3, 3, 3, 3, 3, 3, 3, 3, 3, 3, 3, 3, 3, 3, 3, 3, 3, 3, 3, 3, 3, 3, 3, 3, 3, 3, 3, 3, 3, 3, 3, 3, 3, 3, 3, 3, 3, 3, 3, 3, 3, 3, 3, 3, 3, 3, 3, 3, 3, 3, 3, 3, 3, 3, 3, 3, 3, 3, 3, 3, 3, 3, 3, 3, 3, 3, 3, 3, 3, 3, 3, 3, 3, 3, 3, 3, 3, 3, 3, 3, 3, 3, 3, 3, 3, 3, 3, 3, 3, 3, 3, 3, 3, 3, 3, 3, 3, 3, 3, 3, 3, 3, 3, 3, 3, 3, 3, 3, 3, 3, 3, 3, 3, 3, 3, 3, 3, 3, 3, 3, 3, 3, 3, 3, 3, 3, 3, 3, 3, 3, 3, 3, 3, 3, 3, 3, 3, 3, 3, 3, 3, 3, 3, 3, 3, 3, 3, 3, 3, 3, 3, 3, 3, 3, 3, 3, 3, 3, 3, 3, 3, 3, 3, 3, 3, 3, 3, 3, 3, 3, 3, 3, 3, 3, 3, 3, 3, 3, 3, 3, 3, 3, 3, 3, 3, 3, 3, 3, 3, 3, 3, 3, 3, 3, 3, 3, 3, 3, 3, 3, 3, 3, 3, 3, 3, 3, 3, 3, 3, 3, 3, 3, 3, 3, 3, 3, 3, 3, 3, 3, 3, 3, 3, 3, 3, 3, 3, 3, 3, 3, 3, 3, 3, 3, 3, 3, 3, 3, 3, 3, 3, 3, 3, 3, 3, 3, 3, 3, 3, 3, 3, 3, 3, 3, 3, 3, 3, 3, 3, 3, 3, 3, 3, 3, 3, 3, 3, 3, 3, 3, 3, 3, 3, 3, 3, 3, 3, 3, 3, 3, 3, 3, 3, 3, 3, 3, 3, 3, 3, 3, 3, 3, 3, 3, 3, 3, 3, 3, 3, 3, 3, 3, 3, 3, 3, 3, 3, 3, 3, 3, 3, 3, 3, 3, 3, 3, 3, 3, 3, 3, 3, 3, 3, 3, 3, 3, 3, 3, 3, 3, 3, 3, 3, 3, 3, 3, 3, 3, 3, 3, 3, 3, 3, 3, 3, 3, 3, 3, 3, 3, 3, 3, 3, 3, 3, 3, 3, 3, 3, 3, 3, 3, 3, 3, 3, 3, 3, 3, 3, 3, 3, 3, 3, 3, 3, 3, 3, 3, 3, 3, 3, 3, 3, 3, 3, 3, 3, 3, 3, 3, 3, 3, 3, 3, 3, 3, 3, 3, 3, 3, 3, 3, 3, 3, 3, 3, 3, 3, 3, 3, 3, 3, 3, 3, 3, 3, 3, 3, 3, 3, 3, 3, 3, 3, 3, 3, 3, 3, 3, 3, 3, 3, 3, 3, 3, 3, 3, 3, 3, 3, 3, 3, 3, 3, 3, 3, 3, 3, 3, 3, 3, 3, 3, 3, 3, 3, 3, 3, 3, 3, 3, 3, 3, 3, 3, 3, 3, 3, 3, 3, 3, 3, 3, 3, 3, 3, 3, 3, 3, 3, 3, 3, 3, 3, 3, 3, 3, 3, 3, 3, 3, 3, 3, 3, 3, 3, 3, 3, 3, 3, 3, 3, 3, 3, 3, 3, 3, 3, 3, 3, 3, 3, 3, 3, 3, 3, 3, 3, 3, 3, 3, 3, 3, 3, 3, 3, 3, 3, 3, 3, 3, 3, 3, 3, 3, 3, 3, 3, 3, 3, 3, 3, 3, 3, 3, 3, 3, 3, 3, 3, 3, 3, 3, 3, 3, 3, 3, 3, 3, 3, 3, 3, 3, 3, 3, 3, 3, 3, 3, 3, 3, 3, 3, 3, 3, 3, 3, 3, 3, 3, 3, 3, 3, 3, 3, 3, 3, 3, 3, 3, 3, 3, 3, 3, 3, 3, 3, 3, 3, 3, 3, 3, 3, 3, 3, 3, 3, 3, 3, 3, 3, 3, 3, 3, 3, 3, 3, 3, 3, 3, 3, 3, 3, 3, 3, 3, 3, 3, 3, 3, 3, 3, 3, 3, 3, 3, 3, 3, 3, 3, 3, 3, 3, 3, 3, 3, 3, 3, 3, 3, 3, 3, 3, 3, 3, 3, 3, 3, 3, 3, 3, 3, 3, 3, 3, 3, 3, 3, 3, 3, 3, 3, 3, 3, 3, 3, 3, 3, 3, 3, 3, 3, 3, 3, 3, 3, 3, 3, 3, 3, 3, 3, 3, 3, 3, 3, 3, 3, 3, 3, 3, 3, 3, 3, 3, 3, 3, 3, 3, 3, 3, 3, 3, 3, 3, 3, 3, 3, 3, 3, 3, 3, 3, 3, 3, 3, 3, 3, 3, 3, 3, 3, 3, 3, 3, 3, 3, 3, 3, 3, 3, 3, 3, 3, 3, 3, 3, 3, 3, 3, 3, 3, 3, 3, 3, 3, 3, 3, 3, 3, 3, 3, 3, 3, 3, 3, 3, 3, 3, 3, 3, 3, 3, 3, 3, 3, 3, 3, 3, 3, 3, 3, 3, 3, 3, 3, 3, 3, 3, 3, 3, 3, 3, 3, 3, 3, 3, 3, 3, 3, 3, 3, 3, 3, 3, 3, 3, 3, 3, 3, 3, 3, 3, 3, 3, 3, 3, 3, 3, 3, 3, 3, 3, 3, 3, 3, 3, 3, 3, 3, 3, 3, 3, 3, 3, 3, 3, 3, 3, 3, 3, 3, 3, 3, 3, 3, 3, 3, 3, 3, 3, 3, 3, 3, 3, 3, 3, 3, 3, 3, 3, 3, 3, 3, 3, 3, 3, 3, 3, 3, 3, 3, 3, 3, 3, 3, 3, 3, 3, 3, 3, 3, 3, 3, 3, 3, 3, 3, 3, 3, 3, 3, 3, 3, 3, 3, 3, 3, 3, 3, 3, 3, 3, 3, 3, 3, 3, 3, 3, 3, 3, 3, 3, 3, 3, 3, 3, 3, 3, 3, 3, 3, 3, 3, 3, 3, 3, 3, 3, 3, 3, 3, 3, 3, 3, 3, 3, 3, 3, 3, 3, 3, 3, 3, 3, 3, 3, 3, 3, 3, 3, 3, 3, 3, 3, 3, 3, 3, 3, 3, 3, 3, 3, 3, 3, 3, 3, 3, 3, 3, 3, 3, 3, 3, 3, 3, 3, 3, 3, 3, 3, 3, 3, 3, 3, 3, 3, 3, 3, 3, 3, 3, 3, 3, 3, 3, 3, 3, 3, 3, 3, 3, 3, 3, 3, 3, 3, 3, 3, 3, 3, 3, 3, 3, 3, 3, 3, 3, 3, 3, 3, 3, 3, 3, 3, 3, 3, 3, 3, 3, 3, 3, 3, 3, 3, 3, 3, 3, 3, 3, 3, 3, 3, 3, 3, 3, 3, 3, 3, 3, 3, 3, 3, 3, 3, 3, 3, 3, 3, 3, 3, 3, 3, 3, 3, 3, 3, 3, 3, 3, 3, 3, 3, 3, 3, 3, 3, 3, 3, 3, 3, 3, 3, 3, 3, 3, 3, 3, 3, 3, 3, 3, 3, 3, 3, 3, 3, 3, 3, 3, 3, 3, 3, 3, 3, 3, 3, 3, 3, 3, 3, 3, 3, 3, 3, 3, 3, 3, 3, 3, 3, 3, 3, 3, 3, 3, 3, 3, 3, 3, 3, 3, 3, 3, 3, 3, 3, 3, 3, 3, 3, 3, 3, 3, 3, 3, 3, 3, 3, 3, 3, 3, 3, 3, 3, 3, 3, 3, 3, 3, 3, 3, 3, 3, 3, 3, 3, 3, 3, 3, 3, 3, 3, 3, 3, 3, 3, 3, 3, 3, 3, 3, 3, 3, 3, 3, 3, 3, 3, 3, 3, 3, 3, 3, 3, 3, 3, 3, 3, 3, 3, 3, 3, 3, 3, 3, 3, 3, 3, 3, 3, 3, 3, 3, 3, 3, 3, 3, 3, 3, 3, 3, 3, 3, 3, 3, 3, 3, 3, 3, 3, 3, 3, 3, 3, 3, 3, 3, 3, 3, 3, 3, 3, 3, 3, 3, 3, 3, 3, 3, 3, 3, 3, 3, 3, 3, 3, 3, 3, 3, 3, 3, 3, 3, 3, 3, 3, 3, 3, 3, 3, 3, 3, 3, 3, 3, 3, 3, 3, 3, 3, 3, 3, 3, 3, 3, 3, 3, 3, 3, 3, 3, 3, 3, 3, 3, 3, 3, 3, 3, 3, 3, 3, 3, 3, 3, 3, 3, 3, 3, 3, 3, 3, 3, 3, 3, 3, 3, 3, 3, 3, 3, 3, 3, 3, 3, 3, 3, 3, 3, 3, 3, 3, 3, 3, 3, 3, 3, 3, 3, 3, 3, 3, 3, 3, 3, 3, 3, 3, 3, 3, 3, 3, 3, 3, 3, 3, 3, 3, 3, 3, 3, 3, 3, 3, 3, 3, 3, 3, 3, 3, 3, 3, 3, 3, 3, 3, 3, 3, 3, 3, 3, 3, 3, 3, 3, 3, 3, 3, 3, 3, 3, 3, 3, 3, 3, 3, 3, 3, 3, 3, 3, 3, 3, 3, 3, 3, 3, 3, 3, 3, 3, 3, 3, 3, 3, 3, 3, 3, 3, 3, 3, 3, 3, 3, 3, 3, 3, 3, 3, 3, 3, 3, 3, 3, 3, 3, 3, 3, 3, 3, 3, 3, 3, 3, 3, 3, 3, 3, 3, 3, 3, 3, 3, 3, 3, 3, 3, 3, 3, 3, 3, 3, 3, 3, 3, 3, 3, 3, 3, 3, 3, 3, 3, 3, 3, 3, 3, 3, 3, 3, 3, 3, 3, 3, 3, 3, 3, 3, 3, 3, 3, 3, 3, 3, 3, 3, 3, 3, 3, 3, 3, 3, 3, 3, 3, 3, 3, 3, 3, 3, 3, 3, 3, 3, 3, 3, 3, 3, 3, 3, 3, 3, 3, 3, 3, 3, 3, 3, 3, 3, 3, 3, 3, 3, 3, 3, 3, 3, 3, 3, 3, 3, 3, 3, 3, 3, 3, 3, 3, 3, 3, 3, 3, 3, 3, 3, 3, 3, 3, 3, 3, 3, 3, 3, 3, 3, 3, 3, 3, 3, 3, 3, 3, 3, 3, 3, 3, 3, 3, 3, 3, 3, 3, 3, 3, 3, 3, 3, 3, 3, 3, 3, 3, 3, 3, 3, 3, 3, 3, 3, 3, 3, 3, 3, 3, 3, 3, 3, 3, 3, 3, 3, 3, 3, 3, 3, 3, 3, 3, 3, 3, 3, 3, 3, 3, 3, 3, 3, 3, 3, 3, 3, 3, 3, 3, 3, 3, 3, 3, 3, 3, 3, 3, 3, 3, 3, 3, 3, 3, 3, 3, 3, 3, 3, 3, 3, 3, 3, 3, 3, 3, 3, 3, 3, 3, 3, 3, 3, 3, 3, 3, 3, 3, 3, 3, 3, 3, 3, 3, 3, 3, 3, 3, 3, 3, 3, 3, 3, 3, 3, 3, 3, 3, 3, 3, 3, 3, 3, 3, 3, 3, 3, 3, 3, 3, 3, 3, 3, 3, 3, 3, 3, 3, 3, 3, 3, 3, 3, 3, 3, 3, 3, 3, 3, 3, 3, 3, 3, 3, 3, 3, 3, 3, 3, 3, 3, 3, 3, 3, 3, 3, 3, 3, 3, 3, 3, 3, 3, 3, 3, 3, 3, 3, 3, 3, 3, 3, 3, 3, 3, 3, 3, 3, 3, 3, 3, 3, 3, 3, 3, 3, 3, 3, 3, 3, 3, 3, 3, 3, 3, 3, 3, 3, 3, 3, 3, 3, 3, 3, 3, 3, 3, 3, 3, 3, 3, 3, 3, 3, 3, 3, 3, 3, 3, 3, 3, 3, 3, 3, 3, 3, 3, 3, 3, 3, 3, 3, 3, 3, 3, 3, 3, 3, 3, 3, 3, 3, 3, 3, 3, 3, 3, 3, 3, 3, 3, 3, 3, 3, 3, 3, 3, 3, 3, 3, 3, 3, 3, 3, 3, 3, 3, 3, 3, 3, 3, 3, 3, 3, 3, 3, 3, 3, 3, 3, 3, 3, 3, 3, 3, 3, 3, 3, 3, 3, 3, 3, 3, 3, 3, 3, 3, 3, 3, 3, 3, 3, 3, 3, 3, 3, 3, 3, 3, 3, 3, 3, 3, 3, 3, 3, 3, 3, 3, 3, 3, 3, 3, 3, 3, 3, 3, 3, 3, 3, 3, 3, 3, 3, 3, 3, 3, 3, 3, 3, 3, 3, 3, 3, 3, 3, 3, 3, 3, 3, 3, 3, 3, 3, 3, 3, 3, 3, 3, 3, 3, 3, 3, 3, 3, 3, 3, 3, 3, 3, 3, 3, 3, 3, 3, 3, 3, 3, 3, 3, 3, 3, 3, 3, 3, 3, 3, 3, 3, 3, 3, 3, 3, 3, 3, 3, 3, 3, 3, 3, 3, 3, 3, 3, 3, 3, 3, 3, 3, 3, 3, 3, 3, 3, 3, 3, 3, 3, 3, 3, 3, 3, 3, 3, 3, 3, 3, 3, 3, 3, 3, 3, 3, 3, 3, 3, 3, 3, 3, 3, 3, 3, 3, 3, 3, 3, 3, 3, 3, 3, 3, 3, 3, 3, 3, 3, 3, 3, 3, 3, 3, 3, 3, 3, 3, 3, 3, 3, 3, 3, 3, 3, 3, 3, 3, 3, 3, 3, 3, 3, 3, 3, 3, 3, 3, 3, 3, 3, 3, 3, 3, 3, 3, 3, 3, 3, 3, 3, 3, 3, 3, 3, 3, 3, 3, 3, 3, 3, 3, 3, 3, 3, 3, 3, 3, 3, 3, 3, 3, 3, 3, 3, 3, 3, 3, 3, 3, 3, 3, 3, 3, 3, 3, 3, 3, 3, 3, 3, 3, 3, 3, 3, 3, 3, 3, 3, 3, 3, 3, 3, 3, 3, 3, 3, 3, 3, 3, 3, 3, 3, 3, 3, 3, 3, 3, 3, 3, 3, 3, 3, 3, 3, 3, 3, 3, 3, 3, 3, 3, 3, 3, 3, 3, 3, 3, 3, 3, 3, 3, 3, 3, 3, 3, 3, 3, 3, 3, 3, 3, 3, 3, 3, 3, 3, 3, 3, 3, 3, 3, 3, 3, 3, 3, 3, 3, 3, 3, 3, 3, 3, 3, 3, 3, 3, 3, 3, 3, 3, 3, 3, 3, 3, 3, 3, 3, 3, 3, 3, 3, 3, 3, 3, 3, 3, 3, 3, 3, 3, 3, 3, 3, 3, 3, 3, 3, 3, 3, 3, 3, 3, 3, 3, 3, 3, 3, 3, 3, 3, 3, 3, 3, 3, 3, 3, 3, 3, 3, 3, 3, 3, 3, 3, 3, 3, 3, 3, 3, 3, 3, 3, 3, 3, 3, 3, 3, 3, 3, 3, 3, 3, 3, 3, 3, 3, 3, 3, 3, 3, 3, 3, 3, 3, 3, 3, 3, 3, 3, 3, 3, 3, 3, 3, 3, 3, 3, 3, 3, 3, 3, 3, 3, 3, 3, 3, 3, 3, 3, 3, 3, 3, 3, 3, 3, 3, 3, 3, 3, 3, 3, 3, 3, 3, 3, 3, 3, 3, 3, 3, 3, 3, 3, 3, 3, 3, 3, 3, 3, 3, 3, 3, 3, 3, 3, 3, 3, 3, 3, 3, 3, 3, 3, 3, 3, 3, 3, 3, 3, 3, 3, 3, 3, 3, 3, 3, 3, 3, 3, 3, 3, 3, 3, 3, 3, 3, 3, 3, 3, 3, 3, 3, 3, 3, 3, 3, 3, 3, 3, 3, 3, 3, 3, 3, 3, 3, 3, 3, 3, 3, 3, 3, 3, 3, 3, 3, 3, 3, 3, 3, 3, 3, 3, 3, 3, 3, 3, 3, 3, 3, 3, 3, 3, 3, 3, 3, 3, 3, 3, 3, 3, 3, 3, 3, 3, 3, 3, 3, 3, 3, 3, 3, 3, 3, 3, 3, 3, 3, 3, 3, 3, 3, 3, 3, 3, 3, 3, 3, 3, 3, 3, 3, 3, 3, 3, 3, 3, 3, 3, 3, 3, 3, 3, 3, 3, 3, 3, 3, 3, 3, 3, 3, 3, 3, 3, 3, 3, 3, 3, 3, 3, 3, 3, 3, 3, 3, 3, 3, 3, 3, 3, 3, 3, 3, 3, 3, 3, 3, 3, 3, 3, 3, 3, 3, 3, 3, 3, 3, 3, 3, 3, 3, 3, 3, 3, 3, 3, 3, 3, 3, 3, 3, 3, 3, 3, 3, 3, 3, 3, 3, 3, 3, 3, 3, 3, 3, 3, 3, 3, 3, 3, 3, 3, 3, 3, 3, 3, 3, 3, 3, 3, 3, 3, 3, 3, 3, 3, 3, 3, 3, 3, 3, 3, 3, 3, 3, 3, 3, 3, 3, 3, 3, 3, 3, 3, 3, 3, 3, 3, 3, 3, 3, 3, 3, 3, 3, 3, 3, 3, 3, 3, 3, 3, 3, 3, 3, 3, 3, 3, 3, 3, 3, 3, 3, 3, 3, 3, 3, 3, 3, 3, 3, 3, 3, 3, 3, 3, 3, 3, 3, 3, 3, 3, 3, 3, 3, 3, 3, 3, 3, 3, 3, 3, 3, 3, 3, 3, 3, 3, 3, 3, 3, 3, 3, 3, 3, 3, 3, 3, 3, 3, 3, 3, 3, 3, 3, 3, 3, 3, 3, 3, 3, 3, 3, 3, 3, 3, 3, 3, 3, 3, 3, 3, 3, 3, 3, 3, 3, 3, 3, 3, 3, 3, 3, 3, 3, 3, 3, 3, 3, 3, 3, 3, 3, 3, 3, 3, 3, 3, 3, 3, 3, 3, 3, 3, 3, 3, 3, 3, 3, 3, 3, 3, 3, 3, 3, 3, 3, 3, 3, 3, 3, 3, 3, 3, 3, 3, 3, 3, 3, 3, 3, 3, 3, 3, 3, 3, 3, 3, 3, 3, 3, 3, 3, 3, 3, 3, 3, 3, 3, 3, 3, 3, 3, 3, 3, 3, 3, 3, 3, 3, 3, 3, 3, 3, 3, 3, 3, 3, 3, 3, 3, 3, 3, 3, 3, 3, 3, 3, 3, 3, 3, 3, 3, 3, 3, 3, 3, 3, 3, 3, 3, 3, 3, 3, 3, 3, 3, 3, 3, 3, 3, 3, 3, 3, 3, 3, 3, 3, 3, 3, 3, 3, 3, 3, 3, 3, 3, 3, 3, 3, 3, 3, 3, 3, 3, 3, 3, 3, 3, 3, 3, 3, 3, 3, 3, 3, 3, 3, 3, 3, 3, 3, 3, 3, 3, 3, 3, 3, 3, 3, 3, 3, 3, 3, 3, 3, 3, 3, 3, 3, 3, 3, 3, 3, 3, 3, 3, 3, 3, 3, 3, 3, 3, 3, 3, 3, 3, 3, 3, 3, 3, 3, 3, 3, 3, 3, 3, 3, 3, 3, 3, 3, 3, 3, 3, 3, 3, 3, 3, 3, 3, 3, 3, 3, 3, 3, 3, 3, 3, 3, 3, 3, 3, 3, 3, 3, 3, 3, 3, 3, 3, 3, 3, 3, 3, 3, 3, 3, 3, 3, 3, 3, 3, 3, 3, 3, 3, 3, 3, 3, 3, 3, 3, 3, 3, 3, 3, 3, 3, 3, 3, 3, 3, 3, 3, 3, 3, 3, 3, 3, 3, 3, 3, 3, 3, 3, 3, 3, 3, 3, 3, 3, 3, 3, 3, 3, 3, 3, 3, 3, 3, 3, 3, 3, 3, 3, 3, 3, 3, 3, 3, 3, 3, 3, 3, 3, 3, 3, 3, 3, 3, 3, 3, 3, 3, 3, 3, 3, 3, 3, 3, 3, 3, 3, 3, 3, 3, 3, 3, 3, 3, 3, 3, 3, 3, 3, 3, 3, 3, 3, 3, 3, 3, 3, 3, 3, 3, 3, 3, 3, 3, 3, 3, 3, 3, 3, 3, 3, 3, 3, 3, 3, 3, 3, 3, 3, 3, 3, 3, 3, 3, 3, 3, 3, 3, 3, 3, 3, 3, 3, 3, 3, 3, 3, 3, 3, 3, 3, 3, 3, 3, 3, 3, 3, 3, 3, 3, 3, 3, 3, 3, 3, 3, 3, 3, 3, 3, 3, 3, 3, 3, 3, 3, 3, 3, 3, 3, 3, 3, 3, 3, 3, 3, 3, 3, 3, 3, 3, 3, 3, 3, 3, 3, 3, 3, 3, 3, 3, 3, 3, 3, 3, 3, 3, 3, 3, 3, 3, 3, 3, 3, 3, 3, 3, 3, 3, 3, 3, 3, 3, 3, 3, 3, 3, 3, 3, 3, 3, 3, 3, 3, 3, 3, 3, 3, 3, 3, 3, 3, 3, 3, 3, 3, 3, 3, 3, 3, 3, 3, 3, 3, 3, 3, 3, 3, 3, 3, 3, 3, 3, 3, 3, 3, 3, 3, 3, 3, 3, 3, 3, 3, 3, 3, 3, 3, 3, 3, 3, 3, 3, 3, 3, 3, 3, 3, 3, 3, 3, 3, 3, 3, 3, 3, 3, 3, 3, 3, 3, 3, 3, 3, 3, 3, 3, 3, 3, 3, 3, 3, 3, 3, 3, 3, 3, 3, 3, 3, 3, 3, 3, 3, 3, 3, 3, 3, 3, 3, 3, 3, 3, 3, 3, 3, 3, 3, 3, 3, 3, 3, 3, 3, 3, 3, 3, 3, 3, 3, 3, 3, 3, 3, 3, 3, 3, 3, 3, 3, 3, 3, 3, 3, 3, 3, 3, 3, 3, 3, 3, 3, 3, 3, 3, 3, 3, 3, 3, 3, 3, 3, 3, 3, 3, 3, 3, 3, 3, 3, 3, 3, 3, 3, 3, 3, 3, 3, 3, 3, 3, 3, 3, 3, 3, 3, 3, 3, 3, 3, 3, 3, 3, 3, 3, 3, 3, 3, 3, 3, 3, 3, 3, 3, 3, 3, 3, 3, 3, 3, 3, 3, 3, 3, 3, 3, 3, 3, 3, 3, 3, 3, 3, 3, 3, 3, 3, 3, 3, 3, 3, 3, 3, 3, 3, 3, 3, 3, 3, 3, 3, 3, 3, 3, 3, 3, 3, 3, 3, 3, 3, 3, 3, 3, 3, 3, 3, 3, 3, 3, 3, 3, 3, 3, 3, 3, 3, 3, 3, 3, 3, 3, 3, 3, 3, 3, 3, 3, 3, 3, 3, 3, 3, 3, 3, 3, 3, 3, 3, 3, 3, 3, 3, 3, 3, 3, 3, 3, 3, 3, 3, 3, 3, 3, 3, 3, 3, 3, 3, 3, 3, 3, 3, 3, 3, 3, 3, 3, 3, 3, 3, 3, 3, 3, 3, 3, 3, 3, 3, 3, 3, 3, 3, 3, 3, 3, 3, 3, 3, 3, 3, 3, 3, 3, 3, 3, 3, 3, 3, 3, 3, 3, 3, 3, 3, 3, 3, 3, 3, 3, 3, 3, 3, 3, 3, 3, 3, 3, 3, 3, 3, 3, 3, 3, 3, 3, 3, 3, 3, 3, 3, 3, 3, 3, 3, 3, 3, 3, 3, 3, 3, 3, 3, 3, 3, 3, 3, 3, 3, 3, 3, 3, 3, 3, 3, 3, 3, 3, 3, 3, 3, 3, 3, 3, 3, 3, 3, 3, 3, 3, 3, 3, 3, 3, 3, 3, 3, 3, 3, 3, 3, 3, 3, 3, 3, 3, 3, 3, 3, 3, 3, 3, 3, 3, 3, 3, 3, 3, 3, 3, 3, 3, 3, 3, 3, 3, 3, 3, 3, 3, 3, 3, 3, 3, 3, 3, 3, 3, 3, 3, 3, 3, 3, 3, 3, 3, 3, 3, 3, 3, 3, 3, 3, 3, 3, 3, 3, 3, 3, 3, 3, 3, 3, 3, 3, 3, 3, 3, 3, 3, 3, 3, 3, 3, 3, 3, 3, 3, 3, 3, 3, 3, 3, 3, 3, 3, 3, 3, 3, 3, 3, 3, 3, 3, 3, 3, 3, 3, 3, 3, 3, 3, 3, 3, 3, 3, 3, 3, 3, 3, 3, 3, 3, 3, 3, 3, 3, 3, 3, 3, 3, 3, 3, 3, 3, 3, 3, 3, 3, 3, 3, 3, 3, 3, 3, 3, 3, 3, 3, 3, 3, 3, 3, 3, 3, 3, 3, 3, 3, 3, 3, 3, 3, 3, 3, 3, 3, 3, 3, 3, 3, 3, 3, 3, 3, 3, 3, 3, 3, 3, 3, 3, 3, 3, 3, 3, 3, 3, 3, 3, 3, 3, 3, 3, 3, 3, 3, 3, 3, 3, 3, 3, 3, 3, 3, 3, 3, 3, 3, 3, 3, 3, 3, 3, 3, 3, 3, 3, 3, 3, 3, 3, 3, 3, 3, 3, 3, 3, 3, 3, 3, 3, 3, 3, 3, 3, 3, 3, 3, 3, 3, 3, 3, 3, 3, 3, 3, 3, 3, 3, 3, 3, 3, 3, 3, 3, 3, 3, 3, 3, 3, 3, 3, 3, 3, 3, 3, 3, 3, 3, 3, 3, 3, 3, 3, 3, 3, 3, 3, 3, 3, 3, 3, 3, 3, 3, 3, 3, 3, 3, 3, 3, 3, 3, 3, 3, 3, 3, 3, 3, 3, 3, 3, 3, 3, 3, 3, 3, 3, 3, 3, 3, 3, 3, 3, 3, 3, 3, 3, 3, 3, 3, 3, 3, 3, 3, 3, 3, 3, 3, 3, 3, 3, 3, 3, 3, 3, 3, 3, 3, 3, 3, 3, 3, 3, 3, 3, 3, 3, 3, 3, 3, 3, 3, 3, 3, 3, 3, 3, 3, 3, 3, 3, 3, 3, 3, 3, 3, 3, 3, 3, 3, 3, 3, 3, 3, 3, 3, 3, 3, 3, 3, 3, 3, 3, 3, 3, 3, 3, 3, 3, 3, 3, 3, 3, 3, 3, 3, 3, 3, 3, 3, 3, 3, 3, 3, 3, 3, 3, 3, 3, 3, 3, 3, 3, 3, 3, 3, 3, 3, 3, 3, 3, 3, 3, 3, 3, 3, 3, 3, 3, 3, 3, 3, 3, 3, 3, 3, 3, 3, 3, 3, 3, 3, 3, 3, 3, 3, 3, 3, 3, 3, 3, 3, 3, 3, 3, 3, 3, 3, 3, 3, 3, 3, 3, 3, 3, 3, 3, 3, 3, 3, 3, 3, 3, 3, 3, 3, 3, 3, 3, 3, 3, 3, 3, 3, 3, 3, 3, 3, 3, 3, 3, 3, 3, 3, 3, 3, 3, 3, 3, 3, 3, 3, 3, 3, 3, 3, 3, 3, 3, 3, 3, 3, 3, 3, 3, 3, 3, 3, 3, 3, 3, 3, 3, 3, 3, 3, 3, 3, 3, 3, 3, 3, 3, 3, 3, 3, 3, 3, 3, 3, 3, 3, 3, 3, 3, 3, 3, 3, 3, 3, 3, 3, 3, 3, 3, 3, 3, 3, 3, 3, 3, 3, 3, 3, 3, 3, 3, 3, 3, 3, 3, 3, 3, 3, 3, 3, 3, 3, 3, 3, 3, 3, 3, 3, 3, 3, 3, 3, 3, 3, 3, 3, 3, 3, 3, 3, 3, 3, 3, 3, 3, 3, 3, 3, 3, 3, 3, 3, 3, 3, 3, 3, 3, 3, 3, 3, 3, 3, 3, 3, 3, 3, 3, 3, 3, 3, 3, 3, 3, 3, 3, 3, 3, 3, 3, 3, 3, 3, 3, 3, 3, 3, 3, 3, 3, 3, 3, 3, 3, 3, 3, 3, 3, 3, 3, 3, 3, 3, 3, 3, 3, 3, 3, 3, 3, 3, 3, 3, 3, 3, 3, 3, 3, 3, 3, 3, 3, 3, 3, 3, 3, 3, 3, 3, 3, 3, 3, 3, 3, 3, 3, 3, 3, 3, 3, 3, 3, 3, 3, 3, 3, 3, 3, 3, 3, 3, 3, 3, 3, 3, 3, 3, 3, 3, 3, 3, 3, 3, 3, 3, 3, 3, 3, 3, 3, 3, 3, 3, 3, 3, 3, 3, 3, 3, 3, 3, 3, 3, 3, 3, 3, 3, 3, 3, 3, 3, 3, 3, 3, 3, 3, 3, 3, 3, 3, 3, 3, 3, 3, 3, 3, 3, 3, 3, 3, 3, 3, 3, 3, 3, 3, 3, 3, 3, 3, 3, 3, 3, 3, 3, 3, 3, 3, 3, 3, 3, 3, 3, 3, 3, 3, 3, 3, 3, 3, 3, 3, 3, 3, 3, 3, 3, 3, 3, 3, 3, 3, 3, 3, 3, 3, 3, 3, 3, 3, 3, 3, 3, 3, 3, 3, 3, 3, 3, 3, 3, 3, 3, 3, 3, 3, 3, 3, 3, 3, 3, 3, 3, 3, 3, 3, 3, 3, 3, 3, 3, 3, 3, 3, 3, 3, 3, 3, 3, 3, 3, 3, 3, 3, 3, 3, 3, 3, 3, 3, 3, 3, 3, 3, 3, 3, 3, 3, 3, 3, 3, 3, 3, 3, 3, 3, 3, 3, 3, 3, 3, 3, 3, 3, 3, 3, 3, 3, 3, 3, 3, 3, 3, 3, 3, 3, 3, 3, 3, 3, 3, 3, 3, 3, 3, 3, 3, 3, 3, 3, 3, 3, 3, 3, 3, 3, 3, 3, 3, 3, 3, 3, 3, 3, 3, 3, 3, 3, 3, 3, 3, 3, 3, 3, 3, 3, 3, 3, 3, 3, 3, 3, 3, 3, 3, 3, 3, 3, 3, 3, 3, 3, 3, 3, 3, 3, 3, 3, 3, 3, 3, 3, 3, 3, 3, 3, 3, 3, 3, 3, 3, 3, 3, 3, 3, 3, 3, 3, 3, 3, 3, 3, 3, 3, 3, 3, 3, 3, 3, 3, 3, 3, 3, 3, 3, 3, 3, 3, 3, 3, 3, 3, 3, 3, 3, 3, 3, 3, 3, 3, 3, 3, 3, 3, 3, 3, 3, 3, 3, 3, 3, 3, 3, 3, 3, 3, 3, 3, 3, 3, 3, 3, 3, 3, 3, 3, 3, 3, 3, 3, 3, 3, 3, 3, 3, 3, 3, 3, 3, 3, 3, 3, 3, 3, 3, 3, 3, 3, 3, 3, 3, 3, 3, 3, 3, 3, 3, 3, 3, 3, 3, 3, 3, 3, 3, 3, 3, 3, 3, 3, 3, 3, 3, 3, 3, 3, 3, 3, 3, 3, 3, 3, 3, 3, 3, 3, 3, 3, 3, 3, 3, 3, 3, 3, 3, 3, 3, 3, 3, 3, 3, 3, 3, 3, 3, 3, 3, 3, 3, 3, 3, 3, 3, 3, 3, 3, 3, 3, 3, 3, 3, 3, 3, 3, 3, 3, 3, 3, 3, 3, 3, 3, 3, 3, 3, 3, 3, 3, 3, 3, 3, 3, 3, 3, 3, 3, 3, 3, 3, 3, 3, 3, 3, 3, 3, 3, 3, 3, 3, 3, 3, 3, 3, 3, 3, 3, 3, 3, 3, 3, 3, 3, 3, 3, 3, 3, 3, 3, 3, 3, 3, 3, 3, 3, 3, 3, 3, 3, 3, 3, 3, 3, 3, 3, 3, 3, 3, 3, 3, 3, 3, 3, 3, 3, 3, 3, 3, 3, 3, 3, 3, 3, 3, 3, 3, 3, 3, 3, 3, 3, 3, 3, 3, 3, 3, 3, 3, 3, 3, 3, 3, 3, 3, 3, 3, 3, 3, 3, 3, 3, 3, 3, 3, 3, 3, 3, 3, 3, 3, 3, 3, 3, 3, 3, 3, 3, 3, 3, 3, 3, 3, 3, 3, 3, 3, 3, 3, 3, 3, 3, 3, 3, 3, 3, 3, 3, 3, 3, 3, 3, 3, 3, 3, 3, 3, 3, 3, 3, 3, 3, 3, 3, 3, 3, 3, 3, 3, 3, 3, 3, 3, 3, 3, 3, 3, 3, 3, 3, 3, 3, 3, 3, 3, 3, 3, 3, 3, 3, 3, 3, 3, 3, 3, 3, 3, 3, 3, 3, 3, 3, 3, 3, 3, 3, 3, 3, 3, 3, 3, 3, 3, 3, 3, 3, 3, 3, 3, 3, 3, 3, 3, 3, 3, 3, 3, 3, 3, 3, 3, 3, 3, 3, 3, 3, 3, 3, 3, 3, 3, 3, 3, 3, 3, 3, 3, 3, 3, 3, 3, 3, 3, 3, 3, 3, 3, 3, 3, 3, 3, 3, 3, 3, 3, 3, 3, 3, 3, 3, 3, 3, 3, 3, 3, 3, 3, 3, 3, 3, 3, 3, 3, 3, 3, 3, 3, 3, 3, 3, 3, 3, 3, 3, 3, 3, 3, 3, 3, 3, 3, 3, 3, 3, 3, 3, 3, 3, 3, 3, 3, 3, 3, 3, 3, 3, 3, 3, 3, 3, 3, 3, 3, 3, 3, 3, 3, 3, 3, 3, 3, 3, 3, 3, 3, 3, 3, 3, 3, 3, 3, 3, 3, 3, 3, 3, 3, 3, 3, 3, 3, 3, 3, 3, 3, 3, 3, 3, 3, 3, 3, 3, 3, 3, 3, 3, 3, 3, 3, 3, 3, 3, 3, 3, 3, 3, 3, 3, 3, 3, 3, 3, 3, 3, 3, 3, 3, 3, 3, 3, 3, 3, 3, 3, 3, 3, 3, 3, 3, 3, 3, 3, 3, 3, 3, 3, 3, 3, 3, 3, 3, 3, 3, 3, 3, 3, 3, 3, 3, 3, 3, 3, 3, 3, 3, 3, 3, 3, 3, 3, 3, 3, 3, 3, 3, 3, 3, 3, 3, 3, 3, 3, 3, 3, 3, 3, 3, 3, 3, 3, 3, 3, 3, 3, 3, 3, 3, 3, 3, 3, 3, 3, 3, 3, 3, 3, 3, 3, 3, 3, 3, 3, 3, 3, 3, 3, 3, 3, 3, 3, 3, 3, 3, 3, 3, 3, 3, 3, 3, 3, 3, 3, 3, 3, 3, 3, 3, 3, 3, 3, 3, 3, 3, 3, 3, 3, 3, 3, 3, 3, 3, 3, 3, 3, 3, 3, 3, 3, 3, 3, 3, 3, 3, 3, 3, 3, 3, 3, 3, 3, 3, 3, 3, 3, 3, 3, 3, 3, 3, 3, 3, 3, 3, 3, 3, 3, 3, 3, 3, 3, 3, 3, 3, 3, 3, 3, 3, 3, 3, 3, 3, 3, 3, 3, 3, 3, 3, 3, 3, 3, 3, 3, 3, 3, 3, 3, 3, 3, 3, 3, 3, 3, 3, 3, 3, 3, 3, 3, 3, 3, 3, 3, 3, 3, 3, 3, 3, 3, 3, 3, 3, 3, 3, 3, 3, 3, 3, 3, 3, 3, 3, 3, 3, 3, 3, 3, 3, 3, 3, 3, 3, 3, 3, 3, 3, 3, 3, 3, 3, 3, 3, 3, 3, 3, 3, 3, 3, 3, 3, 3, 3, 3, 3, 3, 3, 3, 3, 3, 3, 3, 3, 3, 3, 3, 3, 3, 3, 3, 3, 3, 3, 3, 3, 3, 3, 3, 3, 3, 3, 3, 3, 3, 3, 3, 3, 3, 3, 3, 3, 3, 3, 3, 3, 3, 3, 3, 3, 3, 3, 3, 3, 3, 3, 3, 3, 3, 3, 3, 3, 3, 3, 3, 3, 3, 3, 3, 3, 3, 3, 3, 3, 3, 3, 3, 3, 3, 3, 3, 3, 3, 3, 3, 3, 3, 3, 3, 3, 3, 3, 3, 3, 3, 3, 3, 3, 3, 3, 3, 3, 3, 3, 3, 3, 3, 3, 3, 3, 3, 3, 3, 3, 3, 3, 3, 3, 3, 3, 3, 3, 3, 3, 3, 3, 3, 3, 3, 3, 3, 3, 3, 3, 3, 3, 3, 3, 3, 3, 3, 3, 3, 3, 3, 3, 3, 3, 3, 3, 3, 3, 3, 3, 3, 3, 3, 3, 3, 3, 3, 3, 3, 3, 3, 3, 3, 3, 3, 3, 3, 3, 3, 3, 3, 3, 3, 3, 3, 3, 3, 3, 3, 3, 3, 3, 3, 3, 3, 3, 3, 3, 3, 3, 3, 3, 3, 3, 3, 3, 3, 3, 3, 3, 3, 3, 3, 3, 3, 3, 3, 3, 3, 3, 3, 3, 3, 3, 3, 3, 3, 3, 3, 3, 3, 3, 3, 3, 3, 3, 3, 3, 3, 3, 3, 3, 3, 3, 3, 3, 3, 3, 3, 3, 3, 3, 3, 3, 3, 3, 3, 3, 3, 3, 3, 3, 3, 3, 3, 3, 3, 3, 3, 3, 3, 3, 3, 3, 3, 3, 3, 3, 3, 3, 3, 3, 3, 3, 3, 3, 3, 3, 3, 3, 3, 3, 3, 3, 3, 3, 3, 3, 3, 3, 3, 3, 3, 3, 3, 3, 3, 3, 3, 3, 3, 3, 3, 3, 3, 3, 3, 3, 3, 3, 3, 3, 3, 3, 3, 3, 3, 3, 3, 3, 3, 3, 3, 3, 3, 3, 3, 3, 3, 3, 3, 3, 3, 3, 3, 3, 3, 3, 3, 3, 3, 3, 3, 3, 3, 3, 3, 3, 3, 3, 3, 3, 3, 3, 3, 3, 3, 3, 3, 3, 3, 3, 3, 3, 3, 3, 3, 3, 3, 3, 3, 3, 3, 3, 3, 3, 3, 3, 3, 3, 3, 3, 3, 3, 3, 3, 3, 3, 3, 3, 3, 3, 3, 3, 3, 3, 3, 3, 3, 3, 3, 3, 3, 3, 3, 3, 3, 3, 3, 3, 3, 3, 3, 3, 3, 3, 3, 3, 3, 3, 3, 3, 3, 3, 3, 3, 3, 3, 3, 3, 3, 3, 3, 3, 3, 3, 3, 3, 3, 3, 3, 3, 3, 3, 3, 3, 3, 3, 3, 3, 3, 3, 3, 3, 3, 3, 3, 3, 3, 3, 3, 3, 3, 3, 3, 3, 3, 3, 3, 3, 3, 3, 3, 3, 3, 3, 3, 3, 3, 3, 3, 3, 3, 3, 3, 3, 3, 3, 3, 3, 3, 3, 3, 3, 3, 3, 3, 3, 3, 3, 3, 3, 3, 3, 3, 3, 3, 3, 3, 3, 3, 3, 3, 3, 3, 3, 3, 3, 3, 3, 3, 3, 3, 3, 3, 3, 3, 3, 3, 3, 3, 3, 3, 3, 3, 3, 3, 3, 3, 3, 3, 3, 3, 3, 3, 3, 3, 3, 3, 3, 3, 3, 3, 3, 3, 3, 3, 3, 3, 3, 3, 3, 3, 3, 3, 3, 3, 3, 3, 3, 3, 3, 3, 3, 3, 3, 3, 3, 3, 3, 3, 3, 3, 3, 3, 3, 3, 3, 3, 3, 3, 3, 3, 3, 3, 3, 3, 3, 3, 3, 3, 3, 3, 3, 3, 3, 3, 3, 3, 3, 3, 3, 3, 3, 3, 3, 3, 3, 3, 3, 3, 3, 3, 3, 3, 3, 3, 3, 3, 3, 3, 3, 3, 3, 3, 3, 3, 3, 3, 3, 3, 3, 3, 3, 3, 3, 3, 3, 3, 3, 3, 3, 3, 3, 3, 3, 3, 3, 3, 3, 3, 3, 3, 3, 3, 3, 3, 3, 3, 3, 3, 3, 3, 3, 3, 3, 3, 3, 3, 3, 3, 3, 3, 3, 3, 3, 3, 3, 3, 3, 3, 3, 3, 3, 3, 3, 3, 3, 3, 3, 3, 3, 3, 3, 3, 3, 3, 3, 3, 3, 3, 3, 3, 3, 3, 3, 3, 3, 3, 3, 3, 3, 3, 3, 3, 3, 3, 3, 3, 3, 3, 3, 3, 3, 3, 3, 3, 3, 3, 3, 3, 3, 3, 3, 3, 3, 3, 3, 3, 3, 3, 3, 3, 3, 3, 3, 3, 3, 3, 3, 3, 3, 3, 3, 3, 3, 3, 3, 3, 3, 3, 3, 3, 3, 3, 3, 3, 3, 3, 3, 3, 3, 3, 3, 3, 3, 3, 3, 3, 3, 3, 3, 3, 3, 3, 3, 3, 3, 3, 3, 3, 3, 3, 3, 3, 3, 3, 3, 3, 3, 3, 3, 3, 3, 3, 3, 3, 3, 3, 3, 3, 3, 3, 3, 3, 3, 3, 3, 3, 3, 3, 3, 3, 3, 3, 3, 3, 3, 3, 3, 3, 3, 3, 3, 3, 3, 3, 3, 3, 3, 3, 3, 3, 3, 3, 3, 3, 3, 3, 3, 3, 3, 3, 3, 3, 3, 3, 3, 3, 3, 3, 3, 3, 3, 3, 3, 3, 3, 3, 3, 3, 3, 3, 3, 3, 3, 3, 3, 3, 3, 3, 3, 3, 3, 3, 3, 3, 3, 3, 3, 3, 3, 3, 3, 3, 3, 3, 3, 3, 3, 3, 3, 3, 3, 3, 3, 3, 3, 3, 3, 3, 3, 3, 3, 3, 3, 3, 3, 3, 3, 3, 3, 3, 3, 3, 3, 3, 3, 3, 3, 3, 3, 3, 3, 3, 3, 3, 3, 3, 3, 3, 3, 3, 3, 3, 3, 3, 3, 3, 3, 3, 3, 3, 3, 3, 3, 3, 3, 3, 3, 3, 3, 3, 3, 3, 3, 3, 3, 3, 3, 3, 3, 3, 3, 3, 3, 3, 3, 3, 3, 3, 3, 3, 3, 3, 3, 3, 3, 3, 3, 3, 3, 3, 3, 3, 3, 3, 3, 3, 3, 3, 3, 3, 3, 3, 3, 3, 3, 3, 3, 3, 3, 3, 3, 3, 3, 3, 3, 3, 3, 3, 3, 3, 3, 3, 3, 3, 3, 3, 3, 3, 3, 3, 3, 3, 3, 3, 3, 3, 3, 3, 3, 3, 3, 3, 3, 3, 3, 3, 3, 3, 3, 3, 3, 3, 3, 3, 3, 3, 3, 3, 3, 3, 3, 3, 3, 3, 3, 3, 3, 3, 3, 3, 3, 3, 3, 3, 3, 3, 3, 3, 3, 3, 3, 3, 3, 3, 3, 3, 3, 3, 3, 3, 3, 3, 3, 3, 3, 3, 3, 3, 3, 3, 3, 3, 3, 3, 3, 3, 3, 3, 3, 3, 3, 3, 3, 3, 3, 3, 3, 3, 3, 3, 3, 3, 3, 3, 3, 3, 3, 3, 3, 3, 3, 3, 3, 3, 3, 3, 3, 3, 3, 3, 3, 3, 3, 3, 3, 3, 3, 3, 3, 3, 3, 3, 3, 3, 3, 3, 3, 3, 3, 3, 3, 3, 3, 3, 3, 3, 3, 3, 3, 3, 3, 3, 3, 3, 3, 3, 3, 3, 3, 3, 3, 3, 3, 3, 3, 3, 3, 3, 3, 3, 3, 3, 3, 3, 3, 3, 3, 3, 3, 3, 3, 3, 3, 3, 3, 3, 3, 3, 3, 3, 3, 3, 3, 3, 3, 3, 3, 3, 3, 3, 3, 3, 3, 3, 3, 3, 3, 3, 3, 3, 3, 3, 3, 3, 3, 3, 3, 3, 3, 3, 3, 3, 3, 3, 3, 3, 3, 3, 3, 3, 3, 3, 3, 3, 3, 3, 3, 3, 3, 3, 3, 3, 3, 3, 3, 3, 3, 3, 3, 3, 3, 3, 3, 3, 3, 3, 3, 3, 3, 3, 3, 3, 3, 3, 3, 3, 3, 3, 3, 3, 3, 3, 3, 3, 3, 3, 3, 3, 3, 3, 3, 3, 3, 3, 3, 3, 3, 3, 3, 3, 3, 3, 3, 3, 3, 3, 3, 3, 3, 3, 3, 3, 3, 3, 3, 3, 3, 3, 3, 3, 3, 3, 3, 3, 3, 3, 3, 3, 3, 3, 3, 3, 3, 3, 3, 3, 3, 3, 3, 3, 3, 3, 3, 3, 3, 3, 3, 3, 3, 3, 3, 3, 3, 3, 3, 3, 3, 3, 3, 3, 3, 3, 3, 3, 3, 3, 3, 3, 3, 3, 3, 3, 3, 3, 3, 3, 3, 3, 3, 3, 3, 3, 3, 3, 3, 3, 3, 3, 3, 3, 3, 3, 3, 3, 3, 3, 3, 3, 3, 3, 3, 3, 3, 3, 3, 3, 3, 3, 3, 3, 3, 3, 3, 3, 3, 3, 3, 3, 3, 3, 3, 3, 3, 3, 3, 3, 3, 3, 3, 3, 3, 3, 3, 3, 3, 3, 3, 3, 3, 3, 3, 3, 3, 3, 3, 3, 3, 3, 3, 3, 3, 3, 3, 3, 3, 3, 3, 3, 3, 3, 3, 3, 3, 3, 3, 3, 3, 3, 3, 3, 3, 3, 3, 3, 3, 3, 3, 3, 3, 3, 3, 3, 3, 3, 3, 3, 3, 3, 3, 3, 3, 3, 3, 3, 3, 3, 3, 3, 3, 3, 3, 3, 3, 3, 3, 3, 3, 3, 3, 3, 3, 3, 3, 3, 3, 3, 3, 3, 3, 3, 3, 3, 3, 3, 3, 3, 3, 3, 3, 3, 3, 3, 3, 3, 3, 3, 3, 3, 3, 3, 3, 3, 3, 3, 3, 3, 3, 3, 3, 3, 3, 3, 3, 3, 3, 3, 3, 3, 3, 3, 3, 3, 3, 3, 3, 3, 3, 3, 3, 3, 3, 3, 3, 3, 3, 3, 3, 3, 3, 3, 3, 3, 3, 3, 3, 3, 3, 3, 3, 3, 3, 3, 3, 3, 3, 3, 3, 3, 3, 3, 3, 3, 3, 3, 3, 3, 3, 3, 3, 3, 3, 3, 3, 3, 3, 3, 3, 3, 3, 3, 3, 3, 3, 3, 3, 3, 3, 3, 3, 3, 3, 3, 3, 3, 3, 3, 3, 3, 3, 3, 3, 3, 3, 3, 3, 3, 3, 3, 3, 3, 3, 3, 3, 3, 3, 3, 3, 3, 3, 3, 3, 3, 3, 3, 3, 3, 3, 3, 3, 3, 3, 3, 3, 3, 3, 3, 3, 3, 3, 3, 3, 3, 3, 3, 3, 3, 3, 3, 3, 3, 3, 3, 3, 3, 3, 3, 3, 3, 3, 3, 3, 3, 3, 3, 3, 3, 3, 3, 3, 3, 3, 3, 3, 3, 3, 3, 3, 3, 3, 3, 3, 3, 3, 3, 3, 3, 3, 3, 3, 3, 3, 3, 3, 3, 3, 3, 3, 3, 3, 3, 3, 3, 3, 3, 3, 3, 3, 3, 3, 3, 3, 3, 3, 3, 3, 3, 3, 3, 3, 3, 3, 3, 3, 3, 3, 3, 3, 3, 3, 3, 3, 3, 3, 3, 3, 3, 3, 3, 3, 3, 3, 3, 3, 3, 3, 3, 3, 3, 3, 3, 3, 3, 3, 3, 3, 3, 3, 3, 3, 3, 3, 3, 3, 3, 3, 3, 3, 3, 3, 3, 3, 3, 3, 3, 3, 3, 3, 3, 3, 3, 3, 3, 3, 3, 3, 3, 3, 3, 3, 3, 3, 3, 3, 3, 3, 3, 3, 3, 3, 3, 3, 3, 3, 3, 3, 3, 3, 3, 3, 3, 3, 3, 3, 3, 3, 3, 3, 3, 3, 3, 3, 3, 3, 3, 3, 3, 3, 3, 3, 3, 3, 3, 3, 3, 3, 3, 3, 3, 3, 3, 3, 3, 3, 3, 3, 3, 3, 3, 3, 3, 3, 3, 3, 3, 3, 3, 3, 3, 3, 3, 3, 3, 3, 3, 3, 3, 3, 3, 3, 3, 3, 3, 3, 3, 3, 3, 3, 3, 3, 3, 3, 3, 3, 3, 3, 3, 3, 3, 3, 3, 3, 3, 3, 3, 3, 3, 3, 3, 3, 3, 3, 3, 3, 3, 3, 3, 3, 3, 3, 3, 3, 3, 3, 3, 3, 3, 3, 3, 3, 3, 3, 3, 3, 3, 3, 3, 3, 3, 3, 3, 3, 3, 3, 3, 3, 3, 3, 3, 3, 3, 3, 3, 3, 3, 3, 3, 3, 3, 3, 3, 3, 3, 3, 3, 3, 3, 3, 3, 3, 3, 3, 3, 3, 3, 3, 3, 3, 3, 3, 3, 3, 3, 3, 3, 3, 3, 3, 3, 3, 3, 3, 3, 3, 3, 3, 3, 3, 3, 3, 3, 3, 3, 3, 3, 3, 3, 3, 3, 3, 3, 3, 3, 3, 3, 3, 3, 3, 3, 3, 3, 3, 3, 3, 3, 3, 3, 3, 3, 3, 3, 3, 3, 3, 3, 3, 3, 3, 3, 3, 3, 3, 3, 3, 3, 3, 3, 3, 3, 3, 3, 3, 3, 3, 3, 3, 3, 3, 3, 3, 3, 3, 3, 3, 3, 3, 3, 3, 3, 3, 3, 3, 3, 3, 3, 3, 3, 3, 3, 3, 3, 3, 3, 3, 3, 3, 3, 3, 3, 3, 3, 3, 3, 3, 3, 3, 3, 3, 3, 3, 3, 3, 3, 3, 3, 3, 3, 3, 3, 3, 3, 3, 3, 3, 3, 3, 3, 3, 3, 3, 3, 3, 3, 3, 3, 3, 3, 3, 3, 3, 3, 3, 3, 3, 3, 3, 3, 3, 3, 3, 3, 3, 3, 3, 3, 3, 3, 3, 3, 3, 3, 3, 3, 3, 3, 3, 3, 3, 3, 3, 3, 3, 3, 3, 3, 3, 3, 3, 3, 3, 3, 3, 3, 3, 3, 3, 3, 3, 3, 3, 3, 3, 3, 3, 3, 3, 3, 3, 3, 3, 3, 3, 3, 3, 3, 3, 3, 3, 3, 3, 3, 3, 3, 3, 3, 3, 3, 3, 3, 3, 3, 3, 3, 3, 3, 3, 3, 3, 3, 3, 3, 3, 3, 3, 3, 3, 3, 3, 3, 3, 3, 3, 3, 3, 3, 3, 3, 3, 3, 3, 3, 3, 3, 3, 3, 3, 3, 3, 3, 3, 3, 3, 3, 3, 3, 3, 3, 3, 3, 3, 3, 3, 3, 3, 3, 3, 3, 3, 3, 3, 3, 3, 3, 3, 3, 3, 3, 3, 3, 3, 3, 3, 3, 3, 3, 3, 3, 3, 3, 3, 3, 3, 3, 3, 3, 3, 3, 3, 3, 3, 3, 3, 3, 3, 3, 3, 3, 3, 3, 3, 3, 3, 3, 3, 3, 3, 3, 3, 3, 3, 3, 3, 3, 3, 3, 3, 3, 3, 3, 3, 3, 3, 3, 3, 3, 3, 3, 3, 3, 3, 3, 3, 3, 3, 3, 3, 3, 3, 3, 3, 3, 3, 3, 3, 3, 3, 3, 3, 3, 3, 3, 3, 3, 3, 3, 3, 3, 3, 3, 3, 3, 3, 3, 3, 3, 3, 3, 3, 3, 3, 3, 3, 3, 3, 3, 3, 3, 3, 3, 3, 3, 3, 3, 3, 3, 3, 3, 3, 3, 3, 3, 3, 3, 3, 3, 3, 3, 3, 3, 3, 3, 3, 3, 3, 3, 3, 3, 3, 3, 3, 3, 3, 3, 3, 3, 3, 3, 3, 3, 3, 3, 3, 3, 3, 3, 3, 3, 3, 3, 3, 3, 3, 3, 3, 3, 3, 3, 3, 3, 3, 3, 3, 3, 3, 3, 3, 3, 3, 3, 3, 3, 3, 3, 3, 3, 3, 3, 3, 3, 3, 3, 3, 3, 3, 3, 3, 3, 3, 3, 3, 3, 3, 3, 3, 3, 3, 3, 3, 3, 3, 3, 3, 3, 3, 3, 3, 3, 3, 3, 3, 3, 3, 3, 3, 3, 3, 3, 3, 3, 3, 3, 3, 3, 3, 3, 3, 3, 3, 3, 3, 3, 3, 3, 3, 3, 3, 3, 3, 3, 3, 3, 3, 3, 3, 3, 3, 3, 3, 3, 3, 3, 3, 3, 3, 3, 3, 3, 3, 3, 3, 3, 3, 3, 3, 3, 3, 3, 3, 3, 3, 3, 3, 3, 3, 3, 3, 3, 3, 3, 3, 3, 3, 3, 3, 3, 3, 3, 3, 3, 3, 3, 3, 3, 3, 3, 3, 3, 3, 3, 3, 3, 3, 3, 3, 3, 3, 3, 3, 3, 3, 3, 3, 3, 3, 3, 3, 3, 3, 3, 3, 3, 3, 3, 3, 3, 3, 3, 3, 3, 3, 3, 3, 3, 3, 3, 3, 3, 3, 3, 3, 3, 3, 3, 3, 3, 3, 3, 3, 3, 3, 3, 3, 3, 3, 3, 3, 3, 3, 3, 3, 3, 3, 3, 3, 3, 3, 3, 3, 3, 3, 3, 3, 3, 3, 3, 3, 3, 3, 3, 3, 3, 3, 3, 3, 3, 3, 3, 3, 3, 3, 3, 3, 3, 3, 3, 3, 3, 3, 3, 3, 3, 3, 3, 3, 3, 3, 3, 3, 3, 3, 3, 3, 3, 3, 3, 3, 3, 3, 3, 3, 3, 3, 3, 3, 3, 3, 3, 3, 3, 3, 3, 3, 3, 3, 3, 3, 3, 3, 3, 3, 3, 3, 3, 3, 3, 3, 3, 3, 3, 3, 3, 3, 3, 3, 3, 3, 3, 3, 3, 3, 3, 3, 3, 3, 3, 3, 3, 3, 3, 3, 3, 3, 3, 3, 3, 3, 3, 3, 3, 3, 3, 3, 3, 3, 3, 3, 3, 3, 3, 3, 3, 3, 3, 3, 3, 3, 3, 3, 3, 3, 3, 3, 3, 3, 3, 3, 3, 3, 3, 3, 3, 3, 3, 3, 3, 3, 3, 3, 3, 3, 3, 3, 3, 3, 3, 3, 3, 3, 3, 3, 3, 3, 3, 3, 3, 3, 3, 3, 3, 3, 3, 3, 3, 3, 3, 3, 3, 3, 3, 3, 3, 3, 3, 3, 3, 3, 3, 3, 3, 3, 3, 3, 3, 3, 3, 3, 3, 3, 3, 3, 3, 3, 3, 3, 3, 3, 3, 3, 3, 3, 3, 3, 3, 3, 3, 3, 3, 3, 3, 3, 3, 3, 3, 3, 3, 3, 3, 3, 3, 3, 3, 3, 3, 3, 3, 3, 3, 3, 3, 3, 3, 3, 3, 3, 3, 3, 3, 3, 3, 3, 3, 3, 3, 3, 3, 3, 3, 3, 3, 3, 3, 3, 3, 3, 3, 3, 3, 3, 3, 3, 3, 3, 3, 3, 3, 3, 3, 3, 3, 3, 3, 3, 3, 3, 3, 3, 3, 3, 3, 3, 3, 3, 3, 3, 3, 3, 3, 3, 3, 3, 3, 3, 3, 3, 3, 3, 3, 3, 3, 3, 3, 3, 3, 3, 3, 3, 3, 3, 3, 3, 3, 3, 3, 3, 3, 3, 3, 3, 3, 3, 3, 3, 3, 3, 3, 3, 3, 3, 3, 3, 3, 3, 3, 3, 3, 3, 3, 3, 3, 3, 3, 3, 3, 3, 3, 3, 3, 3, 3, 3, 3, 3, 3, 3, 3, 3, 3, 3, 3, 3, 3, 3, 3, 3, 3, 3, 3, 3, 3, 3, 3, 3, 3, 3, 3, 3, 3, 3, 3, 3, 3, 3, 3, 3, 3, 3, 3, 3, 3, 3, 3, 3, 3, 3, 3, 3, 3, 3, 3, 3, 3, 3, 3, 3, 3, 3, 3, 3, 3, 3, 3, 3, 3, 3, 3, 3, 3, 3, 3, 3, 3, 3, 3, 3, 3, 3, 3, 3, 3, 3, 3, 3, 3, 3, 3, 3, 3, 3, 3, 3, 3, 3, 3, 3, 3, 3, 3, 3, 3, 3, 3, 3, 3, 3, 3, 3, 3, 3, 3, 3, 3, 3, 3, 3, 3, 3, 3, 3, 3, 3, 3, 3, 3, 3, 3, 3, 3, 3, 3, 3, 3, 3, 3, 3, 3, 3, 3, 3, 3, 3, 3, 3, 3, 3, 3, 3, 3, 3, 3, 3, 3, 3, 3, 3, 3, 3, 3, 3, 3, 3, 3, 3, 3, 3, 3, 3, 3, 3, 3, 3, 3, 3, 3, 3, 3, 3, 3, 3, 3, 3, 3, 3, 3, 3, 3, 3, 3, 3, 3, 3, 3, 3, 3, 3, 3, 3, 3, 3, 3, 3, 3, 3, 3, 3, 3, 3, 3, 3, 3, 3, 3, 3, 3, 3, 3, 3, 3, 3, 3, 3, 3, 3, 3, 3, 3, 3, 3, 3, 3, 3, 3, 3, 3, 3, 3, 3, 3, 3, 3, 3, 3, 3, 3, 3, 3, 3, 3, 3, 3, 3, 3, 3, 3, 3, 3, 3, 3, 3, 3, 3, 3, 3, 3, 3, 3, 3, 3, 3, 3, 3, 3, 3, 3, 3, 3, 3, 3, 3, 3, 3, 3, 3, 3, 3, 3, 3, 3, 3, 3, 3, 3, 3, 3, 3, 3, 3, 3, 3, 3, 3, 3, 3, 3, 3, 3, 3, 3, 3, 3, 3, 3, 3, 3, 3, 3, 3, 3, 3, 3, 3, 3, 3, 3, 3, 3, 3, 3, 3, 3, 3, 3, 3, 3, 3, 3, 3, 3, 3, 3, 3, 3, 3, 3, 3, 3, 3, 3, 3, 3, 3, 3, 3, 3, 3, 3, 3, 3, 3, 3, 3, 3, 3, 3, 3, 3, 3, 3, 3, 3, 3, 3, 3, 3, 3, 3, 3, 3, 3, 3, 3, 3, 3, 3, 3, 3, 3, 3, 3, 3, 3, 3, 3, 3, 3, 3, 3, 3, 3, 3, 3, 3, 3, 3, 3, 3, 3, 3, 3, 3, 3, 3, 3, 3, 3, 3, 3, 3, 3, 3, 3, 3, 3, 3, 3, 3, 3, 3, 3, 3, 3, 3, 3, 3, 3, 3, 3, 3, 3, 3, 3, 3, 3, 3, 3, 3, 3, 3, 3, 3, 3, 3, 3, 3, 3, 3, 3, 3, 3, 3, 3, 3, 3, 3, 3, 3, 3, 3, 3, 3, 3, 3, 3, 3, 3, 3, 3, 3, 3, 3, 3, 3, 3, 3, 3, 3, 3, 3, 3, 3, 3, 3, 3, 3, 3, 3, 3, 3, 3, 3, 3, 3, 3, 3, 3, 3, 3, 3, 3, 3, 3, 3, 3, 3, 3, 3, 3, 3, 3, 3, 3, 3, 3, 3, 3, 3, 3, 3, 3, 3, 3, 3, 3, 3, 3, 3, 3, 3, 3, 3, 3, 3, 3, 3, 3, 3, 3, 3, 3, 3, 3, 3, 3, 3, 3, 3, 3, 3, 3, 3, 3, 3, 3, 3, 3, 3, 3, 3, 3, 3, 3, 3, 3, 3, 3, 3, 3, 3, 3, 3, 3, 3, 3, 3, 3, 3, 3, 3, 3, 3, 3, 3, 3, 3, 3, 3, 3, 3, 3, 3, 3, 3, 3, 3, 3, 3, 3, 3, 3, 3, 3, 3, 3, 3, 3, 3, 3, 3, 3, 3, 3, 3, 3, 3, 3, 3, 3, 3, 3, 3, 3, 3, 3, 3, 3, 3, 3, 3, 3, 3, 3, 3, 3, 3, 3, 3, 3, 3, 3, 3, 3, 3, 3, 3, 3, 3, 3, 3, 3, 3, 3, 3, 3, 3, 3, 3, 3, 3, 3, 3, 3, 3, 3, 3, 3, 3, 3, 3, 3, 3, 3, 3, 3, 3, 3, 3, 3, 3, 3, 3, 3, 3, 3, 3, 3, 3, 3, 3, 3, 3, 3, 3, 3, 3, 3, 3, 3, 3, 3, 3, 3, 3, 3, 3, 3, 3, 3, 3, 3, 3, 3, 3, 3, 3, 3, 3, 3, 3, 3, 3, 3, 3, 3, 3, 3, 3, 3, 3, 3, 3, 3, 3, 3, 3, 3, 3, 3, 3, 3, 3, 3, 3, 3, 3, 3, 3, 3, 3, 3, 3, 3, 3, 3, 3, 3, 3, 3, 3, 3, 3, 3, 3, 3, 3, 3, 3, 3, 3, 3, 3, 3, 3, 3, 3, 3, 3, 3, 3, 3, 3, 3, 3, 3, 3, 3, 3, 3, 3, 3, 3, 3, 3, 3, 3, 3, 3, 3, 3, 3, 3, 3, 3, 3, 3, 3, 3, 3, 3, 3, 3, 3, 3, 3, 3, 3, 3, 3, 3, 3, 3, 3, 3, 3, 3, 3, 3, 3, 3, 3, 3, 3, 3, 3, 3, 3, 3, 3, 3, 3, 3, 3, 3, 3, 3, 3, 3, 3, 3, 3, 3, 3, 3, 3, 3, 3, 3, 3, 3, 3, 3, 3, 3, 3, 3, 3, 3, 3, 3, 3, 3, 3, 3, 3, 3, 3, 3, 3, 3, 3, 3, 3, 3, 3, 3, 3, 3, 3, 3, 3, 3, 3, 3, 3, 3, 3, 3, 3, 3, 3, 3, 3, 3, 3, 3, 3, 3, 3, 3, 3, 3, 3, 3, 3, 3, 3, 3, 3, 3, 3, 3, 3, 3, 3, 3, 3, 3, 3, 3, 3, 3, 3, 3, 3, 3, 3, 3, 3, 3, 3, 3, 3, 3, 3, 3, 3, 3, 3, 3, 3, 3, 3, 3, 3, 3, 3, 3, 3, 3, 3, 3, 3, 3, 3, 3, 3, 3, 3, 3, 3, 3, 3, 3, 3, 3, 3, 3, 3, 3, 3, 3, 3, 3, 3, 3, 3, 3, 3, 3, 3, 3, 3, 3, 3, 3, 3, 3, 3, 3, 3, 3, 3, 3, 3, 3, 3, 3, 3, 3, 3, 3, 3, 3, 3, 3, 3, 3, 3, 3, 3, 3, 3, 3, 3, 3, 3, 3, 3, 3, 3, 3, 3, 3, 3, 3, 3, 3, 3, 3, 3, 3, 3, 3, 3, 3, 3, 3, 3, 3, 3, 3, 3, 3, 3, 3, 3, 3, 3, 3, 3, 3, 3, 3, 3, 3, 3, 3, 3, 3, 3, 3, 3, 3, 3, 3, 3, 3, 3, 3, 3, 3, 3, 3, 3, 3, 3, 3, 3, 3, 3, 3, 3, 3, 3, 3, 3, 3, 3, 3, 3, 3, 3, 3, 3, 3, 3, 3, 3, 3, 3, 3, 3, 3, 3, 3, 3, 3, 3, 3, 3, 3, 3, 3, 3, 3, 3, 3, 3, 3, 3, 3, 3, 3, 3, 3, 3, 3, 3, 3, 3, 3, 3, 3, 3, 3, 3, 3, 3, 3, 3, 3, 3, 3, 3, 3, 3, 3, 3, 3, 3, 3, 3, 3, 3, 3, 3, 3, 3, 3, 3, 3, 3, 3, 3, 3, 3, 3, 3, 3, 3, 3, 3, 3, 3, 3, 3, 3, 3, 3, 3, 3, 3, 3, 3, 3, 3, 3, 3, 3, 3, 3, 3, 3, 3, 3, 3, 3, 3, 3, 3, 3, 3, 3, 3, 3, 3, 3, 3, 3, 3, 3, 3, 3, 3, 3, 3, 3, 3, 3, 3, 3, 3, 3, 3, 3, 3, 3, 3, 3, 3, 3, 3, 3, 3, 3, 3, 3, 3, 3, 3, 3, 3, 3, 3, 3, 3, 3, 3, 3, 3, 3, 3, 3, 3, 3, 3, 3, 3, 3, 3, 3, 3, 3, 3, 3, 3, 3, 3, 3, 3, 3, 3, 3, 3, 3, 3, 3, 3, 3, 3, 3, 3, 3, 3, 3, 3, 3, 3, 3, 3, 3, 3, 3, 3, 3, 3, 3, 3, 3, 3, 3, 3, 3, 3, 3, 3, 3, 3, 3, 3, 3, 3, 3, 3, 3, 3, 3, 3, 3, 3, 3, 3, 3, 3, 3, 3, 3, 3, 3, 3, 3, 3, 3, 3, 3, 3, 3, 3, 3, 3, 3, 3, 3, 3, 3, 3, 3, 3, 3, 3, 3, 3, 3, 3, 3, 3, 3, 3, 3, 3, 3, 3, 3, 3, 3, 3, 3, 3, 3, 3, 3, 3, 3, 3, 3, 3, 3, 3, 3, 3, 3, 3, 3, 3, 3, 3, 3, 3, 3, 3, 3, 3, 3, 3, 3, 3, 3, 3, 3, 3, 3, 3, 3, 3, 3, 3, 3, 3, 3, 3, 3, 3, 3, 3, 3, 3, 3, 3, 3, 3, 3, 3, 3, 3, 3, 3, 3, 3, 3, 3, 3, 3, 3, 3, 3, 3, 3, 3, 3, 3, 3, 3, 3, 3, 3, 3, 3, 3, 3, 3, 3, 3, 3, 3, 3, 3, 3, 3, 3, 3, 3, 3, 3, 3, 3, 3, 3, 3, 3, 3, 3, 3, 3, 3, 3, 3, 3, 3, 3, 3, 3, 3, 3, 3, 3, 3, 3, 3, 3, 3, 3, 3, 3, 3, 3, 3, 3, 3, 3, 3, 3, 3, 3, 3, 3, 3, 3, 3, 3, 3, 3, 3, 3, 3, 3, 3, 3, 3, 3, 3, 3, 3, 3, 3, 3, 3, 3, 3, 3, 3, 3, 3, 3, 3, 3, 3, 3, 3, 3, 3, 3, 3, 3, 3, 3, 3, 3, 3, 3, 3, 3, 3, 3, 3, 3, 3, 3, 3, 3, 3, 3, 3, 3, 3, 3, 3, 3, 3, 3, 3, 3, 3, 3, 3, 3, 3, 3, 3, 3, 3, 3, 3, 3, 3, 3, 3, 3, 3, 3, 3, 3, 3, 3, 3, 3, 3, 3, 3, 3, 3, 3, 3, 3, 3, 3, 3, 3, 3, 3, 3, 3, 3, 3, 3, 3, 3, 3, 3, 3, 3, 3, 3, 3, 3, 3, 3, 3, 3, 3, 3, 3, 3, 3, 3, 3, 3, 3, 3, 3, 3, 3, 3, 3, 3, 3, 3, 3, 3, 3, 3, 3, 3, 3, 3, 3, 3, 3, 3, 3, 3, 3, 3, 3, 3, 3, 3, 3, 3, 3, 3, 3, 3, 3, 3, 3, 3, 3, 3, 3, 3, 3, 3, 3, 3, 3, 3, 3, 3, 3, 3, 3, 3, 3, 3, 3, 3, 3, 3, 3, 3, 3, 3, 3, 3, 3, 3, 3, 3, 3, 3, 3, 3, 3, 3, 3, 3, 3, 3, 3, 3, 3, 3, 3, 3, 3, 3, 3, 3, 3, 3, 3, 3, 3, 3, 3, 3, 3, 3, 3, 3, 3, 3, 3, 3, 3, 3, 3, 3, 3, 3, 3, 3, 3, 3, 3, 3, 3, 3, 3, 3, 3, 3, 3, 3, 3, 3, 3, 3, 3, 3, 3, 3, 3, 3, 3, 3, 3, 3, 3, 3, 3, 3, 3, 3, 3, 3, 3, 3, 3, 3, 3, 3, 3, 3, 3, 3, 3, 3, 3, 3, 3, 3, 3, 3, 3, 3, 3, 3, 3, 3, 3, 3, 3, 3, 3, 3, 3, 3, 3, 3, 3, 3, 3, 3, 3, 3, 3, 3, 3, 3, 3, 3, 3, 3, 3, 3, 3, 3, 3, 3, 3, 3, 3, 3, 3, 3, 3, 3, 3, 3, 3, 3, 3, 3, 3, 3, 3, 3, 3, 3, 3, 3, 3, 3, 3, 3, 3, 3, 3, 3, 3, 3, 3, 3, 3, 3, 3, 3, 3, 3, 3, 3, 3, 3, 3, 3, 3, 3, 3, 3, 3, 3, 3, 3, 3, 3, 3, 3, 3, 3, 3, 3, 3, 3, 3, 3, 3, 3, 3, 3, 3, 3, 3, 3, 3, 3, 3, 3, 3, 3, 3, 3, 3, 3, 3, 3, 3, 3, 3, 3, 3, 3, 3, 3, 3, 3, 3, 3, 3, 3, 3, 3, 3, 3, 3, 3, 3, 3, 3, 3, 3, 3, 3, 3, 3, 3, 3, 3, 3, 3, 3, 3, 3, 3, 3, 3, 3, 3, 3, 3, 3, 3, 3, 3, 3, 3, 3, 3, 3, 3, 3, 3, 3, 3, 3, 3, 3, 3, 3, 3, 3, 3, 3, 3, 3, 3, 3, 3, 3, 3, 3, 3, 3, 3, 3, 3, 3, 3, 3, 3, 3, 3, 3, 3, 3, 3, 3, 3, 3, 3, 3, 3, 3, 3, 3, 3, 3, 3, 3, 3, 3, 3, 3, 3, 3, 3, 3, 3, 3, 3, 3, 3, 3, 3, 3, 3, 3, 3, 3, 3, 3, 3, 3, 3, 3, 3, 3, 3, 3, 3, 3, 3, 3, 3, 3, 3, 3, 3, 3, 3, 3, 3, 3, 3, 3, 3, 3, 3, 3, 3, 3, 3, 3, 3, 3, 3, 3, 3, 3, 3, 3, 3, 3, 3, 3, 3, 3, 3, 3, 3, 3, 3, 3, 3, 3, 3, 3, 3, 3, 3, 3, 3, 3, 3, 3, 3, 3, 3, 3, 3, 3, 3, 3, 3, 3, 3, 3, 3, 3, 3, 3, 3, 3, 3, 3, 3, 3, 3, 3, 3, 3, 3, 3, 3, 3, 3, 3, 3, 3, 3, 3, 3, 3, 3, 3, 3, 3, 3, 3, 3, 3, 3, 3, 3, 3, 3, 3, 3, 3, 3, 3, 3, 3, 3, 3, 3, 3, 3, 3, 3, 3, 3, 3, 3, 3, 3, 3, 3, 3, 3, 3, 3, 3, 3, 3, 3, 3, 3, 3, 3, 3, 3, 3, 3, 3, 3, 3, 3, 3, 3, 3, 3, 3, 3, 3, 3, 3, 3, 3, 3, 3, 3, 3, 3, 3, 3, 3, 3, 3, 3, 3, 3, 3, 3, 3, 3, 3, 3, 3, 3, 3, 3, 3, 3, 3, 3, 3, 3, 3, 3, 3, 3, 3, 3, 3, 3, 3, 3, 3, 3, 3, 3, 3, 3, 3, 3, 3, 3, 3, 3, 3, 3, 3, 3, 3, 3, 3, 3, 3, 3, 3, 3, 3, 3, 3, 3, 3, 3, 3, 3, 3, 3, 3, 3, 3, 3, 3, 3, 3, 3, 3, 3, 3, 3, 3, 3, 3, 3, 3, 3, 3, 3, 3, 3, 3, 3, 3, 3, 3, 3, 3, 3, 3, 3, 3, 3, 3, 3, 3, 3, 3, 3, 3, 3, 3, 3, 3, 3, 3, 3, 3, 3, 3, 3, 3, 3, 3, 3, 3, 3, 3, 3, 3, 3, 3, 3, 3, 3, 3, 3, 3, 3, 3, 3, 3, 3, 3, 3, 3, 3, 3, 3, 3, 3, 3, 3, 3, 3, 3, 3, 3, 3, 3, 3, 3, 3, 3, 3, 3, 3, 3, 3, 3, 3, 3, 3, 3, 3, 3, 3, 3, 3, 3, 3, 3, 3, 3, 3, 3, 3, 3, 3, 3, 3, 3, 3, 3, 3, 3, 3, 3, 3, 3, 3, 3, 3, 3, 3, 3, 3, 3, 3, 3, 3, 3, 3, 3, 3, 3, 3, 3, 3, 3, 3, 3, 3, 3, 3, 3, 3, 3, 3, 3, 3, 3, 3, 3, 3, 3, 3, 3, 3, 3, 3, 3, 3, 3, 3, 3, 3, 3, 3, 3, 3, 3, 3, 3, 3, 3, 3, 3, 3, 3, 3, 3, 3, 3, 3, 3, 3, 3, 3, 3, 3, 3, 3, 3, 3, 3, 3, 3, 3, 3, 3, 3, 3, 3, 3, 3, 3, 3, 3, 3, 3, 3, 3, 3, 3, 3, 3, 3, 3, 3, 3, 3, 3, 3, 3, 3, 3, 3, 3, 3, 3, 3, 3, 3, 3, 3, 3, 3, 3, 3, 3, 3, 3, 3, 3, 3, 3, 3, 3, 3, 3, 3, 3, 3, 3, 3, 3, 3, 3, 3, 3, 3, 3, 3, 3, 3, 3, 3, 3, 3, 3, 3, 3, 3, 3, 3, 3, 3, 3, 3, 3, 3, 3, 3, 3, 3, 3, 3, 3, 3, 3, 3, 3, 3, 3, 3, 3, 3, 3, 3, 3, 3, 3, 3, 3, 3, 3, 3, 3, 3, 3, 3, 3, 3, 3, 3, 3, 3, 3, 3, 3, 3, 3, 3, 3, 3, 3, 3, 3, 3, 3, 3, 3, 3, 3, 3, 3, 3, 3, 3, 3, 3, 3, 3, 3, 3, 3, 3, 3, 3, 3, 3, 3, 3, 3, 3, 3, 3, 3, 3, 3, 3, 3, 3, 3, 3, 3, 3, 3, 3, 3, 3, 3, 3, 3, 3, 3, 3, 3, 3, 3, 3, 3, 3, 3, 3, 3, 3, 3, 3, 3, 3, 3, 3, 3, 3, 3, 3, 3, 3, 3, 3, 3, 3, 3, 3, 3, 3, 3, 3, 3, 3, 3, 3, 3, 3, 3, 3, 3, 3, 3, 3, 3, 3, 3, 3, 3, 3, 3, 3, 3, 3, 3, 3, 3, 3, 3, 3, 3, 3, 3, 3, 3, 3, 3, 3, 3, 3, 3, 3, 3, 3, 3, 3, 3, 3, 3, 3, 3, 3, 3, 3, 3, 3, 3, 3, 3, 3, 3, 3, 3, 3, 3, 3, 3, 3, 3, 3, 3, 3, 3, 3, 3, 3, 3, 3, 3, 3, 3, 3, 3, 3, 3, 3, 3, 3, 3, 3, 3, 3, 3, 3, 3, 3, 3, 3, 3, 3, 3, 3, 3, 3, 3, 3, 3, 3, 3, 3, 3, 3, 3, 3, 3, 3, 3, 3, 3, 3, 3, 3, 3, 3, 3, 3, 3, 3, 3, 3, 3, 3, 3, 3, 3, 3, 3, 3, 3, 3, 3, 3, 3, 3, 3, 3, 3, 3, 3, 3, 3, 3, 3, 3, 3, 3, 3, 3, 3, 3, 3, 3, 3, 3, 3, 3, 3, 3, 3, 3, 3, 3, 3, 3, 3, 3, 3, 3, 3, 3, 3, 3, 3, 3, 3, 3, 3, 3, 3, 3, 3, 3, 3, 3, 3, 3, 3, 3, 3, 3, 3, 3, 3, 3, 3, 3, 3, 3, 3, 3, 3, 3, 3, 3, 3, 3, 3, 3, 3, 3, 3, 3, 3, 3, 3, 3, 3, 3, 3, 3, 3, 3, 3, 3, 3, 3, 3, 3, 3, 3, 3, 3, 3, 3, 3, 3, 3, 3, 3, 3, 3, 3, 3, 3, 3, 3, 3, 3, 3, 3, 3, 3, 3, 3, 3, 3, 3, 3, 3, 3, 3, 3, 3, 3, 3, 3, 3, 3, 3, 3, 3, 3, 3, 3, 3, 3, 3, 3, 3, 3, 3, 3, 3, 3, 3, 3, 3, 3, 3, 3, 3, 3, 3, 3, 3, 3, 3, 3, 3, 3, 3, 3, 3, 3, 3, 3, 3, 3, 3, 3, 3, 3, 3, 3, 3, 3, 3, 3, 3, 3, 3, 3, 3, 3, 3, 3, 3, 3, 3, 3, 3, 3, 3, 3, 3, 3, 3, 3, 3, 3, 3, 3, 3, 3, 3, 3, 3, 3, 3, 3, 3, 3, 3, 3, 3, 3, 3, 3, 3, 3, 3, 3, 3, 3, 3, 3, 3, 3, 3, 3, 3, 3, 3, 3, 3, 3, 3, 3, 3, 3, 3, 3, 3, 3, 3, 3, 3, 3, 3, 3, 3, 3, 3, 3, 3, 3, 3, 3, 3, 3, 3, 3, 3, 3, 3, 3, 3, 3, 3, 3, 3, 3, 3, 3, 3, 3, 3, 3, 3, 3, 3, 3, 3, 3, 3, 3, 3, 3, 3, 3, 3, 3, 3, 3, 3, 3, 3, 3, 3, 3, 3, 3, 3, 3, 3, 3, 3, 3, 3, 3, 3, 3, 3, 3, 3, 3, 3, 3, 3, 3, 3, 3, 3, 3, 3, 3, 3, 3, 3, 3, 3, 3, 3, 3, 3, 3, 3, 3, 3, 3, 3, 3, 3, 3, 3, 3, 3, 3, 3, 3, 3, 3, 3, 3, 3, 3, 3, 3, 3, 3, 3, 3, 3, 3, 3, 3, 3, 3, 3, 3, 3, 3, 3, 3, 3, 3, 3, 3, 3, 3, 3, 3, 3, 3, 3, 3, 3, 3, 3, 3, 3, 3, 3, 3, 3, 3, 3, 3, 3, 3, 3, 3, 3, 3, 3, 3, 3, 3, 3, 3, 3, 3, 3, 3, 3, 3, 3, 3, 3, 3, 3, 3, 3, 3, 3, 3, 3, 3, 3, 3, 3, 3, 3, 3, 3, 3, 3, 3, 3, 3, 3, 3, 3, 3, 3, 3, 3, 3, 3, 3, 3, 3, 3, 3, 3, 3, 3, 3, 3, 3, 3, 3, 3, 3, 3, 3, 3, 3, 3, 3, 3, 3, 3, 3, 3, 3, 3, 3, 3, 3, 3, 3, 3, 3, 3, 3, 3, 3, 3, 3, 3, 3, 3, 3, 3, 3, 3, 3, 3, 3, 3, 3, 3, 3, 3, 3, 3, 3, 3, 3, 3, 3, 3, 3, 3, 3, 3, 3, 3, 3, 3, 3, 3, 3, 3, 3, 3, 3, 3, 3, 3, 3, 3, 3, 3, 3, 3, 3, 3, 3, 3, 3, 3, 3, 3, 3, 3, 3, 3, 3, 3, 3, 3, 3, 3, 3, 3, 3, 3, 3, 3, 3, 3, 3, 3, 3, 3, 3, 3, 3, 3, 3, 3, 3, 3, 3, 3, 3, 3, 3, 3, 3, 3, 3, 3, 3, 3, 3, 3, 3, 3, 3, 3, 3, 3, 3, 3, 3, 3, 3, 3, 3, 3, 3, 3, 3, 3, 3, 3, 3, 3, 3, 3, 3, 3, 3, 3, 3, 3, 3, 3, 3, 3, 3, 3, 3, 3, 3, 3, 3, 3, 3, 3, 3, 3, 3, 3, 3, 3, 3, 3, 3, 3, 3, 3, 3, 3, 3, 3, 3, 3, 3, 3, 3, 3, 3, 3, 3, 3, 3, 3, 3, 3, 3, 3, 3, 3, 3, 3, 3, 3, 3, 3, 3, 3, 3, 3, 3, 3, 3, 3, 3, 3, 3, 3, 3, 3, 3, 3, 3, 3, 3, 3, 3, 3, 3, 3, 3, 3, 3, 3, 3, 3, 3, 3, 3, 3, 3, 3, 3, 3, 3, 3, 3, 3, 3, 3, 3, 3, 3, 3, 3, 3, 3, 3, 3, 3, 3, 3, 3, 3, 3, 3, 3, 3, 3, 3, 3, 3, 3, 3, 3, 3, 3, 3, 3, 3, 3, 3, 3, 3, 3, 3, 3, 3, 3, 3, 3, 3, 3, 3, 3, 3, 3, 3, 3, 3, 3, 3, 3, 3, 3, 3, 3, 3, 3, 3, 3, 3, 3, 3, 3, 3, 3, 3, 3, 3, 3, 3, 3, 3, 3, 3, 3, 3, 3, 3, 3, 3, 3, 3, 3, 3, 3, 3, 3, 3, 3, 3, 3, 3, 3, 3, 3, 3, 3, 3, 3, 3, 3, 3, 3, 3, 3, 3, 3, 3, 3, 3, 3, 3, 3, 3, 3, 3, 3, 3, 3, 3, 3, 3, 3, 3, 3, 3, 3, 3, 3, 3, 3, 3, 3, 3, 3, 3, 3, 3, 3, 3, 3, 3, 3, 3, 3, 3, 3, 3, 3, 3, 3, 3, 3, 3, 3, 3, 3, 3, 3, 3, 3, 3, 3, 3, 3, 3, 3, 3, 3, 3, 3, 3, 3, 3, 3, 3, 3, 3, 3, 3, 3, 3, 3, 3, 3, 3, 3, 3, 3, 3, 3, 3, 3, 3, 3, 3, 3, 3, 3, 3, 3, 3, 3, 3, 3, 3, 3, 3, 3, 3, 3, 3, 3, 3, 3, 3, 3, 3, 3, 3, 3, 3, 3, 3, 3, 3, 3, 3, 3, 3, 3, 3, 3, 3, 3, 3, 3, 3, 3, 3, 3, 3, 3, 3, 3, 3, 3, 3, 3, 3, 3, 3, 3, 3, 3, 3, 3, 3, 3, 3, 3, 3, 3, 3, 3, 3, 3, 3, 3, 3, 3, 3, 3, 3, 3, 3, 3, 3, 3, 3, 3, 3, 3, 3, 3, 3, 3, 3, 3, 3, 3, 3, 3, 3, 3, 3, 3, 3, 3, 3, 3, 3, 3, 3, 3, 3, 3, 3, 3, 3, 3, 3, 3, 3, 3, 3, 3, 3, 3, 3, 3, 3, 3, 3, 3, 3, 3, 3, 3, 3, 3, 3, 3, 3, 3, 3, 3, 3, 3, 3, 3, 3, 3, 3, 3, 3, 3, 3, 3, 3, 3, 3, 3, 3, 3, 3, 3, 3, 3, 3, 3, 3, 3, 3, 3, 3, 3, 3, 3, 3, 3, 3, 3, 3, 3, 3, 3, 3, 3, 3, 3, 3, 3, 3, 3, 3, 3, 3, 3, 3, 3, 3, 3, 3, 3, 3, 3, 3, 3, 3, 3, 3, 3, 3, 3, 3, 3, 3, 3, 3, 3, 3, 3, 3, 3, 3, 3, 3, 3, 3, 3, 3, 3, 3, 3, 3, 3, 3, 3, 3, 3, 3, 3, 3, 3, 3, 3, 3, 3, 3, 3, 3, 3, 3, 3, 3, 3, 3, 3, 3, 3, 3, 3, 3, 3, 3, 3, 3, 3, 3, 3, 3, 3, 3, 3, 3, 3, 3, 3, 3, 3, 3, 3, 3, 3, 3, 3, 3, 3, 3, 3, 3, 3, 3, 3, 3, 3, 3, 3, 3, 3, 3, 3, 3, 3, 3, 3, 3, 3, 3, 3, 3, 3, 3, 3, 3, 3, 3, 3, 3, 3, 3, 3, 3, 3, 3, 3, 3, 3, 3, 3, 3, 3, 3, 3, 3, 3, 3, 3, 3, 3, 3, 3, 3, 3, 3, 3, 3, 3, 3, 3, 3, 3, 3, 3, 3, 3, 3, 3, 3, 3, 3, 3, 3, 3, 3, 3, 3, 3, 3, 3, 3, 3, 3, 3, 3, 3, 3, 3, 3, 3, 3, 3, 3, 3, 3, 3, 3, 3, 3, 3, 3, 3, 3, 3, 3, 3, 3, 3, 3, 3, 3, 3, 3, 3, 3, 3, 3, 3, 3, 3, 3, 3, 3, 3, 3, 3, 3, 3, 3, 3, 3, 3, 3, 3, 3, 3, 3, 3, 3, 3, 3, 3, 3, 3, 3, 3, 3, 3, 3, 3, 3, 3, 3, 3, 3, 3, 3, 3, 3, 3, 3, 3, 3, 3, 3, 3, 3, 3, 3, 3, 3, 3, 3, 3, 3, 3, 3, 3, 3, 3, 3, 3, 3, 3, 3, 3, 3, 3, 3, 3, 3, 3, 3, 3, 3, 3, 3, 3, 3, 3, 3, 3, 3, 3, 3, 3, 3, 3, 3, 3, 3, 3, 3, 3, 3, 3, 3, 3, 3, 3, 3, 3, 3, 3, 3, 3, 3, 3, 3, 3, 3, 3, 3, 3, 3, 3, 3, 3, 3, 3, 3, 3, 3, 3, 3, 3, 3, 3, 3, 3, 3, 3, 3, 3, 3, 3, 3, 3, 3, 3, 3, 3, 3, 3, 3, 3, 3, 3, 3, 3, 3, 3, 3, 3, 3, 3, 3, 3, 3, 3, 3, 3, 3, 3, 3, 3, 3, 3, 3, 3, 3, 3, 3, 3, 3, 3, 3, 3, 3, 3, 3, 3, 3, 3, 3, 3, 3, 3, 3, 3, 3, 3, 3, 3, 3, 3, 3, 3, 3, 3, 3, 3, 3, 3, 3, 3, 3, 3, 3, 3, 3, 3, 3, 3, 3, 3, 3, 3, 3, 3, 3, 3, 3, 3, 3, 3, 3, 3, 3, 3, 3, 3, 3, 3, 3, 3, 3, 3, 3, 3, 3, 3, 3, 3, 3, 3, 3, 3, 3, 3, 3, 3, 3, 3, 3, 3, 3, 3, 3, 3, 3, 3, 3, 3, 3, 3, 3, 3, 3, 3, 3, 3, 3, 3, 3, 3, 3, 3, 3, 3, 3, 3, 3, 3, 3, 3, 3, 3, 3, 3, 3, 3, 3, 3, 3, 3, 3, 3, 3, 3, 3, 3, 3, 3, 3, 3, 3, 3, 3, 3, 3, 3, 3, 3, 3, 3, 3, 3, 3, 3, 3, 3, 3, 3, 3, 3, 3, 3, 3, 3, 3, 3, 3, 3, 3, 3, 3, 3, 3, 3, 3, 3, 3, 3, 3, 3, 3, 3, 3, 3, 3, 3, 3, 3, 3, 3, 3, 3, 3, 3, 3, 3, 3, 3, 3, 3, 3, 3, 3, 3, 3, 3, 3, 3, 3, 3, 3, 3, 3, 3, 3, 3, 3, 3, 3, 3, 3, 3, 3, 3, 3, 3, 3, 3, 3, 3, 3, 3, 3, 3, 3, 3, 3, 3, 3, 3, 3, 3, 3, 3, 3, 3, 3, 3, 3, 3, 3, 3, 3, 3, 3, 3, 3, 3, 3, 3, 3, 3, 3, 3, 3, 3, 3, 3, 3, 3, 3, 3, 3, 3, 3, 3, 3, 3, 3, 3, 3, 3, 3, 3, 3, 3, 3, 3, 3, 3, 3, 3, 3, 3, 3, 3, 3, 3, 3, 3, 3, 3, 3, 3, 3, 3, 3, 3, 3, 3, 3, 3, 3, 3, 3, 3, 3, 3, 3, 3, 3, 3, 3, 3, 3, 3, 3, 3, 3, 3, 3, 3, 3, 3, 3, 3, 3, 3, 3, 3, 3, 3, 3, 3, 3, 3, 3, 3, 3, 3, 3, 3, 3, 3, 3, 3, 3, 3, 3, 3, 3, 3, 3, 3, 3, 3, 3, 3, 3, 3, 3, 3, 3, 3, 3, 3, 3, 3, 3, 3, 3, 3, 3, 3, 3, 3, 3, 3, 3, 3, 3, 3, 3, 3, 3, 3, 3, 3, 3, 3, 3, 3, 3, 3, 3, 3, 3, 3, 3, 3, 3, 3, 3, 3, 3, 3, 3, 3, 3, 3, 3, 3, 3, 3, 3, 3, 3, 3, 3, 3, 3, 3, 3, 3, 3, 3, 3, 3, 3, 3, 3, 3, 3, 3, 3, 3, 3, 3, 3, 3, 3, 3, 3, 3, 3, 3, 3, 3, 3, 3, 3, 3, 3, 3, 3, 3, 3, 3, 3, 3, 3, 3, 3, 3, 3, 3, 3, 3, 3, 3, 3, 3, 3, 3, 3, 3, 3, 3, 3, 3, 3, 3, 3, 3, 3, 3, 3, 3, 3, 3, 3, 3, 3, 3, 3, 3, 3, 3, 3, 3, 3, 3, 3, 3, 3, 3, 3, 3, 3, 3, 3, 3, 3, 3, 3, 3, 3, 3, 3, 3, 3, 3, 3, 3, 3, 3, 3, 3, 3, 3, 3, 3, 3, 3, 3, 3, 3, 3, 3, 3, 3, 3, 3, 3, 3, 3, 3, 3, 3, 3, 3, 3, 3, 3, 3, 3, 3, 3, 3, 3, 3, 3, 3, 3, 3, 3, 3, 3, 3, 3, 3, 3, 3, 3, 3, 3, 3, 3, 3, 3, 3, 3, 3, 3, 3, 3, 3, 3, 3, 3, 3, 3, 3, 3, 3, 3, 3, 3, 3, 3, 3, 3, 3, 3, 3, 3, 3, 3, 3, 3, 3, 3, 3, 3, 3, 3, 3, 3, 3, 3, 3, 3, 3, 3, 3, 3, 3, 3, 3, 3, 3, 3, 3, 3, 3, 3, 3, 3, 3, 3, 3, 3, 3, 3, 3, 3, 3, 3, 3, 3, 3, 3, 3, 3, 3, 3, 3, 3, 3, 3, 3, 3, 3, 3, 3, 3, 3, 3, 3, 3, 3, 3, 3, 3, 3, 3, 3, 3, 3, 3, 3, 3, 3, 3, 3, 3, 3, 3, 3, 3, 3, 3, 3, 3, 3, 3, 3, 3, 3, 3, 3, 3, 3, 3, 3, 3, 3, 3, 3, 3, 3, 3, 3, 3, 3, 3, 3, 3, 3, 3, 3, 3, 3, 3, 3, 3, 3, 3, 3, 3, 3, 3, 3, 3, 3, 3, 3, 3, 3, 3, 3, 3, 3, 3, 3, 3, 3, 3, 3, 3, 3, 3, 3, 3, 3, 3, 3, 3, 3, 3, 3, 3, 3, 3, 3, 3, 3, 3, 3, 3, 3, 3, 3, 3, 3, 3, 3, 3, 3, 3, 3, 3, 3, 3, 3, 3, 3, 3, 3, 3, 3, 3, 3, 3, 3, 3, 3, 3, 3, 3, 3, 3, 3, 3, 3, 3, 3, 3, 3, 3, 3, 3, 3, 3, 3, 3, 3, 3, 3, 3, 3, 3, 3, 3, 3, 3, 3, 3, 3, 3, 3, 3, 3, 3, 3, 3, 3, 3, 3, 3, 3, 3, 3, 3, 3, 3, 3, 3, 3, 3, 3, 3, 3, 3, 3, 3, 3, 3, 3, 3, 3, 3, 3, 3, 3, 3, 3, 3, 3, 3, 3, 3, 3, 3, 3, 3, 3, 3, 3, 3, 3, 3, 3, 3, 3, 3, 3, 3, 3, 3, 3, 3, 3, 3, 3, 3, 3, 3, 3, 3, 3, 3, 3, 3, 3, 3, 3, 3, 3, 3, 3, 3, 3, 3, 3, 3, 3, 3, 3, 3, 3, 3, 3, 3, 3, 3, 3, 3, 3, 3, 3, 3, 3, 3, 3, 3, 3, 3, 3, 3, 3, 3, 3, 3, 3, 3, 3, 3, 3, 3, 3, 3, 3, 3, 3, 3, 3, 3, 3, 3, 3, 3, 3, 3, 3, 3, 3, 3, 3, 3, 3, 3, 3, 3, 3, 3, 3, 3, 3, 3, 3, 3, 3, 3, 3, 3, 3, 3, 3, 3, 3, 3, 3, 3, 3, 3, 3, 3, 3, 3, 3, 3, 3, 3, 3, 3, 3, 3, 3, 3, 3, 3, 3, 3, 3, 3, 3, 3, 3, 3, 3, 3, 3, 3, 3, 3, 3, 3, 3, 3, 3, 3, 3, 3, 3, 3, 3, 3, 3, 3, 3, 3, 3, 3, 3, 3, 3, 3, 3, 3, 3, 3, 3, 3, 3, 3, 3, 3, 3, 3, 3, 3, 3, 3, 3, 3, 3, 3, 3, 3, 3, 3, 3, 3, 3, 3, 3, 3, 3, 3, 3, 3, 3, 3, 3, 3, 3, 3, 3, 3, 3, 3, 3, 3, 3, 3, 3, 3, 3, 3, 3, 3, 3, 3, 3, 3, 3, 3, 3, 3, 3, 3, 3, 3, 3, 3, 3, 3, 3, 3, 3, 3, 3, 3, 3, 3, 3, 3, 3, 3, 3, 3, 3, 3, 3, 3, 3, 3, 3, 3, 3, 3, 3, 3, 3, 3, 3, 3, 3, 3, 3, 3, 3, 3, 3, 3, 3, 3, 3, 3, 3, 3, 3, 3, 3, 3, 3, 3, 3, 3, 3, 3, 3, 3, 3, 3, 3, 3, 3, 3, 3, 3, 3, 3, 3, 3, 3, 3, 3, 3, 3, 3, 3, 3, 3, 3, 3, 3, 3, 3, 3, 3, 3, 3, 3, 3, 3, 3, 3, 3, 3, 3, 3, 3, 3, 3, 3, 3, 3, 3, 3, 3, 3, 3, 3, 3, 3, 3, 3, 3, 3, 3, 3, 3, 3, 3, 3, 3, 3, 3, 3, 3, 3, 3, 3, 3, 3, 3, 3, 3, 3, 3, 3, 3, 3, 3, 3, 3, 3, 3, 3, 3, 3, 3, 3, 3, 3, 3, 3, 3, 3, 3, 3, 3, 3, 3, 3, 3, 3, 3, 3, 3, 3, 3, 3, 3, 3, 3, 3, 3, 3, 3, 3, 3, 3, 3, 3, 3, 3, 3, 3, 3, 3, 3, 3, 3, 3, 3, 3, 3, 3, 3, 3, 3, 3, 3, 3, 3, 3, 3, 3, 3, 3, 3, 3, 3, 3, 3, 3, 3, 3, 3, 3, 3, 3, 3, 3, 3, 3, 3, 3, 3, 3, 3, 3, 3, 3, 3, 3, 3, 3, 3, 3, 3, 3, 3, 3, 3, 3, 3, 3, 3, 3, 3, 3, 3, 3, 3, 3, 3, 3, 3, 3, 3, 3, 3, 3, 3, 3, 3, 3, 3, 3, 3, 3, 3, 3, 3, 3, 3, 3, 3, 3, 3, 3, 3, 3, 3, 3, 3, 3, 3, 3, 3, 3, 3, 3, 3, 3, 3, 3, 3, 3, 3, 3, 3, 3, 3, 3, 3, 3, 3, 3, 3, 3, 3, 3, 3, 3, 3, 3, 3, 3, 3, 3, 3, 3, 3, 3, 3, 3, 3, 3, 3, 3, 3, 3, 3, 3, 3, 3, 3, 3, 3, 3, 3, 3, 3, 3, 3, 3, 3, 3, 3, 3, 3, 3, 3, 3, 3, 3, 3, 3, 3, 3, 3, 3, 3, 3, 3, 3, 3, 3, 3, 3, 3, 3, 3, 3, 3, 3, 3, 3, 3, 3, 3, 3, 3, 3, 3, 3, 3, 3, 3, 3, 3, 3, 3, 3, 3, 3, 3, 3, 3, 3, 3, 3, 3, 3, 3, 3, 3, 3, 3, 3, 3, 3, 3, 3, 3, 3, 3, 3, 3, 3, 3, 3, 3, 3, 3, 3, 3, 3, 3, 3, 3, 3, 3, 3, 3, 3, 3, 3, 3, 3, 3, 3, 3, 3, 3, 3, 3, 3, 3, 3, 3, 3, 3, 3, 3, 3, 3, 3, 3, 3, 3, 3, 3, 3, 3, 3, 3, 3, 3, 3, 3, 3, 3, 3, 3, 3, 3, 3, 3, 3, 3, 3, 3, 3, 3, 3, 3, 3, 3, 3, 3, 3, 3, 3, 3, 3, 3, 3, 3, 3, 3, 3, 3, 3, 3, 3, 3, 3, 3, 3, 3, 3, 3, 3, 3, 3, 3, 3, 3]
        int[] faceVertexIndices = [5615, 3718, 5612, 5618, 5617, 5615, 5612, 5433, 5445, 3720, 249, 3717, 3717, 3624, 3629, 3717, 3629, 3636, 3717, 3636, 3677, 3717, 3677, 3706, 3706, 3708, 3710, 3718, 3721, 3717, 3720, 3717, 3721, 466, 492, 246, 5615, 5612, 5618, 5612, 5568, 5566, 5564, 5566, 5568, 5566, 5541, 5612, 5612, 5478, 5618, 5612, 5445, 5568, 5445, 5440, 5568, 5541, 5486, 5612, 5486, 5479, 5612, 2063, 2055, 2287, 2055, 2054, 2134, 5479, 5478, 5612, 2134, 2054, 2138, 2287, 2055, 2134, 2066, 2063, 2287, 3718, 3717, 5432, 3717, 3710, 4239, 3710, 4229, 4233, 5612, 5432, 5433, 2287, 2134, 2290, 2138, 2139, 2134, 2139, 2140, 2134, 855, 437, 850, 2287, 2290, 2288, 2290, 2134, 2324, 2324, 2134, 2337, 2344, 2337, 2134, 5478, 2344, 2134, 246, 248, 2138, 862, 246, 2054, 2140, 5618, 2134, 437, 246, 850, 246, 249, 248, 250, 248, 249, 3624, 246, 499, 4239, 3710, 4233, 5432, 3717, 4239, 438, 437, 440, 3717, 3706, 3710, 850, 246, 862, 5478, 2134, 5618, 438, 466, 246, 249, 246, 3624, 2054, 246, 2138, 492, 499, 246, 249, 3624, 3717, 437, 438, 246, 3718, 5432, 5612, 254, 255, 258, 2139, 2161, 2162, 5613, 3719, 5616, 5639, 5616, 5617, 3721, 3718, 3719, 5613, 5616, 5639, 3725, 3721, 3719, 5616, 5615, 5617, 3725, 3719, 3722, 3721, 3725, 3724, 254, 250, 255, 254, 258, 257, 257, 252, 254, 3727, 3726, 3724, 247, 254, 252, 250, 254, 247, 2138, 247, 2137, 2137, 252, 2136, 3727, 3725, 3722, 3725, 3727, 3724, 248, 250, 247, 5632, 5639, 5631, 5639, 5632, 5613, 2138, 2137, 2139, 248, 247, 2138, 247, 252, 2137, 5639, 5617, 5638, 5639, 5638, 5631, 2137, 2136, 2161, 2139, 2137, 2161, 2161, 2136, 2155, 2155, 2162, 2161, 3719, 3718, 5616, 3722, 3719, 5613, 2155, 2156, 2162, 5616, 3718, 5615, 3728, 3723, 5633, 3723, 3722, 5613, 5637, 5636, 5633, 259, 262, 260, 2158, 2160, 2156, 2157, 2160, 2158, 2157, 2159, 2160, 2158, 2154, 2157, 2155, 2158, 2156, 2136, 2158, 2155, 2136, 2135, 2158, 2158, 2135, 2154, 5631, 5635, 5637, 2135, 251, 256, 2135, 256, 2154, 252, 251, 2135, 5637, 5635, 5634, 5636, 5637, 5634, 5637, 5614, 5632, 3732, 3731, 3728, 3732, 3730, 3729, 3731, 3732, 3729, 3731, 3729, 3726, 3731, 3723, 3728, 3731, 3722, 3723, 3727, 3731, 3726, 3731, 3727, 3722, 5633, 5614, 5637, 2136, 252, 2135, 251, 252, 257, 258, 261, 259, 5632, 5631, 5637, 5614, 5613, 5632, 5633, 3723, 5614, 257, 258, 259, 260, 256, 259, 259, 261, 262, 5613, 5614, 3723, 251, 259, 256, 251, 257, 259, 5642, 5619, 5640, 2147, 2150, 2163, 3733, 3728, 5633, 5642, 5641, 5621, 5627, 5642, 5621, 5634, 5641, 5642, 2154, 256, 2153, 3728, 3733, 3735, 5642, 5627, 5619, 3735, 3732, 3728, 2153, 253, 2142, 253, 263, 266, 253, 256, 260, 263, 253, 260, 3732, 3735, 3730, 3741, 3735, 3733, 3735, 3734, 3730, 5636, 5634, 5642, 5640, 5636, 5642, 3735, 3741, 3734, 3741, 3733, 3736, 256, 253, 2153, 266, 2142, 253, 260, 262, 263, 3741, 3738, 3734, 263, 264, 268, 262, 264, 263, 266, 263, 268, 264, 274, 268, 2150, 2164, 2163, 2163, 2164, 2159, 2157, 2163, 2159, 5640, 5633, 5636, 2157, 2154, 2163, 2154, 2153, 2163, 3736, 3733, 5640, 5640, 3733, 5633, 5619, 3736, 5640, 2153, 2147, 2163, 2153, 2142, 2147, 3737, 3736, 5620, 265, 270, 269, 3742, 3737, 5626, 2142, 2141, 2147, 5629, 5630, 5622, 2146, 2149, 2141, 2147, 2141, 2149, 5630, 5623, 5622, 2149, 2146, 2148, 5627, 5621, 5623, 5627, 5623, 5630, 2147, 2149, 2150, 5626, 5620, 5630, 2148, 2152, 2149, 2148, 2151, 2152, 2149, 2152, 2150, 5620, 5619, 5627, 5630, 5629, 5626, 5630, 5620, 5627, 2141, 269, 2146, 2142, 265, 2141, 265, 269, 2141, 266, 265, 2142, 3741, 3736, 3737, 3745, 3744, 3742, 5626, 3737, 5620, 5620, 3736, 5619, 3741, 3744, 3738, 3744, 3739, 3738, 265, 266, 268, 3745, 3740, 3739, 270, 275, 276, 3744, 3737, 3742, 3744, 3741, 3737, 270, 276, 271, 268, 275, 270, 268, 274, 275, 3744, 3745, 3739, 265, 268, 270, 271, 269, 270, 3751, 3748, 3740, 3743, 5626, 5628, 271, 267, 269, 271, 276, 303, 267, 303, 273, 303, 304, 273, 303, 307, 304, 276, 306, 303, 303, 306, 307, 5624, 3743, 5628, 3745, 3751, 3740, 5728, 5628, 5629, 269, 267, 2145, 2145, 267, 273, 5629, 5622, 5728, 3751, 3752, 3748, 3751, 3745, 3742, 3752, 3749, 3748, 3751, 3742, 3743, 3751, 3743, 3746, 5628, 5626, 5629, 5628, 5728, 5624, 2146, 269, 2145, 2145, 273, 2144, 2148, 2273, 2151, 2273, 2276, 2151, 2271, 2274, 2276, 2271, 2276, 2273, 5728, 5726, 5624, 2273, 2144, 2271, 2148, 2146, 2273, 2146, 2145, 2273, 5728, 5725, 5723, 5622, 5725, 5728, 5726, 5728, 5723, 2145, 2144, 2273, 3746, 3743, 5624, 3743, 3742, 5626, 3752, 3751, 3746, 267, 271, 303, 5625, 5624, 5726, 307, 308, 305, 3753, 3756, 3750, 3756, 3753, 3747, 2271, 2272, 2274, 2272, 2143, 2259, 272, 309, 2258, 5711, 5625, 5727, 5726, 5723, 5727, 3755, 3747, 5625, 5727, 5625, 5726, 5727, 5724, 5710, 5723, 5724, 5727, 2144, 2272, 2271, 2258, 2259, 2143, 273, 272, 2143, 2144, 2143, 2272, 3753, 3750, 3749, 3756, 3754, 3750, 5712, 5727, 5710, 2272, 2275, 2274, 3755, 5625, 5711, 3746, 3747, 3753, 3753, 3752, 3746, 2260, 2275, 2272, 5625, 3747, 5624, 5727, 5712, 5711, 273, 2143, 2144, 2143, 272, 2258, 3752, 3753, 3749, 3755, 3756, 3747, 272, 273, 304, 3747, 3746, 5624, 304, 305, 272, 272, 305, 309, 310, 309, 305, 304, 307, 305, 305, 308, 310, 308, 311, 310, 2259, 2260, 2272, 284, 313, 285, 284, 310, 312, 2244, 2237, 2243, 310, 311, 312, 284, 312, 313, 5737, 5715, 5714, 285, 282, 284, 280, 284, 282, 280, 310, 284, 280, 309, 310, 5712, 5715, 5737, 5736, 5737, 5714, 5737, 5736, 5730, 5712, 5710, 5715, 3756, 3755, 3767, 3770, 3756, 3767, 2243, 2263, 2244, 2244, 2260, 2259, 3770, 3767, 3768, 3771, 3770, 3768, 2258, 280, 2235, 2243, 2262, 2263, 2244, 2263, 2260, 3771, 3758, 3757, 5729, 5712, 5737, 5730, 5729, 5737, 2259, 2235, 2244, 2237, 2244, 2235, 5729, 5711, 5712, 2258, 2235, 2259, 2235, 282, 2237, 5729, 3755, 5711, 5730, 3767, 5729, 3770, 3757, 3754, 309, 280, 2258, 3768, 3767, 5730, 3767, 3755, 5729, 280, 282, 2235, 3756, 3770, 3754, 3770, 3771, 3757, 281, 282, 285, 3775, 3772, 3773, 5738, 5716, 5713, 2240, 2242, 2245, 5735, 5738, 5713, 3772, 3775, 3759, 3771, 3772, 3758, 282, 2236, 2237, 286, 314, 315, 313, 314, 286, 2236, 2240, 2245, 2237, 2236, 2245, 286, 315, 289, 285, 313, 286, 2237, 2245, 2243, 2236, 288, 2240, 3769, 5730, 5731, 5732, 3769, 5731, 3769, 3768, 5730, 3773, 3769, 5732, 288, 286, 289, 286, 281, 285, 281, 286, 288, 5736, 5714, 5738, 5714, 5716, 5738, 5731, 5730, 5736, 2236, 281, 288, 5738, 5735, 5732, 2243, 2245, 2262, 2242, 2264, 2245, 3768, 3769, 3772, 3772, 3771, 3768, 5736, 5738, 5731, 282, 281, 2236, 2242, 2261, 2264, 2245, 2264, 2262, 5732, 5731, 5738, 3772, 3769, 3773, 3772, 3759, 3758, 3775, 3760, 3759, 2240, 2257, 2242, 3778, 3761, 3760, 3776, 3774, 5733, 3774, 3773, 5732, 2240, 2239, 2257, 3778, 3775, 3773, 2241, 2256, 2239, 5735, 5713, 5749, 2242, 2257, 2261, 316, 317, 294, 315, 316, 293, 293, 316, 294, 289, 315, 293, 3773, 3774, 3778, 3776, 3779, 3774, 3779, 3778, 3774, 288, 2239, 2240, 287, 290, 2241, 2256, 2268, 2257, 5749, 5748, 5734, 2239, 287, 2241, 3778, 3779, 3761, 3775, 3778, 3760, 5748, 5749, 5720, 5734, 5733, 5749, 5713, 5721, 5749, 3779, 3762, 3761, 2257, 2239, 2256, 5733, 3774, 5732, 5734, 3776, 5733, 294, 290, 293, 287, 293, 290, 5733, 5732, 5735, 289, 293, 287, 288, 289, 287, 5749, 5733, 5735, 5749, 5721, 5720, 2268, 2269, 2257, 288, 287, 2239, 2257, 2269, 2261, 5742, 5739, 5750, 3779, 3780, 3762, 2238, 2255, 2256, 3777, 3776, 5739, 5750, 5722, 5717, 3781, 3777, 5742, 292, 318, 319, 5748, 5720, 5722, 2241, 283, 2238, 294, 317, 318, 5750, 5744, 5742, 2238, 296, 2250, 3779, 3776, 3777, 3783, 3764, 3763, 3780, 3783, 3763, 2241, 2238, 2256, 283, 296, 2238, 283, 294, 292, 294, 283, 290, 290, 283, 2241, 294, 318, 292, 283, 292, 296, 296, 292, 297, 5750, 5739, 5748, 5744, 5750, 5717, 2238, 2250, 2255, 292, 319, 297, 3783, 3780, 3781, 2255, 2270, 2268, 5739, 5734, 5748, 5742, 3777, 5739, 5739, 3776, 5734, 3780, 3763, 3762, 2251, 2270, 2255, 2255, 2250, 2251, 5748, 5722, 5750, 2256, 2255, 2268, 2251, 2265, 2270, 3780, 3779, 3777, 3780, 3777, 3781, 5745, 5747, 5718, 300, 321, 302, 2251, 2250, 2254, 297, 319, 300, 5742, 5743, 3782, 2250, 2249, 2254, 2254, 2249, 2248, 2254, 2267, 2265, 2253, 2266, 2267, 3787, 3786, 3784, 2250, 296, 2249, 5740, 3782, 5743, 299, 300, 302, 3781, 3782, 3786, 295, 300, 299, 3786, 3782, 3784, 297, 300, 295, 296, 297, 295, 3787, 3766, 3765, 3786, 3765, 3764, 296, 295, 2249, 2249, 295, 299, 5747, 5719, 5718, 5744, 5717, 5747, 3786, 3787, 3765, 5747, 5743, 5744, 5740, 5743, 5747, 5717, 5719, 5747, 3783, 3786, 3764, 2254, 2248, 2253, 2249, 299, 2248, 319, 320, 300, 300, 320, 321, 3786, 3783, 3781, 5747, 5745, 5740, 5743, 5742, 5744, 3784, 3782, 5740, 3782, 3781, 5742, 2251, 2254, 2265, 2253, 2267, 2254, 2377, 5493, 5492, 533, 3643, 3644, 3644, 3645, 533, 2253, 2279, 2266, 323, 325, 324, 5718, 5753, 5756, 325, 326, 324, 301, 2252, 298, 2278, 2280, 2279, 5746, 5741, 5756, 5741, 5745, 5756, 299, 298, 2247, 5494, 5493, 2380, 2280, 2281, 2279, 321, 325, 323, 2279, 2281, 2266, 2380, 5493, 2377, 2380, 2378, 5494, 3785, 3784, 5740, 5755, 5756, 5752, 3788, 3785, 5741, 5495, 5494, 2378, 5745, 5718, 5756, 5756, 5753, 5752, 536, 533, 3645, 3793, 3794, 3790, 3646, 534, 536, 3793, 3790, 3766, 3645, 3646, 536, 5741, 5740, 5745, 3793, 3787, 3784, 3784, 3785, 3793, 3794, 3793, 3785, 3787, 3793, 3766, 3794, 3785, 3788, 5756, 5755, 5746, 302, 321, 323, 301, 323, 324, 3794, 3791, 3790, 323, 298, 302, 298, 323, 301, 298, 299, 302, 5741, 3785, 5740, 3788, 5741, 5746, 2247, 298, 2252, 2252, 2278, 2247, 2279, 2247, 2278, 2248, 2279, 2253, 2248, 299, 2247, 2248, 2247, 2279, 5751, 3788, 5746, 355, 322, 357, 291, 301, 324, 3795, 3789, 3837, 535, 3647, 3648, 3839, 3822, 3792, 3795, 3792, 3791, 2379, 5496, 5495, 2252, 291, 2246, 3794, 3788, 3789, 5751, 5746, 5755, 2246, 355, 2197, 2200, 2277, 2197, 534, 3646, 3647, 534, 3647, 535, 322, 380, 357, 3648, 3649, 537, 3837, 3789, 5686, 5757, 5754, 5671, 2200, 2222, 2282, 3789, 3788, 5751, 3794, 3795, 3791, 3839, 3795, 3837, 3648, 537, 538, 535, 3648, 538, 5757, 5686, 5751, 2373, 5487, 5496, 3795, 3839, 3792, 5757, 5689, 5686, 3795, 3794, 3789, 5751, 5755, 5757, 2379, 5495, 2378, 2373, 5496, 2379, 5755, 5754, 5757, 5686, 3789, 5751, 2373, 2372, 5487, 5755, 5752, 5754, 291, 322, 355, 2277, 2282, 2280, 5689, 5757, 5671, 2200, 2282, 2277, 322, 291, 324, 322, 327, 380, 324, 326, 327, 301, 291, 2252, 2277, 2280, 2278, 291, 355, 2246, 2278, 2246, 2277, 2246, 2197, 2277, 2252, 2246, 2278, 2372, 5488, 5487, 322, 324, 327, 3649, 3650, 537, 5695, 5687, 5689, 5695, 5674, 5673, 2374, 5490, 5489, 2376, 2374, 5489, 5489, 5488, 2376, 3840, 3838, 5688, 3838, 3837, 5686, 355, 2196, 2197, 541, 3650, 3651, 2372, 2376, 5488, 2196, 354, 358, 355, 354, 2196, 5671, 5674, 5695, 2196, 358, 2199, 5688, 3838, 5687, 5686, 5687, 3838, 2204, 2224, 2225, 2205, 2225, 2222, 2204, 2225, 2205, 2200, 2205, 2222, 355, 357, 354, 359, 381, 382, 354, 357, 359, 380, 381, 359, 5689, 5671, 5695, 5694, 5695, 5673, 354, 359, 358, 360, 358, 359, 3843, 3842, 3840, 3842, 3838, 3840, 3842, 3839, 3837, 2200, 2197, 2205, 3837, 3838, 3842, 2205, 2199, 2204, 2205, 2196, 2199, 3842, 3843, 3823, 5687, 5686, 5689, 2197, 2196, 2205, 5688, 5687, 5695, 5695, 5694, 5688, 3839, 3842, 3822, 357, 380, 359, 3842, 3823, 3822, 541, 3651, 539, 359, 382, 360, 537, 3650, 541, 3843, 3824, 3823, 5673, 5675, 5696, 3651, 3652, 539, 5691, 5690, 5696, 540, 539, 3652, 3667, 527, 540, 361, 383, 364, 360, 382, 361, 3847, 3826, 3825, 5690, 5688, 5694, 2199, 2198, 2206, 3843, 3844, 3824, 3847, 3825, 3844, 5694, 5673, 5696, 363, 361, 364, 356, 361, 363, 356, 360, 361, 5693, 5696, 5672, 356, 358, 360, 3840, 3841, 3844, 3844, 3843, 3840, 382, 383, 361, 5696, 5693, 5691, 2202, 2203, 2198, 2206, 2198, 2203, 2204, 2199, 2206, 5696, 5690, 5694, 383, 384, 364, 2203, 2226, 2206, 2204, 2206, 2224, 3845, 3847, 3841, 3847, 3844, 3841, 2203, 2223, 2226, 3652, 3667, 540, 2206, 2226, 2224, 3845, 5690, 5691, 5690, 3841, 5688, 2199, 358, 2198, 2198, 356, 2202, 358, 356, 2198, 2375, 2366, 5491, 363, 2202, 356, 3841, 3840, 5688, 3845, 3841, 5690, 2374, 2375, 5490, 2366, 5512, 5491, 5696, 5675, 5672, 5491, 5490, 2375, 3844, 3825, 3824, 364, 385, 367, 3847, 3850, 3826, 3848, 3846, 5684, 2368, 5514, 5513, 2368, 5513, 2371, 2371, 5513, 5512, 3846, 3845, 5692, 2371, 5512, 2366, 5693, 5672, 5683, 2213, 2227, 2234, 362, 366, 2201, 363, 362, 2202, 5692, 3845, 5691, 5684, 3846, 5692, 2202, 362, 2201, 2219, 2234, 2223, 2201, 366, 2195, 2213, 2234, 2219, 367, 385, 386, 527, 3667, 3668, 532, 3668, 3669, 3850, 3851, 3827, 3851, 3850, 3848, 3850, 3846, 3848, 5697, 5709, 5676, 3850, 3847, 3846, 2203, 2219, 2223, 3847, 3845, 3846, 5709, 5697, 5684, 2219, 2195, 2213, 2203, 2201, 2219, 2201, 2195, 2219, 5709, 5692, 5693, 5692, 5709, 5684, 2202, 2201, 2203, 362, 363, 364, 364, 367, 362, 362, 367, 366, 374, 366, 367, 364, 384, 385, 5709, 5683, 5676, 5693, 5683, 5709, 367, 386, 374, 5692, 5691, 5693, 527, 3668, 532, 3850, 3827, 3826, 3851, 3828, 3827, 3669, 529, 532, 2369, 2367, 5515, 5515, 5514, 2369, 5685, 5684, 5697, 3855, 3830, 3829, 530, 529, 3670, 3854, 3829, 3828, 530, 3671, 528, 370, 365, 374, 388, 371, 370, 387, 370, 374, 3670, 3671, 530, 2195, 2194, 2212, 365, 366, 374, 5677, 5703, 5678, 5678, 5703, 5697, 5677, 5702, 5703, 5685, 5697, 5703, 2210, 2211, 2194, 3848, 3849, 3854, 2195, 2212, 2213, 3851, 3854, 3828, 3854, 3855, 3829, 3854, 3851, 3848, 3670, 529, 3669, 2212, 2194, 2211, 3855, 3854, 3849, 2211, 2228, 2212, 2212, 2229, 2213, 5700, 3852, 5685, 5685, 3849, 5684, 2194, 365, 2210, 366, 2194, 2195, 387, 374, 386, 388, 370, 387, 5678, 5697, 5676, 366, 365, 2194, 369, 2210, 365, 2229, 2227, 2213, 2228, 2229, 2212, 5700, 5685, 5703, 5703, 5702, 5700, 2369, 5514, 2368, 3849, 3848, 5684, 3852, 3849, 5685, 3855, 3849, 3852, 365, 370, 369, 5516, 5515, 2367, 371, 369, 370, 528, 3671, 3672, 3853, 3852, 5701, 376, 373, 375, 5701, 5702, 5708, 5698, 5701, 5708, 5702, 5682, 5708, 5705, 5708, 5679, 5701, 3852, 5700, 5698, 3856, 5701, 373, 2208, 368, 3673, 3674, 524, 368, 369, 371, 368, 375, 373, 5519, 5518, 2364, 2370, 5517, 5516, 375, 368, 371, 5708, 5705, 5698, 3672, 3673, 531, 375, 389, 376, 371, 389, 375, 2370, 5516, 2367, 2370, 2364, 5517, 2363, 5519, 2364, 2230, 2233, 2218, 2218, 2233, 2228, 2215, 2230, 2218, 369, 368, 2210, 2211, 2218, 2228, 5708, 5682, 5679, 2211, 2209, 2218, 2209, 2215, 2218, 5518, 5517, 2364, 2210, 2209, 2211, 2209, 2208, 2215, 5702, 5677, 5682, 371, 388, 389, 389, 390, 376, 3858, 3831, 3830, 3859, 3832, 3831, 3855, 3858, 3830, 5701, 5700, 5702, 3858, 3859, 3831, 531, 3673, 525, 531, 528, 3672, 2210, 368, 2209, 368, 2208, 2209, 3673, 524, 525, 3859, 3853, 3856, 3859, 3858, 3853, 3858, 3855, 3853, 3855, 3852, 3853, 3856, 3853, 5701, 5699, 5698, 5705, 373, 376, 372, 2214, 2217, 2207, 2217, 2214, 2216, 5704, 5699, 5707, 5704, 3857, 5699, 524, 3674, 3675, 5705, 5681, 5707, 5706, 5707, 5680, 5707, 5681, 5680, 372, 377, 2207, 373, 372, 2208, 526, 3675, 3676, 2365, 5520, 5519, 2362, 5521, 5520, 372, 376, 378, 372, 378, 377, 3860, 3857, 5704, 3857, 3856, 5699, 379, 377, 378, 5707, 5699, 5705, 5707, 5706, 5704, 2362, 5520, 2365, 2365, 5519, 2363, 2217, 2232, 2230, 524, 3675, 526, 526, 3676, 523, 2216, 2231, 2232, 2216, 2232, 2217, 2215, 2217, 2230, 376, 391, 378, 378, 392, 379, 2208, 372, 2207, 378, 391, 392, 2207, 377, 2214, 3861, 3862, 3833, 2215, 2207, 2217, 2208, 2207, 2215, 5705, 5679, 5681, 3859, 3856, 3857, 376, 390, 391, 3859, 3861, 3832, 3862, 3861, 3860, 3862, 3834, 3833, 3861, 3833, 3832, 5699, 3856, 5698, 3861, 3859, 3857, 3861, 3857, 3860, 6064, 6040, 6030, 377, 2167, 2214, 3860, 3863, 3969, 5766, 5774, 2675, 2167, 2166, 2620, 3862, 3969, 3834, 5706, 5680, 6064, 2632, 2167, 2620, 5760, 5704, 5706, 3862, 3860, 3969, 5758, 3864, 5760, 5760, 6064, 5758, 2635, 2645, 2632, 279, 544, 546, 2678, 2675, 5774, 5760, 3863, 5704, 2214, 2167, 2632, 2214, 2632, 2216, 3864, 3970, 3863, 279, 2166, 277, 2632, 2645, 2231, 5680, 6040, 6064, 3969, 3863, 3970, 6064, 5760, 5706, 377, 277, 2167, 3864, 3863, 5760, 2216, 2632, 2231, 3676, 3922, 523, 3922, 3924, 839, 3969, 3970, 3956, 2620, 2635, 2632, 3970, 3957, 3956, 3863, 3860, 5704, 379, 392, 544, 832, 523, 3922, 832, 3922, 839, 2167, 277, 2166, 277, 544, 279, 6051, 6064, 6030, 277, 379, 544, 392, 568, 544, 544, 568, 546, 277, 377, 379, 6064, 6051, 5758, 2362, 2678, 5521, 3969, 3956, 3834, 568, 569, 546, 5774, 5521, 2678, 2620, 2165, 2621, 546, 569, 570, 570, 571, 550, 3970, 3971, 3957, 6051, 6052, 5759, 547, 570, 550, 546, 570, 547, 3971, 3974, 3958, 840, 3926, 834, 2621, 2165, 2619, 279, 546, 278, 839, 3925, 840, 2165, 2617, 2619, 3972, 3865, 5759, 2165, 278, 2617, 2166, 278, 2165, 6047, 5759, 6052, 6052, 6050, 6047, 6051, 6031, 6052, 3865, 3864, 5759, 6050, 6052, 6029, 2620, 2621, 2635, 3925, 3926, 840, 3971, 3958, 3957, 3974, 3959, 3958, 839, 3924, 3925, 2619, 2634, 2621, 3970, 3864, 3865, 6052, 6031, 6029, 5759, 5758, 6051, 3971, 3970, 3865, 5759, 3864, 5758, 549, 547, 550, 2675, 2676, 5766, 547, 278, 546, 278, 547, 549, 2676, 2671, 5767, 2621, 2636, 2635, 2634, 2636, 2621, 279, 278, 2166, 2676, 5767, 5766, 6051, 6030, 6031, 5769, 5767, 2671, 2166, 2165, 2620, 549, 2617, 278, 3972, 3974, 3865, 3972, 5759, 6047, 3974, 3971, 3865, 3978, 3961, 3960, 3978, 3977, 3975, 6050, 6033, 6055, 2624, 2638, 2634, 2674, 5770, 5769, 3975, 3973, 6049, 3973, 3972, 6048, 6055, 6033, 6032, 6050, 6029, 6033, 2623, 2637, 2638, 2623, 2638, 2624, 2672, 5770, 2674, 2619, 2624, 2634, 548, 551, 2616, 549, 548, 2617, 2672, 5771, 5770, 2671, 2674, 5769, 3977, 3960, 3959, 2624, 2618, 2623, 2619, 2616, 2624, 2618, 2624, 2616, 2617, 2616, 2619, 6048, 6047, 6050, 553, 572, 573, 550, 571, 572, 834, 3926, 3927, 837, 3927, 3928, 550, 572, 553, 553, 573, 554, 834, 3927, 837, 835, 837, 3928, 2617, 548, 2616, 6055, 6054, 6049, 6049, 6048, 6055, 6048, 6050, 6055, 2616, 551, 2618, 6049, 3973, 6048, 3974, 3977, 3959, 6048, 3972, 6047, 3977, 3978, 3960, 554, 551, 553, 3974, 3972, 3973, 3977, 3974, 3973, 3977, 3973, 3975, 553, 548, 550, 548, 553, 551, 548, 549, 550, 6054, 6055, 6032, 3979, 3982, 3962, 6054, 6032, 6056, 554, 545, 551, 545, 554, 552, 545, 552, 556, 556, 552, 558, 6053, 6049, 6054, 6053, 3976, 6049, 6042, 3980, 6053, 3929, 3930, 836, 2618, 551, 2615, 3982, 3963, 3962, 836, 3930, 838, 3928, 3929, 835, 552, 554, 574, 2615, 545, 2611, 2615, 2611, 2614, 552, 574, 558, 554, 573, 574, 574, 575, 558, 835, 3929, 836, 6056, 6042, 6053, 2618, 2615, 2622, 2673, 2670, 5772, 6056, 6053, 6054, 6056, 6045, 6042, 556, 2611, 545, 2614, 2633, 2622, 2672, 2673, 5771, 3961, 3978, 3962, 2623, 2622, 2639, 3979, 3978, 3975, 3979, 3975, 3976, 3982, 3979, 3976, 6032, 6034, 6056, 6056, 6034, 6028, 3982, 3976, 3980, 5768, 5772, 2670, 3976, 3975, 6049, 3980, 3976, 6053, 551, 545, 2615, 2673, 5772, 5771, 2637, 2623, 2639, 2623, 2618, 2622, 6045, 6056, 6028, 2633, 2639, 2622, 2615, 2614, 2622, 3978, 3979, 3962, 3983, 3986, 3981, 2670, 2677, 5768, 6045, 6028, 6037, 6060, 6037, 6036, 2677, 5773, 5768, 5793, 5773, 2666, 2614, 2630, 2633, 3983, 3981, 6043, 3981, 3980, 6043, 2630, 2610, 2629, 2641, 2642, 2630, 6059, 6060, 6036, 6045, 6037, 6060, 2630, 2642, 2633, 6043, 6042, 6045, 6044, 6043, 6060, 3986, 3985, 3981, 6060, 6043, 6045, 2614, 2610, 2630, 2613, 2629, 2610, 2610, 555, 2613, 2611, 555, 2610, 2611, 2610, 2614, 838, 3930, 3931, 3931, 3933, 841, 3985, 3986, 3964, 3982, 3985, 3963, 3986, 3965, 3964, 3985, 3964, 3963, 3983, 6043, 6044, 6043, 3980, 6042, 556, 558, 555, 555, 558, 562, 555, 562, 559, 563, 559, 562, 841, 3933, 812, 838, 3931, 841, 558, 576, 562, 562, 576, 563, 555, 559, 2613, 6060, 6059, 6044, 556, 555, 2611, 576, 577, 563, 558, 575, 576, 3982, 3980, 3981, 3985, 3982, 3981, 2666, 5773, 2677, 2629, 2641, 2630, 557, 563, 564, 2612, 565, 2627, 6058, 6061, 6035, 6059, 6038, 6061, 6057, 6046, 6061, 6061, 6058, 6057, 6046, 6044, 6059, 6061, 6046, 6059, 557, 564, 565, 565, 564, 566, 813, 3935, 811, 812, 3934, 813, 563, 578, 564, 564, 579, 566, 563, 577, 578, 3987, 3966, 3965, 3989, 3967, 3966, 564, 578, 579, 2666, 2667, 5793, 2665, 5794, 2667, 3986, 3987, 3965, 3987, 3989, 3966, 3987, 3984, 3988, 813, 3934, 3935, 812, 3933, 3934, 557, 559, 563, 3986, 3983, 3984, 2631, 2643, 2641, 2628, 2640, 2643, 2629, 2631, 2641, 2628, 2643, 2631, 557, 565, 2612, 2629, 2612, 2631, 2613, 2612, 2629, 2631, 2627, 2628, 2627, 2631, 2612, 6061, 6038, 6035, 6059, 6036, 6038, 559, 557, 2613, 6057, 3984, 6046, 6046, 3983, 6044, 3988, 3984, 6057, 3984, 3983, 6046, 2613, 557, 2612, 2665, 5795, 5794, 2667, 5794, 5793, 3989, 3987, 3988, 3987, 3986, 3984, 6058, 6035, 6039, 5798, 5796, 6063, 6063, 5936, 5931, 561, 580, 809, 3937, 3968, 561, 560, 561, 582, 809, 814, 561, 2644, 2640, 2628, 2644, 2628, 2626, 5931, 6062, 6063, 811, 3935, 3936, 6062, 6058, 6063, 3968, 3991, 561, 565, 560, 2625, 2627, 2626, 2628, 2627, 2625, 2626, 2625, 2477, 2626, 2625, 2472, 2477, 6062, 6057, 6058, 2664, 6063, 2668, 2625, 2627, 565, 6063, 6058, 6039, 584, 3991, 4036, 5796, 5795, 2668, 3988, 3990, 3991, 3991, 3989, 3988, 4036, 3990, 4034, 4036, 3991, 3990, 2626, 2477, 5936, 2644, 2626, 6063, 2668, 5795, 2665, 561, 560, 566, 2664, 2644, 6063, 565, 566, 560, 4034, 6062, 5931, 2625, 560, 2472, 3937, 561, 3936, 582, 2472, 560, 6062, 3990, 6057, 3968, 3989, 3991, 561, 566, 580, 3990, 3988, 6057, 4034, 3990, 6062, 582, 561, 584, 566, 579, 580, 3968, 3967, 3989, 6063, 6039, 5798, 584, 561, 3991, 6063, 5796, 2668, 6063, 2626, 5936, 561, 814, 3936, 814, 811, 3936, 4040, 4039, 4035, 587, 585, 586, 2477, 2479, 5936, 2479, 2478, 5938, 4039, 584, 4036, 586, 581, 584, 581, 586, 585, 581, 582, 584, 5932, 5931, 5936, 5932, 5936, 5939, 5935, 5932, 5939, 2472, 2471, 2477, 5939, 5938, 5935, 4039, 4040, 587, 5939, 2479, 5938, 581, 585, 2476, 586, 584, 4039, 587, 586, 4039, 5936, 2479, 5939, 581, 2476, 2471, 4037, 4035, 5932, 4035, 4034, 5932, 4036, 4034, 4035, 4039, 4036, 4035, 4037, 5932, 5935, 2476, 2478, 2471, 2478, 2479, 2471, 2477, 2471, 2479, 2472, 581, 2471, 4040, 4035, 4037, 582, 581, 2472, 5932, 4034, 5931, 5947, 2498, 5946, 583, 589, 2475, 2499, 2498, 5947, 4043, 4040, 4038, 2478, 2499, 5938, 583, 585, 587, 583, 602, 589, 2476, 583, 2475, 5938, 2499, 5947, 5947, 5946, 5933, 583, 587, 602, 4044, 4043, 4041, 603, 602, 4044, 602, 587, 4043, 5933, 4038, 5937, 589, 602, 603, 5937, 4037, 5935, 4043, 587, 4040, 4043, 4038, 4041, 4041, 4038, 5933, 4044, 602, 4043, 4038, 4037, 5937, 2476, 2475, 2478, 2475, 589, 2474, 2478, 2475, 2499, 5937, 5935, 5938, 2498, 2499, 2474, 2474, 2499, 2475, 5933, 5937, 5947, 5947, 5937, 5938, 585, 583, 2476, 4040, 4037, 4038, 589, 588, 2473, 4041, 4042, 4047, 2498, 2474, 2502, 2497, 2501, 2473, 2473, 588, 2497, 4042, 4041, 5933, 2502, 2473, 2501, 4047, 606, 4044, 5945, 5934, 5950, 4045, 5934, 5945, 607, 604, 606, 588, 606, 604, 5934, 4042, 5933, 588, 603, 606, 5950, 5949, 5945, 5950, 5934, 5946, 604, 2497, 588, 5950, 2502, 5949, 4048, 4047, 4042, 4045, 4048, 4042, 5934, 5933, 5946, 588, 589, 603, 2474, 589, 2473, 5946, 2498, 5950, 606, 603, 4044, 2502, 5950, 2498, 607, 606, 4047, 2502, 2501, 5949, 4047, 4044, 4041, 607, 4047, 4048, 4045, 4042, 5934, 2474, 2473, 2502, 605, 607, 4049, 5949, 2500, 5951, 2501, 2500, 5949, 2500, 2495, 5944, 601, 604, 607, 601, 609, 2494, 601, 607, 605, 601, 605, 609, 609, 605, 610, 601, 2494, 2496, 604, 601, 2497, 610, 605, 4049, 4050, 5948, 5942, 5948, 4045, 5945, 5951, 5948, 5949, 5948, 5945, 5949, 5944, 5951, 2500, 4049, 4052, 610, 4050, 4046, 5948, 4049, 607, 4048, 4046, 4045, 5948, 5951, 5944, 5942, 5942, 5948, 5951, 2496, 2494, 2495, 2496, 2495, 2500, 2501, 2496, 2500, 2497, 2496, 2501, 4048, 4045, 4046, 4050, 4052, 4046, 4049, 4048, 4046, 4052, 4049, 4046, 2497, 601, 2496, 5944, 2507, 5956, 5943, 4050, 5942, 4055, 4052, 4051, 4055, 4051, 4053, 4056, 4055, 4053, 609, 608, 2494, 608, 612, 2493, 2507, 2504, 5956, 2507, 5944, 2495, 609, 610, 608, 608, 613, 612, 614, 612, 613, 2493, 612, 2492, 613, 608, 610, 4053, 4051, 5940, 2494, 608, 2493, 5940, 4051, 5943, 5956, 5953, 5940, 5940, 5943, 5956, 4056, 613, 4055, 4055, 610, 4052, 5944, 5956, 5943, 614, 613, 4056, 2494, 2493, 2495, 5943, 5942, 5944, 2493, 2492, 2507, 2507, 2492, 2504, 5956, 2504, 5953, 2495, 2493, 2507, 613, 610, 4055, 4051, 4050, 5943, 4052, 4050, 4051, 2506, 2505, 5954, 4058, 4056, 4053, 612, 611, 2491, 615, 2503, 611, 611, 612, 614, 2506, 5955, 2504, 4057, 4054, 5941, 2506, 2491, 2505, 4054, 4053, 5940, 2492, 2506, 2504, 5952, 4057, 5941, 2503, 2505, 2491, 5941, 4054, 5940, 611, 614, 616, 611, 616, 615, 617, 615, 616, 5955, 2506, 5954, 5955, 5954, 5952, 2504, 5955, 5953, 4058, 616, 4056, 617, 4058, 4059, 2492, 2491, 2506, 4059, 4054, 4057, 5952, 5941, 5955, 5955, 5941, 5953, 4059, 4058, 4054, 617, 616, 4058, 616, 614, 4056, 2492, 612, 2491, 2491, 611, 2503, 5941, 5940, 5953, 4058, 4053, 4054, 5957, 4062, 5966, 4061, 4059, 4060, 4060, 4057, 5966, 615, 590, 2503, 4062, 4060, 5966, 5966, 5954, 5967, 2489, 2490, 2505, 590, 2481, 2489, 590, 593, 2481, 2490, 2486, 5961, 2505, 2490, 5954, 593, 591, 596, 5967, 5961, 5957, 2489, 2481, 2486, 5966, 4057, 5952, 2503, 2489, 2505, 2503, 590, 2489, 5967, 2490, 5961, 596, 591, 4061, 5967, 5957, 5966, 617, 590, 615, 5966, 5952, 5954, 4061, 591, 617, 2489, 2486, 2490, 4064, 4060, 4062, 4064, 4061, 4060, 4061, 4064, 596, 4061, 617, 4059, 5954, 2490, 5967, 590, 617, 591, 590, 591, 593, 4059, 4057, 4060, 5964, 2487, 5963, 592, 596, 598, 4067, 596, 4064, 4068, 598, 4067, 4064, 4062, 4063, 4067, 4064, 4063, 4067, 4063, 4065, 4068, 4067, 4065, 5960, 4063, 5958, 2480, 597, 2485, 2481, 592, 2480, 5964, 5958, 5961, 2485, 2488, 2480, 4063, 4062, 5958, 5961, 2488, 5964, 599, 598, 4068, 598, 596, 4067, 4065, 4063, 5960, 5964, 5963, 5960, 592, 597, 2480, 593, 592, 2481, 2481, 2480, 2486, 5958, 4062, 5957, 5960, 5958, 5964, 2488, 2485, 2487, 5961, 2486, 2488, 2488, 2487, 5964, 2486, 2480, 2488, 5958, 5957, 5961, 599, 597, 598, 592, 598, 597, 592, 593, 596, 2485, 2606, 2487, 595, 597, 599, 2484, 595, 2483, 599, 695, 595, 595, 695, 600, 2485, 2484, 2606, 6020, 2606, 6019, 597, 2484, 2485, 6020, 6019, 5959, 5959, 5962, 6020, 4102, 695, 4068, 696, 4102, 4103, 2484, 2605, 2606, 2484, 2483, 2605, 2606, 6020, 2487, 2606, 2605, 6019, 696, 695, 4102, 597, 595, 2484, 600, 2483, 595, 4069, 4066, 5962, 4066, 4065, 5960, 5963, 2487, 6020, 695, 599, 4068, 696, 600, 695, 4103, 4102, 4066, 5962, 5960, 5963, 6020, 5962, 5963, 4103, 4066, 4069, 4102, 4068, 4065, 4065, 4066, 4102, 5962, 4066, 5960, 5959, 4069, 5962, 4105, 4070, 5965, 694, 696, 4104, 5965, 6019, 6021, 4105, 5965, 6009, 6009, 5965, 6021, 5965, 4069, 5959, 6021, 6012, 6009, 594, 698, 2595, 594, 694, 698, 694, 594, 696, 698, 694, 700, 600, 594, 2483, 4070, 4069, 5965, 5965, 5959, 6019, 2482, 594, 2595, 6019, 2604, 6021, 4104, 4107, 700, 6021, 2604, 6012, 4104, 696, 4103, 2604, 2482, 2598, 2605, 2482, 2604, 2482, 2595, 2598, 2604, 2598, 6012, 2605, 2604, 6019, 2483, 2482, 2605, 4103, 4069, 4070, 600, 696, 594, 4104, 4103, 4070, 4107, 4070, 4105, 4107, 4104, 4070, 2483, 594, 2482, 700, 694, 4104, 4110, 4107, 4106, 697, 698, 700, 4111, 702, 4110, 4108, 4106, 6011, 6017, 6016, 6011, 6010, 4105, 6009, 703, 702, 4111, 697, 701, 2594, 6012, 2602, 6017, 6017, 2601, 6016, 4111, 4110, 4108, 702, 700, 4110, 698, 697, 2595, 6017, 6010, 6012, 703, 701, 702, 4110, 4106, 4108, 2597, 2602, 2594, 4107, 4105, 4106, 2598, 2594, 2602, 4106, 4105, 6010, 6011, 6010, 6017, 6010, 6009, 6012, 2602, 6012, 2598, 2595, 697, 2594, 2594, 701, 2597, 2602, 2601, 6017, 2595, 2594, 2598, 4110, 700, 4107, 2602, 2597, 2601, 697, 702, 701, 697, 700, 702, 6011, 4106, 6010, 699, 701, 703, 706, 704, 4112, 2597, 2603, 2601, 2603, 6018, 2601, 6018, 2603, 6015, 2596, 699, 2599, 2603, 2600, 6015, 701, 2596, 2597, 2603, 2596, 2600, 706, 4112, 4114, 4112, 704, 4111, 4113, 4109, 6013, 2597, 2596, 2603, 2596, 2599, 2600, 6013, 6011, 6016, 6014, 4113, 6013, 704, 703, 4111, 6016, 2601, 6018, 4108, 4109, 4112, 4112, 4111, 4108, 4114, 4112, 4109, 701, 699, 2596, 705, 704, 706, 6013, 4109, 6011, 4109, 4108, 6011, 6018, 6013, 6016, 6014, 6013, 6018, 4114, 4109, 4113, 705, 2599, 699, 6018, 6015, 6014, 703, 704, 699, 699, 704, 705, 2608, 2591, 2607, 6022, 6014, 6015, 691, 2593, 2591, 705, 691, 2599, 6022, 6015, 6026, 6023, 6022, 6026, 6026, 6025, 6023, 691, 693, 2593, 2599, 691, 2591, 4116, 4115, 6022, 4115, 4113, 6022, 2608, 2607, 6025, 6015, 2600, 2608, 4118, 4119, 708, 4118, 706, 4114, 4116, 6022, 6023, 708, 693, 707, 707, 691, 706, 6022, 4113, 6014, 708, 707, 4118, 691, 707, 693, 707, 706, 4118, 2600, 2591, 2608, 2599, 2591, 2600, 705, 706, 691, 4116, 4119, 4115, 4119, 4118, 4115, 4118, 4114, 4115, 4114, 4113, 4115, 6015, 2608, 6026, 6026, 2608, 6025, 2593, 2607, 2591, 2593, 692, 2592, 692, 709, 711, 6025, 2609, 6027, 2609, 2555, 2556, 4119, 4116, 4117, 4120, 4119, 4117, 4120, 4117, 4140, 2607, 2592, 2609, 692, 693, 708, 4142, 4120, 4140, 709, 708, 4120, 712, 709, 4142, 6024, 6023, 6025, 2592, 2555, 2609, 6027, 6024, 6025, 693, 692, 2593, 692, 711, 2592, 692, 708, 709, 6027, 5993, 5991, 6024, 4116, 6023, 5991, 4117, 6024, 5991, 6024, 6027, 2592, 711, 2555, 2609, 2556, 6027, 4140, 4117, 5991, 4117, 4116, 6024, 6027, 2556, 5993, 6025, 2607, 2609, 4120, 708, 4119, 4142, 709, 4120, 711, 709, 712, 2593, 2592, 2607, 712, 710, 711, 717, 4145, 4146, 710, 716, 714, 5993, 2556, 5998, 5992, 5991, 5993, 2556, 2562, 5998, 2562, 2559, 5995, 4141, 4140, 5991, 714, 716, 717, 4143, 4141, 5992, 2555, 711, 2554, 5989, 4143, 5992, 2554, 710, 2553, 5992, 4141, 5991, 4146, 4145, 4141, 5998, 2562, 5995, 5989, 5992, 5998, 5998, 5992, 5993, 5998, 5995, 5989, 4145, 716, 4142, 4143, 4146, 4141, 4145, 4140, 4141, 4145, 4142, 4140, 717, 716, 4145, 2554, 2553, 2559, 716, 712, 4142, 2555, 2554, 2562, 2562, 2554, 2559, 711, 710, 2554, 714, 2553, 710, 2556, 2555, 2562, 710, 712, 716, 713, 719, 718, 4149, 4148, 4147, 4147, 4144, 5994, 4144, 4143, 5990, 714, 717, 713, 714, 713, 2553, 4149, 719, 4148, 4148, 717, 4146, 2553, 713, 2552, 5995, 2561, 5997, 2552, 718, 2558, 5997, 2560, 5996, 719, 717, 4148, 720, 719, 4149, 5990, 5989, 5995, 5994, 5990, 5997, 5997, 5990, 5995, 5997, 5996, 5994, 713, 718, 2552, 2561, 2560, 5997, 2559, 2561, 5995, 717, 719, 713, 5994, 4144, 5990, 5990, 4143, 5989, 2561, 2558, 2560, 2559, 2552, 2561, 2558, 2561, 2552, 2553, 2552, 2559, 4146, 4143, 4144, 4148, 4146, 4144, 4148, 4144, 4147, 720, 718, 719, 2558, 2557, 2590, 4153, 4149, 4147, 4154, 4150, 4151, 2560, 2558, 2590, 4154, 4153, 4150, 6008, 2590, 6001, 4151, 4150, 5999, 4150, 4147, 5994, 722, 2551, 715, 718, 715, 2557, 715, 742, 722, 715, 720, 742, 715, 718, 720, 722, 742, 745, 4153, 4154, 745, 4153, 742, 4149, 2590, 2557, 2585, 2557, 715, 2551, 718, 2557, 2558, 5996, 2560, 6008, 5999, 4150, 5994, 4151, 5999, 5987, 742, 720, 4149, 745, 742, 4153, 4147, 4150, 4153, 2557, 2551, 2585, 5999, 5994, 5996, 5987, 5999, 6008, 2590, 2585, 6001, 6008, 5999, 5996, 6008, 6001, 5987, 2560, 2590, 6008, 2550, 744, 2584, 4158, 4157, 4155, 4154, 4151, 4152, 4155, 4152, 6002, 6005, 6004, 6002, 4152, 4151, 5988, 6002, 5988, 6005, 6001, 6005, 5988, 2587, 2586, 6005, 5988, 5987, 6001, 4157, 4154, 4152, 2587, 6001, 2585, 4157, 4152, 4155, 722, 721, 2551, 2584, 2587, 2550, 2551, 2550, 2585, 2585, 2550, 2587, 721, 746, 744, 722, 745, 721, 746, 721, 745, 747, 746, 4158, 746, 745, 4157, 747, 744, 746, 6002, 4152, 5988, 4158, 746, 4157, 4157, 745, 4154, 2586, 2587, 2584, 5988, 4151, 5987, 6001, 2587, 6005, 6005, 2586, 6004, 721, 744, 2550, 2551, 721, 2550, 2589, 2588, 6007, 2589, 6007, 2586, 2589, 2582, 2588, 4160, 4158, 4155, 744, 743, 2583, 2583, 743, 748, 749, 4158, 4160, 4161, 749, 4160, 748, 749, 750, 743, 749, 748, 6002, 6003, 4156, 743, 747, 749, 743, 744, 747, 2586, 2584, 2589, 749, 747, 4158, 750, 749, 4161, 2584, 744, 2583, 2584, 2583, 2589, 6000, 4156, 6003, 2583, 748, 2582, 4155, 4156, 4160, 2589, 2583, 2582, 4160, 4156, 4159, 4161, 4160, 4159, 6000, 6003, 6007, 6003, 6002, 6004, 6007, 6003, 6004, 4156, 4155, 6002, 4159, 4156, 6000, 6004, 2586, 6007, 6007, 6006, 6000, 6007, 2588, 6006, 3, 1, 6, 6, 1, 4249, 2037, 2027, 6287, 6298, 4248, 6000, 2036, 2020, 2027, 2036, 2037, 2582, 4250, 6298, 6281, 2037, 2036, 2027, 2582, 2037, 2588, 2036, 0, 2020, 0, 750, 1, 2582, 748, 2036, 0, 2036, 748, 6000, 6006, 6298, 6299, 2037, 6287, 4249, 4252, 6, 4249, 1, 4161, 0, 1, 3, 6006, 2588, 6299, 6298, 6299, 6281, 3, 2020, 0, 4252, 4249, 4248, 4248, 4250, 4252, 4249, 4159, 4248, 6298, 6006, 6299, 6299, 6287, 6281, 750, 0, 748, 4249, 4161, 4159, 4159, 6000, 4248, 4250, 4248, 6298, 1, 750, 4161, 2588, 2037, 6299, 8, 6, 4255, 9, 8, 4256, 2019, 7, 2026, 6287, 2029, 6290, 6290, 2028, 6289, 4251, 4250, 6282, 4253, 4251, 6286, 2, 7, 2019, 3, 2, 2020, 4252, 4250, 4251, 4255, 4252, 4251, 2, 3, 6, 4255, 4251, 4253, 4255, 6, 4252, 6290, 6289, 6286, 6290, 6282, 6287, 2, 6, 8, 2, 8, 7, 9, 7, 8, 6286, 6282, 6290, 4256, 8, 4255, 6282, 6281, 6287, 2020, 2, 2019, 2020, 2019, 2027, 2027, 2029, 6287, 2029, 2028, 6290, 2026, 2029, 2019, 6286, 4251, 6282, 4256, 4255, 4253, 6282, 4250, 6281, 2029, 2026, 2028, 2027, 2019, 2029, 2025, 5, 10, 5, 15, 10, 2025, 2024, 2035, 2028, 2026, 2035, 4260, 4259, 4257, 6285, 4254, 6288, 2026, 7, 2025, 6288, 4254, 6286, 2025, 10, 2024, 7, 5, 2025, 16, 15, 4260, 15, 9, 4256, 2035, 2034, 6293, 4253, 4254, 4259, 6289, 2028, 6293, 2026, 2025, 2035, 6293, 2034, 6292, 2035, 2024, 2034, 4254, 4253, 6286, 15, 4256, 4259, 4260, 15, 4259, 6285, 6288, 6293, 2035, 6293, 2028, 16, 10, 15, 6288, 6289, 6293, 15, 5, 9, 4259, 4256, 4253, 4257, 4254, 6285, 4259, 4254, 4257, 6288, 6286, 6289, 6293, 6292, 6285, 5, 7, 9, 10, 4, 2023, 13, 16, 4260, 6291, 6285, 6292, 10, 16, 4, 4, 13, 12, 6291, 6292, 6297, 4263, 13, 4260, 6297, 6296, 6294, 6294, 6291, 6297, 2034, 2033, 6297, 6297, 2033, 6296, 2024, 2023, 2033, 6292, 2034, 6297, 2033, 2032, 6296, 14, 12, 13, 4258, 4257, 6285, 4261, 4258, 6291, 13, 4, 16, 14, 13, 4263, 4, 12, 2031, 4264, 4258, 4261, 2024, 2033, 2034, 4264, 4263, 4258, 2023, 2032, 2033, 4263, 4260, 4257, 6294, 4261, 6291, 4257, 4258, 4263, 6291, 4258, 6285, 10, 2023, 2024, 2023, 4, 2031, 2031, 2032, 2023, 4263, 4264, 14, 4265, 4262, 6283, 4268, 4267, 4265, 2031, 11, 2030, 2030, 18, 2022, 4264, 4261, 4262, 25, 14, 4267, 26, 25, 4268, 6296, 2048, 6304, 6304, 6295, 6296, 6295, 6294, 6296, 6304, 2046, 6302, 4267, 14, 4264, 2030, 2022, 2048, 2048, 2022, 2046, 6304, 6302, 6283, 6283, 6295, 6304, 4267, 4264, 4262, 12, 11, 2031, 26, 18, 25, 4268, 25, 4267, 11, 25, 18, 4262, 4261, 6295, 6283, 4262, 6295, 2032, 2030, 2048, 6295, 4261, 6294, 2031, 2030, 2032, 2048, 2046, 6304, 11, 12, 14, 11, 14, 25, 6296, 2032, 2048, 4267, 4262, 4265, 11, 18, 2030, 6303, 6301, 6300, 18, 26, 17, 4270, 4266, 6300, 4271, 27, 4269, 27, 4268, 4269, 2022, 2021, 2047, 2021, 2044, 2047, 2047, 2044, 2045, 2046, 2022, 2047, 29, 27, 4271, 18, 17, 2021, 2021, 17, 28, 27, 26, 4268, 6302, 2046, 6303, 6303, 2045, 6301, 4271, 4269, 4270, 2021, 28, 2044, 2022, 18, 2021, 6303, 6284, 6302, 4269, 4266, 4270, 6300, 6284, 6303, 4269, 4268, 4265, 2047, 2045, 6303, 2047, 6303, 2046, 4269, 4265, 4266, 28, 27, 29, 17, 27, 28, 17, 26, 27, 6300, 4266, 6284, 6284, 6283, 6302, 6284, 4266, 6283, 4266, 4265, 6283, 19, 22, 21, 2040, 2041, 2038, 4273, 6305, 6306, 23, 21, 22, 6305, 6300, 6301, 2042, 2041, 6308, 19, 28, 29, 22, 19, 29, 28, 2038, 2044, 6305, 6301, 6309, 2045, 2042, 6309, 2038, 19, 2040, 6306, 6305, 6309, 6309, 2042, 6308, 6301, 2045, 6309, 6309, 6308, 6306, 28, 19, 2038, 4270, 4272, 4275, 4275, 4271, 4270, 22, 29, 4271, 23, 22, 4275, 4273, 4276, 4272, 19, 21, 2040, 4275, 4276, 23, 4276, 4275, 4272, 2044, 2042, 2045, 2044, 2038, 2042, 4275, 22, 4271, 4273, 4272, 6305, 4272, 4270, 6300, 2038, 2041, 2042, 6305, 4272, 6300, 4277, 23, 4276, 4277, 4274, 4278, 4278, 4274, 6167, 20, 21, 23, 20, 24, 32, 24, 20, 23, 2039, 32, 1907, 2040, 20, 2039, 32, 24, 35, 2040, 2039, 2041, 2039, 1907, 2043, 2041, 2039, 2043, 4280, 24, 4277, 21, 20, 2040, 20, 32, 2039, 6310, 6167, 6307, 6307, 6308, 6310, 6307, 6306, 6308, 6310, 6169, 6167, 6307, 4273, 6306, 6308, 2041, 2043, 2043, 1910, 6310, 1910, 2043, 1907, 6167, 4274, 6307, 6308, 2043, 6310, 4280, 4277, 4278, 6310, 1910, 6169, 24, 23, 4277, 35, 24, 4280, 4276, 4273, 4274, 4277, 4276, 4274, 4274, 4273, 6307, 1910, 1907, 1923, 6170, 4279, 6168, 1923, 1906, 1909, 1923, 6183, 1910, 1923, 1922, 6183, 35, 31, 32, 6183, 1922, 6182, 31, 37, 34, 37, 31, 35, 34, 37, 38, 6169, 1910, 6183, 37, 35, 4280, 38, 37, 4284, 1907, 1906, 1923, 6183, 6182, 6170, 1923, 1909, 1922, 6170, 6168, 6183, 6169, 6183, 6168, 6168, 6167, 6169, 1906, 31, 34, 32, 31, 1906, 4281, 4279, 6170, 4279, 4278, 6167, 4284, 37, 4283, 37, 4280, 4283, 4283, 4280, 4278, 4283, 4278, 4279, 4283, 4279, 4281, 4284, 4283, 4281, 1906, 34, 1909, 1906, 1907, 32, 4279, 6167, 6168, 1924, 1921, 6181, 4287, 4285, 4282, 40, 1920, 33, 34, 33, 1908, 6171, 6170, 6182, 4286, 4282, 6171, 4282, 4281, 6170, 4285, 4287, 41, 4285, 39, 4284, 6182, 1922, 6184, 6184, 1924, 6181, 6171, 4282, 6170, 4286, 6171, 6180, 1920, 1921, 1908, 1921, 1924, 1908, 1909, 1908, 1924, 33, 34, 38, 1909, 34, 1908, 1922, 1909, 1924, 1908, 33, 1920, 6180, 6171, 6184, 6184, 6181, 6180, 41, 39, 4285, 6184, 6171, 6182, 39, 38, 4284, 4285, 4284, 4281, 33, 38, 39, 4281, 4282, 4285, 33, 39, 40, 41, 40, 39, 4286, 4287, 4282, 1924, 6184, 1922, 40, 36, 1920, 6185, 4286, 6180, 1925, 1916, 6186, 6186, 6175, 6172, 6186, 6185, 6181, 6172, 6185, 6186, 36, 44, 1919, 6181, 1921, 1925, 47, 42, 4292, 4290, 4288, 6172, 4292, 4289, 4290, 4289, 4288, 4290, 4289, 4287, 4288, 4287, 4286, 4288, 4288, 4286, 6185, 44, 42, 47, 6186, 1916, 6175, 36, 42, 44, 1920, 1919, 1921, 6185, 6180, 6181, 36, 41, 42, 1919, 44, 1912, 4292, 42, 4289, 1920, 36, 1919, 4289, 41, 4287, 1919, 1912, 1925, 1921, 1919, 1925, 6172, 4288, 6185, 1925, 1912, 1916, 42, 41, 4289, 36, 40, 41, 6181, 1925, 6186, 6179, 1917, 6178, 43, 48, 46, 6176, 6173, 6179, 6176, 4291, 6173, 4291, 6172, 6173, 48, 43, 47, 46, 48, 49, 6179, 6178, 6176, 44, 1911, 1912, 48, 4292, 4295, 4296, 48, 4295, 1911, 46, 1915, 1918, 1915, 1917, 1912, 1918, 1916, 1912, 1911, 1918, 1911, 1915, 1918, 1916, 6179, 6175, 1918, 1917, 6179, 43, 44, 47, 4290, 4291, 4295, 4291, 4290, 6172, 4293, 4291, 6176, 6173, 6172, 6175, 4295, 4292, 4290, 48, 47, 4292, 4295, 4291, 4293, 49, 48, 4296, 1918, 6179, 1916, 44, 43, 1911, 1911, 43, 46, 4296, 4295, 4293, 6175, 6179, 6173, 80, 79, 4301, 6177, 6176, 6178, 79, 49, 4296, 1953, 1952, 6188, 1953, 6189, 1917, 46, 49, 45, 1953, 1914, 1952, 46, 45, 1914, 50, 1913, 45, 6189, 6188, 6174, 4294, 4297, 4302, 4301, 4296, 4293, 4293, 4294, 4301, 6189, 1953, 6188, 6178, 1917, 6189, 4297, 4294, 6177, 4294, 4293, 6176, 1914, 1913, 1952, 46, 1914, 1915, 6174, 6177, 6189, 6177, 6178, 6189, 1915, 1914, 1953, 1915, 1953, 1917, 4301, 4302, 80, 4301, 79, 4296, 79, 45, 49, 45, 79, 50, 80, 50, 79, 1914, 45, 1913, 6177, 4294, 6176, 6174, 4297, 6177, 4302, 4301, 4294, 6211, 4300, 6187, 4302, 4297, 4300, 1949, 1950, 1948, 6187, 4297, 6174, 80, 30, 50, 4305, 80, 4302, 56, 55, 4306, 55, 80, 4305, 6211, 6187, 6214, 1903, 54, 1948, 6214, 1949, 6213, 6188, 1950, 6214, 4300, 4297, 6187, 4303, 4300, 6211, 6214, 6187, 6188, 1903, 1950, 1952, 1948, 1950, 1903, 30, 54, 1903, 6187, 6174, 6188, 50, 30, 1913, 6214, 6213, 6211, 4306, 4305, 4303, 30, 80, 55, 1913, 1903, 1952, 4305, 4300, 4303, 4305, 4302, 4300, 4306, 55, 4305, 30, 55, 54, 1950, 1949, 6214, 1952, 1950, 6188, 56, 54, 55, 1913, 30, 1903, 53, 54, 56, 1951, 1927, 1933, 1951, 6215, 1949, 1949, 1948, 1951, 1947, 53, 59, 6215, 6194, 6190, 4303, 4304, 4307, 4307, 4306, 4303, 4307, 4304, 4308, 4310, 4307, 4308, 6215, 6212, 6213, 6190, 6212, 6215, 6212, 6211, 6213, 6215, 1933, 6194, 1948, 54, 1947, 1947, 59, 1927, 1947, 1927, 1951, 6213, 1949, 6215, 63, 59, 57, 6211, 6212, 4304, 53, 57, 59, 56, 57, 53, 6190, 4304, 6212, 63, 57, 4310, 57, 56, 4306, 1948, 1947, 1951, 4304, 4303, 6211, 54, 53, 1947, 4308, 4304, 6190, 57, 4306, 4307, 4310, 57, 4307, 1951, 1933, 6215, 1933, 6195, 6194, 4311, 4310, 4308, 65, 64, 66, 58, 63, 64, 1926, 58, 1931, 6191, 4309, 6190, 6195, 6193, 6192, 6195, 6191, 6194, 6191, 6190, 6194, 1933, 1927, 1934, 1927, 1926, 1934, 1926, 1931, 1932, 1927, 59, 1926, 59, 58, 1926, 4312, 6191, 6192, 1934, 1926, 1932, 6195, 1934, 6193, 1933, 1934, 6195, 1934, 1932, 6193, 4309, 4308, 6190, 4312, 4309, 6191, 4313, 4311, 4309, 6192, 6191, 6195, 66, 64, 4311, 64, 63, 4310, 59, 63, 58, 4313, 4309, 4312, 4308, 4309, 4311, 58, 64, 65, 4311, 4313, 66, 4311, 64, 4310, 58, 65, 1931, 4314, 4312, 6196, 4317, 66, 4313, 4318, 68, 4317, 6208, 6207, 6197, 60, 68, 62, 1945, 1930, 1944, 1932, 1928, 1945, 1931, 1928, 1932, 1930, 1945, 1928, 69, 68, 4318, 60, 65, 66, 68, 66, 4317, 68, 60, 66, 60, 62, 1928, 6196, 6193, 6208, 4315, 4314, 6197, 6196, 6192, 6193, 4313, 4312, 4314, 4317, 4313, 4314, 6197, 4314, 6196, 6196, 4312, 6192, 1932, 1945, 6193, 1945, 1944, 6208, 62, 68, 69, 4317, 4314, 4315, 6197, 6196, 6208, 1928, 62, 1930, 6193, 1945, 6208, 6208, 1944, 6207, 4318, 4317, 4315, 65, 60, 1931, 1931, 60, 1928, 4322, 4319, 4320, 4319, 4316, 4320, 1929, 72, 1937, 1930, 62, 1929, 72, 70, 75, 1946, 1941, 6209, 61, 70, 72, 61, 69, 70, 61, 62, 69, 1946, 6209, 1944, 1929, 61, 72, 6209, 1941, 6202, 62, 61, 1929, 75, 70, 4322, 70, 69, 4318, 6209, 6198, 6207, 6209, 6199, 6198, 6198, 6197, 6207, 70, 4318, 4319, 4322, 70, 4319, 6209, 6202, 6199, 1944, 1930, 1946, 1930, 1929, 1946, 1929, 1937, 1946, 4316, 4315, 6197, 6199, 4316, 6198, 6198, 4316, 6197, 4320, 4316, 6199, 1941, 1946, 1937, 4319, 4318, 4315, 4315, 4316, 4319, 1944, 6209, 6207, 1937, 1936, 1943, 71, 74, 1940, 4320, 4321, 4325, 4325, 4322, 4320, 4326, 4325, 4321, 4326, 4321, 4323, 4321, 4320, 6199, 6200, 6199, 6202, 1940, 1942, 1936, 1943, 1936, 1942, 6200, 4321, 6199, 4323, 6200, 6203, 1941, 1937, 1943, 4323, 4321, 6200, 71, 72, 75, 71, 75, 76, 71, 76, 74, 4325, 4326, 77, 77, 74, 76, 4325, 76, 4322, 6206, 6205, 6203, 72, 1936, 1937, 1936, 71, 1940, 6203, 6200, 6206, 6206, 6200, 6202, 6206, 1943, 6205, 77, 76, 4325, 6202, 1941, 6206, 1941, 1943, 6206, 72, 71, 1936, 1943, 1942, 6205, 76, 75, 4322, 74, 73, 1940, 73, 78, 1939, 6205, 1942, 2018, 161, 78, 160, 73, 160, 78, 6205, 2018, 6246, 6246, 6204, 6205, 1939, 78, 1938, 1940, 73, 1939, 161, 160, 4375, 6204, 6203, 6205, 6246, 6245, 6201, 6204, 6246, 6201, 73, 77, 160, 73, 74, 77, 4374, 77, 4326, 4375, 160, 4374, 1942, 1939, 2018, 6201, 4324, 6204, 6204, 4323, 6203, 4327, 4324, 6201, 2018, 2017, 6246, 4375, 4374, 4327, 4374, 4324, 4327, 4374, 4326, 4324, 1940, 1939, 1942, 2018, 1938, 2017, 1939, 1938, 2018, 6246, 2017, 6245, 4326, 4323, 4324, 160, 77, 4374, 4324, 4323, 6204, 1938, 1935, 2016, 6210, 4328, 6201, 4382, 4328, 6223, 6245, 2017, 6247, 4327, 4328, 4376, 6247, 1993, 6225, 4376, 4375, 4327, 4376, 4328, 4382, 4384, 4376, 4382, 6223, 6210, 6247, 1938, 2016, 2017, 2016, 1990, 1993, 1935, 1990, 2016, 2016, 1993, 6247, 2017, 2016, 6247, 6210, 6201, 6245, 6247, 6225, 6223, 6247, 6210, 6245, 4328, 4327, 6201, 67, 78, 161, 1935, 1938, 78, 1935, 163, 1990, 166, 159, 4384, 159, 161, 4375, 67, 161, 159, 67, 159, 163, 163, 159, 166, 1935, 67, 163, 4384, 159, 4376, 159, 4375, 4376, 78, 67, 1935, 6223, 4328, 6210, 171, 170, 4387, 171, 165, 170, 4383, 4382, 6223, 6224, 4383, 6223, 4385, 6224, 6226, 4385, 4383, 6224, 4382, 4383, 4387, 4387, 4384, 4382, 4388, 4383, 4385, 6224, 6223, 6225, 6224, 6225, 6231, 6231, 6230, 6226, 4387, 170, 4384, 4388, 4387, 4383, 6226, 6224, 6231, 163, 1989, 1990, 1989, 162, 1992, 2000, 1999, 6230, 1993, 2000, 6231, 1990, 2000, 1993, 1989, 1999, 2000, 1992, 1999, 1989, 1990, 1989, 2000, 163, 162, 1989, 162, 165, 1992, 6231, 2000, 6230, 170, 166, 4384, 1993, 6231, 6225, 4387, 4388, 171, 162, 163, 166, 162, 170, 165, 170, 162, 166, 6232, 6229, 6228, 4389, 4386, 4390, 164, 165, 171, 6232, 6227, 6230, 6228, 6227, 6232, 6230, 2001, 6232, 164, 171, 172, 4389, 171, 4388, 4391, 172, 4389, 4388, 4385, 4386, 164, 172, 173, 6232, 1998, 6229, 1999, 1991, 2001, 1991, 1997, 2001, 1997, 1998, 2001, 174, 173, 172, 2001, 1998, 6232, 1991, 173, 1997, 6228, 4386, 6227, 6227, 4385, 6226, 172, 171, 4389, 174, 172, 4391, 1992, 164, 1991, 2001, 6230, 1999, 4386, 4385, 6227, 165, 164, 1992, 164, 173, 1991, 4390, 4386, 6228, 4391, 4389, 4390, 4389, 4388, 4386, 1992, 1991, 1999, 6227, 6226, 6230, 4392, 4390, 6228, 1994, 167, 169, 1997, 1994, 2009, 2009, 1994, 1996, 1997, 2009, 1998, 176, 175, 4396, 173, 167, 1994, 6233, 4392, 6228, 4390, 4392, 4395, 176, 169, 175, 6243, 6242, 6234, 6234, 4392, 6233, 6233, 6229, 6243, 6234, 6233, 6243, 4396, 4395, 4393, 175, 174, 4391, 167, 173, 174, 4393, 4392, 6234, 4395, 4392, 4393, 6243, 2008, 6242, 4396, 175, 4395, 175, 4391, 4395, 6229, 1998, 6243, 2009, 1996, 2008, 4395, 4391, 4390, 2009, 2008, 6243, 167, 175, 169, 1994, 1997, 173, 1994, 169, 1996, 167, 174, 175, 2009, 6243, 1998, 6233, 6228, 6229, 169, 168, 1995, 6244, 2010, 6239, 1995, 168, 2004, 2008, 2010, 6244, 1995, 2005, 2010, 4398, 6235, 6237, 1995, 2004, 2005, 179, 177, 180, 6235, 4394, 6234, 1996, 1995, 2010, 2008, 1996, 2010, 2010, 2005, 6239, 179, 2004, 168, 6235, 6234, 6242, 4393, 4394, 4397, 180, 4397, 4400, 4397, 4396, 4393, 6244, 6235, 6242, 4397, 177, 4396, 180, 177, 4397, 6244, 6239, 6237, 4398, 4400, 4394, 4400, 4397, 4394, 177, 176, 4396, 168, 177, 179, 4398, 4394, 6235, 4394, 4393, 6234, 6242, 2008, 6244, 168, 176, 177, 6237, 6235, 6244, 169, 176, 168, 1996, 169, 1995, 2004, 178, 2003, 182, 180, 4402, 2007, 6240, 6241, 6236, 6238, 6241, 6238, 6237, 6239, 6239, 2007, 6241, 6241, 6238, 6239, 178, 181, 2002, 4403, 4402, 4399, 4401, 4403, 4399, 6241, 6240, 6236, 4402, 4400, 4399, 2005, 2003, 2007, 4400, 4398, 4399, 181, 182, 183, 178, 182, 181, 178, 180, 182, 2007, 2003, 2006, 4402, 4403, 183, 4402, 180, 4400, 2003, 2002, 2006, 2003, 178, 2002, 2004, 2003, 2005, 2007, 2006, 6240, 6239, 2005, 2007, 6238, 4398, 6237, 179, 178, 2004, 6236, 4401, 6238, 178, 179, 180, 4399, 4398, 6238, 4401, 4399, 6238, 183, 182, 4402, 6254, 6253, 6251, 6251, 6250, 6254, 1960, 1959, 6254, 181, 126, 2002, 4407, 4406, 6251, 4406, 4401, 6250, 4410, 4409, 4407, 4409, 4406, 4407, 4409, 4403, 4406, 4403, 4401, 4406, 126, 128, 1956, 126, 129, 128, 129, 126, 183, 6254, 1959, 6253, 2006, 1960, 6240, 128, 129, 130, 6240, 1960, 6254, 2002, 126, 1956, 1960, 1958, 1959, 183, 126, 181, 1956, 1960, 2006, 4410, 129, 4409, 6251, 4406, 6250, 6250, 6236, 6240, 4409, 183, 4403, 6250, 6240, 6254, 6250, 4401, 6236, 1958, 1960, 1956, 1956, 128, 1958, 2002, 1956, 2006, 130, 129, 4410, 129, 183, 4409, 133, 130, 4410, 138, 133, 4413, 1958, 128, 1957, 1957, 1955, 1967, 6248, 6252, 6280, 6280, 6257, 6248, 6252, 4408, 6251, 4413, 133, 4410, 138, 4413, 4414, 6248, 4411, 6252, 6252, 6251, 6253, 4411, 4408, 6252, 138, 132, 133, 127, 133, 132, 1957, 127, 1955, 1958, 1986, 1959, 1986, 1957, 1967, 6280, 1986, 6257, 127, 128, 130, 4408, 4407, 6251, 128, 127, 1957, 132, 1955, 127, 1986, 6280, 1959, 4413, 4407, 4408, 4413, 4410, 4407, 4414, 4413, 4408, 4408, 4411, 4414, 6253, 1959, 6280, 1986, 1967, 6257, 1958, 1957, 1986, 6280, 6252, 6253, 127, 130, 133, 4417, 4416, 4412, 137, 1966, 131, 4412, 4415, 4417, 139, 138, 4416, 140, 139, 4416, 1954, 131, 1966, 1955, 131, 1954, 6249, 4411, 6248, 4415, 6249, 6258, 1967, 1954, 1969, 1969, 1954, 1968, 4416, 4414, 4412, 4414, 4411, 4412, 1966, 1968, 1954, 1955, 1954, 1967, 140, 137, 139, 131, 139, 137, 138, 139, 131, 132, 138, 131, 1969, 1968, 6259, 6257, 1967, 1969, 4416, 138, 4414, 6249, 6248, 6257, 4415, 4412, 6249, 4412, 4411, 6249, 6258, 6249, 6260, 6260, 6249, 6257, 6260, 6259, 6258, 132, 131, 1955, 6257, 1969, 6260, 1969, 6259, 6260, 4416, 4417, 140, 1968, 1965, 1975, 1975, 1964, 1972, 6259, 1975, 6269, 4421, 140, 4417, 4421, 4417, 4418, 4422, 141, 4421, 1966, 1965, 1968, 137, 134, 1966, 6269, 1972, 6265, 1965, 1964, 1975, 4421, 4418, 4419, 134, 136, 1965, 6269, 6265, 6261, 4417, 4415, 4418, 1975, 1972, 6269, 6259, 1968, 1975, 6261, 6263, 6269, 6263, 6259, 6269, 141, 140, 4421, 6261, 4418, 6263, 143, 141, 4422, 143, 136, 141, 6263, 6258, 6259, 1965, 136, 1964, 141, 134, 140, 1966, 134, 1965, 4418, 4415, 6263, 4419, 4418, 6261, 4422, 4421, 4419, 134, 137, 140, 134, 141, 136, 6263, 4415, 6258, 146, 145, 4425, 1971, 1973, 1963, 4426, 4425, 4420, 1974, 1973, 6267, 4426, 4420, 4423, 4423, 4420, 6262, 4425, 4422, 4419, 4419, 4420, 4425, 4420, 4419, 6261, 1972, 1974, 6268, 1963, 135, 1971, 1964, 136, 1963, 6268, 6267, 6264, 135, 136, 143, 135, 143, 145, 135, 145, 144, 6268, 1974, 6267, 6268, 6262, 6265, 146, 144, 145, 6262, 4420, 6261, 6264, 6262, 6268, 146, 4425, 4426, 4423, 6262, 6264, 1974, 1963, 1973, 136, 135, 1963, 1972, 1964, 1974, 4425, 145, 4422, 144, 1971, 135, 6262, 6261, 6265, 1972, 6268, 6265, 1964, 1963, 1974, 145, 143, 4422, 142, 146, 154, 4427, 4424, 6266, 155, 154, 4429, 1970, 1962, 1983, 1973, 1970, 1985, 1971, 1970, 1973, 1973, 1985, 6267, 4427, 6266, 6255, 1985, 1983, 6272, 6266, 4423, 6264, 142, 154, 148, 142, 144, 146, 4426, 4423, 4424, 4429, 4426, 4424, 4424, 4423, 6266, 142, 1962, 1970, 142, 148, 1962, 1971, 142, 1970, 148, 154, 155, 6274, 6272, 6255, 6274, 6266, 6267, 6255, 6266, 6274, 6266, 6264, 6267, 1983, 1985, 1970, 4429, 4430, 155, 4429, 146, 4426, 4430, 4429, 4424, 4430, 4424, 4427, 6267, 1985, 6274, 144, 142, 1971, 1985, 6272, 6274, 154, 146, 4429, 1961, 157, 1981, 6273, 6271, 6270, 158, 157, 156, 1983, 1984, 6272, 156, 155, 4431, 147, 156, 157, 158, 156, 4433, 147, 155, 156, 147, 148, 155, 1962, 147, 1961, 6256, 4427, 6255, 147, 157, 1961, 6270, 4428, 6256, 1984, 1982, 6273, 4433, 156, 4431, 4432, 4428, 6270, 4428, 4427, 6256, 1962, 1961, 1983, 1961, 1981, 1984, 1983, 1961, 1984, 1984, 1981, 1982, 4433, 4431, 4432, 4431, 4428, 4432, 148, 147, 1962, 4431, 4430, 4428, 4430, 4427, 4428, 6272, 1984, 6273, 6273, 1982, 6271, 6256, 6255, 6272, 6270, 6256, 6273, 6273, 6256, 6272, 4431, 155, 4430, 6275, 4434, 6270, 6275, 6271, 6279, 6276, 6275, 6279, 4435, 6275, 6276, 149, 152, 151, 1982, 6279, 6271, 6279, 1980, 6278, 152, 149, 158, 6279, 6278, 6276, 1981, 1976, 1980, 157, 149, 1976, 151, 1978, 149, 4432, 4434, 4437, 4437, 4433, 4432, 4437, 152, 4433, 153, 4437, 4438, 1978, 1979, 1976, 149, 157, 158, 1982, 1980, 6279, 1980, 1976, 1979, 1981, 1980, 1982, 4438, 4434, 4435, 4438, 4437, 4434, 6275, 6270, 6271, 1976, 149, 1978, 157, 1976, 1981, 153, 152, 4437, 1980, 1979, 6278, 152, 158, 4433, 151, 152, 153, 4434, 4432, 6270, 4435, 4434, 6275, 192, 1807, 150, 911, 153, 4527, 4436, 4435, 6277, 4489, 4436, 6277, 911, 150, 153, 150, 151, 153, 4528, 4436, 4489, 4527, 4436, 4528, 930, 911, 4527, 4527, 4528, 930, 4527, 4438, 4436, 1978, 150, 1977, 150, 1807, 1977, 1977, 1807, 3547, 150, 911, 192, 1978, 1977, 1979, 4438, 4435, 4436, 1979, 1977, 3579, 7202, 3579, 7152, 1977, 3547, 3579, 6278, 1979, 3579, 4527, 153, 4438, 151, 150, 1978, 6118, 6277, 7202, 7152, 6118, 7202, 6278, 3579, 7202, 6277, 6278, 7202, 3579, 3547, 7152, 4489, 6277, 6118, 6277, 6276, 6278, 6277, 4435, 6276, 930, 192, 911, 4531, 4530, 4529, 191, 192, 930, 3549, 3548, 7154, 6119, 4489, 6118, 7152, 3547, 3549, 7151, 4490, 6119, 6119, 6118, 7152, 192, 191, 1807, 4530, 4490, 4529, 4528, 4490, 4530, 1806, 931, 3546, 1807, 191, 1806, 1807, 1806, 3547, 4531, 932, 4530, 4530, 930, 4528, 932, 930, 4530, 933, 932, 4531, 4529, 4490, 7151, 4490, 4489, 6119, 7154, 6119, 7152, 7154, 7153, 7151, 7151, 6119, 7154, 3547, 1806, 3549, 3549, 3546, 3548, 933, 931, 932, 931, 191, 932, 4528, 4489, 4490, 3546, 3549, 1806, 7154, 3548, 7153, 191, 930, 932, 7152, 3549, 7154, 191, 931, 1806, 7157, 4532, 7151, 3545, 3544, 3550, 929, 3544, 927, 927, 933, 934, 4533, 7157, 7155, 7160, 3552, 7158, 935, 4535, 4536, 4535, 934, 4531, 3552, 3550, 7158, 3552, 7160, 3548, 7153, 3548, 7160, 935, 934, 4535, 933, 927, 931, 927, 934, 929, 3546, 3545, 3552, 934, 933, 4531, 935, 929, 934, 3548, 3546, 3552, 7157, 7153, 7160, 4533, 4536, 4532, 4536, 4535, 4532, 7157, 7151, 7153, 7160, 7158, 7155, 7155, 7157, 7160, 4532, 4529, 7151, 931, 927, 3545, 3545, 3546, 931, 3545, 927, 3544, 4533, 4532, 7157, 4535, 4529, 4532, 3550, 3552, 3545, 4535, 4531, 4529, 4534, 4533, 7156, 7159, 3551, 7149, 928, 3540, 3543, 3544, 3543, 3550, 4538, 4534, 7156, 3543, 3542, 3551, 3550, 3543, 3551, 938, 3540, 928, 929, 928, 3544, 3544, 928, 3543, 929, 935, 928, 7156, 7155, 7158, 4536, 4533, 4534, 7147, 7156, 7159, 4537, 4536, 4534, 928, 936, 938, 928, 935, 936, 936, 935, 4537, 7159, 7156, 7158, 7159, 7149, 7147, 7158, 3551, 7159, 938, 936, 940, 940, 936, 4537, 3550, 3551, 7158, 4538, 4540, 4534, 3551, 3542, 7149, 4540, 4537, 4534, 7147, 4538, 7156, 4537, 935, 4536, 7156, 4533, 7155, 4537, 4540, 940, 3543, 3540, 3542, 941, 937, 940, 7150, 4539, 7148, 4543, 941, 4542, 4542, 940, 4540, 3554, 3553, 7162, 937, 938, 940, 937, 941, 939, 3542, 3554, 7149, 938, 937, 3540, 7149, 3554, 7162, 3539, 939, 3541, 3540, 937, 3539, 3542, 3539, 3554, 3541, 3554, 3539, 3554, 3541, 3553, 3540, 3539, 3542, 4539, 4538, 7148, 4541, 4539, 7150, 7148, 4538, 7147, 937, 939, 3539, 7150, 7148, 7162, 7148, 7149, 7162, 7162, 7161, 7150, 942, 939, 941, 941, 940, 4542, 942, 941, 4543, 4540, 4538, 4539, 4542, 4540, 4539, 4542, 4539, 4541, 4543, 4542, 4541, 7148, 7147, 7149, 7162, 3553, 7161, 3530, 3533, 3528, 4547, 4545, 7168, 3541, 3528, 3534, 915, 913, 917, 917, 913, 4546, 939, 912, 3528, 913, 942, 4543, 7168, 4545, 7150, 4547, 7168, 7169, 913, 912, 942, 4549, 4545, 4547, 4549, 4546, 4545, 4546, 4541, 4545, 4546, 4543, 4541, 912, 913, 915, 3541, 3534, 3553, 942, 912, 939, 7168, 7150, 7161, 3528, 912, 3530, 3541, 939, 3528, 7174, 3534, 7172, 7169, 7168, 7174, 7168, 7161, 7174, 3534, 3533, 7172, 3553, 3534, 7174, 3553, 7174, 7161, 4546, 913, 4543, 7174, 7172, 7169, 917, 4546, 4549, 3534, 3528, 3533, 4545, 4541, 7150, 915, 3530, 912, 7170, 7169, 7172, 3530, 914, 3529, 7176, 7175, 7171, 7172, 3536, 7176, 4552, 4553, 920, 4552, 917, 4549, 7171, 7170, 7176, 4548, 4547, 7170, 3533, 3529, 3536, 3536, 3535, 7175, 3536, 3529, 3535, 915, 914, 3530, 920, 918, 919, 914, 919, 918, 914, 917, 919, 914, 915, 917, 918, 3532, 914, 7172, 3533, 3536, 3532, 3535, 3529, 920, 919, 4552, 919, 917, 4552, 3530, 3529, 3533, 4550, 4548, 7170, 7170, 4547, 7169, 7175, 7176, 3536, 4550, 7170, 7171, 4549, 4547, 4548, 4552, 4549, 4548, 4550, 4553, 4548, 4553, 4552, 4548, 914, 3532, 3529, 7176, 7170, 7172, 3532, 916, 3531, 3531, 925, 3526, 7163, 4551, 7173, 3537, 3527, 7177, 916, 925, 3531, 7177, 7173, 7175, 3532, 3531, 3535, 7177, 7164, 7163, 4553, 4550, 4551, 7173, 4550, 7171, 7175, 3537, 7177, 4554, 4553, 4551, 925, 921, 926, 7173, 7177, 7163, 4554, 4551, 4555, 4551, 4550, 7173, 4556, 4554, 4555, 7173, 7171, 7175, 921, 920, 4554, 918, 916, 3532, 7175, 3535, 3537, 926, 921, 4556, 4555, 4551, 7163, 4554, 920, 4553, 916, 918, 920, 4556, 921, 4554, 7177, 3527, 7164, 3535, 3531, 3537, 916, 920, 921, 916, 921, 925, 3531, 3526, 3537, 3537, 3526, 3527, 925, 922, 3525, 7167, 7163, 7164, 947, 949, 924, 7165, 7167, 7189, 3569, 3566, 7185, 3569, 7189, 3527, 947, 922, 926, 4555, 4557, 4560, 4560, 4556, 4555, 922, 925, 926, 4558, 4561, 4557, 3526, 3569, 3527, 922, 947, 924, 3526, 3525, 3569, 3525, 922, 3524, 7167, 4557, 7163, 4561, 4560, 4557, 3569, 3525, 3566, 949, 4560, 4561, 7189, 7185, 7165, 4560, 947, 4556, 3525, 3524, 3566, 7165, 4558, 7167, 4558, 4557, 7167, 949, 947, 4560, 3526, 925, 3525, 947, 926, 4556, 7189, 3569, 7185, 7164, 3527, 7189, 924, 3524, 922, 7167, 7164, 7189, 4557, 4555, 7163, 7185, 3568, 7188, 923, 950, 3565, 924, 923, 3524, 3566, 3568, 7185, 7188, 3568, 7187, 3524, 3523, 3566, 4559, 4562, 4565, 4565, 4564, 4559, 3565, 3567, 3523, 4562, 7166, 7184, 4564, 4561, 4559, 3523, 923, 3565, 7166, 4558, 7165, 3566, 3523, 3568, 3568, 3523, 3567, 3524, 923, 3523, 4564, 949, 4561, 4564, 4565, 952, 4561, 4558, 4559, 951, 949, 4564, 952, 951, 4564, 4559, 4558, 7166, 924, 949, 923, 4562, 4559, 7166, 952, 950, 951, 7188, 7187, 7184, 7184, 7166, 7188, 3568, 3567, 7187, 7166, 7185, 7188, 951, 923, 949, 923, 951, 950, 7166, 7165, 7185, 7190, 7181, 7178, 3564, 3570, 3567, 3564, 3559, 3570, 7186, 7184, 7187, 7187, 3567, 3570, 952, 948, 950, 4569, 953, 4566, 4566, 952, 4565, 7186, 4562, 7184, 7178, 4563, 7186, 948, 953, 955, 953, 948, 952, 4565, 4562, 4563, 7186, 7187, 7190, 4566, 4565, 4563, 4566, 4563, 4567, 4569, 4566, 4567, 955, 953, 956, 4567, 4563, 7178, 4563, 4562, 7186, 956, 953, 4569, 953, 952, 4566, 7190, 7178, 7186, 3565, 3564, 3567, 950, 948, 3565, 948, 955, 3564, 3565, 948, 3564, 3564, 955, 3559, 7187, 3570, 7190, 7190, 3561, 7181, 3570, 3561, 7190, 3559, 3561, 3570, 7183, 3563, 7182, 7180, 7179, 7183, 7181, 3561, 7183, 3558, 954, 3560, 3559, 955, 3558, 3559, 3563, 3561, 3563, 3562, 7182, 3563, 7183, 3561, 955, 954, 3558, 4570, 4572, 4568, 958, 956, 4569, 959, 958, 4571, 4572, 4571, 4568, 4571, 4569, 4567, 4568, 4567, 7178, 4570, 4568, 7179, 959, 957, 958, 954, 958, 957, 954, 956, 958, 4571, 4567, 4568, 3560, 3562, 3558, 954, 955, 956, 957, 3560, 954, 4570, 7179, 7180, 7179, 4568, 7178, 4571, 958, 4569, 959, 4571, 4572, 7183, 7182, 7180, 7183, 7179, 7181, 3563, 3558, 3562, 3559, 3558, 3563, 7179, 7178, 7181, 4576, 4572, 4573, 7182, 3573, 7196, 3573, 3571, 7194, 3557, 3571, 3573, 3560, 3557, 3562, 3562, 3557, 3573, 4577, 4573, 4574, 3562, 3573, 7182, 961, 960, 4576, 4576, 960, 959, 7191, 7193, 7196, 3557, 944, 3556, 7193, 7180, 7182, 7196, 7193, 7182, 957, 944, 3560, 946, 3556, 944, 7196, 7194, 7191, 4574, 7193, 7191, 4574, 4573, 7193, 4573, 4570, 7193, 7193, 4570, 7180, 3560, 944, 3557, 944, 957, 959, 944, 959, 960, 944, 960, 946, 946, 960, 961, 3557, 3556, 3571, 4576, 4577, 961, 4576, 959, 4572, 4572, 4570, 4573, 4577, 4576, 4573, 7196, 3573, 7194, 3556, 3555, 3571, 4629, 4578, 4627, 7195, 3493, 7136, 3555, 3491, 3572, 3571, 3555, 3572, 3572, 3491, 3493, 7192, 7191, 7194, 3572, 7194, 3571, 3572, 3493, 7195, 945, 962, 992, 7133, 4575, 7192, 962, 961, 4578, 945, 992, 3555, 4578, 961, 4577, 4629, 962, 4578, 993, 962, 4629, 946, 945, 3556, 3555, 992, 3491, 945, 946, 961, 962, 945, 961, 992, 962, 993, 3556, 945, 3555, 4577, 4574, 4575, 7195, 7136, 7133, 4578, 4577, 4575, 4575, 4574, 7192, 7192, 4574, 7191, 7133, 7192, 7195, 4627, 4575, 7133, 7192, 7194, 7195, 4578, 4575, 4627, 7194, 3572, 7195, 3492, 3500, 3490, 1002, 4632, 4633, 3490, 3491, 992, 4630, 4628, 7134, 4628, 4627, 7133, 3491, 3490, 3501, 3491, 3501, 3493, 1002, 1001, 4632, 1001, 993, 4629, 991, 1001, 994, 4632, 1001, 4629, 992, 991, 3490, 4627, 4628, 4632, 4632, 4629, 4627, 4633, 4628, 4630, 3493, 7139, 7136, 7134, 4628, 7133, 7139, 7138, 7135, 7139, 7134, 7136, 7135, 7134, 7139, 7134, 7133, 7136, 3501, 7139, 3493, 3501, 3500, 7138, 4630, 7134, 7135, 3501, 3490, 3500, 7139, 3501, 7138, 1002, 994, 1001, 994, 3492, 991, 993, 1001, 991, 992, 993, 991, 4633, 4632, 4628, 3490, 991, 3492, 4635, 7137, 7140, 7137, 4630, 7135, 3492, 3489, 3500, 3499, 3489, 3498, 4633, 4630, 4631, 3489, 3499, 3500, 4635, 4631, 7137, 3499, 3498, 7143, 4637, 4634, 4631, 4637, 4631, 4635, 4634, 4637, 999, 7137, 7135, 7138, 7138, 3500, 3499, 4631, 4630, 7137, 990, 1002, 995, 7145, 7143, 7140, 990, 995, 997, 7145, 7140, 7137, 7137, 7138, 7145, 995, 1002, 4634, 999, 995, 4634, 999, 997, 995, 994, 990, 3492, 3492, 990, 3489, 7138, 3499, 7145, 1002, 990, 994, 990, 3495, 3489, 7145, 3499, 7143, 990, 997, 3495, 3489, 3495, 3498, 4634, 1002, 4633, 4634, 4633, 4631, 7200, 7199, 7142, 7143, 3498, 3577, 3497, 3577, 3494, 3494, 1000, 3497, 996, 1000, 3494, 997, 996, 3495, 3495, 3494, 3498, 3495, 996, 3494, 3577, 3576, 7200, 4647, 4646, 4638, 1031, 1030, 4647, 996, 1030, 1000, 1030, 999, 4646, 996, 999, 1030, 996, 997, 999, 7200, 7141, 7143, 7141, 7140, 7143, 7200, 3576, 7199, 7143, 3577, 7200, 7142, 7141, 7200, 4646, 4636, 4638, 4646, 4637, 4636, 4637, 4635, 4636, 4646, 999, 4637, 4647, 1030, 4646, 3498, 3494, 3577, 4636, 4635, 7141, 4638, 4636, 7142, 7142, 4636, 7141, 7141, 4635, 7140, 1031, 1000, 1030, 3577, 3497, 3576, 4639, 4638, 7142, 3576, 3497, 3578, 7144, 4639, 7142, 7199, 3576, 7201, 7201, 3578, 7198, 1000, 998, 3496, 1033, 3574, 998, 7201, 7144, 7199, 7144, 7142, 7199, 7201, 7198, 7197, 7197, 7144, 7201, 3496, 998, 3574, 3497, 1000, 3496, 998, 1000, 1031, 998, 1031, 1032, 998, 1032, 1033, 1033, 1032, 1034, 4649, 4639, 7144, 4649, 7144, 7197, 3578, 7201, 3576, 1034, 1032, 4648, 3578, 3575, 7198, 4650, 4648, 4639, 4649, 4650, 4639, 4648, 4647, 4638, 1034, 4648, 4650, 3496, 3574, 3575, 4638, 4639, 4648, 1032, 1031, 4647, 3496, 3575, 3578, 3497, 3496, 3578, 4648, 1032, 4647, 7218, 4649, 7197, 876, 873, 1034, 7222, 7220, 7216, 4651, 4649, 7218, 1033, 873, 3574, 4652, 4651, 7218, 7198, 3437, 7222, 7216, 7218, 7222, 873, 3432, 3433, 3575, 3433, 3437, 7222, 3437, 7220, 3574, 3433, 3575, 4654, 1034, 4650, 4654, 4655, 878, 875, 876, 878, 873, 876, 875, 3436, 3437, 3433, 3575, 3437, 7198, 3437, 3436, 7220, 873, 875, 3432, 876, 1034, 4654, 3433, 3432, 3436, 7218, 7198, 7222, 7218, 7197, 7198, 4650, 4649, 4651, 4654, 4650, 4651, 4652, 4655, 4651, 4655, 4654, 4651, 3574, 873, 3433, 7216, 4652, 7218, 878, 876, 4654, 873, 1033, 1034, 3435, 3439, 3431, 3436, 3431, 3439, 7219, 4653, 7217, 3439, 3438, 7224, 874, 879, 3431, 875, 874, 3432, 880, 878, 4658, 3432, 3431, 3436, 7224, 3438, 7223, 4655, 4652, 4653, 4658, 4655, 4653, 3439, 7220, 3436, 4658, 4653, 4656, 4659, 4658, 4656, 4659, 880, 4658, 4658, 878, 4655, 881, 880, 4659, 875, 878, 874, 878, 880, 874, 874, 880, 879, 881, 879, 880, 4656, 4653, 7219, 3439, 3435, 3438, 3432, 874, 3431, 7217, 7216, 7220, 4653, 4652, 7217, 7224, 7223, 7219, 7219, 7217, 7224, 7224, 7217, 7220, 3431, 879, 3435, 7220, 3439, 7224, 7217, 4652, 7216, 3434, 877, 3423, 3438, 3435, 3440, 7225, 7205, 7221, 7221, 7219, 7223, 887, 882, 4660, 886, 882, 887, 877, 882, 886, 877, 881, 882, 882, 881, 4659, 877, 879, 881, 4662, 4657, 4661, 4662, 4660, 4657, 4660, 4659, 4656, 3434, 3423, 3424, 4660, 4656, 4657, 7225, 7206, 7205, 3435, 3434, 3440, 7223, 3438, 7225, 7225, 3440, 7206, 886, 3423, 877, 879, 877, 3434, 3440, 7225, 3438, 887, 4660, 4662, 4660, 882, 4659, 3434, 3424, 3440, 4661, 4657, 7221, 4657, 4656, 7219, 3440, 3424, 7206, 7221, 4657, 7219, 4661, 7221, 7205, 3435, 879, 3434, 7225, 7221, 7223, 7214, 7213, 7208, 3423, 3420, 3424, 4664, 4663, 7207, 4667, 4666, 4663, 4664, 4667, 4663, 883, 885, 3422, 4666, 4662, 4663, 4662, 4661, 4663, 886, 883, 3423, 3424, 3420, 3429, 7214, 3429, 7213, 7208, 7207, 7214, 7206, 3429, 7214, 7207, 7206, 7214, 7207, 7205, 7206, 889, 888, 4666, 888, 887, 4666, 7207, 4661, 7205, 7208, 4664, 7207, 3429, 3428, 7213, 883, 3422, 3420, 3424, 3429, 7206, 888, 883, 887, 4666, 887, 4662, 4666, 4667, 889, 883, 886, 887, 889, 885, 888, 883, 888, 885, 4663, 4661, 7207, 3423, 883, 3420, 3422, 3428, 3420, 3428, 3429, 3420, 4667, 4664, 4665, 7215, 7209, 7213, 3426, 3430, 3421, 3430, 3426, 3427, 3428, 3421, 3430, 4671, 4668, 4669, 3421, 892, 3426, 4671, 890, 4668, 884, 885, 889, 4668, 889, 4667, 7210, 7209, 7215, 7210, 4665, 7209, 884, 889, 890, 884, 890, 892, 892, 890, 893, 3422, 884, 3421, 3430, 3427, 7215, 7209, 4664, 7208, 3430, 7213, 3428, 890, 889, 4668, 893, 890, 4671, 7215, 3427, 7212, 7209, 7208, 7213, 7213, 3430, 7215, 7215, 7212, 7210, 4668, 4665, 4669, 884, 892, 3421, 885, 884, 3422, 4669, 4665, 7210, 4668, 4667, 4665, 4665, 4664, 7209, 3422, 3421, 3428, 3426, 3425, 3454, 3426, 3454, 3427, 7230, 3454, 7227, 4670, 4669, 7210, 4672, 4670, 7211, 892, 891, 3425, 895, 3419, 891, 7212, 3427, 7230, 7230, 7227, 7203, 7211, 7230, 7203, 906, 905, 4674, 905, 893, 4671, 3425, 891, 3419, 7211, 4670, 7210, 7212, 7230, 7211, 4675, 4674, 4670, 4672, 4675, 4670, 4674, 4671, 4669, 4674, 905, 4671, 906, 4674, 4675, 7203, 4672, 7211, 4674, 4669, 4670, 3426, 892, 3425, 3454, 3451, 7227, 3425, 3419, 3451, 3454, 3425, 3451, 905, 906, 895, 905, 891, 893, 891, 905, 895, 3454, 7230, 3427, 891, 892, 893, 7211, 7210, 7212, 909, 907, 908, 7204, 7203, 7227, 3453, 3418, 3452, 3450, 3452, 3418, 7229, 7228, 7226, 4673, 4672, 7204, 7229, 7204, 7227, 7226, 7204, 7229, 895, 894, 3419, 894, 907, 3450, 7229, 3453, 7228, 7227, 3453, 7229, 3451, 3453, 7227, 3453, 3452, 7228, 4676, 4673, 7204, 894, 908, 907, 908, 906, 4677, 909, 908, 4677, 894, 906, 908, 7204, 4672, 7203, 3419, 3418, 3451, 4676, 7204, 7226, 3419, 894, 3418, 3418, 894, 3450, 4673, 4676, 4678, 4678, 4677, 4673, 4677, 4675, 4673, 4675, 4672, 4673, 4677, 906, 4675, 4677, 4678, 909, 894, 895, 906, 3451, 3418, 3453, 7233, 7228, 7239, 3452, 3449, 7228, 4682, 909, 4678, 7233, 4676, 7226, 896, 907, 909, 896, 909, 899, 896, 899, 898, 7231, 4679, 7233, 3450, 896, 3443, 902, 898, 899, 3449, 3442, 3446, 7233, 7226, 7228, 7228, 3449, 7239, 7239, 3446, 7234, 3452, 3443, 3449, 3443, 3442, 3449, 3450, 3443, 3452, 907, 896, 3450, 896, 898, 3443, 7239, 7234, 7231, 4678, 4676, 4679, 4682, 4678, 4679, 4682, 4679, 4680, 3443, 898, 3442, 7231, 7233, 7239, 4683, 4682, 4680, 4679, 4676, 7233, 4680, 4679, 7231, 902, 899, 4683, 899, 909, 4682, 3449, 3446, 7239, 4683, 899, 4682, 7238, 7237, 7235, 904, 901, 903, 903, 902, 4683, 4684, 4687, 4681, 904, 903, 4686, 4687, 4686, 4681, 3448, 7238, 3446, 4686, 4683, 4680, 4680, 4681, 4686, 7232, 7234, 7238, 4684, 4681, 7232, 3442, 898, 3441, 901, 3445, 897, 898, 897, 3441, 3441, 897, 3445, 7235, 4684, 7232, 7232, 4681, 7231, 903, 897, 902, 897, 903, 901, 3445, 3447, 3441, 3448, 3441, 3447, 7235, 7232, 7238, 3442, 3441, 3448, 7232, 7231, 7234, 897, 898, 902, 7234, 3446, 7238, 7238, 3448, 7237, 3448, 3447, 7237, 4686, 903, 4683, 3442, 3448, 3446, 904, 4686, 4687, 4681, 4680, 7231, 7240, 7236, 7237, 900, 904, 910, 3447, 3444, 3455, 4737, 4688, 4685, 3455, 2715, 6412, 3445, 900, 3444, 3444, 900, 2706, 7236, 7235, 7237, 7240, 6412, 6408, 7236, 7240, 6408, 7237, 3455, 7240, 7237, 3447, 3455, 4735, 4737, 4685, 4688, 4737, 1046, 4688, 904, 4687, 4735, 4685, 7236, 4685, 4684, 7236, 900, 910, 1039, 6412, 7240, 3455, 3444, 2706, 2715, 3444, 2715, 3455, 1039, 910, 1046, 1046, 910, 4688, 900, 1039, 2706, 4688, 4687, 4685, 901, 900, 3445, 4687, 4684, 4685, 910, 904, 4688, 3445, 3444, 3447, 6408, 4735, 7236, 7236, 4684, 7235, 900, 901, 904, 2714, 2710, 2713, 1042, 1040, 1044, 6409, 4735, 6408, 6413, 4736, 6409, 1039, 1038, 2706, 1040, 1046, 4738, 1044, 1040, 4741, 2706, 2705, 2715, 6412, 2714, 6418, 4741, 4738, 4739, 1046, 1038, 1039, 1038, 1040, 1042, 4736, 4735, 6409, 4739, 4736, 6413, 4738, 4736, 4739, 4738, 4737, 4736, 4737, 4735, 4736, 4738, 1046, 4737, 6409, 6408, 6412, 2714, 2713, 6418, 4741, 1040, 4738, 6409, 6412, 6418, 2705, 1042, 2710, 6413, 6409, 6418, 6412, 2715, 2714, 6418, 2713, 6416, 2706, 1038, 2705, 6418, 6416, 6413, 2710, 2714, 2705, 2705, 2714, 2715, 1040, 1038, 1046, 1038, 1042, 2705, 6420, 6419, 6415, 1047, 1044, 4741, 2717, 2716, 6419, 1042, 1044, 1041, 6420, 6414, 6416, 6415, 6414, 6420, 2713, 2710, 2717, 6414, 6413, 6416, 6420, 2717, 6419, 1048, 4744, 4745, 2709, 1041, 2712, 1042, 2709, 2710, 4744, 1047, 4741, 2717, 6420, 2713, 1044, 1047, 1041, 1041, 1047, 1045, 4745, 4740, 4742, 1045, 2712, 1041, 1042, 1041, 2709, 4742, 6414, 6415, 4742, 4740, 6414, 4740, 4739, 6413, 6414, 4740, 6413, 4739, 4740, 4744, 1048, 1045, 1047, 4745, 4744, 4740, 2717, 2709, 2716, 2710, 2709, 2717, 2712, 2716, 2709, 4744, 4741, 4739, 2713, 6420, 6416, 1048, 1047, 4744, 2711, 2707, 2718, 4748, 1049, 4746, 2708, 2718, 2707, 2716, 2711, 2718, 4746, 1048, 4745, 6417, 6415, 6419, 6421, 2708, 6411, 1043, 1045, 1048, 6419, 2718, 6421, 1051, 1050, 1049, 2712, 2711, 2716, 6421, 6411, 6410, 2712, 1043, 2711, 6419, 2716, 2718, 2718, 2708, 6421, 6410, 4743, 6417, 1049, 1048, 4746, 4743, 4742, 6417, 4747, 4743, 6410, 1043, 1050, 2711, 1045, 1043, 2712, 6421, 6410, 6417, 2711, 1050, 2707, 4745, 4742, 4743, 4746, 4745, 4743, 4746, 4743, 4747, 4748, 4746, 4747, 1051, 1049, 4748, 6417, 4742, 6415, 1043, 1049, 1050, 1049, 1043, 1048, 6417, 6419, 6421, 4771, 1128, 4748, 4771, 4748, 4747, 4747, 4755, 4771, 1050, 1035, 2696, 4755, 4747, 6410, 1037, 1128, 1129, 2707, 2696, 2964, 2964, 2963, 6612, 6422, 4755, 6410, 6411, 2708, 6613, 2698, 2963, 2696, 1035, 1128, 1037, 6423, 6422, 6613, 4756, 6422, 6423, 1128, 1051, 4748, 4756, 4755, 6422, 4771, 4772, 1129, 1035, 1037, 2698, 6422, 6410, 6411, 1129, 1128, 4771, 6422, 6411, 6613, 1035, 1050, 1051, 4772, 4771, 4755, 2696, 1035, 2698, 1128, 1035, 1051, 4756, 4772, 4755, 2708, 2707, 2964, 2964, 2696, 2963, 2708, 2964, 6613, 6613, 2964, 6612, 2707, 1050, 2696, 6613, 6612, 6423, 6614, 6611, 6609, 6614, 6424, 6612, 2697, 2961, 2965, 1036, 1132, 2697, 6612, 2963, 2965, 2697, 1132, 2961, 4773, 1129, 4772, 4776, 1130, 4773, 6424, 4756, 6423, 6612, 2965, 6614, 6609, 4757, 6424, 6614, 2962, 6611, 1036, 1130, 1132, 1036, 1129, 1130, 1036, 1037, 1129, 1133, 1132, 1130, 4757, 4756, 6424, 4774, 4757, 6609, 4776, 4773, 4774, 4773, 4757, 4774, 4773, 4772, 4757, 1037, 1036, 2698, 4772, 4756, 4757, 2965, 2962, 6614, 2965, 2961, 2962, 2698, 1036, 2697, 2698, 2697, 2963, 2963, 2697, 2965, 1130, 1129, 4773, 6609, 6424, 6614, 1133, 1130, 4776, 6424, 6423, 6612, 1131, 1133, 1134, 6610, 4775, 6609, 6588, 6610, 6615, 6611, 2962, 6615, 1132, 1131, 2960, 6615, 6591, 6588, 1140, 1134, 4780, 2960, 1136, 2940, 4780, 4777, 4778, 1134, 1133, 4776, 6610, 6609, 6611, 2966, 2940, 2945, 2962, 2961, 2966, 2966, 6615, 2962, 2966, 2945, 6615, 2961, 1132, 2960, 2961, 2960, 2966, 2960, 1131, 1136, 1131, 1134, 1136, 4778, 4775, 6588, 2960, 2940, 2966, 1131, 1132, 1133, 6615, 6610, 6611, 1134, 4776, 4777, 4777, 4776, 4774, 1136, 1134, 1140, 4775, 4774, 6609, 4780, 1134, 4777, 6588, 4775, 6610, 6615, 2945, 6591, 4774, 4775, 4777, 4777, 4775, 4778, 1143, 1142, 4782, 2947, 2939, 2946, 6593, 6592, 6590, 1135, 1136, 1140, 6593, 6589, 6591, 6590, 6589, 6593, 6589, 6588, 6591, 4782, 4780, 4778, 4781, 4783, 4779, 1135, 1140, 1142, 1135, 1142, 1141, 1143, 1141, 1142, 2945, 6593, 6591, 1143, 4782, 4783, 2944, 2946, 2939, 4782, 1142, 4780, 2940, 2939, 2947, 2939, 1135, 2944, 1136, 2939, 2940, 4779, 4778, 6588, 6589, 4779, 6588, 4781, 6589, 6590, 1136, 1135, 2939, 4781, 4779, 6589, 2947, 6593, 2945, 2947, 2946, 6592, 1141, 2944, 1135, 4778, 4779, 4782, 4783, 4782, 4779, 2940, 2947, 2945, 1142, 1140, 4780, 6593, 2947, 6592, 4787, 4784, 4785, 2946, 2956, 6592, 2955, 2956, 2942, 1139, 1147, 1150, 2943, 1139, 2942, 2946, 2943, 2956, 2942, 2956, 2943, 2944, 2943, 2946, 2944, 1137, 2943, 4787, 1143, 4783, 4788, 1147, 4787, 6596, 6590, 6592, 6596, 6592, 6602, 6594, 6596, 6602, 1150, 1147, 4788, 1147, 1143, 4787, 6602, 6599, 6594, 6594, 4784, 6596, 6592, 2956, 6602, 4785, 4784, 6594, 6602, 2955, 6599, 6596, 4781, 6590, 1141, 1137, 2944, 4784, 4781, 6596, 1147, 1137, 1143, 1137, 1147, 1139, 4787, 4783, 4784, 1141, 1143, 1137, 4788, 4787, 4785, 1137, 1139, 2943, 2956, 2955, 6602, 4783, 4781, 4784, 2958, 6604, 2955, 2942, 2941, 2958, 1139, 1138, 2941, 6599, 2955, 6604, 6600, 6595, 6604, 6604, 6603, 6600, 4786, 4785, 6594, 4789, 4786, 6595, 6595, 6599, 6604, 6604, 2958, 6603, 6595, 6594, 6599, 6595, 4786, 6594, 1151, 1138, 1150, 1152, 1149, 1151, 1151, 1150, 4788, 6600, 4789, 6595, 4792, 4786, 4789, 1149, 2954, 1138, 4791, 1151, 4788, 1152, 1151, 4791, 4792, 4791, 4786, 2942, 2958, 2955, 2941, 1138, 2954, 4791, 4788, 4785, 4785, 4786, 4791, 1152, 4791, 4792, 2941, 2957, 2958, 2954, 2957, 2941, 1138, 1139, 1150, 1139, 2941, 2942, 1138, 1151, 1149, 2958, 2957, 6603, 1148, 1149, 1152, 1148, 1153, 1154, 2953, 2951, 2952, 2953, 2952, 2959, 1149, 1148, 2954, 4793, 1152, 4792, 2954, 2953, 2957, 4792, 4789, 4790, 4793, 4792, 4790, 2953, 1148, 2951, 2957, 2953, 2959, 2954, 1148, 2953, 4795, 4793, 4790, 4795, 4790, 4794, 1155, 1153, 4793, 1153, 1152, 4793, 4794, 6601, 6597, 6597, 6601, 6605, 6601, 4789, 6600, 6605, 6598, 6597, 4793, 4795, 1155, 1148, 1154, 2951, 6603, 2959, 6605, 4794, 4790, 6601, 4790, 4789, 6601, 6601, 6600, 6603, 2959, 2952, 6598, 6598, 6605, 2959, 1148, 1152, 1153, 6605, 6601, 6603, 2957, 2959, 6603, 1155, 1154, 1153, 2952, 2950, 2972, 2972, 2949, 2969, 6621, 6616, 6606, 6608, 6597, 6598, 6608, 6598, 6621, 4800, 1156, 4799, 6608, 4794, 6597, 6598, 2952, 2972, 6598, 2972, 6621, 4796, 4794, 6608, 4799, 1155, 4795, 4797, 4796, 6606, 1154, 1144, 2951, 1144, 1146, 2950, 6621, 2969, 6616, 6606, 4796, 6608, 4800, 4799, 4797, 2972, 2969, 6621, 4799, 4796, 4797, 4799, 4795, 4796, 4795, 4794, 4796, 1156, 1155, 4799, 1159, 1156, 4800, 2950, 1146, 2949, 2951, 1144, 2950, 2951, 2950, 2952, 1154, 1155, 1144, 1155, 1156, 1144, 1144, 1156, 1146, 2950, 2949, 2972, 1159, 1146, 1156, 6606, 6608, 6621, 1158, 2968, 1145, 4797, 4798, 4803, 2971, 2948, 2970, 6607, 4798, 6606, 2968, 2970, 2948, 2948, 1145, 2968, 4803, 1160, 4800, 1161, 4803, 4804, 2949, 2948, 2971, 2948, 2949, 1146, 1161, 1160, 4803, 1160, 1159, 4800, 1145, 1146, 1159, 1145, 1160, 1158, 2971, 6620, 2969, 6620, 6619, 6617, 6617, 6607, 6620, 1158, 1160, 1161, 4801, 6607, 6617, 6620, 2971, 6619, 2969, 6620, 6616, 2949, 2971, 2969, 4801, 4798, 6607, 6607, 6616, 6620, 6607, 6606, 6616, 4798, 4797, 6606, 1160, 1145, 1159, 4804, 4803, 4798, 4801, 4804, 4798, 4803, 4800, 4797, 1146, 1145, 2948, 2971, 2970, 6619, 2970, 2967, 2973, 2968, 1157, 2967, 2967, 2928, 2973, 4805, 1161, 4804, 2968, 2967, 2970, 6622, 6576, 6574, 1158, 1157, 2968, 4804, 4801, 4802, 4805, 4804, 4802, 2973, 2928, 6576, 1157, 1158, 1161, 1199, 1162, 4805, 1162, 1161, 4805, 4841, 4805, 4802, 4841, 4802, 4839, 1192, 1162, 1199, 4805, 4841, 1199, 1157, 1192, 2921, 4802, 4801, 6618, 4839, 4802, 6618, 2967, 2921, 2928, 1162, 1157, 1161, 4839, 6618, 6574, 6619, 2973, 6622, 6618, 4801, 6617, 6618, 6617, 6619, 6619, 2970, 2973, 6618, 6619, 6622, 6622, 6574, 6618, 6622, 2973, 6576, 2967, 1157, 2921, 1157, 1162, 1192, 1195, 1191, 1199, 2920, 1194, 2925, 2921, 1191, 2920, 1195, 1199, 4844, 4842, 4840, 6579, 4840, 4839, 6575, 2921, 2920, 2928, 1194, 1195, 1196, 2925, 2927, 2920, 2920, 2927, 2928, 2927, 2925, 2926, 1192, 1191, 2921, 1196, 1195, 4845, 1191, 1195, 1194, 6575, 4839, 6574, 6579, 4840, 6575, 6582, 6581, 6579, 6576, 2927, 6582, 2928, 2927, 6576, 6582, 2926, 6581, 2927, 2926, 6582, 4841, 4839, 4840, 4844, 4841, 4840, 4844, 4840, 4842, 4845, 4844, 4842, 6579, 6575, 6582, 6575, 6576, 6582, 6575, 6574, 6576, 1191, 1194, 2920, 4844, 1199, 4841, 4845, 1195, 4844, 1199, 1191, 1192, 1200, 1196, 4845, 1201, 1198, 1200, 2924, 2925, 1194, 1201, 4848, 4849, 4848, 1200, 4845, 4843, 4842, 6579, 2933, 2931, 6585, 4846, 4843, 6580, 6580, 6587, 6577, 2924, 1193, 2923, 6580, 6579, 6581, 6587, 6580, 6581, 6587, 6585, 6577, 2933, 6587, 2926, 4846, 6580, 6577, 6580, 4843, 6579, 1198, 2923, 1193, 6587, 2933, 6585, 4842, 4843, 4848, 4846, 4849, 4843, 1194, 1193, 2924, 1201, 1200, 4848, 6581, 2926, 6587, 1193, 1194, 1196, 4848, 4845, 4842, 1193, 1196, 1200, 2924, 2923, 2931, 2933, 2924, 2931, 4849, 4848, 4843, 1193, 1200, 1198, 2925, 2924, 2933, 2926, 2925, 2933, 4850, 1201, 4849, 2922, 1197, 2929, 2931, 2922, 2932, 2932, 2922, 2930, 2929, 2930, 2922, 2923, 1197, 2922, 2932, 2930, 6584, 1197, 1201, 1202, 1197, 1202, 1203, 6585, 2931, 2932, 4852, 4850, 4847, 1197, 1198, 1201, 1203, 1202, 1204, 4847, 4846, 6578, 2923, 2922, 2931, 4851, 4847, 6578, 6578, 6577, 6585, 4851, 4852, 4847, 4850, 4849, 4847, 6583, 4851, 6578, 6578, 4846, 6577, 1198, 1197, 2923, 2932, 6584, 6586, 1197, 1203, 2929, 4849, 4846, 4847, 6585, 2932, 6586, 1202, 1201, 4850, 6583, 6578, 6586, 6586, 6584, 6583, 6586, 6578, 6585, 1204, 1202, 4850, 4850, 4852, 1204, 1121, 1120, 4867, 4866, 4852, 4863, 2873, 2880, 2871, 2871, 1119, 2873, 1117, 1119, 2871, 4867, 4866, 4864, 6623, 6584, 6632, 6623, 6583, 6584, 1203, 1117, 2929, 6632, 2879, 6631, 6623, 4851, 6583, 1119, 1120, 1121, 2880, 2873, 2879, 1117, 1120, 1119, 6584, 2880, 6632, 4852, 4851, 4863, 6624, 6623, 6632, 2930, 2880, 6584, 4864, 4863, 6624, 2929, 1117, 2871, 4863, 4851, 6623, 1120, 1117, 1204, 1203, 1204, 1117, 2880, 2879, 6632, 6624, 4863, 6623, 4866, 4863, 4864, 6632, 6631, 6624, 2929, 2871, 2930, 2930, 2871, 2880, 4867, 1120, 4866, 4866, 1204, 4852, 1120, 1204, 4866, 4871, 4865, 4869, 6625, 6624, 6631, 1127, 4868, 4871, 2881, 6633, 2879, 4871, 4868, 4865, 1122, 1121, 4867, 1127, 1122, 4868, 4869, 6625, 6626, 4868, 4867, 4864, 6625, 4865, 6624, 4864, 4865, 4868, 2873, 1119, 2872, 1119, 1118, 2872, 4865, 4864, 6624, 1118, 1119, 1121, 1118, 1122, 1124, 1122, 1118, 1121, 2872, 1118, 2875, 6633, 2881, 6628, 2881, 2878, 6628, 4869, 4865, 6625, 1127, 1124, 1122, 2879, 6633, 6631, 1124, 2875, 1118, 2872, 2875, 2878, 6626, 6625, 6633, 6631, 6633, 6625, 6633, 6628, 6626, 2873, 2872, 2881, 2881, 2872, 2878, 2879, 2873, 2881, 4868, 1122, 4867, 4872, 4870, 6627, 1221, 1126, 1220, 2998, 2874, 2997, 6627, 6628, 6658, 6629, 6627, 6658, 2878, 2874, 2998, 2877, 2997, 2874, 6658, 2998, 6657, 1221, 1220, 4874, 1220, 1127, 4874, 6658, 6657, 6629, 1126, 2877, 1123, 4875, 4870, 4872, 1124, 1123, 2875, 2875, 2874, 2878, 2878, 2998, 6628, 4870, 4869, 6627, 1123, 1220, 1126, 4875, 4874, 4870, 1123, 1127, 1220, 2875, 1123, 2874, 1123, 2877, 2874, 1123, 1124, 1127, 4871, 4869, 4870, 4874, 4875, 1221, 4874, 1127, 4871, 2998, 2997, 6657, 6627, 4869, 6626, 4872, 6627, 6629, 4874, 4871, 4870, 6628, 2998, 6658, 6627, 6626, 6628, 6657, 2997, 2999, 2999, 2980, 6659, 2877, 1125, 2876, 6659, 2980, 6636, 1125, 1222, 1227, 4873, 4872, 6630, 2997, 2876, 2999, 6630, 4872, 6629, 1125, 1126, 1221, 6635, 4873, 6630, 2877, 2876, 2997, 1126, 1125, 2877, 4876, 4873, 4877, 2876, 1227, 2979, 4878, 4876, 4877, 4876, 1221, 4875, 6630, 6629, 6657, 1125, 1221, 1222, 1228, 1227, 1222, 6659, 6630, 6657, 4876, 4875, 4873, 4875, 4872, 4873, 1125, 1227, 2876, 6630, 6659, 6635, 6659, 6636, 6635, 2876, 2979, 2999, 1228, 1222, 4878, 6657, 2999, 6659, 1222, 1221, 4876, 4877, 4873, 6635, 2999, 2979, 2980, 4878, 1222, 4876, 6645, 6640, 6637, 2986, 2978, 2983, 6645, 6639, 6636, 6639, 6635, 6636, 6637, 6639, 6645, 1229, 1228, 4878, 1232, 1229, 4882, 6645, 2986, 6640, 1226, 1229, 1232, 2980, 2979, 2986, 4879, 4877, 6635, 2979, 2978, 2986, 4880, 4879, 6639, 4883, 4882, 4879, 4880, 4883, 4879, 4882, 4878, 4877, 1226, 2977, 1224, 4877, 4879, 4882, 1227, 1224, 2978, 2978, 2977, 2983, 2980, 2986, 6645, 2986, 2983, 6640, 1227, 2978, 2979, 1224, 1227, 1228, 2978, 1224, 2977, 6636, 2980, 6645, 1224, 1228, 1229, 6639, 4879, 6635, 4880, 6639, 6637, 1224, 1229, 1226, 1232, 4882, 4883, 4882, 1229, 4878, 4886, 4887, 1234, 1234, 1233, 4886, 1233, 1225, 1232, 2977, 1225, 2976, 4886, 4883, 4881, 4884, 4887, 4881, 4887, 4886, 4881, 1226, 1225, 2977, 6644, 2985, 6643, 1225, 1233, 1231, 1226, 1232, 1225, 4884, 6638, 6641, 6638, 4880, 6637, 2983, 2985, 6640, 4886, 1232, 4883, 2985, 2984, 6643, 6640, 2985, 6644, 6638, 6637, 6640, 6640, 6644, 6638, 1231, 1233, 1234, 6641, 6638, 6644, 1225, 2982, 2976, 6644, 6643, 6641, 4884, 4881, 6638, 4883, 4880, 4881, 2984, 2985, 2976, 2982, 2984, 2976, 2977, 2976, 2983, 1225, 1231, 2982, 2983, 2976, 2985, 1233, 1232, 4886, 4881, 4880, 6638, 6643, 2996, 6648, 6634, 6642, 6648, 1245, 1244, 4891, 6648, 2995, 6647, 1244, 1234, 4890, 4890, 1234, 4887, 1230, 1234, 1244, 2982, 2981, 2984, 2996, 2995, 6648, 2996, 6643, 2984, 6634, 4885, 6642, 6642, 4884, 6641, 4887, 4884, 4885, 1230, 1235, 2981, 1231, 1230, 2982, 4890, 4887, 4885, 4890, 4885, 4888, 2995, 2996, 2975, 2981, 2975, 2996, 2984, 2981, 2996, 4891, 4890, 4888, 4885, 4884, 6642, 1235, 1244, 1245, 2981, 1235, 2975, 4888, 4885, 6634, 4891, 1244, 4890, 6648, 6642, 6643, 1230, 1231, 1234, 2982, 1230, 2981, 6648, 6647, 6634, 6642, 6641, 6643, 1230, 1244, 1235, 6654, 2992, 6653, 1239, 1237, 1238, 1223, 1245, 1238, 6646, 6634, 6647, 6646, 6647, 6654, 2992, 2991, 6653, 6651, 6646, 6654, 1223, 1238, 1237, 4894, 4891, 4888, 4889, 4888, 6634, 6654, 6653, 6651, 6651, 4892, 6646, 2975, 2974, 2992, 2990, 2991, 2974, 6646, 4889, 6634, 2974, 1223, 2990, 4894, 1238, 4891, 1239, 4894, 4895, 2975, 2992, 2995, 1235, 1223, 2974, 2975, 1235, 2974, 1237, 2990, 1223, 2992, 2974, 2991, 4895, 4894, 4889, 4895, 4889, 4892, 1238, 1245, 4891, 6647, 2995, 6654, 1239, 1238, 4894, 4892, 4889, 6646, 1245, 1223, 1235, 4894, 4888, 4889, 2995, 2992, 6654, 4896, 4893, 6652, 4895, 4892, 4893, 1236, 1242, 1241, 2990, 2989, 2991, 4893, 4892, 6652, 1236, 1239, 1242, 4898, 4899, 1243, 2991, 2989, 2994, 2993, 2994, 2989, 6653, 2991, 2994, 1236, 1237, 1239, 1243, 1241, 1242, 6652, 4892, 6651, 4898, 1239, 4895, 6653, 2994, 6656, 4896, 6652, 6649, 2988, 2993, 2989, 6649, 6652, 6656, 6652, 6651, 6653, 1236, 1241, 2988, 1237, 1236, 2990, 6656, 6652, 6653, 6656, 6655, 6649, 2989, 1236, 2988, 4899, 4898, 4893, 4896, 4899, 4893, 2990, 1236, 2989, 1242, 1239, 4898, 4898, 4895, 4893, 6655, 6656, 2994, 1243, 1242, 4898, 2994, 2993, 6655, 1294, 1246, 4948, 2993, 3000, 6655, 6491, 4897, 6650, 6660, 6650, 6655, 6660, 6500, 6491, 6650, 6660, 6491, 4899, 4896, 4897, 4900, 4899, 4897, 2988, 1240, 2987, 4900, 4897, 4943, 6650, 6649, 6655, 4948, 1246, 4900, 4948, 4900, 4943, 1241, 1240, 2988, 4900, 1243, 4899, 6655, 3000, 6660, 1240, 1265, 2987, 1265, 1246, 1294, 1240, 1246, 1265, 6650, 4896, 6649, 4943, 4897, 6491, 1240, 1243, 1246, 6660, 2840, 6500, 2993, 2987, 3000, 3000, 2807, 2840, 2987, 2807, 3000, 3000, 2840, 6660, 2988, 2987, 2993, 2987, 1265, 2807, 4897, 4896, 6650, 1240, 1241, 1243, 1246, 1243, 4900, 2840, 6506, 6500, 6503, 6492, 6506, 1290, 1294, 4948, 4949, 4944, 6492, 4944, 4943, 6491, 4952, 4944, 4949, 1289, 2837, 1264, 4952, 4951, 4944, 1265, 1264, 2806, 4951, 4948, 4943, 4951, 4943, 4944, 1265, 1294, 1264, 4951, 1290, 4948, 1291, 4951, 4952, 6492, 4944, 6491, 4949, 6492, 6503, 2839, 2838, 6505, 6506, 6505, 6503, 6506, 2839, 6505, 2806, 1264, 2837, 2806, 2807, 1265, 1264, 1290, 1289, 1290, 1264, 1294, 1291, 1289, 1290, 2837, 2838, 2806, 2839, 2806, 2838, 2807, 2806, 2839, 6492, 6491, 6500, 2807, 2839, 2840, 2840, 2839, 6506, 6500, 6506, 6492, 1291, 1290, 4951, 1288, 1293, 2836, 4955, 1291, 4952, 6511, 6504, 6505, 6504, 6503, 6505, 2836, 1293, 2835, 6511, 6507, 6501, 2838, 2836, 2845, 2836, 2835, 2845, 2837, 2836, 2838, 2845, 2835, 2842, 2837, 1288, 2836, 2845, 2842, 6511, 6501, 4950, 6504, 6504, 4949, 6503, 1297, 1295, 4956, 1295, 1291, 4955, 4956, 4955, 4953, 4955, 4950, 4953, 4955, 4952, 4950, 4952, 4949, 4950, 4950, 4949, 6504, 6511, 2842, 6507, 6505, 2845, 6511, 1297, 1293, 1295, 1288, 1295, 1293, 4953, 4950, 6501, 1288, 1291, 1295, 1288, 1289, 1291, 2838, 2845, 6505, 1289, 1288, 2837, 4956, 1295, 4955, 6501, 6504, 6511, 2844, 2834, 2843, 4958, 1298, 4956, 4958, 4959, 1299, 1293, 2834, 2835, 2834, 1292, 2841, 6502, 6501, 6507, 1296, 2841, 1292, 1293, 1292, 2834, 2835, 2834, 2844, 4958, 4956, 4953, 2844, 6510, 2842, 2844, 2843, 6509, 6510, 6509, 6508, 4957, 4959, 4954, 6508, 4957, 6502, 4959, 4958, 4954, 4957, 4954, 6502, 4954, 4953, 6501, 6502, 4954, 6501, 1292, 1293, 1297, 6508, 6502, 6510, 1292, 1297, 1298, 1292, 1298, 1296, 1299, 1298, 4958, 1299, 1296, 1298, 6510, 6502, 6507, 1298, 1297, 4956, 2841, 2843, 2834, 6507, 2842, 6510, 4953, 4954, 4958, 6510, 2844, 6509, 2835, 2844, 2842, 4968, 4967, 6517, 6530, 6525, 6517, 6530, 2821, 6525, 2841, 2815, 2843, 6509, 2826, 6530, 6519, 6530, 6517, 2826, 2814, 2821, 1272, 1269, 1299, 1269, 1296, 1299, 1272, 1299, 4970, 1273, 1272, 4971, 1269, 1271, 2815, 2826, 2821, 6530, 2815, 2814, 2826, 6519, 6508, 6509, 1269, 1272, 1271, 2843, 2815, 2826, 4959, 4957, 4967, 2843, 2826, 6509, 2815, 1271, 2814, 4970, 4959, 4967, 4970, 4967, 4968, 6519, 4957, 6508, 6517, 4967, 6519, 4967, 4957, 6519, 1271, 1272, 1273, 1296, 1269, 2841, 4971, 1272, 4970, 4970, 1299, 4959, 2841, 1269, 2815, 4971, 4970, 4968, 6519, 6509, 6530, 6518, 6517, 6525, 1279, 1274, 4975, 4972, 4971, 4968, 6526, 2820, 6522, 4969, 4968, 6517, 1274, 4971, 4972, 6525, 2821, 6526, 1276, 1274, 1279, 1270, 1274, 1276, 1270, 1273, 1274, 1270, 1271, 1273, 2814, 2813, 2822, 2813, 2817, 2822, 2821, 2814, 2822, 2822, 2817, 2820, 4975, 1274, 4972, 6526, 6522, 6520, 6526, 6518, 6525, 6520, 6518, 6526, 2813, 1270, 1276, 1271, 1270, 2813, 4973, 4969, 6520, 4975, 4972, 4973, 4972, 4969, 4973, 4968, 4969, 4972, 6520, 4969, 6518, 4969, 6517, 6518, 2822, 2820, 6526, 2821, 2822, 6526, 2814, 1271, 2813, 2813, 1276, 2817, 1274, 1273, 4971, 4978, 4973, 4974, 4978, 4975, 4973, 4976, 4974, 6521, 1280, 1279, 4975, 2824, 6528, 2820, 4976, 6521, 6523, 6522, 2820, 6528, 2819, 2823, 2816, 2817, 2816, 2824, 2824, 2816, 2823, 2817, 2824, 2820, 6528, 6527, 6523, 1276, 2816, 2817, 2816, 1275, 2819, 4978, 1280, 4975, 6523, 6521, 6528, 6521, 4974, 6520, 2824, 2823, 6527, 6521, 6522, 6528, 6521, 6520, 6522, 1281, 4978, 4979, 1278, 1280, 1281, 1276, 1275, 2816, 6528, 2824, 6527, 1279, 1275, 1276, 4979, 4978, 4974, 1281, 1280, 4978, 4976, 4979, 4974, 1278, 2819, 1275, 1275, 1280, 1278, 1280, 1275, 1279, 4974, 4973, 6520, 1278, 1277, 2819, 1277, 1286, 2818, 6524, 4976, 6523, 4979, 4976, 4977, 4980, 4979, 4977, 4977, 4976, 6524, 4980, 4977, 4981, 4982, 4980, 4981, 2825, 2812, 6529, 1287, 1282, 4982, 2818, 1286, 2811, 1282, 1281, 4980, 6527, 2825, 6529, 6529, 2812, 6513, 2812, 2825, 2811, 2819, 2818, 2823, 4981, 4977, 6512, 1278, 1281, 1277, 1287, 1286, 1282, 4982, 1282, 4980, 4980, 1281, 4979, 6529, 6513, 6512, 2818, 2811, 2825, 2823, 2818, 2825, 2819, 1277, 2818, 6512, 4977, 6524, 6529, 6524, 6527, 6524, 6523, 6527, 6527, 2823, 2825, 6529, 6512, 6524, 1281, 1282, 1277, 1277, 1282, 1286, 6772, 3394, 6771, 5007, 1632, 4982, 1285, 2810, 1283, 6772, 6514, 6513, 1633, 1632, 5007, 1283, 1286, 1287, 6515, 6514, 6772, 1286, 1283, 2808, 6514, 6512, 6513, 1283, 1287, 1632, 1285, 1283, 1632, 4984, 6514, 6515, 2808, 1283, 2810, 1286, 2808, 2811, 4983, 4981, 6512, 4983, 6514, 4984, 6772, 6771, 6515, 2811, 2808, 3394, 1633, 5007, 5008, 3394, 2808, 3393, 3394, 3393, 6771, 2810, 3393, 2808, 1632, 1287, 4982, 6513, 2812, 6772, 5008, 5007, 4983, 2812, 3394, 6772, 5007, 4982, 4981, 5008, 4983, 4984, 4981, 4983, 5007, 2812, 2811, 3394, 1633, 1285, 1632, 6514, 4983, 6512, 5010, 6516, 6768, 3392, 3395, 2809, 5012, 5009, 4985, 5010, 5012, 4985, 1637, 1636, 1634, 5009, 5008, 4985, 1284, 1634, 1636, 1284, 1633, 1634, 6768, 6516, 6773, 2810, 2809, 3393, 5008, 4984, 4985, 5010, 4985, 6516, 6773, 6770, 6768, 4985, 4984, 6516, 1284, 1285, 1633, 6773, 3395, 6770, 6771, 3395, 6773, 3393, 3395, 6771, 3395, 3392, 6770, 1284, 1636, 3391, 6516, 4984, 6515, 2810, 1284, 2809, 1634, 1633, 5009, 6516, 6515, 6771, 1284, 3391, 2809, 1637, 1634, 5009, 5009, 5012, 1637, 6773, 6516, 6771, 5009, 1633, 5008, 2810, 1285, 1284, 3393, 2809, 3395, 2809, 3391, 3392, 6766, 5011, 6769, 5014, 5011, 6766, 1639, 1638, 1640, 1635, 1638, 1639, 1640, 1638, 5015, 3392, 3390, 3396, 1635, 1639, 3390, 3391, 3390, 3392, 3396, 3388, 3389, 1638, 1637, 5013, 3390, 3388, 3396, 1636, 1635, 3391, 3392, 3396, 6770, 3396, 3389, 6774, 6769, 6774, 6766, 6769, 5010, 6768, 3391, 1635, 3390, 3390, 1639, 3388, 1636, 1637, 1635, 5015, 5013, 5014, 5013, 5011, 5014, 1637, 1638, 1635, 5013, 5012, 5011, 6774, 6767, 6766, 6769, 6768, 6770, 6774, 6769, 6770, 5012, 5010, 5011, 5013, 1637, 5012, 5015, 1638, 5013, 6770, 3396, 6774, 5011, 5010, 6769, 6774, 3389, 6767, 1625, 1628, 1627, 5019, 1628, 5015, 3387, 6781, 3389, 1629, 5019, 5020, 1628, 1625, 1640, 1628, 1629, 1627, 6781, 6780, 6778, 3381, 1625, 3385, 5019, 5015, 5014, 5019, 5014, 5016, 3381, 3388, 1639, 6775, 6766, 6767, 3387, 3386, 6780, 5016, 5014, 6766, 1639, 1625, 3381, 1627, 3385, 1625, 5020, 5019, 5016, 5017, 5020, 5016, 5017, 5016, 6775, 6778, 6775, 6781, 6775, 6767, 6781, 3388, 3387, 3389, 3387, 3381, 3386, 3389, 6781, 6767, 6781, 3387, 6780, 5017, 6775, 6778, 6775, 5016, 6766, 1628, 1640, 5015, 3385, 3386, 3381, 3388, 3381, 3387, 1629, 1628, 5019, 1640, 1625, 1639, 1627, 1626, 3385, 3385, 3384, 3386, 6780, 3402, 6786, 6786, 3402, 6782, 6779, 5017, 6778, 5021, 6779, 6776, 1631, 3383, 1626, 1644, 1642, 5023, 3402, 3399, 6782, 5023, 5020, 5018, 6786, 6782, 6776, 5024, 5018, 5021, 5024, 5023, 5018, 3385, 1626, 3384, 3384, 1626, 3383, 3402, 3384, 3399, 5023, 5024, 1644, 5023, 1629, 5020, 1631, 1642, 1644, 1626, 1627, 1629, 1626, 1629, 1642, 1626, 1642, 1631, 6786, 6779, 6780, 5021, 5018, 6779, 3383, 3399, 3384, 5018, 5017, 6779, 5020, 5017, 5018, 6776, 6779, 6786, 6779, 6778, 6780, 3386, 3384, 3402, 3386, 3402, 6780, 1642, 1629, 5023, 3382, 1643, 3398, 5027, 5026, 5025, 5025, 5022, 6783, 1630, 1643, 3382, 5022, 5021, 6777, 6777, 5021, 6776, 6783, 5022, 6777, 3383, 1630, 3382, 3401, 3398, 3400, 1646, 1643, 1645, 1645, 1630, 1644, 1631, 1630, 3383, 6785, 6784, 6783, 1646, 1645, 5027, 1630, 1645, 1643, 1630, 1631, 1644, 5024, 5021, 5022, 3399, 3382, 3401, 5026, 5024, 5022, 6782, 3401, 6785, 6785, 3400, 6784, 1645, 1644, 5026, 6777, 6776, 6782, 3398, 3401, 3382, 5027, 1645, 5026, 5026, 1644, 5024, 6777, 6782, 6785, 3401, 3400, 6785, 3399, 3401, 6782, 3383, 3382, 3399, 5026, 5022, 5025, 6783, 6777, 6785, 5028, 5025, 6783, 5055, 5028, 6787, 3403, 3348, 6761, 3400, 3403, 6788, 1650, 1647, 5029, 3398, 1643, 3397, 5029, 1647, 5027, 6784, 3400, 6788, 1647, 1646, 5027, 6788, 6761, 6755, 3397, 3348, 3403, 1650, 5029, 5057, 3397, 3342, 3348, 6787, 6788, 6755, 1649, 3342, 1641, 6788, 6787, 6784, 1641, 1643, 1646, 3398, 3397, 3403, 1641, 1646, 1647, 1641, 1647, 1649, 6755, 5055, 6787, 6787, 5028, 6783, 1649, 1647, 1650, 3398, 3403, 3400, 5025, 5028, 5029, 3397, 1641, 3342, 5029, 5027, 5025, 5055, 5057, 5028, 1643, 1641, 3397, 5057, 5029, 5028, 6788, 3403, 6761, 6787, 6783, 6784, 1653, 3344, 1648, 3342, 1648, 3341, 5059, 5061, 5056, 5058, 5057, 5056, 5056, 5055, 6756, 5059, 5056, 6756, 5057, 5055, 5056, 1656, 1653, 1651, 1648, 1651, 1653, 1648, 1650, 1651, 1648, 1649, 1650, 3341, 3347, 3349, 3348, 3341, 3349, 3342, 3341, 3348, 1656, 1651, 5058, 1651, 1650, 5058, 6761, 3348, 3349, 3349, 3347, 6759, 6762, 6759, 6757, 6762, 6756, 6761, 6756, 6755, 6761, 6757, 6756, 6762, 5058, 1650, 5057, 6761, 3349, 6762, 6757, 5059, 6756, 5058, 5061, 1656, 6756, 5055, 6755, 3349, 6759, 6762, 1649, 1648, 3342, 3341, 3344, 3347, 1648, 3344, 3341, 5061, 5058, 5056, 3347, 3343, 3379, 6759, 3379, 6765, 3379, 3378, 6765, 1687, 1656, 5068, 3344, 3343, 3347, 1688, 1687, 5069, 5061, 5059, 5060, 5068, 5061, 5060, 3346, 3379, 3343, 6758, 5059, 6757, 6760, 5060, 6758, 6758, 6757, 6759, 3379, 3346, 3378, 6758, 6759, 6765, 6760, 6758, 6765, 1652, 1687, 1655, 1688, 1655, 1687, 1687, 1652, 1656, 5068, 1656, 5061, 5069, 1687, 5068, 1653, 1656, 1652, 6765, 6764, 6760, 1653, 1652, 3344, 1652, 1655, 3343, 5068, 5060, 5062, 3344, 1652, 3343, 5069, 5068, 5062, 3343, 1655, 3346, 5060, 5059, 6758, 5062, 5060, 6760, 3347, 3379, 6759, 6765, 3378, 6764, 1690, 3376, 1654, 1691, 5148, 5151, 5151, 5148, 5147, 5149, 5151, 5147, 5147, 5062, 6760, 5149, 5147, 6973, 6764, 3378, 6992, 5148, 5069, 5062, 3345, 1654, 3376, 5062, 5147, 5148, 1655, 3345, 3346, 1655, 1654, 3345, 6973, 6992, 6983, 6992, 6988, 6983, 6992, 3380, 6988, 6973, 6764, 6992, 5148, 1689, 5069, 5149, 6973, 6983, 1654, 1655, 1688, 6973, 6760, 6764, 1688, 1689, 1654, 3380, 3345, 3377, 3346, 3380, 3378, 6973, 5147, 6760, 3346, 3345, 3380, 3345, 3376, 3377, 1691, 1689, 5148, 1689, 1688, 5069, 1654, 1689, 1690, 3380, 6992, 3378, 3380, 3377, 6988, 1691, 1690, 1689, 5152, 5150, 6984, 5154, 1691, 5151, 1353, 3185, 3181, 1690, 1353, 3376, 1353, 1355, 3185, 6984, 6983, 6988, 6991, 3187, 6990, 5150, 5149, 6984, 6988, 3187, 6991, 3187, 3186, 6990, 1353, 1690, 1691, 1353, 1356, 1355, 1356, 1353, 1691, 6991, 6990, 6987, 1357, 1355, 1356, 3376, 3181, 3377, 6984, 6988, 6991, 3376, 1353, 3181, 5154, 1356, 1691, 5155, 5150, 5152, 5155, 5154, 5150, 3185, 3186, 3181, 3181, 3186, 3187, 5154, 5151, 5150, 5151, 5149, 5150, 3377, 3181, 3187, 3377, 3187, 6988, 6984, 5149, 6983, 6987, 6984, 6991, 6987, 5152, 6984, 1357, 1356, 5154, 5154, 5155, 1357, 1361, 1357, 5158, 6989, 5152, 6987, 6985, 5153, 6989, 6989, 6997, 6985, 6989, 6990, 6997, 3186, 3184, 3193, 3184, 3183, 3193, 6990, 3186, 3193, 6997, 6994, 6985, 6989, 6987, 6990, 3185, 3184, 3186, 3193, 3183, 3190, 1361, 1354, 1357, 1354, 1361, 1359, 1354, 1355, 1357, 1355, 1354, 3185, 1359, 1361, 1362, 5156, 5153, 6985, 1354, 1359, 3184, 6990, 3193, 6997, 5153, 5152, 6989, 3193, 3190, 6997, 5155, 5152, 5153, 5158, 5155, 5153, 5158, 5153, 5156, 3184, 1359, 3183, 3185, 1354, 3184, 5159, 5158, 5156, 6997, 3190, 6994, 5159, 1361, 5158, 5158, 1357, 5155, 1362, 1361, 5159, 1362, 1364, 1358, 3192, 3191, 6995, 1365, 1363, 1364, 3182, 1358, 3189, 5161, 5159, 5156, 5156, 5157, 5161, 5161, 1364, 5159, 1365, 5161, 5162, 5160, 5162, 5157, 5162, 5161, 5157, 3183, 1359, 3182, 1359, 1358, 3182, 1363, 3189, 1358, 5157, 5156, 6985, 5160, 5157, 6986, 3183, 3182, 3192, 6996, 6995, 6993, 6996, 6986, 6994, 6994, 3190, 6996, 3189, 3191, 3182, 3192, 3182, 3191, 3190, 3183, 3192, 5160, 6986, 6993, 6996, 3192, 6995, 6986, 5157, 6985, 6986, 6985, 6994, 6993, 6986, 6996, 1364, 1362, 5159, 1365, 1364, 5161, 1358, 1359, 1362, 3192, 6996, 3190, 1358, 1364, 1363, 6980, 6999, 3194, 6998, 6993, 6995, 1366, 1365, 5164, 6995, 3191, 3194, 1370, 1366, 5164, 6995, 3194, 6999, 6998, 5160, 6993, 5164, 5167, 1370, 5164, 1365, 5162, 3191, 3188, 3194, 3189, 3188, 3191, 5162, 5160, 5163, 5164, 5162, 5163, 5165, 5167, 5163, 3189, 1360, 3188, 5167, 5164, 5163, 5163, 5160, 6998, 5165, 5163, 6998, 1363, 1360, 3189, 3188, 3174, 3179, 3188, 3179, 3194, 6974, 6998, 6999, 6999, 6980, 6974, 1360, 3174, 3188, 1369, 3174, 1360, 6974, 5165, 6998, 1360, 1366, 1369, 1369, 1366, 1370, 1365, 1366, 1360, 3194, 3179, 6980, 6999, 6998, 6995, 1363, 1365, 1360, 3180, 3178, 6981, 6975, 5165, 6974, 6976, 5166, 6975, 3174, 1368, 3173, 1369, 1368, 3174, 1368, 1373, 3173, 3179, 3173, 3180, 3180, 3176, 3178, 3173, 3176, 3180, 3173, 1373, 3176, 6980, 3179, 3180, 5168, 1370, 5167, 5171, 1371, 5168, 6975, 6974, 6980, 5168, 5166, 5169, 1371, 1370, 5168, 3174, 3173, 3179, 5169, 5166, 6976, 5166, 5165, 6975, 6981, 6979, 6976, 6976, 6975, 6981, 1371, 1368, 1370, 5167, 5165, 5166, 1373, 1371, 1374, 1368, 1371, 1373, 1368, 1369, 1370, 5171, 5168, 5169, 6975, 6980, 6981, 1374, 1371, 5171, 6981, 3178, 6979, 6980, 3180, 6981, 5168, 5167, 5166, 1405, 1374, 5171, 5175, 5174, 5170, 3176, 3225, 3178, 7001, 3225, 7000, 5169, 5170, 5174, 5172, 5175, 5170, 5174, 1405, 5171, 1375, 3177, 1372, 3225, 7001, 3178, 1372, 1373, 1374, 1372, 1405, 1375, 1373, 1372, 3175, 1405, 1372, 1374, 7001, 7000, 6978, 1406, 1375, 1405, 6977, 5170, 6976, 5172, 5170, 6977, 3176, 1373, 3175, 3225, 3224, 7000, 6978, 6977, 7001, 6979, 7001, 6977, 5170, 5169, 6976, 3225, 3175, 3224, 6977, 6976, 6979, 3177, 3224, 3175, 3176, 3175, 3225, 6978, 5172, 6977, 3175, 1372, 3177, 6979, 3178, 7001, 5174, 5171, 5169, 1406, 1405, 5174, 1406, 5174, 5175, 3223, 3213, 7005, 1392, 1390, 1394, 3177, 1367, 3172, 3172, 1367, 3210, 7016, 3223, 7005, 7000, 3223, 7016, 6982, 6978, 7000, 7002, 6982, 7016, 6982, 7000, 7016, 3172, 3223, 3224, 1375, 1367, 3177, 5176, 5179, 1394, 5176, 1406, 5175, 5175, 5172, 5173, 3224, 3223, 7000, 1392, 3210, 1367, 1406, 1367, 1375, 1394, 1390, 5176, 3210, 3213, 3172, 7016, 7005, 7002, 1390, 1406, 5176, 1367, 1390, 1392, 7002, 5177, 6982, 1390, 1367, 1406, 5177, 5173, 6982, 5173, 5172, 6982, 5176, 5175, 5173, 5179, 5176, 5173, 5179, 5173, 5177, 3223, 3172, 3213, 6982, 5172, 6978, 3177, 3172, 3224, 3221, 7005, 3213, 7004, 7003, 7011, 5182, 5178, 5180, 1392, 1391, 3210, 5182, 5179, 5178, 3212, 3221, 3209, 5179, 5177, 5178, 1391, 1395, 3209, 3221, 3220, 7011, 7005, 3221, 7011, 7011, 3220, 7010, 1391, 1392, 1394, 5183, 1399, 5182, 3210, 1391, 3209, 3209, 1395, 3212, 3221, 3212, 3220, 1391, 1399, 1395, 7011, 7010, 7004, 1400, 1399, 5183, 3213, 3209, 3221, 1400, 1395, 1399, 7003, 5177, 7002, 5178, 5177, 7003, 5180, 5178, 7004, 1399, 1394, 5182, 7004, 5178, 7003, 5183, 5182, 5180, 5182, 1394, 5179, 7003, 7002, 7005, 7011, 7003, 7005, 3210, 3209, 3213, 1391, 1394, 1399, 6805, 5254, 6804, 5255, 5254, 6805, 5180, 5181, 5184, 1401, 5183, 5184, 7006, 5181, 7004, 1402, 1476, 1393, 5184, 5183, 5180, 5185, 5181, 7006, 7006, 7012, 7008, 5185, 5186, 5181, 3211, 3217, 3218, 3211, 3218, 3219, 7009, 7008, 7012, 7007, 6804, 7006, 3211, 1393, 3217, 1393, 1400, 1401, 3211, 3219, 3222, 3212, 1395, 3211, 3212, 3211, 3222, 3220, 3212, 3222, 1401, 1400, 5183, 1403, 1401, 1404, 7012, 7006, 7010, 5181, 5180, 7004, 3022, 1476, 1477, 5187, 5181, 5186, 6804, 5254, 7006, 1395, 1393, 3211, 1395, 1400, 1393, 1476, 3022, 1393, 7010, 3220, 7012, 7008, 7007, 7006, 5184, 5181, 5187, 1403, 1393, 1401, 3022, 3217, 1393, 1393, 1403, 1402, 3022, 1477, 3023, 3220, 3222, 7012, 5254, 5185, 7006, 7006, 7004, 7010, 7015, 7014, 7009, 1397, 1404, 1398, 6808, 6807, 7014, 5189, 5257, 6808, 1473, 1475, 3019, 3023, 1473, 3019, 1397, 1403, 1404, 7014, 7008, 7009, 5190, 5189, 5258, 5187, 5189, 5190, 1473, 1397, 1475, 3215, 3021, 3216, 3215, 1475, 3021, 3219, 3215, 3216, 5187, 5186, 5189, 1477, 1473, 3023, 3019, 1475, 3215, 3218, 3215, 3219, 6808, 7014, 7015, 5257, 5255, 6807, 6807, 5255, 6805, 6808, 5257, 6807, 1397, 1398, 1475, 5258, 5189, 6808, 6818, 5259, 6809, 6809, 5258, 6808, 5268, 5259, 6818, 1475, 1474, 3021, 1480, 3020, 1474, 3021, 1474, 3020, 5259, 5258, 6809, 3020, 1480, 3026, 5269, 5268, 6819, 1480, 1479, 3026, 6820, 5269, 6819, 6819, 5268, 6818, 1479, 1482, 3025, 5270, 5269, 6820, 3025, 1482, 3028, 3026, 1479, 3025, 6821, 5270, 6820, 1482, 1481, 3028, 1483, 3027, 1481, 3027, 1483, 3029, 5271, 6822, 5272, 5270, 6821, 5271, 6822, 5271, 6821, 3028, 1481, 3027, 6826, 5272, 6822, 6828, 5276, 6826, 1483, 1469, 3029, 3029, 1469, 3015, 1469, 1471, 3015, 3015, 1471, 3017, 5278, 5276, 6828, 5276, 5272, 6826, 1470, 1497, 3016, 1471, 1470, 3017, 3016, 1497, 3043, 3017, 1470, 3016, 5279, 6847, 5297, 6829, 5278, 6828, 6847, 5279, 6829, 5279, 5278, 6829, 1496, 1498, 3042, 5298, 6849, 5299, 3042, 1498, 3044, 6848, 5297, 6847, 6849, 5298, 6848, 3043, 1496, 3042, 5297, 6848, 5298, 1497, 1496, 3043, 3041, 1500, 3046, 5300, 5299, 6850, 5300, 6851, 5301, 3044, 1495, 3041, 6850, 5299, 6849, 6851, 5300, 6850, 1495, 1500, 3041, 1498, 1495, 3044, 1499, 1507, 3045, 1500, 1499, 3046, 6856, 5302, 6852, 6852, 5301, 6851, 5306, 5302, 6856, 5301, 6852, 5302, 3045, 1507, 3053, 3046, 1499, 3045, 6858, 5307, 6857, 6857, 5306, 6856, 3052, 1508, 3054, 3053, 1506, 3052, 5307, 6858, 5308, 5306, 6857, 5307, 1508, 3052, 1506, 1507, 1506, 3053, 6859, 5308, 6858, 5309, 6860, 5310, 1501, 1503, 3047, 5308, 6859, 5309, 6860, 5309, 6859, 1508, 1501, 3054, 3047, 1503, 3049, 3054, 1501, 3047, 5310, 6861, 5311, 6862, 5311, 6861, 3048, 1505, 3051, 1505, 3048, 1502, 1503, 1502, 3049, 3049, 1502, 3048, 6861, 5310, 6860, 5311, 6862, 5312, 5312, 6863, 5313, 5313, 6879, 5329, 1504, 1550, 3050, 1505, 1504, 3051, 3051, 1504, 3050, 3050, 1550, 3096, 6863, 5312, 6862, 6879, 5313, 6863, 1547, 1549, 3093, 5329, 6880, 5330, 5330, 6881, 5331, 1550, 1547, 3096, 3096, 1547, 3093, 3093, 1549, 3095, 6881, 5330, 6880, 6880, 5329, 6879, 6883, 5332, 6882, 1549, 1548, 3095, 5331, 6882, 5332, 5332, 6883, 5333, 1552, 3094, 1548, 3094, 1552, 3098, 3095, 1548, 3094, 6882, 5331, 6881, 1552, 1551, 3098, 5333, 6884, 5334, 5335, 5334, 6885, 6885, 5334, 6884, 1551, 1554, 3097, 3097, 1554, 3100, 3098, 1551, 3097, 6884, 5333, 6883, 6894, 5336, 6886, 5336, 6894, 5344, 1554, 1553, 3100, 6886, 5335, 6885, 5336, 5335, 6886, 3099, 1560, 3106, 3100, 1553, 3099, 1553, 1560, 3099, 6911, 5360, 6910, 5360, 5344, 6910, 3071, 1527, 3073, 5361, 5360, 6911, 3106, 1525, 3071, 1560, 1525, 3106, 1527, 3071, 1525, 6910, 5344, 6894, 6913, 5362, 6912, 3072, 1530, 3076, 3073, 1526, 3072, 5363, 5362, 6913, 1530, 3072, 1526, 1527, 1526, 3073, 6912, 5361, 6911, 5362, 5361, 6912, 3075, 1531, 3077, 3076, 1529, 3075, 5364, 5363, 6914, 1529, 1531, 3075, 1530, 1529, 3076, 5365, 5364, 6915, 6915, 5364, 6914, 6914, 5363, 6913, 6918, 5366, 6916, 1531, 1528, 3077, 6916, 5365, 6915, 3077, 1528, 3074, 1536, 3074, 1528, 5368, 5366, 6918, 5366, 5365, 6916, 3074, 1536, 3082, 6919, 5368, 6918, 6920, 5369, 6919, 3081, 1538, 3084, 3082, 1535, 3081, 1536, 1535, 3082, 1538, 3081, 1535, 5369, 5368, 6919, 5370, 5369, 6920, 3084, 1537, 3083, 6921, 5370, 6920, 3083, 1539, 3085, 1538, 1537, 3084, 1537, 1539, 3083, 5371, 5370, 6921, 5372, 5371, 6922, 6922, 5371, 6921, 5374, 5373, 6924, 5373, 5372, 6923, 6923, 5372, 6922, 6924, 5373, 6923, 1539, 1532, 3085, 3078, 1534, 3080, 1534, 3078, 1532, 3085, 1532, 3078, 1534, 1533, 3080, 5375, 5374, 6925, 5377, 5375, 6927, 1541, 3079, 1533, 6925, 5374, 6924, 6927, 5375, 6925, 3079, 1541, 3087, 3080, 1533, 3079, 5378, 5377, 6928, 6928, 5377, 6927, 6929, 5378, 6928, 3086, 1545, 3091, 1541, 1540, 3087, 3087, 1540, 3086, 5379, 5378, 6929, 1540, 1545, 3086, 1545, 1542, 3091, 1544, 3088, 1542, 5380, 5379, 6930, 3088, 1544, 3090, 6931, 5380, 6930, 6930, 5379, 6929, 5381, 5380, 6931, 3091, 1542, 3088, 3090, 1543, 3089, 1591, 3089, 1543, 6941, 5382, 6932, 6932, 5381, 6931, 5393, 5382, 6941, 5382, 5381, 6932, 1544, 1543, 3090, 3089, 1591, 3135, 1591, 1590, 3135, 5395, 5394, 6943, 3134, 1593, 3137, 3135, 1590, 3134, 6943, 5394, 6942, 6942, 5393, 6941, 5394, 5393, 6942, 1590, 1593, 3134, 5396, 6945, 5397, 6944, 5395, 6943, 6945, 5396, 6944, 3137, 1592, 3136, 3136, 1594, 3138, 1594, 3136, 1592, 1593, 1592, 3137, 5396, 5395, 6944, 1594, 1587, 3138, 1589, 3131, 1587, 5406, 5397, 6954, 5407, 5406, 6955, 3138, 1587, 3131, 3131, 1589, 3133, 6954, 5397, 6945, 6955, 5406, 6954, 5408, 5407, 6956, 3133, 1588, 3132, 6956, 5407, 6955, 1589, 1588, 3133, 2289, 2288, 2291, 5475, 2345, 5474, 5543, 5542, 5567, 3625, 500, 3626, 5567, 5541, 5566, 5565, 5543, 5567, 5566, 5564, 5565, 5567, 5566, 5565, 466, 439, 467, 467, 439, 465, 466, 438, 439, 439, 441, 465, 441, 438, 440, 438, 441, 439, 2323, 2291, 2325, 3678, 3706, 3677, 3679, 3707, 3678, 2325, 2290, 2324, 3709, 3708, 3707, 3706, 3707, 3708, 3707, 3679, 3709, 3706, 3678, 3707, 2291, 2290, 2325, 2289, 2291, 2323, 2291, 2288, 2290, 5542, 5541, 5567, 3710, 3708, 3709, 444, 437, 856, 502, 3627, 501, 5469, 2339, 2340, 500, 501, 3627, 5469, 5470, 2339, 3628, 502, 505, 4229, 3712, 4230, 3710, 3712, 4229, 441, 468, 465, 856, 437, 855, 464, 468, 441, 5568, 5569, 5565, 5569, 5568, 5560, 5565, 5564, 5568, 5545, 5565, 5569, 5476, 2346, 5475, 5477, 2346, 5476, 3709, 3680, 3711, 3711, 3710, 3709, 3710, 3711, 3712, 3714, 3712, 3711, 5560, 5562, 5569, 3626, 500, 3627, 502, 3628, 3627, 3631, 3628, 505, 2346, 2345, 5475, 2347, 5477, 5469, 2346, 5477, 2347, 3680, 3709, 3679, 5469, 2340, 2347, 437, 442, 441, 442, 437, 444, 440, 437, 441, 5568, 5441, 5560, 2067, 2066, 2284, 464, 441, 442, 5568, 5440, 5441, 3632, 3631, 505, 442, 444, 446, 2284, 2066, 2287, 2326, 2289, 2323, 2289, 2326, 2292, 2287, 2288, 2289, 2292, 2287, 2289, 2287, 2292, 2284, 2286, 2284, 2292, 5545, 5544, 5565, 5565, 5544, 5543, 3632, 505, 504, 2089, 2065, 2283, 2343, 5472, 2341, 443, 444, 857, 443, 857, 445, 2284, 2285, 2283, 2285, 2284, 2286, 5441, 5438, 5560, 5438, 5439, 5563, 443, 446, 444, 2283, 2067, 2284, 508, 3632, 504, 508, 506, 3633, 5471, 2343, 2339, 5471, 2339, 5470, 3633, 506, 3634, 508, 3633, 3632, 2283, 2065, 2064, 446, 443, 445, 5560, 5438, 5561, 2283, 2064, 2067, 3713, 4232, 4231, 3713, 3715, 3716, 3712, 3715, 3713, 5561, 5438, 5563, 5561, 5562, 5560, 3715, 3712, 3714, 5562, 5561, 5563, 4230, 3713, 4231, 5471, 5472, 2343, 4232, 3713, 3716, 3712, 3713, 4230, 857, 444, 856, 445, 857, 858, 2089, 2283, 2285, 2341, 5473, 2342, 5480, 2342, 5473, 5473, 2341, 5472, 5480, 2335, 2342, 3634, 507, 3635, 497, 3637, 3635, 497, 3635, 507, 507, 3634, 506, 2335, 5480, 5481, 2336, 5481, 5482, 2336, 5482, 2333, 5481, 2336, 2335, 3637, 497, 498, 3638, 498, 495, 498, 3638, 3637, 3638, 495, 3639, 2333, 5483, 2334, 3639, 496, 3640, 3640, 496, 494, 5483, 2333, 5482, 2334, 5483, 5484, 2332, 2334, 5484, 3641, 3640, 494, 496, 3639, 495, 2332, 5497, 2361, 511, 510, 3654, 522, 3641, 494, 5497, 2332, 5484, 2358, 5507, 5508, 2357, 2358, 5508, 5507, 2361, 5497, 510, 3655, 3654, 511, 3654, 3653, 3641, 522, 3653, 2358, 2361, 5507, 511, 3653, 522, 3655, 510, 512, 3656, 512, 509, 2357, 5508, 5509, 2359, 5509, 5510, 2359, 5510, 2356, 5509, 2359, 2357, 3656, 509, 3657, 512, 3656, 3655, 2356, 5511, 2360, 513, 3657, 509, 2360, 5498, 2349, 2360, 5511, 5498, 3658, 513, 515, 5511, 2356, 5510, 3658, 515, 3659, 3657, 513, 3658, 514, 3660, 516, 5501, 5500, 2348, 2350, 5501, 2348, 2349, 5499, 2350, 5499, 2349, 5498, 5501, 2350, 5499, 514, 3661, 3660, 3659, 516, 3660, 516, 3659, 515, 3796, 3797, 3916, 3797, 3801, 3798, 5644, 5643, 3916, 3800, 3797, 3796, 334, 335, 333, 332, 334, 333, 2169, 2168, 2085, 2188, 2190, 2189, 3800, 3801, 3797, 2190, 2191, 2189, 3661, 519, 3662, 3663, 3662, 517, 332, 331, 334, 3801, 3800, 3803, 3800, 3802, 3803, 333, 329, 332, 2355, 5505, 2353, 2348, 5504, 2355, 332, 328, 331, 519, 517, 3662, 332, 329, 328, 514, 519, 3661, 5504, 5505, 2355, 331, 2168, 2171, 5666, 5643, 5644, 328, 2085, 2168, 5665, 5643, 5666, 5644, 5645, 5666, 5666, 5645, 5664, 5663, 5665, 5666, 5664, 5663, 5666, 5500, 5504, 2348, 3797, 3798, 5645, 331, 328, 2168, 328, 329, 2085, 5644, 3797, 5645, 5644, 3916, 3797, 3801, 3803, 3798, 2191, 2190, 2168, 2171, 2168, 2190, 2168, 2169, 2191, 2188, 2171, 2190, 5668, 5667, 5663, 518, 520, 3664, 5651, 5668, 5647, 3665, 3664, 520, 5651, 5649, 5668, 518, 3664, 3663, 5645, 5646, 5664, 2176, 2174, 2192, 5646, 5647, 5668, 2176, 2192, 2177, 5668, 5664, 5646, 5645, 3799, 5646, 5646, 3799, 5647, 5506, 5502, 2354, 330, 331, 2170, 340, 330, 2170, 2353, 5505, 5506, 3798, 3803, 3805, 3798, 3805, 3799, 2174, 340, 2170, 3799, 3806, 5647, 334, 331, 330, 330, 336, 334, 3799, 3805, 3806, 3803, 3802, 3804, 3803, 3804, 3805, 3805, 3804, 3809, 336, 330, 340, 3804, 3808, 3809, 3806, 3805, 3809, 5645, 3798, 3799, 2192, 2193, 2177, 5664, 5668, 5663, 340, 341, 336, 2188, 2189, 2193, 5649, 5667, 5668, 5502, 2351, 2354, 2188, 2193, 2192, 2192, 2171, 2188, 336, 341, 337, 336, 337, 335, 2174, 2170, 2192, 341, 343, 337, 334, 336, 335, 2170, 331, 2171, 517, 518, 3663, 2354, 2353, 5506, 2170, 2171, 2192, 5657, 5651, 5648, 5648, 5650, 5657, 2351, 5502, 5503, 2352, 5503, 5546, 520, 521, 3665, 2351, 5503, 2352, 3814, 3813, 3815, 3815, 3807, 3814, 2328, 2352, 5546, 3809, 3812, 3814, 339, 341, 340, 3814, 3812, 3813, 3809, 3808, 3812, 348, 339, 342, 2173, 340, 2174, 2175, 339, 2173, 341, 339, 348, 3807, 3815, 3810, 3814, 3806, 3809, 3806, 3814, 3807, 342, 339, 2175, 339, 340, 2173, 5647, 3806, 3807, 3807, 3810, 5648, 2184, 2186, 2185, 2176, 2177, 2186, 2176, 2186, 2184, 2183, 2173, 2184, 348, 350, 343, 348, 342, 349, 2183, 2184, 2185, 2184, 2174, 2176, 348, 349, 350, 341, 348, 343, 2173, 2174, 2184, 2175, 2173, 2183, 5656, 5655, 5657, 471, 3682, 3666, 5648, 3810, 5650, 521, 3666, 3665, 5651, 5657, 5649, 5647, 3807, 5648, 5657, 5650, 5656, 5657, 5655, 5649, 5656, 5654, 5655, 349, 351, 350, 5647, 5648, 5651, 471, 3666, 521, 344, 352, 351, 2172, 2175, 2183, 5661, 5658, 5662, 338, 2175, 2172, 5650, 3810, 5652, 5652, 3819, 5659, 2179, 2172, 2180, 3683, 3682, 472, 5662, 5658, 5654, 5656, 5662, 5654, 5652, 5659, 5662, 2180, 2172, 2181, 5662, 5659, 5661, 338, 342, 2175, 346, 338, 2179, 5656, 5650, 5652, 5662, 5656, 5652, 470, 3684, 3683, 2183, 2185, 2181, 344, 346, 347, 2185, 2187, 2181, 2329, 5548, 2327, 3813, 3816, 3818, 3815, 3813, 3818, 2328, 5547, 2329, 2329, 5547, 5548, 344, 338, 346, 338, 349, 342, 344, 347, 352, 347, 353, 352, 471, 472, 3682, 472, 470, 3683, 3818, 3816, 3817, 3818, 3817, 3821, 3810, 3815, 3811, 3815, 3818, 3811, 5652, 3811, 3819, 3810, 3811, 5652, 3811, 3821, 3819, 349, 338, 344, 5546, 5547, 2328, 3821, 3811, 3818, 5661, 5653, 5658, 349, 344, 351, 2181, 2187, 2182, 2180, 2181, 2182, 2181, 2172, 2183, 2179, 338, 2172, 3817, 3835, 3836, 3820, 3866, 5570, 2093, 2178, 2220, 2178, 2179, 2180, 2178, 345, 2179, 5659, 5660, 5661, 5670, 5661, 5660, 2330, 2327, 5549, 5572, 5669, 5670, 5661, 5670, 5653, 5670, 5669, 5653, 5574, 5572, 5670, 5670, 5570, 5574, 5660, 5570, 5670, 345, 346, 2179, 2315, 2330, 5526, 396, 345, 2178, 347, 345, 393, 420, 422, 394, 393, 394, 353, 5548, 5549, 2327, 347, 393, 353, 3866, 3836, 3869, 3836, 3835, 3869, 3835, 3868, 3869, 5549, 5526, 2330, 2220, 2178, 2180, 345, 347, 346, 345, 396, 393, 3685, 3684, 473, 5659, 3819, 5660, 5660, 3820, 5570, 2118, 2093, 2220, 2118, 2220, 2119, 2220, 2221, 2119, 3690, 3685, 485, 396, 420, 393, 2180, 2182, 2220, 393, 420, 394, 2182, 2221, 2220, 3821, 3817, 3836, 473, 485, 3685, 3820, 3836, 3866, 3820, 3821, 3836, 3819, 3821, 3820, 470, 473, 3684, 396, 2178, 2093, 3819, 3820, 5660, 5570, 3866, 3867, 2118, 2119, 2124, 3691, 486, 481, 3867, 3870, 5571, 482, 3691, 481, 485, 486, 3690, 5580, 5573, 5579, 2316, 5530, 5529, 2312, 2313, 5529, 5574, 5580, 5572, 2315, 5527, 2316, 3875, 3872, 3876, 5579, 5576, 5577, 5571, 3870, 5573, 5570, 3867, 5571, 5580, 5574, 5571, 5571, 5573, 5580, 5570, 5571, 5574, 5580, 5577, 5572, 2313, 2316, 5529, 486, 3691, 3690, 482, 3692, 3691, 3867, 3876, 3870, 482, 3693, 3692, 421, 395, 2117, 2092, 396, 2093, 2121, 2124, 2123, 395, 396, 2092, 3866, 3875, 3867, 2117, 2092, 2120, 2092, 2093, 2121, 420, 396, 395, 420, 395, 423, 423, 395, 421, 423, 421, 424, 3869, 3868, 3871, 420, 423, 422, 3875, 3866, 3869, 2121, 2093, 2118, 423, 425, 422, 423, 424, 425, 2120, 2121, 2123, 2120, 2092, 2121, 2118, 2124, 2121, 3875, 3871, 3872, 3876, 3867, 3875, 3869, 3871, 3875, 2316, 5527, 5530, 5579, 5577, 5580, 424, 426, 425, 2315, 5526, 5527, 2117, 395, 2092, 5529, 5531, 2312, 2098, 397, 2096, 398, 397, 400, 397, 398, 424, 3870, 3885, 5591, 2101, 2096, 2102, 2096, 2120, 2102, 2098, 2096, 2101, 5579, 5597, 5576, 2102, 2120, 2125, 398, 403, 427, 2101, 2102, 2122, 5591, 3885, 3887, 5594, 5578, 5597, 427, 426, 424, 2314, 5531, 5528, 2120, 2096, 2117, 3870, 3876, 3885, 403, 428, 427, 3872, 3873, 3886, 3886, 3873, 3874, 5573, 3870, 5591, 3876, 3872, 3886, 5591, 3887, 5592, 5597, 5579, 5591, 5591, 5592, 5597, 5573, 5591, 5579, 2102, 2125, 2122, 5594, 5575, 5578, 398, 427, 424, 424, 421, 397, 400, 397, 2098, 3885, 3889, 3887, 3886, 3889, 3885, 3885, 3876, 3886, 5597, 5578, 5576, 3886, 3874, 3889, 2120, 2123, 2125, 483, 484, 3694, 397, 421, 2117, 482, 483, 3693, 2096, 397, 2117, 484, 3695, 3694, 3694, 3693, 483, 2312, 5531, 2314, 5594, 5597, 5592, 2311, 2314, 5528, 400, 403, 398, 5586, 5587, 5610, 399, 402, 404, 3892, 3877, 3893, 5594, 5592, 5593, 2321, 2311, 5534, 5610, 5594, 5593, 3696, 3695, 489, 402, 2097, 2100, 3697, 3696, 487, 2122, 2132, 2115, 484, 489, 3695, 2097, 399, 2098, 489, 487, 3696, 3877, 3878, 3893, 3889, 3874, 3892, 399, 400, 2098, 402, 399, 2097, 5610, 5587, 5575, 405, 430, 429, 3888, 3892, 3890, 404, 405, 429, 5610, 5595, 5609, 5610, 5593, 5595, 5593, 3888, 5595, 5592, 3887, 5593, 404, 429, 428, 3874, 3877, 3892, 2114, 2115, 2131, 3892, 3893, 3890, 2115, 2132, 2131, 2321, 5535, 2319, 2097, 2098, 2101, 5594, 5610, 5575, 5528, 5534, 2311, 5534, 5535, 2321, 3888, 3890, 5595, 3887, 3888, 5593, 3889, 3892, 3888, 2101, 2122, 2115, 3887, 3889, 3888, 403, 404, 428, 2115, 2097, 2101, 2100, 2097, 2115, 403, 399, 404, 404, 402, 405, 2114, 2100, 2115, 399, 403, 400, 5609, 5586, 5610, 2116, 2099, 2100, 2099, 402, 2100, 5599, 5581, 5588, 401, 402, 2099, 2320, 5532, 2317, 405, 401, 406, 411, 432, 431, 406, 411, 431, 5595, 3891, 5596, 5596, 3895, 5598, 406, 431, 430, 2107, 2099, 2116, 2320, 5536, 5532, 2116, 2100, 2114, 490, 3699, 3698, 3896, 3891, 3894, 3891, 3896, 3895, 488, 3698, 3697, 406, 410, 411, 406, 401, 410, 401, 405, 402, 5595, 3890, 3891, 3891, 3895, 5596, 2319, 5535, 5536, 2107, 2116, 2126, 2116, 2133, 2126, 5611, 5609, 5596, 405, 406, 430, 3894, 3880, 3896, 2319, 5536, 2320, 3894, 3879, 3880, 3893, 3879, 3894, 5611, 5588, 5586, 3893, 3878, 3879, 3894, 3890, 3893, 3890, 3894, 3891, 5611, 5598, 5599, 5609, 5611, 5586, 5599, 5588, 5611, 5596, 5598, 5611, 5595, 5596, 5609, 2114, 2133, 2116, 490, 3698, 488, 487, 488, 3697, 2106, 2099, 2107, 2114, 2131, 2133, 2106, 401, 2099, 410, 401, 2106, 2104, 407, 2105, 2105, 407, 2106, 3699, 490, 491, 407, 412, 411, 2113, 2130, 2127, 5598, 5602, 5599, 2113, 2105, 2107, 5604, 5585, 5608, 2308, 2318, 5537, 5599, 5608, 5581, 3881, 3896, 3880, 2110, 2105, 2113, 3900, 3881, 3882, 2110, 2104, 2105, 2107, 2126, 2130, 3895, 3897, 5602, 5608, 5599, 5602, 5608, 5600, 5604, 5604, 5582, 5585, 412, 407, 409, 412, 409, 414, 411, 412, 432, 5602, 5600, 5608, 5602, 3897, 3898, 3900, 3882, 3901, 2107, 2105, 2106, 2318, 5533, 5537, 407, 411, 410, 3901, 3897, 3900, 412, 414, 433, 3897, 3901, 3898, 2317, 5532, 5533, 3700, 3699, 491, 3895, 3896, 3897, 478, 3701, 3700, 5602, 3898, 5600, 2107, 2130, 2113, 5598, 3895, 5602, 3881, 3900, 3896, 412, 433, 432, 2110, 2113, 2127, 414, 434, 433, 3897, 3896, 3900, 491, 478, 3700, 407, 410, 2106, 2318, 2317, 5533, 5608, 5585, 5581, 409, 407, 2104, 416, 408, 415, 416, 415, 417, 2110, 2127, 2112, 2111, 2109, 2112, 2112, 2103, 2110, 415, 408, 2103, 416, 417, 435, 2109, 2103, 2112, 2111, 2112, 2128, 416, 435, 434, 417, 436, 435, 414, 416, 434, 3703, 3702, 479, 2309, 2310, 5539, 3702, 3701, 480, 408, 414, 409, 414, 408, 416, 5604, 5607, 5582, 3883, 3884, 3905, 3882, 3883, 3904, 5607, 5584, 5582, 2112, 2129, 2128, 2127, 2129, 2112, 3904, 3905, 3902, 5583, 5584, 5607, 3899, 3904, 3902, 3901, 3904, 3899, 2103, 408, 2104, 2109, 415, 2103, 5606, 5583, 5607, 2310, 2308, 5538, 5601, 5603, 5607, 3899, 3902, 5603, 5600, 5601, 5604, 5607, 5604, 5601, 5607, 5603, 5606, 3904, 3883, 3905, 3898, 3901, 3899, 5538, 5539, 2310, 5537, 5538, 2308, 5601, 3899, 5603, 3898, 5601, 5600, 478, 480, 3701, 480, 479, 3702, 2103, 2104, 2110, 3898, 3899, 5601, 3901, 3882, 3904, 408, 409, 2104, 479, 817, 3703, 2111, 2128, 2549, 2536, 2549, 2538, 649, 676, 436, 821, 3938, 817, 5873, 5872, 5899, 5899, 5872, 5583, 5603, 3903, 5605, 5605, 3906, 5589, 4005, 3993, 4006, 649, 664, 676, 3903, 4006, 3906, 419, 413, 2095, 413, 415, 2108, 2111, 2549, 2536, 5873, 5861, 5872, 2309, 5539, 5790, 2653, 2663, 5777, 649, 419, 664, 4005, 4006, 3903, 4005, 3902, 3905, 3905, 3992, 4005, 3902, 4005, 3903, 2663, 5790, 5777, 417, 649, 436, 649, 413, 419, 417, 413, 649, 413, 417, 415, 5603, 3902, 3903, 3903, 3906, 5605, 2524, 2536, 2538, 2309, 5790, 2663, 5606, 5899, 5583, 5603, 5605, 5606, 5899, 5589, 5873, 2524, 2108, 2536, 5605, 5589, 5899, 2524, 2095, 2108, 5899, 5606, 5605, 2108, 415, 2109, 664, 677, 676, 817, 3938, 3703, 2095, 413, 2108, 2536, 2109, 2111, 4005, 3992, 3993, 821, 3939, 3938, 2108, 2109, 2536, 3905, 3884, 3992, 2518, 2094, 2519, 2518, 418, 2094, 2094, 2095, 2524, 5884, 5881, 5883, 5884, 5590, 5881, 3940, 3939, 823, 664, 418, 652, 3993, 3994, 4009, 2094, 418, 2095, 678, 677, 664, 3907, 4010, 4007, 5873, 5590, 5884, 5883, 5863, 5884, 653, 679, 678, 2520, 2094, 2524, 4010, 3907, 4009, 5589, 5590, 5873, 5590, 3907, 4007, 3906, 3907, 5590, 418, 664, 419, 2519, 2520, 2539, 418, 651, 652, 2520, 2524, 2540, 4009, 3994, 3995, 2519, 2094, 2520, 652, 651, 653, 3907, 4006, 4009, 652, 678, 664, 4009, 3995, 4010, 2653, 5778, 2655, 2655, 5779, 2654, 822, 3940, 823, 2655, 5778, 5779, 652, 653, 678, 5883, 5862, 5863, 5777, 5778, 2653, 2524, 2538, 2540, 5590, 4007, 5881, 2520, 2540, 2539, 5884, 5863, 5861, 4006, 3993, 4009, 418, 419, 2095, 651, 418, 2518, 5873, 5884, 5861, 821, 823, 3939, 3906, 5590, 5589, 822, 3941, 3940, 3906, 4006, 3907, 655, 650, 2517, 650, 651, 2518, 2523, 2543, 2541, 3943, 3942, 818, 5881, 4007, 5882, 653, 656, 679, 2519, 2539, 2543, 5882, 4008, 5879, 656, 657, 680, 5780, 2654, 5779, 2656, 5782, 2651, 5780, 5782, 2656, 2543, 2523, 2519, 2521, 2523, 2541, 2523, 2517, 2519, 653, 650, 656, 653, 651, 650, 2656, 2654, 5780, 657, 681, 680, 656, 680, 679, 656, 650, 655, 2516, 2523, 2521, 4008, 4011, 5879, 2517, 650, 2518, 5887, 5879, 5885, 656, 655, 657, 2516, 2517, 2523, 5887, 5883, 5882, 2517, 2518, 2519, 5881, 5882, 5883, 5882, 5879, 5887, 4013, 4014, 4011, 4008, 4013, 4011, 4010, 4013, 4008, 4007, 4010, 4008, 5885, 5864, 5887, 4007, 4008, 5882, 655, 2517, 2516, 4010, 3995, 3996, 4013, 3996, 4014, 3996, 4013, 4010, 824, 818, 3942, 824, 3941, 822, 5864, 5866, 5887, 5887, 5866, 5862, 5883, 5887, 5862, 3996, 3997, 4014, 3942, 3941, 824, 658, 662, 682, 657, 658, 681, 657, 655, 654, 4015, 3998, 3999, 2514, 2512, 2515, 2515, 2522, 2514, 4014, 3997, 3998, 2515, 2516, 2522, 4014, 3998, 4015, 4015, 3999, 4018, 4011, 4014, 4015, 4011, 4015, 4012, 4018, 4012, 4015, 4012, 4018, 4016, 658, 654, 661, 661, 662, 658, 2522, 2516, 2521, 661, 654, 2512, 2514, 2522, 2537, 2521, 2542, 2522, 2521, 2541, 2542, 2522, 2542, 2537, 5879, 4012, 5880, 662, 683, 682, 5880, 4016, 5874, 2651, 5782, 5783, 2652, 5781, 2650, 2652, 5783, 5781, 654, 655, 2515, 2651, 5783, 2652, 658, 682, 681, 4012, 4016, 5880, 5879, 4011, 4012, 5886, 5874, 5877, 5886, 5885, 5880, 5880, 5874, 5886, 5879, 5880, 5885, 5877, 5865, 5886, 5885, 5886, 5864, 2515, 655, 2516, 820, 3944, 819, 818, 819, 3943, 5877, 5860, 5865, 5886, 5865, 5864, 2512, 654, 2515, 820, 3945, 3944, 819, 3944, 3943, 654, 658, 657, 4018, 3999, 4021, 671, 672, 684, 3947, 3946, 825, 5784, 5786, 2660, 5781, 5784, 2650, 2511, 2512, 2514, 660, 661, 2512, 2513, 2511, 2532, 2532, 2511, 2514, 3999, 4000, 4021, 4000, 4001, 4022, 4016, 4018, 4017, 4017, 4021, 4019, 662, 671, 683, 662, 661, 660, 662, 660, 671, 671, 660, 663, 4021, 4000, 4022, 2531, 2513, 2532, 2514, 2537, 2532, 2531, 2532, 2545, 4021, 4022, 4019, 2537, 2546, 2532, 2532, 2546, 2545, 5875, 4017, 5876, 672, 685, 684, 671, 684, 683, 4016, 5875, 5874, 2660, 2650, 5784, 2660, 5786, 2658, 4017, 4019, 5876, 4016, 4017, 5875, 671, 663, 672, 5889, 5876, 5888, 5888, 5868, 5889, 5877, 5889, 5860, 5889, 5877, 5875, 5875, 5876, 5889, 5874, 5875, 5877, 5868, 5869, 5889, 2513, 663, 2511, 2511, 660, 2512, 828, 825, 3946, 820, 828, 3945, 5889, 5869, 5860, 4017, 4018, 4021, 663, 660, 2511, 3946, 3945, 828, 672, 665, 685, 665, 667, 670, 665, 670, 686, 4022, 4001, 4002, 2658, 5786, 5787, 5895, 5870, 5868, 2659, 5787, 5785, 825, 826, 3947, 827, 3948, 826, 4023, 4002, 4003, 4022, 4002, 4023, 5888, 5895, 5868, 5892, 5870, 5895, 2510, 663, 2513, 827, 3949, 3948, 826, 3948, 3947, 2526, 659, 2510, 667, 659, 2526, 5876, 4019, 4020, 4020, 4024, 5878, 4023, 4003, 4026, 2526, 2510, 2529, 2510, 2513, 2530, 2530, 2513, 2531, 2658, 5787, 2659, 2657, 2659, 5785, 659, 663, 2510, 2529, 2510, 2530, 670, 687, 686, 665, 686, 685, 5892, 5867, 5870, 5878, 4024, 5890, 659, 672, 663, 659, 667, 665, 5876, 4020, 5878, 2529, 2530, 2544, 2531, 2547, 2530, 5892, 5895, 5890, 4019, 4023, 4020, 4023, 4019, 4022, 5888, 5876, 5878, 4023, 4026, 4020, 4020, 4026, 4024, 2531, 2545, 2547, 2530, 2547, 2544, 5895, 5888, 5878, 5895, 5878, 5890, 672, 659, 665, 3952, 3950, 4029, 4004, 3952, 4029, 666, 670, 667, 670, 666, 673, 5896, 2533, 5897, 5871, 5897, 2534, 5893, 5896, 5897, 2529, 2544, 2548, 815, 4029, 829, 2548, 2649, 2534, 4026, 4029, 4025, 4024, 4026, 4025, 688, 670, 673, 2649, 2662, 2534, 5897, 5891, 5893, 5897, 5892, 5891, 4029, 4026, 4004, 2534, 2529, 2548, 4025, 4029, 4027, 4029, 4030, 4027, 2528, 2534, 2533, 4024, 5891, 5890, 5891, 4025, 5893, 2533, 2534, 5897, 669, 2525, 2528, 688, 687, 670, 673, 669, 674, 2662, 5789, 2534, 2662, 2657, 5789, 5792, 2534, 5789, 2534, 2525, 2529, 2525, 2526, 2529, 2528, 2525, 2534, 4025, 4027, 5893, 4024, 4025, 5891, 2525, 666, 2526, 5890, 5891, 5892, 5871, 5892, 5897, 3950, 3949, 829, 666, 667, 2526, 669, 666, 2525, 3950, 829, 4029, 4029, 673, 4030, 815, 688, 4029, 4026, 4003, 4004, 3949, 827, 829, 5792, 5871, 2534, 2657, 5785, 5789, 5871, 5867, 5892, 673, 674, 4030, 688, 673, 4029, 666, 669, 673, 2535, 2527, 2528, 2527, 2535, 2508, 5894, 4028, 5858, 675, 690, 4033, 674, 668, 675, 4030, 674, 675, 5898, 5858, 5859, 675, 668, 689, 689, 690, 675, 689, 2527, 2508, 5894, 5858, 5898, 5893, 4027, 4028, 4028, 4032, 5858, 2527, 669, 2528, 5898, 5896, 5894, 689, 668, 2527, 4030, 675, 4031, 668, 669, 2527, 4031, 675, 4033, 5893, 5894, 5896, 5898, 2533, 5896, 668, 674, 669, 4032, 4031, 4033, 4028, 4031, 4032, 2535, 2533, 5898, 4031, 4027, 4030, 5893, 4028, 5894, 2509, 2535, 5898, 4027, 4031, 4028, 2508, 2535, 2509, 2535, 2528, 2533, 2509, 5898, 5859, 5858, 4071, 5902, 5902, 4072, 5900, 690, 621, 4033, 2460, 2509, 5920, 5918, 2459, 2460, 2441, 618, 2442, 621, 623, 4074, 2459, 2442, 2460, 4032, 4033, 4074, 4032, 4074, 4071, 4074, 623, 4075, 4033, 621, 4074, 4071, 4075, 4072, 4075, 4071, 4074, 2442, 689, 2508, 4071, 4072, 5902, 5920, 5900, 5918, 5902, 5900, 5920, 5920, 5859, 5902, 618, 689, 2442, 620, 618, 2441, 5918, 2460, 5920, 5920, 2509, 5859, 618, 621, 690, 621, 618, 620, 621, 620, 623, 5858, 4032, 4071, 2442, 2508, 2460, 2441, 2442, 2459, 618, 690, 689, 5858, 5902, 5859, 2460, 2508, 2509, 5900, 4072, 5901, 625, 619, 624, 625, 626, 4079, 624, 2440, 2458, 2440, 619, 2441, 623, 620, 619, 4078, 4079, 4076, 4073, 4078, 4076, 4072, 4073, 5901, 4073, 4076, 5917, 5922, 2462, 5918, 4075, 4078, 4073, 5900, 5901, 5918, 4072, 4075, 4073, 5921, 2461, 5922, 2440, 2441, 2459, 2458, 2440, 2462, 2462, 2440, 2459, 624, 619, 2440, 619, 620, 2441, 623, 625, 4078, 2458, 2462, 2461, 5901, 5917, 5922, 5922, 5918, 5901, 2461, 2462, 5922, 2462, 2459, 5918, 5922, 5917, 5921, 5901, 4073, 5917, 4078, 625, 4079, 4075, 623, 4078, 625, 624, 626, 623, 619, 625, 2463, 2455, 2457, 2456, 2463, 5923, 4080, 627, 4082, 5923, 2461, 5921, 4077, 4081, 5912, 5919, 5912, 5923, 622, 631, 627, 626, 622, 627, 5917, 4076, 4077, 622, 626, 624, 2457, 2458, 2463, 4079, 626, 627, 631, 622, 2457, 5923, 5921, 5919, 627, 631, 632, 622, 624, 2457, 627, 632, 4082, 4079, 627, 4080, 2455, 2463, 2456, 4077, 5912, 5919, 5912, 5913, 5923, 2463, 2458, 2461, 2457, 624, 2458, 2455, 631, 2457, 5921, 5917, 5919, 5917, 4077, 5919, 2456, 5923, 5913, 4076, 4080, 4077, 4080, 4076, 4079, 4077, 4080, 4081, 4081, 4080, 4082, 2463, 2461, 5923, 5928, 5915, 5927, 5928, 5914, 5915, 4081, 4086, 4083, 4083, 4086, 4087, 5927, 2468, 5928, 2468, 2456, 5928, 4083, 4087, 4084, 2454, 628, 2452, 2467, 2468, 5927, 5928, 5913, 5914, 632, 628, 633, 2452, 631, 2455, 4082, 633, 4086, 2454, 2452, 2467, 5914, 4084, 5915, 5912, 4083, 5914, 2467, 2452, 2468, 2468, 2452, 2455, 633, 634, 4086, 5912, 5914, 5913, 632, 633, 4082, 5928, 2456, 5913, 628, 632, 631, 633, 630, 634, 630, 628, 2454, 2468, 2455, 2456, 628, 630, 633, 4086, 634, 4087, 628, 631, 2452, 5912, 4081, 4083, 4083, 4084, 5914, 4086, 4081, 4082, 5916, 4085, 4089, 4084, 4087, 4085, 4084, 4085, 5916, 629, 630, 2454, 5916, 5924, 5929, 4087, 634, 4088, 5929, 5924, 5926, 635, 637, 638, 635, 629, 637, 629, 634, 630, 5915, 5916, 5927, 5926, 2469, 5929, 2453, 2454, 2467, 5929, 5927, 5916, 2469, 2453, 2467, 5929, 2469, 5927, 634, 635, 4088, 4088, 635, 638, 4084, 5916, 5915, 5916, 4089, 5924, 634, 629, 635, 4088, 638, 4091, 2469, 2467, 5927, 4091, 4085, 4088, 629, 2454, 2453, 2465, 629, 2453, 5926, 2466, 2469, 2465, 2453, 2466, 2466, 2453, 2469, 4085, 4091, 4089, 4085, 4087, 4088, 637, 629, 2465, 2450, 2464, 2470, 5904, 2451, 5930, 2470, 2466, 5926, 4089, 4091, 4090, 2470, 2464, 2466, 5924, 4089, 5925, 2450, 647, 2464, 2464, 636, 2465, 4091, 4092, 4090, 4090, 4092, 4093, 4093, 4092, 4094, 639, 647, 648, 5925, 4090, 5903, 4091, 638, 4092, 2451, 2470, 5930, 636, 638, 637, 2464, 2465, 2466, 639, 648, 4094, 638, 639, 4092, 5924, 5925, 5926, 5925, 5903, 5930, 5930, 5926, 5925, 2451, 2450, 2470, 4092, 639, 4094, 647, 636, 2464, 5930, 2470, 5926, 638, 636, 639, 639, 636, 647, 5930, 5903, 5904, 636, 637, 2465, 4090, 4093, 5903, 4089, 4090, 5925, 2448, 2449, 5910, 648, 647, 640, 4095, 4099, 4096, 4098, 4093, 4094, 4093, 4098, 4095, 640, 642, 643, 640, 647, 2443, 5903, 4093, 4095, 5903, 5905, 5904, 5911, 5904, 5905, 648, 643, 4094, 643, 644, 4098, 4095, 4096, 5905, 2449, 2451, 5911, 5905, 4096, 5908, 5911, 5905, 5908, 5903, 4095, 5905, 2449, 2450, 2451, 5911, 5908, 5910, 2449, 2443, 2450, 642, 640, 2447, 2448, 2443, 2449, 2447, 2443, 2448, 5911, 2451, 5904, 5910, 2449, 5911, 2443, 647, 2450, 4098, 644, 4099, 4094, 643, 4098, 2447, 640, 2443, 643, 642, 644, 648, 640, 643, 4098, 4099, 4095, 644, 641, 723, 641, 646, 723, 5977, 2577, 5982, 2577, 5910, 5982, 641, 644, 642, 2445, 641, 2446, 2446, 641, 2447, 4099, 644, 4121, 4121, 726, 4122, 4097, 4122, 4100, 723, 646, 726, 4096, 4099, 4097, 2445, 2446, 2574, 2446, 2447, 2448, 4122, 4097, 4121, 4097, 4099, 4121, 2446, 2448, 2577, 2574, 2446, 2577, 641, 642, 2447, 5909, 5906, 5982, 5982, 5906, 5977, 5982, 5910, 5909, 5908, 4096, 5909, 5908, 5909, 5910, 5909, 4100, 5906, 2577, 2448, 5910, 4121, 723, 726, 2574, 2577, 5977, 5909, 4097, 4100, 4096, 4097, 5909, 644, 723, 4121, 646, 641, 2445, 727, 725, 728, 2575, 2573, 2576, 4101, 4123, 5978, 645, 726, 646, 5981, 5978, 5980, 4100, 4122, 4101, 4125, 727, 4126, 4122, 726, 4125, 5981, 5977, 5907, 5907, 5978, 5981, 2575, 2576, 5981, 2576, 2574, 5977, 2574, 2444, 2445, 2575, 5981, 5980, 5981, 2576, 5977, 4125, 4126, 4123, 4101, 4125, 4123, 4122, 4125, 4101, 726, 727, 4125, 727, 728, 4126, 5906, 5907, 5977, 2444, 645, 2445, 725, 2444, 2573, 5907, 4101, 5978, 4100, 5907, 5906, 725, 645, 2444, 645, 646, 2445, 645, 727, 726, 727, 645, 725, 2573, 2444, 2576, 2576, 2444, 2574, 4100, 4101, 5907, 2578, 2572, 2573, 5979, 5968, 5983, 724, 728, 725, 2572, 725, 2573, 2564, 724, 2572, 5978, 4123, 4124, 4124, 4128, 5979, 729, 724, 731, 4127, 738, 4130, 4126, 729, 4127, 2578, 2575, 5983, 5978, 5979, 5980, 2571, 2578, 5970, 4130, 4124, 4127, 4124, 4130, 4128, 5983, 5980, 5979, 731, 724, 2564, 2571, 2572, 2578, 724, 725, 2572, 5978, 4124, 5979, 5979, 4128, 5968, 4123, 4126, 4127, 728, 724, 729, 5983, 2575, 5980, 5970, 2578, 5983, 4123, 4127, 4124, 729, 738, 4127, 731, 738, 729, 4126, 728, 729, 5983, 5968, 5970, 2564, 2572, 2571, 2578, 2573, 2575, 5970, 5968, 5969, 2563, 2564, 2571, 2569, 2563, 2570, 4128, 4130, 4129, 2563, 2571, 2570, 4128, 4129, 5969, 738, 732, 4131, 5969, 4129, 4132, 4131, 732, 737, 730, 731, 2564, 2566, 730, 2563, 5976, 5971, 5973, 5973, 2570, 5976, 2570, 5970, 5976, 732, 734, 737, 5969, 4132, 5971, 4131, 737, 4134, 4130, 738, 4131, 5976, 5970, 5969, 5969, 5971, 5976, 738, 730, 732, 4134, 4129, 4131, 4129, 4134, 4132, 5968, 4128, 5969, 732, 730, 734, 730, 2564, 2563, 2566, 2563, 2569, 734, 730, 2566, 730, 738, 731, 2570, 2571, 5970, 5973, 2569, 2570, 4129, 4130, 4131, 2580, 2565, 2569, 5985, 5974, 5984, 2565, 733, 2566, 736, 2565, 2568, 2565, 2566, 2569, 5984, 2579, 5985, 733, 734, 2566, 2568, 2580, 2579, 2568, 2565, 2580, 2580, 2569, 5973, 5985, 2580, 5973, 4132, 4134, 4133, 2579, 2580, 5985, 4134, 4137, 4133, 4133, 4137, 4135, 4137, 4138, 4135, 4132, 5972, 5971, 4134, 737, 4137, 4137, 739, 4138, 5972, 4133, 5974, 739, 740, 4138, 733, 736, 739, 737, 739, 4137, 737, 734, 733, 4133, 4135, 5974, 4132, 4133, 5972, 737, 733, 739, 5985, 5972, 5974, 5985, 5973, 5972, 5971, 5972, 5973, 739, 736, 740, 736, 733, 2565, 5986, 5984, 5975, 4138, 740, 741, 5974, 5975, 5984, 5975, 4166, 5804, 2389, 2567, 2581, 2581, 2568, 2579, 2389, 2388, 2567, 2567, 2568, 2581, 4139, 4167, 4136, 4139, 4135, 4138, 4135, 4139, 4136, 2567, 736, 2568, 2388, 735, 2567, 741, 758, 759, 5986, 2579, 5984, 5805, 2581, 5986, 4136, 4167, 4166, 735, 736, 2567, 758, 735, 2388, 5974, 4136, 5975, 5975, 5804, 5986, 740, 735, 741, 5986, 5804, 5805, 740, 736, 735, 5805, 2389, 2581, 2581, 2579, 5986, 4138, 741, 4139, 5974, 4135, 4136, 4136, 4166, 5975, 4139, 759, 4167, 741, 759, 4139, 741, 735, 758, 2383, 2381, 2387, 4171, 4172, 4169, 4168, 4171, 4169, 4168, 4167, 4171, 754, 751, 753, 2387, 2389, 5805, 759, 754, 4171, 4166, 4167, 4168, 2383, 2387, 2386, 5812, 5805, 5806, 751, 758, 2388, 754, 755, 4172, 5806, 5807, 5812, 5804, 5806, 5805, 5807, 5811, 5812, 753, 751, 2381, 754, 753, 755, 751, 759, 758, 2386, 5812, 5811, 4168, 4169, 5807, 2381, 751, 2388, 753, 2381, 2383, 4166, 4168, 5806, 4167, 759, 4171, 4171, 754, 4172, 2386, 2387, 5812, 751, 754, 759, 2387, 2381, 2389, 4166, 5806, 5804, 2389, 2381, 2388, 5812, 2387, 5805, 5806, 4168, 5807, 4172, 761, 4175, 2414, 2385, 2382, 4175, 4176, 4170, 4175, 4169, 4172, 4169, 4175, 4170, 5807, 4169, 4170, 4170, 4173, 5808, 2417, 2386, 5839, 4170, 4176, 4173, 2385, 752, 2382, 752, 757, 761, 752, 755, 753, 2414, 2382, 2417, 4175, 763, 4176, 2414, 2417, 5835, 5808, 5809, 5839, 5839, 5811, 5808, 2382, 2383, 2417, 5808, 4173, 5809, 5835, 5839, 5809, 2417, 2383, 2386, 752, 753, 2382, 2382, 753, 2383, 5839, 2386, 5811, 755, 752, 761, 761, 757, 763, 761, 763, 4175, 757, 752, 2385, 5807, 4170, 5808, 5811, 5807, 5808, 5835, 2417, 5839, 4172, 755, 761, 762, 756, 2384, 756, 763, 757, 763, 764, 4178, 2415, 5838, 5837, 764, 765, 4179, 5838, 2416, 5835, 5838, 5835, 5810, 2384, 2385, 2414, 5835, 5809, 5810, 756, 757, 2385, 2416, 2384, 2414, 2413, 2416, 2415, 2413, 2384, 2416, 2415, 2416, 5838, 5809, 4173, 5810, 5810, 4174, 5836, 5838, 5836, 5837, 4176, 763, 4178, 5810, 5836, 5838, 4178, 764, 4179, 2384, 756, 2385, 762, 2384, 2413, 4173, 4174, 5810, 763, 756, 764, 2416, 2414, 5835, 764, 756, 762, 764, 762, 765, 4178, 4179, 4177, 4174, 4178, 4177, 4176, 4178, 4174, 4173, 4176, 4174, 4174, 4177, 5836, 2412, 760, 762, 4180, 4182, 5826, 4177, 4181, 4180, 4181, 4177, 4179, 4180, 4181, 4182, 4182, 4181, 4184, 5840, 5826, 5841, 5836, 5840, 5837, 2410, 2404, 2418, 5841, 5837, 5840, 2418, 2413, 2415, 2418, 2412, 2413, 766, 769, 4184, 5841, 5826, 5833, 4179, 765, 766, 5840, 4180, 5826, 5841, 2415, 5837, 766, 768, 769, 766, 760, 768, 765, 760, 766, 2410, 2418, 5841, 768, 760, 2412, 2418, 2415, 5841, 5833, 2410, 5841, 5836, 4180, 5840, 2404, 2412, 2418, 760, 765, 762, 2412, 762, 2413, 4179, 766, 4181, 4181, 766, 4184, 5836, 4177, 4180, 2404, 768, 2412, 5826, 5827, 5833, 2403, 2404, 2411, 772, 775, 770, 4182, 4185, 4183, 4184, 770, 4185, 770, 767, 772, 2406, 767, 2403, 5826, 4182, 4183, 2403, 768, 2404, 769, 767, 770, 5834, 2410, 5833, 4185, 775, 4188, 5834, 5828, 5830, 5827, 4186, 5828, 4182, 4184, 4185, 5830, 2409, 2411, 4188, 4183, 4185, 4183, 4188, 4186, 5834, 5833, 5827, 767, 768, 2403, 772, 767, 2406, 4184, 769, 770, 2409, 2403, 2411, 5827, 5828, 5834, 767, 769, 768, 770, 775, 4185, 2411, 2404, 2410, 5826, 4183, 5827, 2406, 2403, 2409, 2411, 2410, 5834, 5830, 2411, 5834, 4183, 4186, 5827, 2420, 2405, 2409, 4186, 4188, 4187, 4191, 4192, 4189, 775, 776, 4191, 5829, 5831, 5843, 776, 777, 4192, 5843, 5831, 5842, 5843, 5830, 5829, 5843, 2420, 5830, 5842, 2419, 5843, 771, 772, 2406, 4188, 4191, 4187, 2419, 2420, 5843, 2420, 2409, 5830, 2408, 2420, 2419, 774, 2405, 2408, 776, 771, 774, 2405, 2406, 2409, 4191, 776, 4192, 4188, 775, 4191, 776, 774, 777, 4186, 5829, 5828, 2405, 771, 2406, 2408, 2405, 2420, 4187, 4191, 4189, 5829, 4187, 5831, 775, 771, 776, 775, 772, 771, 4187, 4189, 5831, 4186, 4187, 5829, 774, 771, 2405, 5828, 5829, 5830, 4190, 4194, 5813, 790, 773, 2407, 5832, 4190, 5813, 5831, 4190, 5832, 773, 790, 778, 773, 777, 774, 777, 773, 778, 2402, 5844, 5814, 4194, 4193, 4195, 4190, 4193, 4194, 4193, 4189, 4192, 4189, 4193, 4190, 2421, 2408, 2419, 778, 791, 4195, 5844, 5842, 5832, 5832, 5813, 5844, 2401, 790, 2407, 5831, 5832, 5842, 4192, 777, 778, 5814, 5844, 5813, 2421, 2401, 2407, 2407, 774, 2408, 2402, 2421, 5844, 2407, 2408, 2421, 5831, 4189, 4190, 4193, 778, 4195, 790, 791, 778, 4192, 778, 4193, 773, 774, 2407, 5844, 2419, 5842, 2421, 2419, 5844, 2402, 2401, 2421, 5824, 5818, 5823, 5813, 4196, 5817, 5824, 5814, 5817, 781, 779, 2394, 5817, 4197, 5818, 4195, 782, 4199, 4199, 783, 4200, 2399, 2401, 2402, 2399, 2402, 5824, 2394, 779, 2392, 2392, 790, 2401, 791, 782, 4195, 5814, 5813, 5817, 5817, 5818, 5824, 4196, 4197, 5817, 782, 783, 4199, 5823, 2399, 5824, 782, 781, 783, 2398, 2399, 5823, 5824, 2402, 5814, 782, 779, 781, 791, 779, 782, 779, 791, 790, 4194, 4199, 4196, 4200, 4196, 4199, 5813, 4194, 4196, 2394, 2392, 2398, 4199, 4194, 4195, 4196, 4200, 4197, 2392, 2401, 2399, 2398, 2392, 2399, 779, 790, 2392, 4197, 4200, 4198, 4197, 4198, 5819, 4197, 5819, 5818, 4198, 4201, 4202, 4202, 4201, 4204, 5818, 5819, 5823, 4201, 784, 4204, 4200, 783, 4201, 2400, 2393, 2398, 2398, 2393, 2394, 780, 783, 781, 780, 784, 783, 2397, 2396, 2400, 786, 780, 2393, 780, 781, 2394, 784, 786, 787, 2400, 2398, 5823, 5819, 5820, 5825, 784, 780, 786, 783, 784, 4201, 784, 787, 4204, 2397, 2400, 5825, 5819, 4198, 5820, 2396, 2393, 2400, 2393, 780, 2394, 786, 2393, 2396, 5825, 2400, 5823, 2397, 5825, 5822, 4198, 4200, 4201, 5825, 5823, 5819, 5825, 5820, 5822, 4198, 4202, 5820, 2391, 2395, 2439, 2395, 2396, 2439, 796, 785, 789, 4203, 4205, 5815, 5820, 4202, 4203, 5820, 4203, 5821, 4202, 4207, 4203, 5857, 5822, 5821, 5857, 5815, 5845, 5821, 5815, 5857, 4207, 4202, 4204, 4203, 4207, 4205, 5857, 2397, 5822, 4203, 5815, 5821, 2433, 2391, 2439, 4205, 4207, 4208, 4207, 796, 4208, 4204, 796, 4207, 2391, 789, 2395, 2395, 786, 2396, 5845, 2433, 5857, 787, 785, 796, 796, 789, 803, 785, 786, 2395, 789, 785, 2395, 5820, 5821, 5822, 787, 786, 785, 2439, 2396, 2397, 2439, 2397, 5857, 2433, 2439, 5857, 796, 803, 4208, 4204, 787, 796, 4206, 4209, 5816, 4208, 799, 4211, 5815, 4205, 4206, 5851, 2433, 5845, 5815, 4206, 5816, 5850, 2432, 5851, 2432, 2433, 5851, 803, 789, 788, 5851, 5848, 5850, 5851, 5845, 5816, 798, 788, 2430, 2431, 2432, 5850, 788, 789, 2390, 2430, 788, 2390, 2390, 789, 2391, 803, 788, 799, 803, 799, 4208, 799, 788, 798, 799, 798, 800, 2431, 2390, 2432, 2432, 2391, 2433, 799, 800, 4211, 2390, 2391, 2432, 2430, 2390, 2431, 5815, 5816, 5845, 4205, 4211, 4206, 4212, 4206, 4211, 4211, 4205, 4208, 5816, 4209, 5848, 5816, 5848, 5851, 4206, 4212, 4209, 4211, 800, 4212, 2435, 2438, 5856, 2435, 5856, 5853, 4215, 804, 4216, 2429, 797, 2430, 5848, 4209, 5849, 4209, 4212, 4210, 4210, 4212, 4215, 802, 2429, 2428, 4210, 4215, 4213, 5849, 4210, 5846, 5856, 2438, 5850, 2428, 2429, 2438, 2429, 2430, 2431, 2438, 2429, 2431, 797, 802, 804, 2428, 2438, 2435, 800, 804, 4215, 804, 805, 4216, 797, 800, 798, 4215, 4216, 4213, 797, 798, 2430, 802, 797, 2429, 5848, 5849, 5850, 5856, 5850, 5849, 5849, 5846, 5856, 5856, 5846, 5853, 800, 797, 804, 4210, 4213, 5846, 2438, 2431, 5850, 4209, 4210, 5849, 804, 802, 805, 4212, 800, 4215, 807, 801, 806, 5855, 5853, 5847, 4218, 4213, 4216, 4214, 4218, 4217, 4218, 4219, 4217, 801, 802, 2427, 806, 801, 2427, 4213, 4218, 4214, 2437, 2435, 5855, 2436, 2437, 5855, 4218, 807, 4219, 4216, 807, 4218, 2427, 802, 2428, 806, 2427, 2434, 807, 808, 4219, 805, 801, 807, 801, 805, 802, 805, 807, 4216, 5846, 4213, 4214, 4214, 4217, 5852, 2434, 2437, 2436, 2437, 2428, 2435, 2436, 5855, 5854, 2427, 2428, 2437, 2434, 2427, 2437, 5855, 2435, 5853, 5847, 4214, 5852, 5846, 4214, 5847, 807, 806, 808, 5847, 5852, 5855, 5846, 5847, 5853, 5855, 5852, 5854, 4219, 52, 4299, 4298, 4299, 4331, 5852, 6165, 5854, 51, 806, 1904, 52, 83, 4299, 52, 51, 82, 51, 52, 808, 808, 52, 4219, 1859, 51, 1904, 6166, 5854, 6165, 6165, 6120, 6166, 1904, 806, 2434, 1905, 2436, 6166, 1904, 1905, 1864, 6166, 6120, 6126, 82, 51, 1859, 4299, 83, 4331, 806, 51, 808, 4298, 4329, 6165, 6126, 1864, 1905, 5852, 4298, 6165, 1905, 2434, 2436, 6126, 1905, 6166, 1905, 1904, 2434, 4217, 4219, 4299, 6165, 4329, 6120, 4298, 4217, 4299, 5852, 4217, 4298, 1864, 1859, 1904, 82, 83, 52, 6166, 2436, 5854, 4298, 4331, 4329, 87, 89, 4335, 6131, 6124, 6127, 83, 87, 4334, 83, 82, 81, 1867, 1870, 6131, 4330, 4332, 6124, 1858, 81, 1859, 6120, 4329, 6121, 6120, 6121, 6126, 4329, 4331, 4330, 4330, 4331, 4334, 4330, 4334, 4332, 4334, 4335, 4332, 6121, 6124, 6131, 1863, 85, 1858, 1863, 1870, 1867, 6131, 6126, 6121, 6121, 4330, 6124, 1870, 1858, 1864, 1870, 1864, 6126, 83, 81, 87, 81, 82, 1859, 4331, 83, 4334, 4334, 87, 4335, 1863, 1858, 1870, 6127, 1867, 6131, 1858, 1859, 1864, 6131, 1870, 6126, 87, 81, 85, 85, 81, 1858, 87, 85, 89, 4329, 4330, 6121, 4335, 89, 90, 4337, 4338, 4336, 90, 88, 91, 90, 91, 4338, 88, 84, 1862, 6124, 4333, 6125, 6124, 4332, 4333, 84, 88, 90, 1868, 1869, 6130, 1862, 1863, 1869, 89, 84, 90, 6130, 1867, 6127, 4337, 90, 4338, 6130, 6128, 6129, 6130, 6127, 6125, 6125, 4333, 6128, 1868, 6130, 6129, 4333, 4336, 6128, 1869, 1867, 6130, 4335, 90, 4337, 1862, 85, 1863, 88, 1862, 1866, 6124, 6125, 6127, 6130, 6125, 6128, 84, 85, 1862, 4332, 4337, 4333, 4337, 4332, 4335, 1869, 1863, 1867, 1866, 1862, 1869, 1868, 1866, 1869, 4333, 4337, 4336, 89, 85, 84, 4336, 4342, 4339, 1861, 86, 1865, 4342, 4336, 4338, 1896, 1865, 1902, 1902, 1865, 1866, 4342, 4343, 4339, 4339, 4343, 4340, 1865, 88, 1866, 1902, 1866, 1868, 4342, 96, 4343, 6132, 6122, 6164, 86, 91, 88, 6132, 4340, 6122, 4339, 4340, 6132, 6164, 6122, 6157, 6128, 4336, 4339, 6128, 4339, 6132, 94, 96, 4342, 6164, 6129, 6132, 4338, 94, 4342, 1902, 1868, 6164, 6164, 1868, 6129, 6128, 6132, 6129, 86, 88, 1865, 94, 93, 96, 4338, 91, 94, 86, 93, 94, 93, 86, 1861, 91, 86, 94, 1896, 1902, 6157, 1861, 1865, 1896, 6157, 1902, 6164, 1898, 1896, 6157, 1897, 1898, 6160, 4346, 4347, 4344, 4341, 4346, 4344, 92, 93, 1861, 4341, 4344, 6156, 4341, 4343, 4346, 4340, 4341, 6123, 6122, 6123, 6157, 96, 98, 4346, 1895, 1860, 1898, 98, 99, 4347, 4346, 98, 4347, 1895, 1898, 1897, 6160, 1898, 6157, 1860, 92, 1861, 1895, 97, 1860, 97, 92, 1860, 4343, 96, 4346, 4340, 4343, 4341, 1897, 6160, 6159, 1898, 1860, 1896, 6160, 6157, 6123, 98, 97, 99, 6123, 6156, 6160, 98, 92, 97, 96, 92, 98, 92, 96, 93, 1860, 1861, 1896, 6160, 6156, 6159, 6122, 4340, 6123, 6123, 4341, 6156, 1893, 1894, 1901, 4348, 4350, 4351, 6156, 6158, 6159, 6161, 1899, 6163, 101, 1894, 1893, 4344, 4350, 4345, 4344, 4347, 4350, 4345, 4348, 6154, 102, 103, 4351, 95, 99, 97, 6163, 6154, 6161, 99, 95, 102, 102, 95, 101, 6158, 6154, 6163, 102, 101, 103, 4345, 4350, 4348, 1894, 97, 1895, 1901, 1895, 1897, 6156, 4344, 4345, 6163, 1897, 6159, 101, 95, 1894, 1899, 1901, 6163, 1901, 1897, 6163, 95, 97, 1894, 4347, 99, 102, 6158, 4345, 6154, 1901, 1894, 1895, 4347, 102, 4350, 4350, 102, 4351, 1899, 1893, 1901, 6156, 4345, 6158, 6163, 6159, 6158, 100, 108, 104, 6162, 6133, 6134, 4348, 4352, 4349, 1874, 100, 1892, 4352, 109, 4354, 4351, 104, 4352, 4352, 4348, 4351, 4349, 4354, 4353, 4349, 4352, 4354, 104, 108, 109, 103, 100, 104, 1875, 1874, 1892, 1900, 1893, 1899, 1892, 1900, 1875, 100, 103, 101, 6162, 1899, 6161, 108, 100, 1874, 104, 109, 4352, 6134, 1900, 6162, 100, 101, 1892, 4351, 103, 104, 4349, 4353, 6155, 6154, 4348, 4349, 6162, 6161, 6155, 1900, 1899, 6162, 6134, 1875, 1900, 6154, 6155, 6161, 6155, 4353, 6133, 6154, 4349, 6155, 6155, 6133, 6162, 1892, 101, 1893, 1892, 1893, 1900, 1887, 1875, 6134, 107, 1871, 1873, 109, 111, 4358, 1871, 1874, 1875, 4353, 4355, 6135, 6148, 6135, 6136, 6148, 6134, 6135, 111, 112, 4359, 105, 108, 1874, 4355, 4356, 6136, 4353, 6135, 6133, 6133, 6135, 6134, 4358, 4359, 4356, 1887, 1871, 1875, 1886, 1887, 6148, 4355, 4358, 4356, 1886, 6148, 6147, 6148, 1887, 6134, 4358, 111, 4359, 6148, 6136, 6147, 1873, 1871, 1887, 4355, 4354, 4358, 6135, 4355, 6136, 109, 108, 105, 4354, 109, 4358, 1873, 1887, 1886, 105, 107, 111, 109, 105, 111, 1871, 105, 1874, 111, 107, 112, 4353, 4354, 4355, 107, 105, 1871, 4357, 4361, 6143, 1872, 107, 1873, 1883, 1888, 1885, 106, 115, 113, 106, 112, 107, 1883, 1872, 1888, 1888, 1872, 1873, 112, 106, 113, 113, 115, 116, 4359, 113, 4360, 6149, 6147, 6137, 1885, 6149, 6146, 6149, 6137, 6143, 6146, 6149, 6143, 6149, 1886, 6147, 4360, 113, 4363, 6136, 4357, 6137, 106, 107, 1872, 1888, 1873, 1886, 4356, 4360, 4357, 1885, 1888, 6149, 4360, 4356, 4359, 4357, 4360, 4361, 4361, 4360, 4363, 6136, 6137, 6147, 1888, 1886, 6149, 4359, 112, 113, 115, 1872, 1883, 6137, 4357, 6143, 113, 116, 4363, 115, 106, 1872, 6136, 4356, 4357, 1890, 1882, 1891, 6144, 4364, 6145, 4362, 4367, 4364, 119, 120, 4366, 4366, 4361, 4363, 4361, 4366, 4362, 1884, 1882, 1890, 6152, 1885, 6146, 114, 115, 1882, 117, 114, 1884, 1882, 1883, 1891, 4362, 4364, 6144, 6143, 4361, 4362, 1891, 1883, 1885, 116, 115, 114, 4367, 4362, 4366, 116, 114, 119, 119, 114, 117, 6152, 6146, 6144, 119, 117, 120, 6144, 6145, 6152, 4363, 119, 4366, 1891, 1885, 6152, 6151, 1891, 6152, 1890, 1891, 6151, 4366, 120, 4367, 1884, 114, 1882, 1882, 115, 1883, 4363, 116, 119, 6143, 4362, 6144, 6143, 6144, 6146, 6152, 6145, 6151, 118, 123, 4371, 110, 120, 117, 1879, 1881, 1889, 6153, 6140, 6142, 1880, 1879, 1889, 1890, 1881, 1884, 1880, 1889, 6153, 4364, 4367, 4365, 4367, 4368, 4365, 4365, 4368, 4369, 6153, 6151, 6150, 1880, 6153, 6142, 1879, 122, 1881, 1889, 1881, 1890, 4365, 4369, 6140, 6150, 4365, 6140, 6153, 1889, 6151, 110, 117, 1884, 122, 110, 1881, 120, 118, 4368, 1881, 110, 1884, 118, 122, 123, 4369, 4368, 4371, 6150, 6140, 6153, 4368, 118, 4371, 4367, 120, 4368, 118, 110, 122, 4364, 4365, 6150, 110, 118, 120, 1889, 1890, 6151, 4364, 6150, 6145, 6145, 6150, 6151, 4372, 4377, 4378, 4370, 4377, 4372, 123, 122, 121, 121, 125, 186, 4377, 4369, 4371, 4369, 4377, 4370, 186, 187, 4378, 4371, 123, 186, 123, 121, 186, 121, 122, 1878, 125, 121, 1878, 6140, 4369, 4370, 6220, 6138, 6217, 186, 125, 187, 2015, 1880, 6220, 1878, 122, 1879, 1877, 125, 1878, 4370, 6138, 6141, 4370, 4372, 6138, 4371, 186, 4377, 4377, 186, 4378, 6220, 1880, 6142, 6217, 2012, 6220, 2012, 1877, 2015, 6140, 6141, 6142, 6140, 4370, 6141, 6141, 6138, 6220, 2015, 1879, 1880, 2015, 1878, 1879, 1877, 1878, 2015, 2012, 2015, 6220, 6220, 6142, 6141, 6219, 6217, 6139, 4372, 4380, 4373, 6138, 6139, 6217, 2011, 1876, 2013, 2013, 2014, 6218, 4380, 4372, 4378, 2011, 124, 1876, 2014, 2012, 6219, 6219, 6139, 6216, 188, 124, 2011, 4373, 4380, 4381, 1876, 1877, 2014, 2014, 1877, 2012, 2013, 1876, 2014, 6138, 4372, 4373, 124, 125, 1876, 4378, 187, 189, 189, 190, 4380, 4380, 190, 4381, 4378, 189, 4380, 4373, 4379, 6139, 6218, 2014, 6219, 4373, 4381, 4379, 6216, 6218, 6219, 6138, 4373, 6139, 1876, 125, 1877, 187, 125, 124, 124, 188, 189, 187, 124, 189, 6219, 2012, 6217, 189, 188, 190, 6139, 4379, 6216, 197, 200, 185, 6222, 6218, 6221, 6221, 6065, 6222, 184, 190, 188, 1988, 1809, 1987, 1809, 1988, 1814, 6216, 6221, 6218, 1988, 1987, 2013, 184, 185, 190, 184, 188, 2011, 185, 184, 197, 1814, 1988, 6222, 1988, 2013, 6218, 4404, 4405, 4439, 4379, 4404, 6221, 4404, 4439, 6065, 185, 200, 4441, 190, 185, 4405, 6222, 1988, 6218, 4439, 4405, 4441, 4381, 190, 4405, 4404, 4381, 4405, 197, 184, 1987, 6069, 6222, 6065, 4405, 185, 4441, 1987, 184, 2011, 2013, 1987, 2011, 197, 1987, 1809, 4379, 4381, 4404, 1814, 6222, 6069, 6221, 4404, 6065, 6216, 4379, 6221, 196, 200, 197, 4441, 202, 4444, 6072, 6068, 6071, 6072, 6069, 6066, 6065, 6066, 6069, 6066, 6068, 6072, 196, 197, 1808, 4441, 200, 202, 4444, 4445, 4442, 4440, 4444, 4442, 4439, 4444, 4440, 202, 203, 4445, 202, 201, 203, 1808, 197, 1809, 4444, 4439, 4441, 1815, 6072, 6071, 4440, 4442, 6068, 201, 1808, 1813, 6065, 4439, 4440, 6065, 4440, 6066, 4440, 6068, 6066, 201, 196, 1808, 1816, 1814, 6072, 202, 196, 201, 1815, 1816, 6072, 1813, 1816, 1815, 1813, 1808, 1816, 6072, 1814, 6069, 200, 196, 202, 1808, 1809, 1816, 1816, 1809, 1814, 4444, 202, 4445, 4443, 4446, 6070, 6083, 1827, 6084, 4445, 205, 4448, 6068, 4443, 6070, 6070, 4446, 6067, 1812, 1813, 1827, 1827, 1813, 1815, 1811, 1812, 1826, 6070, 6067, 6084, 6083, 1826, 1827, 1827, 1815, 6084, 204, 199, 1811, 6084, 6067, 6083, 1811, 199, 1812, 1826, 1812, 1827, 1812, 201, 1813, 205, 204, 206, 205, 199, 204, 205, 206, 4448, 4445, 203, 205, 203, 199, 205, 4442, 4448, 4443, 199, 203, 201, 4448, 4442, 4445, 4443, 4449, 4446, 199, 201, 1812, 4449, 4443, 4448, 6068, 4442, 4443, 6071, 6068, 6070, 6084, 6071, 6070, 6084, 1815, 6071, 4448, 206, 4449, 207, 209, 211, 4451, 4450, 4453, 6085, 6083, 6073, 6079, 1823, 6085, 1828, 1826, 6083, 6085, 1828, 6083, 6085, 6074, 6079, 1823, 1828, 6085, 6073, 4447, 6074, 6067, 6073, 6083, 6073, 6074, 6085, 1818, 1810, 1828, 1823, 1818, 1828, 1810, 1811, 1826, 209, 198, 1810, 198, 204, 1811, 206, 207, 4450, 207, 211, 4453, 1828, 1810, 1826, 4446, 4449, 4447, 4447, 4449, 4450, 1810, 198, 1811, 4446, 4447, 6073, 4447, 4451, 6074, 6067, 4446, 6073, 206, 198, 207, 206, 204, 198, 198, 209, 207, 4450, 207, 4453, 4449, 206, 4450, 4447, 4450, 4451, 1818, 209, 1810, 1825, 1817, 1818, 1825, 1823, 6082, 4451, 4456, 4452, 4452, 4456, 4454, 4456, 4457, 4454, 6082, 6075, 6078, 212, 1817, 1822, 1817, 209, 1818, 4452, 4454, 6078, 211, 209, 208, 6074, 4451, 4452, 208, 212, 213, 211, 208, 213, 213, 212, 214, 213, 214, 4457, 4453, 211, 213, 212, 208, 1817, 208, 209, 1817, 6074, 4452, 6075, 4453, 213, 4456, 6074, 6075, 6079, 6082, 1823, 6079, 4456, 213, 4457, 1824, 6082, 6081, 1825, 1818, 1823, 1822, 1817, 1825, 1822, 1825, 1824, 6075, 4452, 6078, 1824, 1825, 6082, 6082, 6079, 6075, 6082, 6078, 6081, 4456, 4451, 4453, 6078, 6080, 6081, 6080, 4458, 6076, 4455, 4461, 4458, 1820, 1821, 1854, 1821, 1822, 1857, 1857, 1824, 6112, 219, 220, 4460, 4460, 220, 4461, 4457, 219, 4460, 6109, 1854, 1857, 1854, 1821, 1857, 1857, 1822, 1824, 6112, 6081, 6080, 6078, 4454, 4455, 6080, 6076, 6112, 4455, 4458, 6080, 1821, 212, 1822, 1820, 210, 1821, 4454, 4460, 4455, 4454, 4457, 4460, 210, 214, 212, 4457, 214, 219, 214, 210, 219, 219, 210, 216, 219, 216, 220, 6109, 1857, 6112, 210, 212, 1821, 216, 210, 1820, 6112, 1824, 6081, 6112, 6076, 6109, 6078, 4455, 6080, 4460, 4461, 4455, 1853, 1819, 1856, 4461, 4463, 4459, 222, 221, 223, 6111, 6109, 6077, 6111, 6108, 6110, 6077, 6108, 6111, 6076, 6077, 6109, 221, 215, 1819, 215, 216, 1820, 1855, 1856, 6111, 1856, 1854, 6109, 6076, 4458, 6077, 6077, 4459, 6108, 4463, 222, 4464, 4461, 220, 4463, 222, 215, 221, 220, 215, 222, 215, 220, 216, 1819, 215, 1820, 1853, 221, 1819, 1819, 1820, 1854, 4459, 4462, 6108, 4458, 4459, 6077, 6110, 1855, 6111, 6111, 1856, 6109, 1856, 1819, 1854, 1855, 1853, 1856, 222, 223, 4464, 220, 222, 4463, 4463, 4464, 4462, 4459, 4463, 4462, 4458, 4461, 4459, 218, 217, 225, 6114, 1855, 6110, 4467, 4466, 4469, 4466, 4462, 4464, 4462, 4466, 4465, 6113, 4465, 6086, 1852, 1853, 1855, 1852, 1851, 1853, 6108, 4465, 6113, 4466, 218, 4469, 4464, 218, 4466, 223, 217, 218, 1836, 1830, 1852, 217, 223, 221, 6113, 6086, 6114, 4465, 4466, 4467, 1851, 221, 1853, 225, 1851, 1830, 218, 225, 227, 1836, 6114, 6092, 6114, 6086, 6092, 225, 217, 1851, 1851, 217, 221, 4465, 4467, 6086, 6114, 1852, 1855, 6108, 4462, 4465, 1851, 1852, 1830, 6114, 6110, 6113, 1836, 1852, 6114, 223, 218, 4464, 218, 227, 4469, 6110, 6108, 6113, 228, 231, 4470, 4470, 231, 4473, 1835, 1837, 6091, 4467, 4470, 4468, 1837, 1836, 6093, 4468, 4473, 4471, 6086, 4467, 4468, 4468, 4471, 6087, 4473, 4468, 4470, 6091, 1837, 6093, 230, 224, 1833, 6093, 6088, 6091, 6093, 6087, 6088, 6093, 1836, 6092, 6093, 6092, 6087, 228, 230, 231, 227, 224, 228, 4469, 228, 4470, 1829, 225, 1830, 6087, 4471, 6088, 1833, 1829, 1835, 1833, 224, 1829, 224, 230, 228, 1835, 1829, 1837, 1829, 1830, 1837, 6086, 6087, 6092, 224, 225, 1829, 1837, 1830, 1836, 4470, 4467, 4469, 6086, 4468, 6087, 224, 227, 225, 4469, 227, 228, 6089, 4472, 6090, 4471, 6089, 6088, 6089, 6090, 6106, 1832, 229, 1833, 232, 1832, 1834, 6106, 6091, 6089, 231, 230, 229, 231, 229, 234, 234, 229, 232, 4472, 4474, 6090, 4471, 4472, 6089, 4476, 234, 4477, 234, 232, 235, 4473, 231, 4476, 229, 230, 1833, 234, 235, 4477, 231, 234, 4476, 6106, 1850, 6091, 1850, 1835, 6091, 232, 229, 1832, 1849, 6106, 6105, 1832, 1833, 1835, 1834, 1832, 1850, 1850, 1832, 1835, 1849, 1850, 6106, 4471, 4473, 4472, 4473, 4476, 4472, 4472, 4476, 4474, 4476, 4477, 4474, 6106, 6090, 6105, 1834, 1850, 1849, 6088, 6089, 6091, 4474, 4478, 4475, 6107, 1849, 6105, 6090, 4475, 6094, 6094, 4475, 6095, 4478, 233, 4481, 6107, 6105, 6094, 6107, 1848, 1849, 1842, 1848, 6107, 6094, 6095, 6107, 1848, 1834, 1849, 233, 237, 239, 1839, 1831, 1848, 233, 226, 237, 226, 233, 235, 226, 235, 232, 1848, 1831, 1834, 226, 232, 1831, 4477, 233, 4478, 233, 239, 4481, 4474, 4477, 4478, 1842, 1839, 1848, 6090, 6094, 6105, 6095, 6098, 6107, 1831, 232, 1834, 4475, 4478, 4479, 1839, 237, 1831, 237, 226, 1831, 4479, 4478, 4481, 4475, 4479, 6095, 6090, 4474, 4475, 235, 233, 4477, 1842, 6107, 6098, 1846, 1842, 6103, 241, 236, 240, 6102, 1846, 6103, 4480, 4485, 4482, 4484, 242, 4485, 6103, 1842, 6098, 236, 237, 1838, 1841, 1838, 1845, 4485, 4480, 4484, 4484, 4479, 4481, 4479, 4484, 4480, 1838, 237, 1839, 1841, 236, 1838, 6095, 6096, 6098, 4481, 239, 241, 6096, 6097, 6103, 6103, 6098, 6096, 1838, 1839, 1846, 6095, 4479, 4480, 1846, 1839, 1842, 4480, 4482, 6096, 1845, 1838, 1846, 6103, 6097, 6102, 241, 242, 4484, 236, 239, 237, 6102, 1845, 1846, 6096, 4482, 6097, 6095, 4480, 6096, 4481, 241, 4484, 241, 240, 242, 239, 236, 241, 240, 236, 1841, 4485, 242, 4486, 6102, 6097, 6099, 244, 1840, 1843, 4486, 243, 4488, 243, 245, 4488, 242, 243, 4486, 1840, 238, 1841, 6104, 6100, 6101, 4482, 4483, 6099, 6104, 6102, 6099, 6104, 1847, 6102, 6104, 6101, 1844, 4482, 4485, 4483, 4485, 4486, 4483, 242, 238, 243, 4483, 4487, 6100, 1840, 1841, 1845, 243, 244, 245, 243, 238, 244, 238, 240, 1841, 244, 238, 1840, 1844, 1847, 6104, 1847, 1840, 1845, 4487, 4486, 4488, 1843, 1847, 1844, 4483, 4486, 4487, 1843, 1840, 1847, 238, 242, 240, 1847, 1845, 6102, 6097, 4482, 6099, 6099, 4483, 6100, 6099, 6100, 6104, 6100, 4491, 6117, 1805, 1843, 3538, 3538, 1843, 1844, 4487, 4544, 4491, 7083, 3462, 7146, 193, 245, 244, 7146, 1844, 6101, 245, 193, 943, 4544, 4487, 4488, 7146, 6115, 7083, 4544, 943, 4579, 195, 965, 943, 193, 1805, 195, 4492, 4491, 4544, 6100, 4487, 4491, 4488, 943, 4544, 245, 943, 4488, 943, 965, 4579, 4492, 4544, 4579, 3462, 1804, 3538, 1804, 1805, 3538, 1805, 244, 1843, 4491, 4492, 6115, 6101, 6117, 7146, 193, 195, 943, 195, 1805, 1804, 7146, 6117, 6115, 3462, 3538, 7146, 7146, 3538, 1844, 1805, 193, 244, 6100, 6117, 6101, 6117, 4491, 6115, 7085, 3463, 3464, 967, 968, 4582, 4582, 4492, 4579, 4493, 4583, 4580, 6115, 6116, 7083, 7085, 3464, 7086, 1803, 195, 1804, 7086, 3462, 7083, 3464, 3462, 7086, 4583, 4493, 4582, 6116, 7082, 7086, 7086, 7083, 6116, 7086, 7082, 7085, 6116, 4580, 7082, 194, 195, 1803, 965, 195, 194, 965, 194, 967, 4582, 968, 4583, 4493, 4580, 6116, 6115, 4493, 6116, 1803, 1804, 3464, 966, 194, 3461, 3461, 1803, 3463, 3464, 1804, 3462, 4579, 967, 4582, 3463, 1803, 3464, 967, 194, 966, 967, 966, 968, 6115, 4492, 4493, 4579, 965, 967, 3461, 194, 1803, 4492, 4582, 4493, 968, 972, 4586, 7084, 7081, 7089, 972, 973, 4587, 4584, 4586, 4587, 969, 3460, 3459, 972, 969, 973, 972, 964, 969, 3460, 964, 3461, 968, 964, 972, 3468, 3460, 3463, 964, 968, 966, 3459, 3460, 3468, 3460, 3461, 3463, 969, 964, 3460, 964, 966, 3461, 3459, 3468, 3467, 4581, 4586, 4584, 4583, 4586, 4581, 7082, 4580, 7084, 7084, 4581, 7081, 4581, 4584, 7081, 4580, 4581, 7084, 4583, 968, 4586, 4586, 972, 4587, 3467, 3468, 7089, 3468, 3463, 7085, 4580, 4583, 4581, 3467, 7089, 7088, 7088, 7089, 7081, 7089, 3468, 7085, 7089, 7085, 7084, 7085, 7082, 7084, 4587, 973, 975, 3480, 3466, 3481, 3480, 7103, 7102, 975, 976, 4591, 971, 3458, 3466, 7088, 7081, 7087, 7103, 3467, 7088, 7103, 7088, 7087, 3481, 3467, 7103, 7103, 7087, 7090, 3480, 3481, 7103, 7103, 7090, 7102, 4590, 4591, 4588, 4585, 4590, 4588, 4590, 4584, 4587, 4590, 975, 4591, 4587, 975, 4590, 4584, 4590, 4585, 3458, 969, 3459, 7087, 4585, 7090, 7081, 4585, 7087, 7081, 4584, 4585, 4585, 4588, 7090, 973, 963, 975, 963, 973, 969, 975, 971, 976, 963, 971, 975, 3466, 3458, 3481, 3481, 3459, 3467, 3481, 3458, 3459, 3458, 963, 969, 971, 963, 3458, 3482, 3466, 3480, 3473, 970, 3465, 3482, 3480, 7104, 7104, 7102, 7091, 7104, 7094, 7096, 970, 971, 3465, 3473, 3465, 3474, 970, 976, 971, 4589, 4593, 7091, 3474, 3465, 3482, 7090, 4588, 4589, 7090, 4589, 7091, 3465, 971, 3466, 7091, 4593, 7094, 4591, 977, 4592, 976, 970, 977, 977, 970, 979, 4592, 980, 4595, 977, 979, 980, 7096, 3474, 3482, 4588, 4592, 4589, 4592, 4588, 4591, 4595, 4589, 4592, 4589, 4595, 4593, 977, 980, 4592, 4591, 976, 977, 979, 970, 3473, 7090, 7091, 7102, 7096, 3482, 7104, 7104, 3480, 7102, 7091, 7094, 7104, 3482, 3465, 3466, 978, 979, 3473, 3471, 3472, 3479, 7095, 4594, 7092, 7094, 7095, 7096, 980, 983, 4598, 983, 984, 4599, 7095, 7092, 7101, 7101, 7092, 7098, 7101, 7096, 7095, 982, 978, 3472, 3472, 978, 3473, 3471, 982, 3472, 4594, 4596, 7092, 4593, 4594, 7095, 3476, 3479, 7101, 978, 980, 979, 980, 978, 983, 4595, 980, 4598, 4598, 983, 4599, 3479, 3474, 7096, 983, 978, 982, 983, 982, 984, 7101, 3479, 7096, 4593, 4595, 4594, 4595, 4598, 4594, 7098, 3476, 7101, 4594, 4598, 4596, 4596, 4598, 4599, 3472, 3473, 3474, 3479, 3472, 3474, 3476, 3471, 3479, 4593, 7095, 7094, 3475, 3470, 3478, 3470, 3471, 3478, 4601, 4602, 4600, 4597, 4601, 4600, 4601, 4596, 4599, 4596, 4601, 4597, 3478, 3471, 3476, 3477, 3475, 3478, 7099, 3477, 7100, 7100, 3476, 7098, 984, 981, 986, 981, 984, 982, 4601, 986, 4602, 4599, 986, 4601, 3478, 3476, 7100, 3477, 3478, 7100, 7092, 4596, 4597, 4597, 4600, 7097, 3475, 985, 3470, 3470, 982, 3471, 985, 981, 3470, 7100, 7097, 7099, 7100, 7098, 7093, 7093, 7097, 7100, 981, 982, 3470, 986, 987, 4602, 4599, 984, 986, 986, 981, 985, 7092, 7093, 7098, 986, 985, 987, 7092, 4597, 7093, 7093, 4597, 7097, 7105, 7079, 7126, 7099, 7097, 7105, 3457, 974, 3469, 989, 974, 3457, 4602, 987, 1009, 7126, 7079, 7112, 1009, 1013, 4606, 3511, 3522, 7112, 974, 985, 3469, 4603, 4604, 7105, 7097, 4600, 4603, 3522, 3477, 7126, 1009, 989, 1013, 4602, 1009, 4606, 7105, 4604, 7079, 7097, 4603, 7105, 4606, 1013, 4607, 7126, 3477, 7099, 4603, 4607, 4604, 4606, 4607, 4603, 4606, 4600, 4602, 4600, 4606, 4603, 3511, 3469, 3522, 3522, 3475, 3477, 3469, 3475, 3522, 7112, 3522, 7126, 1009, 974, 989, 987, 974, 1009, 974, 987, 985, 7126, 7099, 7105, 3511, 3457, 3469, 3469, 985, 3475, 1014, 1012, 1015, 988, 989, 3457, 1012, 988, 3456, 7079, 7080, 7112, 7116, 7112, 7080, 3512, 3513, 7116, 7116, 7080, 7113, 7116, 7113, 7115, 3513, 3511, 7112, 4604, 4605, 7080, 1013, 1014, 4610, 1014, 1015, 4611, 988, 1013, 989, 3456, 3457, 3511, 7080, 4605, 7113, 7079, 4604, 7080, 4607, 1013, 4610, 4610, 1014, 4611, 3510, 3513, 3512, 3456, 988, 3457, 3513, 3456, 3511, 4605, 4608, 7113, 3510, 3456, 3513, 3512, 7116, 7115, 988, 1012, 1014, 4610, 4611, 4608, 3510, 1012, 3456, 4605, 4610, 4608, 4607, 4610, 4605, 7116, 3513, 7112, 1013, 988, 1014, 4604, 4607, 4605, 3516, 3509, 3510, 7113, 4608, 4609, 7119, 3512, 7115, 1015, 1012, 1011, 7114, 7111, 7119, 3515, 7119, 7118, 1018, 1016, 1019, 4614, 4608, 4611, 4608, 4614, 4609, 1018, 1011, 1016, 4609, 4614, 4612, 4614, 4615, 4612, 1016, 1011, 3509, 3508, 3509, 3516, 3516, 3512, 7119, 1016, 3509, 3508, 3515, 3516, 7119, 3516, 3510, 3512, 3509, 1012, 3510, 7113, 7114, 7115, 7119, 7115, 7114, 7119, 7111, 7118, 3508, 3516, 3515, 7114, 4609, 7111, 1011, 1012, 3509, 4611, 1015, 1018, 1018, 1019, 4615, 7113, 4609, 7114, 4614, 1018, 4615, 4611, 1018, 4614, 4609, 4612, 7111, 1015, 1011, 1018, 1010, 1019, 1016, 1010, 1017, 1019, 4615, 4616, 4612, 4612, 4616, 4613, 4613, 4619, 4617, 4619, 4613, 4616, 7111, 4612, 4613, 7120, 7106, 7109, 4615, 1017, 4616, 4616, 1023, 4619, 1017, 1023, 4616, 1019, 1017, 4615, 1010, 1016, 3507, 7120, 7118, 7117, 7117, 7106, 7120, 3514, 3508, 3515, 7111, 4613, 7117, 7117, 4617, 7106, 3507, 3508, 3514, 3506, 3507, 3514, 3506, 3503, 3507, 3506, 3514, 7109, 3507, 1016, 3508, 3514, 3515, 7120, 7109, 3514, 7120, 7111, 7117, 7118, 7120, 3515, 7118, 1017, 1021, 1023, 1021, 1010, 3503, 4613, 4617, 7117, 1017, 1010, 1021, 3503, 1010, 3507, 3520, 3502, 3506, 3502, 1020, 3503, 3502, 3503, 3506, 3505, 3502, 3520, 1023, 1025, 4622, 7124, 3520, 7109, 4622, 4623, 4620, 4618, 4622, 4620, 3519, 3505, 3520, 7124, 7108, 7123, 1025, 1024, 1026, 4619, 4622, 4618, 7106, 7107, 7109, 7107, 7108, 7124, 1020, 1021, 3503, 1024, 1020, 3502, 4617, 4619, 4618, 3519, 7124, 7123, 1023, 1021, 1020, 7124, 7109, 7107, 1023, 1020, 1025, 1025, 1020, 1024, 3519, 3520, 7124, 3520, 3506, 7109, 7107, 4618, 7108, 3505, 1024, 3502, 4618, 4620, 7108, 4622, 1025, 4623, 4619, 1023, 4622, 4617, 4618, 7107, 4617, 7107, 7106, 1025, 1026, 4623, 3504, 1024, 3505, 1027, 1028, 1029, 4623, 1027, 4624, 7108, 4620, 4621, 4621, 4625, 7121, 4624, 1027, 4626, 3517, 1028, 3504, 7108, 4621, 7110, 7110, 4621, 7121, 1022, 1028, 1027, 7123, 7108, 7110, 7122, 7125, 7121, 1022, 1026, 1024, 3521, 3519, 7125, 7125, 7110, 7121, 3518, 3521, 7125, 1022, 1024, 3504, 1027, 1029, 4626, 4623, 1026, 1027, 1028, 1022, 3504, 7125, 7123, 7110, 3521, 3505, 3519, 7122, 3518, 7125, 3517, 3504, 3521, 4620, 4624, 4621, 4624, 4620, 4623, 4621, 4624, 4625, 4624, 4626, 4625, 3521, 3504, 3505, 7125, 3519, 7123, 3517, 3521, 3518, 1026, 1022, 1027, 1003, 1005, 1006, 3485, 1003, 3483, 3486, 3483, 3487, 4643, 4625, 4626, 4625, 4643, 4640, 1029, 1006, 4626, 7131, 3518, 7122, 7130, 3487, 7131, 3487, 3483, 3517, 4640, 4644, 4641, 3485, 3483, 3486, 7128, 7130, 7131, 3487, 3517, 3518, 1003, 1029, 1028, 3487, 3518, 7131, 7130, 3486, 3487, 1005, 1003, 3485, 1003, 1028, 3483, 7131, 7127, 7128, 7131, 7122, 7127, 4643, 4644, 4640, 7121, 7127, 7122, 7127, 4641, 7128, 3483, 1028, 3517, 4640, 4641, 7127, 7121, 4625, 4640, 1006, 1007, 4643, 7121, 4640, 7127, 4643, 1007, 4644, 4626, 1006, 4643, 1006, 1005, 1007, 1029, 1003, 1006, 7132, 6345, 6347, 7129, 6345, 7132, 3484, 1004, 3485, 1072, 3484, 2722, 4644, 1007, 4645, 1007, 1008, 4645, 7128, 4641, 7129, 4644, 4645, 4642, 7129, 4642, 6345, 1072, 1073, 1008, 4641, 4644, 4642, 1008, 1004, 1072, 4641, 4642, 7129, 4689, 4645, 4691, 4642, 4689, 6345, 2722, 3484, 3488, 1072, 1004, 3484, 1004, 1005, 3485, 2723, 3488, 7132, 1007, 1004, 1008, 3488, 3486, 7130, 4645, 1008, 4691, 2722, 3488, 2723, 7128, 7129, 7130, 7132, 7130, 7129, 7132, 3488, 7130, 4642, 4645, 4689, 2723, 7132, 6347, 3484, 3485, 3486, 1004, 1007, 1005, 3488, 3484, 3486, 1008, 1073, 4691, 2740, 2720, 2743, 6345, 4690, 6346, 4690, 4692, 6343, 6345, 4689, 4690, 1073, 1077, 4691, 6366, 6343, 6363, 1077, 1078, 4695, 4694, 4689, 4691, 4689, 4694, 4690, 4690, 4694, 4692, 1075, 2721, 2720, 2743, 2722, 2723, 2721, 1072, 2722, 6366, 6347, 6346, 6363, 2740, 6366, 6366, 2723, 6347, 2721, 2722, 2743, 4692, 4694, 4695, 6346, 6343, 6366, 6345, 6346, 6347, 1077, 1075, 1078, 1071, 1073, 1072, 1077, 1071, 1075, 2743, 2723, 6366, 4694, 1077, 4695, 4691, 1077, 4694, 2720, 2721, 2743, 1071, 1072, 2721, 1075, 1071, 2721, 4690, 6343, 6346, 1073, 1071, 1077, 2740, 2743, 6366, 2742, 2720, 2740, 2739, 1074, 2719, 1074, 1075, 2719, 4695, 1080, 4697, 4698, 4693, 4697, 4693, 4698, 4696, 4697, 1081, 4698, 1078, 1075, 1074, 1078, 1074, 1080, 1080, 1074, 1079, 4697, 4692, 4695, 4692, 4697, 4693, 2719, 1075, 2720, 6364, 2742, 6365, 6365, 2740, 6363, 2739, 2719, 2741, 1080, 1079, 1081, 1079, 1074, 2739, 1080, 1081, 4697, 4695, 1078, 1080, 2742, 2740, 6365, 6343, 6344, 6363, 6344, 6362, 6365, 6365, 6363, 6344, 6365, 6362, 6364, 6364, 2741, 2742, 2719, 2720, 2742, 2741, 2719, 2742, 6344, 4696, 6362, 6343, 4692, 4693, 4693, 4696, 6344, 6343, 4693, 6344, 6367, 6357, 6368, 2744, 2741, 6364, 6362, 4696, 6367, 4699, 4701, 6357, 4696, 4699, 6367, 2734, 1084, 2738, 2737, 6368, 6359, 2738, 1076, 2739, 2744, 2738, 2741, 6362, 6367, 6364, 2744, 2734, 2738, 2738, 2739, 2741, 2734, 2744, 2737, 1081, 1082, 4700, 1082, 1087, 4703, 6368, 6364, 6367, 6359, 6368, 6357, 6368, 2744, 6364, 4700, 1082, 4703, 1082, 1084, 1087, 4698, 1081, 4700, 4696, 4698, 4699, 4698, 4700, 4699, 4699, 4700, 4701, 4701, 4700, 4703, 6367, 4699, 6357, 1081, 1076, 1082, 1076, 1084, 1082, 1076, 1081, 1079, 1084, 1076, 2738, 2737, 2744, 6368, 1076, 1079, 2739, 1090, 1086, 1091, 2736, 1086, 2733, 4706, 4707, 4704, 4702, 4706, 4704, 4701, 4703, 4706, 4701, 4706, 4702, 4703, 1087, 1090, 6357, 4702, 6358, 1090, 1091, 4707, 4702, 6360, 6358, 2749, 2750, 6372, 6357, 6358, 6359, 6371, 2749, 6372, 1083, 1087, 1084, 1087, 1083, 1090, 4703, 1090, 4706, 4706, 1090, 4707, 1090, 1083, 1086, 1086, 1083, 2733, 6372, 2737, 6359, 2750, 2733, 2734, 6372, 6360, 6371, 2736, 2750, 2749, 2736, 2733, 2750, 2750, 2734, 2737, 6358, 6360, 6372, 6372, 6359, 6358, 4702, 4704, 6360, 2733, 1084, 2734, 2750, 2737, 6372, 6357, 4701, 4702, 1083, 1084, 2733, 6373, 6369, 6370, 4707, 1092, 4708, 6361, 6369, 6373, 4705, 4710, 4709, 4708, 4704, 4707, 4710, 4705, 4708, 6373, 2749, 6371, 6370, 2751, 6373, 1093, 1094, 1092, 1092, 1085, 1093, 1091, 1085, 1092, 6370, 2748, 2751, 6360, 4705, 6361, 6361, 4709, 6369, 2751, 2749, 6373, 6373, 6371, 6361, 4704, 4708, 4705, 2747, 1085, 2735, 2735, 1086, 2736, 6360, 6361, 6371, 1085, 1091, 1086, 2747, 2735, 2748, 2748, 2735, 2751, 2751, 2736, 2749, 4705, 4709, 6361, 6360, 4704, 4705, 2751, 2735, 2736, 1093, 1085, 2747, 1085, 1086, 2735, 4707, 1091, 1092, 1092, 1094, 4708, 4708, 1094, 4710, 1088, 1094, 1093, 6351, 2730, 6375, 6375, 6348, 6351, 6375, 6370, 6374, 4709, 4710, 4711, 2745, 2747, 2748, 4710, 1094, 4712, 6369, 4709, 6374, 2730, 2746, 6375, 4711, 4710, 4712, 4711, 4712, 4713, 1089, 1100, 4715, 4712, 1089, 4715, 1089, 1088, 1096, 1093, 2747, 1088, 1096, 1088, 2745, 1089, 1096, 1100, 1094, 1088, 1089, 6374, 6348, 6375, 2725, 2745, 2746, 6374, 4711, 6348, 4713, 4712, 4715, 2745, 1088, 2747, 1094, 1089, 4712, 4709, 4711, 6374, 2725, 1096, 2745, 4711, 4713, 6348, 2746, 2748, 6370, 2730, 2725, 2746, 2746, 2745, 2748, 6375, 2746, 6370, 6370, 6369, 6374, 2729, 2724, 2732, 6348, 6349, 6351, 4714, 4718, 4716, 4718, 4719, 4716, 4718, 4713, 4715, 2731, 6355, 6354, 6355, 2730, 6351, 4714, 4716, 6352, 2732, 2730, 6355, 2731, 2732, 6355, 6348, 4713, 4714, 1101, 1099, 1102, 4713, 4718, 4714, 4718, 1101, 4719, 6348, 4714, 6349, 6349, 4714, 6352, 1095, 1099, 1101, 2724, 1095, 1096, 1100, 1096, 1095, 1101, 1102, 4719, 6355, 6352, 6354, 6355, 6349, 6352, 1099, 1095, 2724, 4715, 1101, 4718, 2732, 2725, 2730, 2724, 1096, 2725, 1099, 2724, 2729, 4715, 1100, 1101, 2731, 2729, 2732, 6355, 6351, 6349, 2732, 2724, 2725, 1100, 1095, 1101, 1108, 1103, 1109, 4717, 4723, 4720, 2728, 2729, 2763, 2727, 2728, 2762, 6352, 6353, 6354, 4722, 1109, 4723, 2763, 2729, 2731, 2762, 2728, 2763, 1098, 1099, 2728, 2728, 1099, 2729, 2727, 1098, 2728, 6383, 6354, 6353, 4719, 1102, 1108, 1108, 1109, 4722, 1103, 1098, 2727, 4719, 1108, 4722, 6353, 6350, 6383, 2762, 2763, 6382, 6383, 6350, 6382, 6352, 4716, 4717, 6352, 4717, 6353, 4717, 4720, 6353, 6353, 4720, 6350, 6383, 2731, 6354, 1102, 1098, 1108, 1098, 1103, 1108, 1102, 1099, 1098, 2763, 2731, 6383, 4716, 4722, 4717, 4722, 4716, 4719, 4723, 4717, 4722, 6382, 2763, 6383, 4720, 4723, 4721, 4723, 4726, 4721, 4721, 4726, 4724, 4726, 4727, 4724, 1106, 1107, 4727, 4721, 4724, 6384, 6350, 4720, 6356, 6387, 6382, 6356, 4720, 4721, 6356, 1109, 1106, 4726, 6356, 6384, 6387, 1097, 1109, 1103, 2760, 2761, 6387, 1097, 1106, 1109, 1106, 1097, 1105, 4726, 1106, 4727, 6356, 4721, 6384, 2761, 2762, 6382, 2759, 1105, 2726, 6387, 6384, 6386, 2759, 2726, 2761, 1097, 1103, 2727, 2761, 2726, 2762, 2726, 1097, 2727, 1105, 1097, 2726, 2760, 2759, 2761, 4723, 1109, 4726, 6350, 6356, 6382, 2762, 2726, 2727, 1106, 1105, 1107, 2760, 6387, 6386, 6387, 2761, 6382, 1104, 1107, 1105, 6385, 4725, 6376, 1110, 1104, 1112, 4727, 1110, 4728, 6385, 6376, 6388, 4728, 1110, 4731, 2756, 6388, 6380, 1110, 1113, 4731, 1110, 1112, 1113, 4727, 1107, 1110, 2758, 2764, 2753, 2756, 2753, 2764, 1104, 1105, 2758, 4724, 4727, 4728, 4724, 4728, 4725, 4725, 4728, 4729, 4729, 4728, 4731, 1112, 1104, 2758, 6388, 6386, 6385, 6384, 4724, 4725, 4725, 4729, 6376, 1107, 1104, 1110, 2764, 2760, 6388, 2753, 1112, 2758, 6384, 6385, 6386, 2758, 1105, 2759, 2764, 2758, 2759, 2764, 2759, 2760, 6388, 2760, 6386, 2756, 2764, 6388, 6384, 4725, 6385, 6388, 6376, 6380, 1111, 1113, 1112, 6376, 4729, 4730, 6377, 4733, 6378, 1113, 1111, 1114, 4731, 1114, 4732, 4732, 1116, 4734, 6377, 6378, 6381, 6376, 4730, 6377, 1114, 1111, 1115, 6380, 6376, 6377, 6379, 2757, 6381, 1114, 1116, 4732, 4731, 1113, 1114, 6379, 2755, 2757, 2757, 2756, 6381, 1114, 1115, 1116, 2754, 2752, 2755, 2755, 2752, 2757, 2752, 2753, 2757, 4730, 4734, 4733, 4734, 4730, 4732, 2757, 2753, 2756, 2754, 1111, 2752, 6381, 2756, 6380, 2752, 1112, 2753, 6381, 6378, 6379, 4729, 4732, 4730, 1111, 1112, 2752, 6381, 6380, 6377, 1115, 1111, 2754, 4732, 4729, 4731, 4730, 4733, 6377, 4733, 6402, 6378, 6405, 2702, 6406, 6402, 4749, 6403, 4749, 4750, 6403, 4733, 4749, 6402, 6406, 6379, 6402, 6378, 6402, 6379, 1055, 1056, 4753, 1116, 1055, 4752, 2755, 6379, 2703, 1054, 2699, 2701, 4749, 4734, 4752, 4733, 4734, 4749, 4734, 1116, 4752, 4752, 1055, 4753, 6406, 6402, 6403, 2701, 2699, 2703, 1116, 1115, 1052, 2699, 2754, 2755, 1052, 1115, 2754, 2702, 2703, 6406, 4752, 4753, 4750, 2699, 1052, 2754, 1055, 1054, 1056, 6406, 6403, 6405, 2701, 2703, 2702, 1116, 1052, 1055, 2703, 2699, 2755, 4749, 4752, 4750, 1054, 1052, 2699, 6406, 2703, 6379, 1052, 1054, 1055, 6407, 2702, 6405, 4758, 4754, 4760, 1056, 1054, 1053, 2704, 2701, 2702, 2700, 1054, 2701, 6407, 6405, 6404, 2704, 2686, 2700, 2700, 2701, 2704, 6403, 6404, 6405, 6404, 6391, 6407, 4754, 1057, 4760, 4753, 1057, 4754, 1056, 1053, 1057, 1057, 1053, 1059, 6393, 6407, 6391, 2704, 2702, 6407, 2686, 2704, 2689, 4751, 4754, 4758, 4754, 4750, 4753, 4750, 4754, 4751, 2689, 6407, 6393, 1057, 1059, 1062, 4753, 1056, 1057, 1057, 1062, 4760, 2689, 2704, 6407, 1059, 2700, 2686, 6403, 4751, 6404, 4751, 6391, 6404, 6403, 4750, 4751, 1059, 1053, 2700, 1053, 1054, 2700, 4751, 4758, 6391, 4758, 4763, 4759, 4763, 4764, 4759, 1064, 1058, 1061, 1064, 1065, 4763, 4760, 1062, 1064, 1062, 1058, 1064, 6392, 4761, 6394, 1058, 1059, 2685, 6391, 4759, 6392, 2685, 1059, 2686, 2688, 1058, 2685, 1061, 1058, 2688, 6391, 4758, 4759, 2688, 2685, 2693, 2685, 2686, 2694, 2694, 2686, 2689, 4759, 4761, 6392, 2694, 2689, 6399, 6391, 6392, 6393, 2693, 2694, 6398, 6392, 6394, 6399, 6399, 6393, 6392, 6399, 2689, 6393, 6398, 2694, 6399, 6394, 6398, 6399, 1064, 1061, 1065, 4760, 1064, 4763, 4763, 1065, 4764, 2693, 2685, 2694, 4763, 4758, 4760, 4759, 4764, 4761, 1058, 1062, 1059, 4761, 4764, 4762, 1066, 1068, 4767, 4762, 4765, 4766, 4765, 4767, 4766, 4765, 1066, 4767, 4764, 1065, 4765, 2695, 2687, 2693, 6400, 6398, 6395, 1060, 1065, 1061, 6398, 6394, 6395, 1065, 1060, 1066, 1066, 1060, 1067, 1066, 1067, 1068, 6400, 2695, 6398, 6400, 6396, 6397, 6395, 6396, 6400, 2692, 6400, 6397, 2692, 2695, 6400, 2687, 2688, 2693, 2691, 2695, 2692, 2695, 2693, 6398, 4762, 4766, 6396, 4761, 4762, 6395, 2691, 2687, 2695, 2691, 1067, 2687, 1067, 1060, 2687, 1060, 1061, 2688, 2687, 1060, 2688, 6394, 4761, 6395, 6395, 4762, 6396, 1065, 1066, 4765, 4764, 4765, 4762, 4767, 1166, 4806, 6397, 6396, 6401, 1068, 1063, 1166, 6396, 4766, 4768, 1063, 1068, 1067, 1166, 1169, 4806, 1068, 1166, 4767, 2684, 2690, 2900, 2690, 2691, 2906, 2906, 2691, 2692, 1070, 1063, 2684, 1063, 1067, 2690, 1070, 1169, 1166, 4806, 1169, 4807, 2690, 1067, 2691, 2900, 2690, 2906, 6552, 6389, 6544, 2684, 1063, 2690, 6552, 2692, 6397, 6544, 2906, 6552, 4768, 4769, 6401, 4768, 4807, 4769, 4806, 4766, 4767, 6544, 2900, 2906, 4807, 4768, 4806, 6396, 4768, 6401, 6401, 4769, 6389, 4766, 4806, 4768, 2906, 2692, 6552, 6552, 6397, 6401, 6401, 6389, 6552, 1166, 1063, 1070, 2904, 6544, 6550, 4769, 4807, 4770, 4807, 4810, 4770, 6549, 2903, 2904, 2683, 1069, 2684, 6549, 2904, 6550, 2904, 2900, 6544, 6390, 4770, 4808, 4769, 4770, 6390, 6389, 4769, 6390, 4770, 4811, 4808, 4811, 4770, 4810, 4810, 1171, 4811, 6550, 6545, 6549, 6550, 6390, 6545, 6550, 6544, 6390, 6389, 6390, 6544, 1069, 1168, 1170, 2899, 1069, 2683, 1168, 1069, 2899, 2899, 2683, 2903, 2683, 2684, 2900, 1069, 1070, 2684, 6390, 4808, 6545, 2904, 2683, 2900, 2903, 2683, 2904, 4810, 1170, 1171, 1169, 1070, 1069, 1169, 1069, 1170, 1170, 1168, 1171, 1170, 4810, 1169, 4807, 1169, 4810, 2905, 2898, 2903, 6546, 4809, 6547, 2902, 2905, 6551, 2905, 2903, 6549, 2902, 6551, 6548, 4809, 4813, 6547, 2901, 2905, 2902, 4808, 4809, 6546, 1172, 1173, 1174, 4808, 4811, 4809, 1171, 1172, 4812, 2898, 2899, 2903, 1172, 1174, 4814, 4811, 4812, 4809, 4809, 4812, 4813, 4813, 4812, 4814, 4812, 1172, 4814, 4811, 1171, 4812, 2901, 2898, 2905, 1172, 1167, 1173, 1171, 1167, 1172, 1173, 1167, 2898, 1167, 1171, 1168, 6545, 6546, 6549, 1167, 1168, 2899, 2898, 1167, 2899, 6548, 6551, 6547, 2901, 1173, 2898, 6546, 6547, 6551, 6551, 6549, 6546, 6545, 4808, 6546, 6551, 2905, 6549, 6557, 6554, 6556, 6553, 6554, 6557, 4818, 1176, 4819, 4814, 1175, 4818, 6553, 4816, 6554, 6547, 4815, 6553, 2908, 2902, 6557, 6557, 2902, 6548, 6557, 6548, 6553, 1165, 1163, 2897, 2895, 1173, 2901, 2897, 2895, 2907, 2895, 2901, 2908, 6556, 2907, 2908, 6547, 6553, 6548, 2897, 1163, 2895, 2907, 2895, 2908, 4815, 4816, 6553, 6547, 4813, 4815, 1163, 1174, 1173, 4814, 1174, 1175, 1175, 1176, 4818, 4815, 4819, 4816, 4815, 4818, 4819, 6556, 2908, 6557, 4813, 4814, 4818, 1175, 1165, 1176, 4813, 4818, 4815, 1175, 1163, 1165, 1163, 1175, 1174, 1163, 1173, 2895, 2908, 2901, 2902, 1176, 1177, 4820, 1180, 1181, 1177, 1164, 1176, 1165, 2886, 1164, 2896, 6558, 6533, 6536, 6555, 6533, 6558, 2896, 1164, 2897, 6558, 2909, 6556, 6536, 2909, 6558, 4816, 4819, 4817, 4819, 4820, 4817, 4817, 4823, 4821, 4820, 1181, 4823, 1176, 1164, 1177, 1177, 1164, 1180, 4823, 4817, 4820, 6558, 6556, 6555, 4816, 4817, 6555, 6555, 4817, 4821, 4820, 1177, 1181, 1164, 1165, 2897, 1180, 1164, 2886, 2896, 2897, 2907, 2888, 2896, 2909, 2909, 2907, 6556, 2909, 2896, 2907, 2888, 2886, 2896, 6554, 6555, 6556, 4816, 6555, 6554, 6555, 4821, 6533, 4819, 1176, 4820, 2888, 2909, 6536, 1179, 1181, 1180, 2894, 2888, 6536, 2894, 2885, 2888, 1182, 2885, 2887, 2887, 2894, 2893, 2885, 1179, 2886, 4826, 4827, 4824, 2893, 6539, 6538, 6533, 6534, 6536, 6539, 2894, 6536, 6534, 4822, 6535, 4822, 4824, 6535, 4821, 4822, 6534, 1181, 1179, 1187, 4823, 1181, 4826, 6534, 6535, 6539, 1187, 1179, 1182, 4826, 1187, 4827, 6539, 6535, 6538, 6539, 6536, 6534, 6533, 4821, 6534, 1181, 1187, 4826, 1187, 1188, 4827, 1187, 1182, 1188, 2887, 2885, 2894, 2885, 2886, 2888, 4822, 4826, 4824, 4823, 4826, 4822, 4821, 4823, 4822, 1179, 1180, 2886, 1182, 1179, 2885, 2893, 2894, 6539, 2884, 1182, 2887, 6543, 6540, 6542, 1183, 1185, 1186, 4825, 4829, 6537, 1183, 1186, 4828, 6537, 4829, 6540, 4831, 4825, 4828, 4825, 4831, 4829, 4824, 4827, 4828, 4824, 4828, 4825, 2892, 2887, 2893, 1185, 1178, 2890, 2892, 2893, 6543, 6543, 2893, 6538, 6535, 4825, 6537, 1178, 1182, 2884, 2892, 2884, 2887, 6542, 2892, 6543, 6535, 4824, 4825, 2891, 2884, 2892, 1188, 1183, 4827, 2890, 2884, 2891, 1183, 1178, 1185, 1178, 1183, 1188, 6535, 6537, 6538, 1178, 1188, 1182, 2890, 1178, 2884, 4827, 1183, 4828, 4828, 1186, 4831, 6537, 6540, 6543, 6543, 6538, 6537, 2891, 2892, 6542, 6563, 6542, 6541, 6559, 2935, 6563, 4831, 1186, 4834, 6540, 6541, 6542, 2883, 1190, 2889, 4834, 1215, 4835, 2889, 2890, 2891, 1215, 1184, 1190, 2883, 2889, 2938, 2938, 2889, 2891, 1186, 1184, 1215, 2935, 2938, 6563, 6563, 6531, 6559, 2935, 2883, 2938, 1186, 1215, 4834, 1215, 1217, 4835, 1184, 1185, 2890, 4829, 4831, 4830, 4831, 4834, 4830, 4830, 4834, 4832, 4834, 4835, 4832, 1190, 1184, 2889, 4829, 6541, 6540, 6563, 2938, 6542, 1215, 1190, 1217, 4829, 4830, 6541, 6541, 4830, 6531, 4830, 4832, 6531, 2889, 1184, 2890, 1186, 1185, 1184, 2938, 2891, 6542, 6541, 6531, 6563, 4837, 1219, 4838, 1218, 1219, 4837, 6561, 2936, 2937, 6532, 4836, 6560, 6531, 4833, 6532, 2934, 1189, 2882, 2882, 1190, 2883, 1189, 1190, 2882, 1216, 1189, 2934, 1217, 1190, 1189, 6561, 2937, 6562, 6562, 2935, 6559, 6531, 4832, 4833, 4833, 4838, 4836, 4838, 4833, 4837, 4837, 4832, 4835, 4832, 4837, 4833, 4833, 4836, 6532, 2934, 2882, 2936, 1218, 1216, 1219, 2882, 2883, 2937, 2937, 2883, 2935, 2936, 2882, 2937, 4835, 1218, 4837, 2937, 2935, 6562, 6531, 6532, 6559, 1218, 1189, 1216, 6532, 6560, 6562, 6562, 6559, 6532, 6562, 6560, 6561, 1217, 1189, 1218, 4835, 1217, 1218, 4838, 1219, 4856, 4836, 4838, 4853, 2915, 2918, 6572, 6564, 6568, 6572, 2918, 2936, 6561, 1208, 1210, 4857, 6566, 4853, 6564, 4836, 6566, 6560, 6572, 6566, 6564, 2911, 2918, 2915, 1219, 1208, 4856, 6572, 6561, 6566, 6560, 6566, 6561, 1208, 1207, 1210, 1207, 2912, 2911, 6568, 2915, 6572, 2912, 1205, 2934, 1205, 1219, 1216, 2918, 2912, 2936, 2912, 2934, 2936, 1219, 1205, 1208, 4853, 4856, 4854, 4854, 4856, 4857, 4856, 1208, 4857, 1207, 1205, 2912, 1205, 1207, 1208, 1205, 1216, 2934, 6572, 2918, 6561, 4853, 4854, 6564, 4836, 4853, 6566, 4853, 4838, 4856, 2911, 2912, 2918, 2914, 2917, 2916, 1210, 1206, 1212, 6564, 4854, 4855, 4855, 4858, 6567, 6571, 2915, 6568, 2916, 6571, 6570, 4860, 4861, 4858, 2910, 1206, 1207, 1211, 1206, 2910, 4855, 4860, 4858, 1206, 1210, 1207, 4857, 1210, 1212, 1211, 2910, 2914, 2910, 1207, 2911, 4857, 1212, 4860, 4860, 1212, 4861, 2917, 2911, 2915, 6564, 6565, 6568, 1212, 1213, 4861, 2910, 2911, 2917, 1212, 1211, 1213, 6564, 4855, 6565, 6565, 4855, 6567, 6571, 6567, 6570, 6571, 6568, 6565, 2916, 2917, 6571, 2917, 2915, 6571, 6565, 6567, 6571, 2914, 2910, 2917, 4854, 4860, 4855, 4860, 4854, 4857, 1212, 1206, 1211, 6573, 2916, 6570, 1248, 1209, 2766, 4861, 1214, 4862, 4862, 1253, 4903, 6567, 4859, 6569, 6569, 4901, 6425, 6567, 4858, 4859, 6433, 2777, 2919, 6433, 2919, 6573, 4903, 4859, 4862, 2913, 1211, 2914, 4859, 4903, 4901, 4859, 4901, 6569, 2777, 2766, 2913, 6573, 6425, 6433, 2919, 2916, 6573, 2766, 1209, 2913, 1248, 1253, 1214, 1214, 1209, 1248, 4858, 4862, 4859, 4862, 4858, 4861, 1214, 1253, 4862, 4861, 1213, 1214, 6573, 6570, 6569, 1213, 1209, 1214, 1209, 1213, 1211, 6567, 6569, 6570, 6569, 6425, 6573, 2919, 2914, 2916, 2913, 2919, 2777, 2919, 2913, 2914, 1209, 1211, 2913, 1253, 1248, 1247, 1254, 1247, 1255, 4903, 1253, 4904, 6434, 6431, 6432, 4904, 1254, 4906, 1247, 1248, 2766, 6426, 6431, 6434, 2775, 2778, 2776, 6432, 2776, 6434, 2778, 2765, 2777, 2775, 2765, 2778, 2765, 2766, 2777, 2778, 2777, 6433, 6434, 2778, 6433, 2776, 2778, 6434, 1253, 1254, 4904, 1254, 1256, 4906, 4904, 4906, 4905, 4902, 4904, 4905, 4903, 4904, 4902, 4901, 4903, 4902, 4901, 6426, 6425, 6425, 6426, 6433, 4901, 4902, 6426, 1255, 1247, 2765, 2775, 1255, 2765, 4902, 4905, 6431, 6426, 4902, 6431, 2765, 1247, 2766, 6434, 6433, 6426, 1254, 1255, 1256, 1253, 1247, 1254, 6439, 2780, 2776, 1250, 1255, 2772, 6432, 6431, 6435, 1256, 1250, 1257, 6439, 2776, 6432, 2779, 6439, 6438, 1257, 1252, 1258, 4906, 1257, 4910, 4910, 1257, 4911, 2779, 2780, 6439, 2780, 2775, 2776, 1250, 1252, 1257, 6439, 6436, 6438, 2774, 2772, 2780, 6439, 6435, 6436, 6439, 6432, 6435, 1250, 1256, 1255, 4910, 4911, 4908, 4907, 4910, 4908, 4910, 4905, 4906, 4907, 6436, 6435, 6431, 4907, 6435, 2772, 2775, 2780, 4905, 4910, 4907, 1256, 1257, 4906, 4907, 4908, 6436, 6431, 4905, 4907, 1252, 2772, 2774, 1257, 1258, 4911, 1252, 1250, 2772, 2772, 1255, 2775, 2779, 2774, 2780, 2773, 1252, 2774, 2781, 2779, 6440, 4912, 1262, 4915, 1259, 1262, 4912, 1258, 1259, 4911, 1251, 1252, 2773, 6436, 4908, 4909, 4909, 4913, 6437, 6436, 4909, 6437, 6437, 4913, 6427, 2769, 2773, 2771, 4908, 4912, 4909, 4912, 4908, 4911, 4912, 4915, 4909, 4909, 4915, 4913, 2769, 1251, 2773, 4911, 1259, 4912, 6437, 6427, 6440, 1259, 1261, 1262, 1261, 1251, 2769, 2771, 2781, 6430, 1258, 1251, 1259, 6440, 6427, 6430, 1251, 1258, 1252, 1251, 1261, 1259, 6440, 2779, 6438, 6430, 2781, 6440, 2771, 2773, 2781, 6440, 6438, 6437, 2781, 2773, 2774, 2781, 2774, 2779, 6436, 6437, 6438, 2869, 2870, 6461, 2768, 1260, 2769, 2870, 2771, 6430, 1262, 1333, 4918, 4915, 1262, 4918, 4918, 1333, 4919, 1333, 1334, 4919, 1260, 1262, 1261, 1260, 1261, 2769, 1263, 1260, 2768, 1262, 1260, 1333, 1333, 1260, 1263, 4918, 4919, 4916, 4914, 4918, 4916, 4915, 4918, 4914, 2770, 2870, 2869, 6427, 6428, 6430, 4913, 4915, 4914, 2770, 2768, 2870, 2768, 2769, 2771, 1333, 1263, 1334, 6428, 6429, 6461, 2870, 2768, 2771, 4913, 4914, 6428, 4914, 4916, 6429, 6461, 6429, 6460, 2869, 6461, 6460, 1263, 2768, 2770, 4913, 6428, 6427, 6461, 2870, 6430, 6428, 4914, 6429, 6461, 6430, 6428, 4917, 6462, 6441, 6466, 6460, 6441, 1249, 1330, 1334, 2767, 1263, 2770, 1330, 1249, 1329, 1330, 1329, 1331, 4917, 4920, 6462, 6429, 6441, 6460, 6429, 4916, 4917, 2868, 2767, 2770, 1249, 1334, 1263, 2865, 1329, 2767, 2866, 2865, 2868, 6441, 6462, 6466, 2865, 2767, 2868, 2868, 2770, 2869, 6466, 2868, 2869, 6466, 2869, 6460, 6464, 2866, 6466, 4916, 4919, 4922, 4916, 4922, 4917, 1329, 1249, 2767, 4922, 1330, 4923, 4917, 4922, 4920, 4920, 4922, 4923, 1330, 1331, 4923, 1334, 1330, 4919, 4919, 1330, 4922, 2866, 2868, 6466, 6466, 6462, 6464, 1249, 1263, 2767, 6429, 4917, 6441, 1337, 1328, 2848, 6444, 2850, 2867, 6465, 6464, 6463, 6465, 6442, 6444, 6444, 2867, 6465, 4921, 4925, 6463, 6465, 2866, 6464, 1328, 1329, 2864, 2867, 2865, 2866, 6462, 6463, 6464, 2850, 2864, 2867, 1337, 1339, 1332, 1332, 1328, 1337, 1331, 1328, 1332, 1328, 1331, 1329, 2850, 2848, 2864, 6463, 4925, 6442, 6462, 4921, 6463, 6462, 4920, 4921, 4923, 1331, 1332, 4924, 1339, 4927, 2864, 1329, 2865, 2848, 1328, 2864, 4923, 1332, 4924, 1332, 1339, 4924, 4920, 4924, 4921, 4924, 4920, 4923, 4921, 4927, 4925, 4927, 4921, 4924, 2867, 2866, 6465, 2864, 2865, 2867, 6463, 6442, 6465, 2860, 2847, 2850, 2849, 2847, 2860, 2860, 2850, 6444, 1346, 1347, 4931, 6442, 6443, 6444, 2849, 1338, 2847, 6442, 4925, 6443, 1346, 1338, 1347, 1339, 1336, 1346, 1336, 1338, 1346, 1339, 1337, 1336, 6443, 4926, 6445, 2847, 1336, 2848, 1336, 1337, 2848, 1338, 1336, 2847, 6450, 2860, 6444, 2859, 6450, 6449, 4930, 4931, 4928, 4926, 4930, 4928, 4927, 4930, 4926, 4925, 4927, 4926, 4925, 4926, 6443, 1339, 1346, 4930, 4926, 4928, 6445, 6450, 6445, 6449, 6450, 6444, 6443, 6450, 6443, 6445, 4930, 1346, 4931, 4927, 1339, 4930, 2847, 2848, 2850, 2849, 2860, 2859, 2859, 2860, 6450, 4929, 4932, 4933, 6456, 6446, 6451, 6456, 2859, 6449, 4928, 4932, 4929, 2858, 2846, 2849, 1342, 1344, 1340, 4932, 4928, 4931, 1342, 2846, 2854, 2854, 2858, 2857, 1335, 1342, 1340, 6445, 6446, 6449, 6445, 4928, 4929, 4929, 4933, 6451, 2854, 2846, 2858, 2858, 2849, 2859, 1335, 1338, 2846, 6445, 4929, 6446, 1347, 1338, 1335, 2846, 1338, 2849, 1342, 1335, 2846, 2857, 6456, 6454, 4933, 4932, 4935, 1347, 1335, 1340, 1340, 1344, 4935, 4931, 1340, 4932, 6446, 4929, 6451, 2857, 2858, 6456, 6456, 6449, 6446, 4932, 1340, 4935, 6456, 2858, 2859, 6454, 6456, 6451, 1347, 1340, 4931, 1344, 1341, 1348, 1344, 1342, 1341, 4938, 4933, 4935, 6458, 6454, 6452, 6452, 6453, 6458, 2861, 2862, 6457, 6451, 6452, 6454, 4933, 4938, 4934, 4935, 1344, 1348, 4938, 1349, 4939, 4935, 1348, 4938, 6452, 4936, 6453, 6451, 4934, 6452, 2856, 1341, 2853, 1348, 1341, 1345, 1348, 1349, 4938, 2853, 1342, 2854, 4934, 4939, 4936, 1348, 1345, 1349, 4939, 4934, 4938, 4934, 4936, 6452, 6451, 4933, 4934, 2862, 2854, 2857, 2861, 2853, 2862, 2856, 2853, 2861, 1341, 1342, 2853, 2853, 2854, 2862, 1345, 1341, 2856, 6457, 2862, 6458, 6458, 2857, 6454, 2862, 2857, 6458, 6458, 6453, 6457, 6459, 6447, 6448, 4941, 4940, 4942, 2851, 1351, 2855, 6459, 2863, 6457, 1350, 1352, 4942, 4936, 4937, 6455, 4937, 4941, 6447, 2852, 6459, 6448, 6455, 6447, 6459, 1349, 1350, 4940, 2851, 2855, 2863, 4939, 1349, 4940, 4940, 1350, 4942, 6457, 6453, 6455, 2855, 1343, 2856, 2863, 2861, 6457, 6459, 6457, 6455, 6453, 4936, 6455, 6455, 4937, 6447, 2852, 2863, 6459, 1349, 1343, 1350, 1350, 1343, 1351, 1350, 1351, 1352, 4936, 4939, 4937, 2863, 2855, 2861, 2855, 2856, 2861, 2852, 2851, 2863, 1343, 1345, 2856, 1351, 1343, 2855, 4939, 4940, 4937, 4937, 4940, 4941, 1343, 1349, 1345, 2832, 2805, 2851, 1352, 1300, 4942, 4945, 4960, 4946, 2829, 2804, 2832, 4960, 4941, 4942, 4941, 4960, 4945, 1352, 1266, 1300, 1352, 1351, 1266, 2805, 1266, 1351, 2805, 1351, 2851, 6490, 6488, 6498, 6447, 4945, 6490, 4946, 4960, 4961, 6490, 4945, 6488, 6494, 2829, 6498, 6498, 6488, 6494, 2829, 2832, 6498, 4960, 1300, 4961, 2804, 1268, 2805, 4942, 1300, 4960, 2804, 2805, 2832, 2832, 2851, 2852, 6498, 6448, 6490, 6447, 6490, 6448, 1266, 1268, 1300, 6498, 2852, 6448, 1300, 1268, 1302, 4945, 4946, 6488, 6447, 4941, 4945, 2832, 2852, 6498, 1300, 1302, 4961, 1268, 1266, 2805, 2831, 2829, 6497, 2803, 1268, 2804, 2831, 2804, 2829, 2830, 2803, 2831, 2828, 1267, 2803, 6496, 2830, 2831, 4964, 4946, 4961, 1304, 1305, 4964, 2828, 2803, 2830, 4961, 1304, 4964, 2803, 2804, 2831, 4964, 1305, 4965, 6488, 6489, 6494, 6497, 2829, 6494, 1304, 1303, 1305, 4947, 4964, 4965, 6496, 2831, 6497, 1267, 1268, 2803, 1302, 1267, 1304, 1267, 1303, 1304, 4947, 4965, 4962, 6497, 6494, 6489, 6497, 6489, 6493, 6493, 6496, 6497, 6489, 4962, 6493, 1303, 1267, 2828, 4961, 1302, 1304, 6488, 4947, 6489, 6488, 4946, 4947, 4947, 4962, 6489, 4946, 4964, 4947, 1302, 1268, 1267, 4962, 4963, 6495, 2788, 2833, 6499, 4965, 4966, 4963, 6499, 6496, 6495, 4963, 4966, 4986, 6493, 4962, 6495, 1301, 1303, 2828, 4962, 4965, 4963, 2783, 2833, 2788, 1308, 1301, 2827, 2833, 2830, 6496, 1301, 1305, 1303, 6499, 2833, 6496, 2788, 6499, 6470, 1301, 1308, 1306, 1305, 1301, 1306, 6493, 6495, 6496, 6495, 4963, 6467, 2833, 2783, 2827, 2833, 2827, 2830, 4986, 4966, 4988, 4966, 1306, 4988, 4965, 1305, 4966, 6470, 6499, 6467, 1306, 1308, 1312, 2827, 2828, 2830, 1305, 1306, 4966, 1306, 1312, 4988, 6495, 6467, 6499, 2827, 1301, 2828, 1308, 2827, 2783, 4963, 4986, 6467, 2782, 1308, 2783, 2790, 2783, 2788, 6472, 6469, 6471, 1314, 1315, 4990, 1313, 1307, 2787, 1314, 1313, 1315, 2790, 2788, 6472, 1314, 1307, 1313, 1312, 1307, 1314, 6472, 6470, 6468, 6468, 6469, 6472, 6472, 2788, 6470, 2787, 1307, 2782, 6471, 2790, 6472, 2789, 2790, 6471, 4991, 4987, 4990, 4987, 4991, 4989, 4990, 4986, 4988, 4986, 4990, 4987, 4988, 1314, 4990, 4990, 1315, 4991, 6467, 6468, 6470, 1307, 1312, 1308, 2789, 2782, 2790, 6467, 4987, 6468, 6468, 4989, 6469, 1307, 1308, 2782, 2787, 2782, 2789, 6467, 4986, 4987, 2782, 2783, 2790, 4987, 4989, 6468, 4988, 1312, 1314, 6475, 4993, 6473, 2785, 1309, 2786, 4989, 4992, 6475, 6484, 2802, 6471, 2800, 2786, 2802, 6484, 6473, 6482, 6469, 4989, 6475, 1309, 1313, 2787, 6482, 2802, 6484, 2802, 2789, 6471, 1311, 1309, 2785, 4995, 1320, 4996, 6482, 2800, 2802, 1309, 1315, 1313, 1319, 1311, 1320, 4991, 1315, 4995, 4996, 4992, 4995, 1315, 1309, 1319, 4992, 4996, 4993, 1319, 1309, 1311, 4991, 4995, 4992, 4989, 4991, 4992, 2802, 2786, 2789, 2786, 2787, 2789, 2786, 1309, 2787, 4995, 1319, 1320, 2785, 2786, 2800, 6475, 6473, 6484, 6471, 6469, 6475, 1315, 1319, 4995, 6484, 6471, 6475, 6475, 4992, 4993, 6483, 6476, 6479, 2795, 2784, 2801, 2801, 2800, 6482, 1320, 1311, 1310, 6473, 6474, 6482, 6483, 6482, 6474, 1310, 1323, 1321, 1323, 2784, 2795, 1320, 1310, 1321, 1323, 1324, 1321, 6483, 2801, 6482, 1321, 1324, 5000, 1320, 1321, 4997, 6479, 2797, 6483, 6474, 4994, 6476, 4993, 4994, 6474, 4994, 4998, 6476, 6473, 4993, 6474, 4998, 4997, 5000, 6474, 6476, 6483, 2784, 1310, 2785, 4997, 1321, 5000, 4996, 1320, 4997, 4994, 4997, 4998, 4996, 4997, 4994, 4993, 4996, 4994, 1323, 1310, 2784, 2797, 2795, 2801, 2801, 2784, 2800, 1310, 1311, 2785, 2784, 2785, 2800, 2797, 2801, 6483, 2798, 2794, 2799, 2799, 2795, 2797, 2794, 2795, 2799, 2796, 2794, 2798, 1322, 1323, 2794, 5000, 1326, 5002, 5002, 1327, 5003, 4999, 5001, 6477, 6476, 4998, 4999, 4998, 5002, 4999, 5002, 4998, 5000, 4999, 5003, 5001, 1326, 1327, 5002, 6476, 4999, 6477, 1325, 1322, 2796, 6477, 5001, 6478, 6481, 6477, 6478, 1326, 1325, 1327, 1324, 1322, 1326, 1322, 1325, 1326, 1324, 1323, 1322, 5000, 1324, 1326, 6476, 6477, 6479, 2796, 1322, 2794, 6480, 2799, 6481, 6481, 2797, 6479, 2794, 1323, 2795, 6481, 6479, 6477, 6480, 2798, 2799, 2799, 2797, 6481, 6481, 6478, 6480, 5002, 5003, 4999, 6485, 5005, 6486, 6485, 5004, 5005, 3373, 6480, 6748, 1662, 1318, 1664, 1662, 1664, 5030, 1662, 1316, 1318, 1316, 1327, 1325, 1316, 1662, 1327, 1316, 1325, 2796, 5001, 6485, 6478, 6744, 3373, 6748, 1316, 2796, 2791, 2793, 1316, 2791, 1318, 1316, 2793, 2798, 2791, 2796, 3370, 2791, 3373, 3373, 2791, 2798, 3370, 2793, 2791, 5003, 1327, 5030, 5030, 1664, 5031, 6744, 3370, 3373, 1327, 1662, 5030, 6478, 6485, 6480, 5001, 5003, 5004, 5004, 5003, 5030, 5030, 5031, 5004, 5004, 5031, 5005, 6748, 6480, 6485, 6485, 6486, 6748, 6748, 6486, 6744, 5001, 5004, 6485, 3373, 2798, 6480, 6747, 6743, 6746, 6747, 3372, 6744, 3371, 3372, 6747, 5005, 5006, 6487, 1666, 1317, 1665, 1666, 1665, 1667, 5006, 5032, 6743, 2792, 1317, 2793, 5006, 5031, 5034, 5006, 5034, 5032, 5034, 5035, 5032, 2792, 2793, 3370, 1317, 2792, 1665, 1317, 1318, 2793, 5005, 5031, 5006, 6747, 6744, 6487, 3369, 1665, 2792, 1317, 1664, 1318, 5031, 1664, 5034, 5034, 1666, 5035, 1666, 1667, 5035, 1664, 1666, 5034, 6487, 6743, 6747, 6486, 6487, 6744, 6487, 5006, 6743, 6486, 5005, 6487, 3372, 3370, 6744, 1664, 1317, 1666, 3372, 2792, 3370, 3371, 3369, 3372, 3371, 6747, 6746, 3369, 2792, 3372, 1663, 1667, 1665, 6749, 6725, 6727, 1668, 1677, 5036, 5036, 1677, 5039, 3358, 3374, 6727, 1668, 1670, 1677, 3351, 1663, 3368, 1668, 1663, 1670, 5035, 1668, 5036, 3374, 3369, 3371, 6749, 3371, 6746, 3351, 3368, 3358, 3358, 3368, 3374, 3368, 1665, 3369, 5033, 5037, 6745, 6743, 5032, 5033, 1667, 1663, 1668, 5033, 5039, 5037, 5035, 1667, 1668, 3374, 3371, 6749, 6749, 6746, 6745, 3374, 3368, 3369, 6727, 3374, 6749, 1670, 1663, 3351, 1663, 1665, 3368, 6745, 5037, 6725, 6743, 5033, 6745, 6743, 6745, 6746, 5039, 5033, 5036, 5036, 5032, 5035, 5032, 5036, 5033, 6745, 6725, 6749, 5038, 5041, 6728, 1677, 1671, 5040, 3356, 6733, 6731, 3357, 3350, 3358, 3356, 3353, 3357, 1671, 1675, 5043, 3353, 3350, 3357, 1673, 1669, 3350, 6733, 3357, 6727, 1669, 1670, 3351, 1671, 1673, 1675, 5039, 1677, 5040, 5037, 5039, 5038, 6733, 6727, 6726, 5040, 1671, 5043, 5038, 5040, 5041, 5041, 5040, 5043, 3356, 3357, 6733, 3350, 3351, 3358, 5039, 5040, 5038, 6733, 6726, 6728, 6733, 6728, 6731, 3350, 1669, 3351, 1673, 3350, 3353, 5037, 6726, 6725, 6726, 5038, 6728, 1677, 1670, 1669, 1669, 1673, 1671, 5037, 5038, 6726, 3357, 3358, 6727, 1677, 1669, 1671, 6725, 6726, 6727, 5046, 1679, 5047, 5043, 1678, 5046, 5042, 5044, 6729, 6729, 5044, 6730, 6728, 5042, 6729, 6741, 3356, 6731, 6740, 3366, 6741, 1676, 1672, 3355, 3352, 3353, 3366, 5043, 1675, 1678, 3352, 1673, 3353, 3365, 3352, 3366, 1672, 1673, 3352, 1675, 1673, 1672, 3366, 3353, 3356, 1678, 1679, 5046, 1675, 1672, 1678, 1678, 1672, 1676, 3365, 3366, 6740, 3355, 1672, 3352, 6728, 6729, 6731, 6741, 6730, 6740, 6729, 6730, 6741, 5041, 5046, 5042, 6741, 6731, 6729, 1678, 1676, 1679, 3355, 3352, 3365, 3366, 3356, 6741, 5046, 5041, 5043, 5047, 5042, 5046, 5042, 5047, 5044, 6728, 5041, 5042, 3362, 6742, 6737, 1680, 1682, 1683, 5048, 1680, 5051, 5047, 1679, 5048, 1674, 1679, 1676, 3367, 3365, 6740, 5047, 5048, 5045, 5045, 5048, 5049, 5049, 5048, 5051, 1682, 1674, 3354, 6742, 6740, 6732, 6732, 6734, 6742, 6732, 5045, 6734, 5044, 6732, 6730, 5044, 5045, 6732, 5045, 5049, 6734, 1674, 1676, 3355, 6742, 3367, 6740, 3367, 3354, 3365, 3360, 3354, 3367, 3362, 3360, 3367, 3360, 1682, 3354, 3354, 1674, 3355, 3365, 3354, 3355, 1679, 1680, 5048, 1680, 1683, 5051, 6730, 6732, 6740, 3362, 3367, 6742, 6737, 6742, 6734, 1674, 1680, 1679, 1680, 1674, 1682, 5044, 5047, 5045, 5051, 1685, 5053, 6734, 5050, 6735, 6735, 6736, 6739, 1685, 1684, 1686, 3361, 1684, 3359, 1685, 1686, 5054, 1685, 1681, 1684, 6734, 6735, 6737, 1683, 1681, 1685, 1681, 1683, 1682, 6739, 3362, 6737, 3361, 3359, 3364, 5053, 5054, 5052, 5050, 5053, 5052, 5053, 5049, 5051, 3359, 1682, 3360, 5049, 5053, 5050, 3364, 3359, 3360, 5051, 1683, 1685, 3364, 3360, 3362, 3363, 3361, 3364, 3363, 6739, 6738, 6739, 6737, 6735, 5053, 1685, 5054, 6739, 6736, 6738, 1681, 1682, 3359, 1684, 1681, 3359, 3363, 3364, 6739, 3364, 3362, 6739, 5050, 5052, 6736, 6734, 5049, 5050, 6735, 5050, 6736, 3338, 1657, 3336, 1658, 1660, 1661, 6754, 6751, 6753, 6750, 6751, 6754, 6738, 6736, 6750, 6736, 5063, 6750, 6750, 5065, 6751, 3340, 3361, 3363, 1686, 1658, 5054, 3340, 3363, 6754, 6753, 3339, 3340, 5064, 1661, 5067, 5054, 1658, 5064, 6754, 3363, 6738, 3340, 3336, 3361, 3339, 3336, 3340, 3338, 3336, 3339, 5063, 5064, 5067, 5063, 5067, 5065, 1657, 1684, 3336, 1660, 1657, 3338, 6753, 3340, 6754, 5064, 5052, 5054, 6736, 5052, 5063, 5052, 5064, 5063, 1658, 1661, 5064, 5063, 5065, 6750, 1657, 1686, 1684, 1686, 1657, 1658, 1658, 1657, 1660, 3336, 1684, 3361, 6754, 6738, 6750, 3337, 1659, 3338, 5065, 6752, 6751, 1661, 1659, 1692, 6752, 6665, 6763, 6751, 6752, 6753, 1692, 1708, 1713, 1692, 1713, 5087, 1708, 3337, 3279, 5065, 5067, 5066, 5067, 5070, 5066, 5066, 5070, 5085, 5085, 5070, 5087, 3337, 3338, 3339, 6763, 6665, 6671, 3279, 3337, 3375, 1661, 1660, 1659, 3375, 3337, 3339, 5067, 1661, 5070, 5070, 1692, 5087, 5066, 5085, 6665, 5065, 5066, 6752, 3375, 3339, 6753, 1661, 1692, 5070, 1659, 1660, 3338, 1708, 1659, 3337, 1692, 1659, 1708, 3288, 3375, 6763, 6752, 5066, 6665, 6763, 3375, 6753, 6671, 3288, 6763, 3288, 3279, 3375, 6763, 6753, 6752, 6673, 3288, 6671, 5086, 6670, 6666, 6665, 5086, 6666, 3289, 6673, 6672, 6665, 6666, 6671, 1707, 1708, 3278, 1714, 1707, 3278, 5087, 1715, 5089, 6665, 5085, 5086, 5086, 5088, 6670, 6666, 6670, 6673, 5089, 5090, 5088, 5086, 5089, 5088, 5089, 5085, 5087, 5085, 5089, 5086, 3287, 3290, 3289, 3290, 3279, 3288, 3287, 3278, 3290, 1715, 1714, 1716, 1715, 1707, 1714, 1713, 1707, 1715, 6673, 6671, 6666, 1713, 1708, 1707, 6670, 6672, 6673, 3278, 3279, 3290, 5087, 1713, 1715, 1715, 1716, 5090, 3287, 1714, 3278, 3278, 1708, 3279, 3289, 3290, 6673, 3290, 3288, 6673, 5089, 1715, 5090, 6677, 6682, 6674, 5091, 5095, 5092, 1717, 1710, 1712, 1716, 1710, 1717, 3293, 3296, 6677, 1710, 1716, 1714, 6682, 6672, 6676, 6676, 5092, 6674, 6670, 5088, 5091, 5091, 5092, 6676, 6670, 5091, 6676, 1712, 1720, 1717, 3293, 3286, 3296, 5090, 1717, 5094, 5094, 1720, 5095, 6672, 6670, 6676, 6676, 6674, 6682, 1712, 1710, 3285, 1710, 1714, 3286, 3285, 3286, 3293, 3286, 3287, 3296, 6677, 3296, 6682, 1716, 1717, 5090, 3296, 3289, 6682, 3296, 3287, 3289, 1717, 1720, 5094, 5088, 5094, 5091, 6682, 3289, 6672, 5094, 5088, 5090, 3285, 1710, 3286, 3286, 1714, 3287, 5094, 5095, 5091, 1711, 1719, 1721, 6675, 5093, 6678, 3294, 6681, 6680, 5092, 5095, 5093, 5095, 5098, 5093, 5093, 5098, 5096, 5098, 5099, 5096, 5098, 1721, 5099, 1721, 1722, 5099, 1720, 1721, 5098, 5095, 1720, 5098, 3295, 3293, 6677, 3284, 1711, 3285, 5093, 5096, 6678, 1711, 1712, 3285, 3292, 3284, 3295, 3284, 3285, 3293, 3295, 3284, 3293, 1721, 1719, 1722, 6681, 6678, 6680, 1720, 1711, 1721, 1719, 3284, 3292, 1719, 1711, 3284, 6681, 6675, 6678, 1711, 1720, 1712, 6677, 6674, 6675, 3294, 3295, 6681, 5092, 5093, 6675, 3294, 3292, 3295, 6674, 5092, 6675, 6681, 6677, 6675, 6681, 3295, 6677, 1723, 1718, 3291, 5102, 5096, 5099, 6678, 5097, 6679, 3306, 3292, 3294, 3291, 1719, 3292, 3306, 3294, 6685, 5097, 6669, 6679, 3306, 3291, 3292, 1718, 1722, 1719, 1722, 1718, 1732, 1732, 1718, 1723, 6679, 6669, 6685, 6685, 3294, 6680, 1718, 1719, 3291, 3283, 1723, 3291, 6678, 6679, 6680, 6685, 6680, 6679, 3283, 3291, 3306, 6685, 6669, 6684, 6678, 5096, 5097, 6684, 3305, 6685, 5102, 1732, 5103, 5099, 1722, 1732, 1732, 1733, 5103, 3305, 3306, 6685, 5097, 5100, 6669, 5099, 1732, 5102, 5100, 5102, 5103, 3305, 3283, 3306, 5097, 5102, 5100, 5096, 5102, 5097, 1732, 1723, 1733, 3282, 1723, 3283, 3283, 3305, 3302, 5100, 5103, 5104, 3301, 3282, 3302, 6669, 5100, 5101, 1724, 1728, 5104, 1733, 1724, 5103, 6683, 5105, 6686, 6691, 3305, 6684, 1709, 1723, 3282, 6689, 3302, 6691, 5103, 1724, 5104, 5104, 1728, 5107, 5101, 5105, 6683, 6669, 6683, 6684, 6689, 3301, 3302, 5100, 5104, 5101, 6691, 6686, 6689, 1726, 1709, 3298, 5101, 5107, 5105, 5107, 5101, 5104, 6683, 6686, 6691, 6691, 6684, 6683, 3298, 1709, 3282, 3302, 3305, 6691, 3282, 3283, 3302, 1709, 1726, 1724, 1709, 1724, 1733, 1724, 1726, 1728, 3301, 3298, 3282, 1709, 1733, 1723, 6669, 5101, 6683, 5106, 5108, 6688, 6693, 6689, 6687, 3303, 6693, 6692, 6693, 3304, 6689, 1730, 1731, 5111, 1730, 1725, 1729, 1728, 1725, 1730, 3303, 3300, 3304, 1728, 1730, 5110, 3304, 3301, 6689, 3304, 3297, 3301, 3300, 3297, 3304, 3297, 3298, 3301, 1725, 1728, 1726, 3303, 3304, 6693, 6686, 6687, 6689, 5105, 6687, 6686, 5110, 1730, 5111, 1730, 1729, 1731, 6693, 6688, 6692, 3297, 1725, 3298, 5107, 1728, 5110, 3300, 1729, 3297, 6687, 5106, 6688, 1729, 1725, 3297, 5105, 5106, 6687, 1725, 1726, 3298, 5106, 5110, 5108, 5110, 5111, 5108, 5105, 5107, 5106, 6687, 6688, 6693, 5107, 5110, 5106, 6688, 6690, 6692, 5112, 5114, 5115, 5108, 5114, 5109, 6688, 5109, 6690, 5114, 5108, 5111, 6688, 5108, 5109, 3281, 3317, 3313, 5109, 5112, 6667, 3313, 6704, 6694, 6704, 3303, 6692, 1731, 1727, 1736, 1727, 1729, 3299, 6704, 6667, 6694, 1736, 1727, 1735, 1736, 1743, 5115, 3317, 3300, 3303, 1727, 1731, 1729, 1731, 1736, 5111, 1735, 1727, 3299, 5114, 1736, 5115, 3281, 3299, 3317, 3299, 3300, 3317, 1736, 1735, 1743, 3317, 3303, 6704, 5109, 6667, 6690, 5111, 1736, 5114, 5109, 5114, 5112, 6704, 6692, 6690, 6690, 6667, 6704, 3313, 3317, 6704, 3299, 1729, 3300, 1735, 3299, 3281, 6668, 5116, 6697, 1734, 1743, 1735, 6667, 5113, 6668, 6699, 3312, 6700, 6700, 3313, 6694, 6667, 5112, 5113, 1743, 1734, 1739, 5113, 5116, 6668, 3312, 3280, 3281, 5112, 5118, 5113, 6667, 6668, 6694, 1739, 1740, 5118, 3312, 3281, 3313, 3311, 3280, 3312, 3310, 3280, 3311, 1739, 1738, 1740, 6700, 6668, 6697, 1743, 1739, 5115, 5118, 5112, 5115, 3311, 3312, 6699, 5119, 5113, 5118, 3312, 3313, 6700, 6700, 6697, 6699, 5113, 5119, 5116, 1738, 1734, 3310, 3310, 1734, 3280, 5118, 1740, 5119, 3280, 1735, 3281, 5115, 1739, 5118, 1734, 1738, 1739, 1734, 1735, 3280, 6700, 6694, 6668, 1740, 1737, 1744, 3308, 3316, 3315, 6698, 6695, 6703, 3309, 1737, 3310, 6703, 3316, 6699, 6703, 6695, 6701, 1744, 1742, 1746, 6698, 5117, 6695, 1742, 1737, 3309, 1737, 1738, 3310, 5116, 5119, 5117, 5117, 5122, 5120, 5120, 5122, 5123, 5119, 1740, 5122, 1740, 1738, 1737, 6697, 5116, 6698, 3308, 1742, 3309, 5116, 5117, 6698, 5117, 5120, 6695, 6697, 6698, 6699, 1740, 1744, 5122, 1744, 1737, 1742, 3316, 3311, 6699, 3316, 3309, 3311, 6703, 6699, 6698, 5117, 5119, 5122, 3309, 3316, 3308, 3309, 3310, 3311, 6696, 6661, 6702, 1741, 1742, 3307, 3314, 3307, 3308, 3275, 3307, 3314, 6695, 5121, 6696, 5121, 5124, 5125, 3275, 1748, 3307, 1741, 1745, 1746, 5120, 5124, 5121, 3276, 1748, 3275, 5121, 6661, 6696, 6661, 5125, 5126, 5121, 5125, 6661, 6695, 5120, 5121, 6702, 6701, 6696, 1748, 3276, 1749, 5120, 5123, 5124, 3307, 1742, 3308, 6661, 5126, 6662, 6696, 6701, 6695, 1745, 1741, 1748, 1748, 1741, 3307, 1741, 1746, 1742, 3314, 3308, 3315, 6663, 5128, 6664, 6662, 5127, 6663, 3274, 1749, 3276, 1747, 3277, 1750, 1749, 3274, 1747, 5128, 6663, 5127, 3277, 1747, 3274, 5127, 6662, 5126, 6803, 5260, 6810, 5253, 5260, 6803, 6664, 5253, 6803, 1478, 1750, 3024, 1478, 3031, 1485, 3031, 1478, 3024, 3024, 1750, 3277, 5128, 5253, 6664, 6811, 5262, 6812, 6810, 5261, 6811, 5261, 5262, 6811, 5261, 6810, 5260, 1485, 3030, 1484, 3030, 1485, 3031, 3033, 1484, 3030, 1484, 3033, 1487, 5263, 5264, 6813, 5263, 6812, 5262, 6812, 5263, 6813, 6813, 5264, 6814, 1487, 3032, 1486, 3037, 1486, 3032, 3032, 1487, 3033, 1491, 1486, 3037, 5264, 5265, 6814, 1488, 1491, 3034, 1490, 1488, 3036, 6815, 5266, 6816, 3036, 1488, 3034, 6814, 5265, 6815, 3034, 1491, 3037, 5265, 5266, 6815, 5283, 6833, 5267, 3035, 1489, 1490, 6816, 5267, 6817, 5267, 6816, 5266, 3035, 1490, 3036, 1515, 3035, 3061, 6817, 5267, 6833, 1515, 1489, 3035, 1514, 3062, 1516, 1515, 3060, 1514, 6833, 5284, 6834, 3060, 1515, 3061, 6834, 5285, 6835, 3062, 1514, 3060, 6833, 5283, 5284, 5284, 5285, 6834, 5286, 5287, 6836, 5285, 5286, 6835, 3055, 1516, 3062, 3057, 1509, 3055, 6836, 5287, 6837, 6835, 5286, 6836, 1509, 3057, 1511, 1509, 1516, 3055, 5287, 5288, 6837, 3059, 1510, 3056, 5288, 5289, 6838, 3056, 1511, 3057, 1510, 3059, 1513, 6838, 5289, 6839, 6837, 5288, 6838, 1511, 3056, 1510, 5290, 6839, 5289, 5291, 6840, 5290, 3064, 1512, 3058, 3058, 1513, 3059, 1512, 3064, 1518, 6840, 5291, 6841, 6839, 5290, 6840, 1513, 3058, 1512, 3063, 1518, 3064, 6841, 5292, 6842, 1517, 3066, 1520, 1517, 1518, 3063, 6842, 5293, 6843, 5292, 5293, 6842, 3066, 1517, 3063, 5291, 5292, 6841, 5293, 5294, 6843, 5295, 6844, 5294, 1520, 3065, 1519, 1519, 3068, 1522, 6843, 5294, 6844, 6844, 5295, 6845, 3068, 1519, 3065, 3065, 1520, 3066, 3116, 1521, 3067, 3067, 1522, 3068, 1521, 1522, 3067, 1521, 3116, 1570, 5295, 5296, 6845, 5296, 5321, 6846, 6845, 5296, 6846, 6846, 5321, 6871, 3115, 1570, 3116, 6872, 5323, 6873, 6871, 5322, 6872, 1570, 3115, 1569, 3117, 1569, 3115, 5322, 6871, 5321, 5323, 6872, 5322, 1569, 3117, 1571, 6874, 5325, 6875, 6873, 5324, 6874, 1571, 3101, 1555, 1555, 3103, 1557, 3101, 1571, 3117, 3103, 1555, 3101, 5325, 6874, 5324, 5324, 6873, 5323, 3102, 1557, 3103, 3105, 1556, 3102, 1556, 3105, 1559, 5326, 5327, 6876, 6876, 5327, 6877, 6875, 5326, 6876, 5326, 6875, 5325, 1556, 1557, 3102, 1559, 3104, 1558, 3104, 1559, 3105, 3111, 1558, 3104, 1558, 3111, 1565, 6877, 5328, 6878, 6878, 5337, 6887, 5337, 6878, 5328, 5328, 6877, 5327, 3110, 1562, 3108, 3108, 1565, 3111, 1562, 3110, 1564, 5338, 5339, 6888, 5338, 6887, 5337, 6887, 5338, 6888, 6888, 5339, 6889, 1565, 3108, 1562, 3109, 1564, 3110, 3113, 1563, 3109, 1563, 3113, 1567, 1563, 1564, 3109, 5340, 5341, 6890, 5340, 6889, 5339, 6889, 5340, 6890, 6890, 5341, 6891, 1567, 3112, 1566, 6892, 5343, 6893, 6891, 5342, 6892, 1566, 3114, 1568, 3114, 1566, 3112, 3112, 1567, 3113, 5343, 6892, 5342, 5342, 6891, 5341, 3119, 1561, 3107, 6895, 5346, 6896, 1561, 3119, 1573, 1568, 3107, 1561, 6893, 5345, 6895, 5346, 6895, 5345, 3107, 1568, 3114, 5345, 6893, 5343, 1572, 3121, 1575, 3118, 1573, 3119, 3121, 1572, 3118, 5346, 5347, 6896, 5347, 5348, 6897, 6897, 5348, 6898, 6896, 5347, 6897, 1572, 1573, 3118, 3120, 1575, 3121, 5349, 6898, 5348, 5349, 5350, 6899, 6899, 5350, 6900, 1574, 3125, 1579, 6898, 5349, 6899, 3125, 1574, 3120, 1575, 3120, 1574, 3122, 1579, 3125, 6901, 5352, 6902, 5351, 6900, 5350, 5352, 6901, 5351, 3124, 1576, 3122, 6900, 5351, 6901, 1579, 3122, 1576, 1576, 3124, 1578, 3123, 1578, 3124, 6902, 5353, 6903, 1577, 1578, 3123, 1577, 3127, 1581, 3127, 1577, 3123, 6903, 5354, 6904, 5353, 5354, 6903, 5352, 5353, 6902, 6904, 5355, 6905, 5355, 5356, 6905, 1581, 3126, 1580, 1580, 3129, 1583, 3129, 1580, 3126, 3126, 1581, 3127, 5355, 6904, 5354, 6905, 5356, 6906, 5358, 6907, 5357, 5357, 6906, 5356, 1583, 3128, 1582, 1582, 3130, 1584, 3130, 1582, 3128, 3128, 1583, 3129, 6907, 5358, 6908, 6906, 5357, 6907, 5358, 5376, 6908, 1546, 1584, 3092, 1546, 3140, 1596, 3140, 1546, 3092, 3092, 1584, 3130, 6908, 5376, 6926, 5376, 5385, 6926, 6926, 5385, 6933, 5386, 6933, 5385, 3142, 1595, 3139, 5386, 5387, 6934, 6933, 5386, 6934, 6934, 5387, 6935, 1596, 3139, 1595, 1595, 3142, 1598, 3139, 1596, 3140, 1597, 3146, 1602, 3141, 1598, 3142, 6935, 5388, 6936, 5388, 6935, 5387, 5389, 6936, 5388, 6936, 5389, 6937, 3146, 1597, 3141, 1598, 3141, 1597, 5390, 5391, 6938, 5389, 5390, 6937, 6938, 5391, 6939, 6937, 5390, 6938, 1599, 1602, 3143, 3145, 1599, 3143, 1599, 3145, 1601, 3143, 1602, 3146, 1600, 3153, 1609, 1601, 3144, 1600, 6940, 5398, 6946, 5392, 6939, 5391, 6939, 5392, 6940, 5392, 5398, 6940, 3144, 1601, 3145, 3153, 1600, 3144, 3152, 1609, 3153, 5400, 6947, 5399, 6946, 5399, 6947, 1609, 3152, 1608, 1608, 3154, 1610, 6947, 5400, 6948, 5399, 6946, 5398, 3154, 1608, 3152, 1603, 3149, 1605, 3149, 1603, 3147, 5401, 5402, 6949, 6948, 5401, 6949, 6949, 5402, 6950, 1603, 1610, 3147, 3147, 1610, 3154, 5400, 5401, 6948, 3151, 1604, 3148, 6951, 5404, 6952, 3148, 1605, 3149, 1604, 3151, 1607, 1605, 3148, 1604, 5403, 5404, 6951, 5403, 6950, 5402, 6950, 5403, 6951, 3150, 1607, 3151, 6953, 5409, 6957, 5409, 6953, 5405, 5405, 6952, 5404, 3163, 1606, 3150, 1607, 3150, 1606, 1606, 3163, 1618, 6952, 5405, 6953, 5409, 5410, 6957, 6957, 5410, 6958, 1617, 3164, 1619, 6958, 5411, 6959, 1617, 1618, 3162, 5410, 5411, 6958, 3162, 1618, 3163, 3164, 1617, 3162, 1616, 3166, 1621, 6959, 5412, 6960, 3161, 1619, 3164, 6960, 5413, 6961, 3166, 1616, 3161, 5412, 5413, 6960, 5412, 6959, 5411, 1619, 3161, 1616, 1620, 3168, 1623, 1621, 3165, 1620, 3168, 1620, 3165, 3165, 1621, 3166, 5415, 6962, 5414, 5414, 6961, 5413, 6961, 5414, 6962, 6962, 5415, 6963, 6963, 5416, 6964, 3167, 1623, 3168, 3169, 1622, 3167, 5415, 5416, 6963, 5416, 5417, 6964, 1622, 1623, 3167, 6964, 5417, 6965, 1622, 3169, 1624, 1624, 3155, 1611, 6966, 5419, 6967, 5418, 6965, 5417, 5419, 6966, 5418, 6965, 5418, 6966, 3155, 1624, 3169, 3158, 1611, 3155, 1614, 1611, 3158, 6968, 6969, 6967, 3157, 3156, 3159, 1612, 1613, 1614, 1613, 1612, 3157, 1612, 1614, 3156, 3158, 3159, 3156, 3156, 1614, 3158, 3157, 1612, 3156, 6968, 5422, 6969, 5422, 6968, 5421, 5419, 5421, 6967, 5421, 5420, 5422, 5419, 5420, 5421, 6967, 5421, 6968, 2296, 2322, 2299, 2084, 2091, 2304, 3688, 3623, 3689, 5559, 5465, 5524, 2298, 2299, 2301, 2305, 2295, 2304, 2297, 2299, 2298, 2297, 2296, 2299, 2295, 2305, 2296, 3623, 3622, 3704, 3622, 3621, 3704, 3623, 3688, 3622, 2293, 2296, 2297, 3622, 3619, 3621, 3620, 3621, 3619, 2293, 2295, 2296, 3681, 3622, 3688, 2083, 2295, 2293, 3619, 3681, 3679, 3678, 3619, 3679, 3677, 3619, 3678, 3622, 3681, 3619, 851, 449, 453, 3619, 3617, 3620, 3677, 3617, 3619, 460, 455, 461, 3636, 3617, 3677, 3629, 3615, 3636, 462, 499, 460, 460, 463, 462, 460, 461, 463, 3624, 3613, 3629, 5465, 5554, 5455, 5459, 5460, 5458, 5457, 5458, 5460, 3618, 3620, 3617, 3615, 3629, 3613, 3914, 4221, 4226, 3613, 3616, 3615, 3613, 3614, 3616, 449, 450, 448, 449, 851, 846, 846, 847, 450, 449, 846, 450, 4221, 3910, 4220, 4221, 3914, 3910, 462, 463, 3614, 462, 3614, 3613, 3911, 4220, 3910, 3613, 3624, 462, 460, 492, 466, 465, 460, 466, 492, 460, 499, 3912, 3910, 3914, 3689, 3908, 3912, 3910, 3912, 3908, 453, 447, 451, 447, 453, 449, 499, 462, 3624, 3908, 3911, 3910, 3909, 3911, 3908, 465, 466, 467, 5459, 2344, 5478, 3908, 3623, 3909, 5460, 5459, 5478, 2344, 2303, 2337, 2337, 2301, 2324, 5462, 5467, 5461, 5460, 5462, 5457, 5459, 2303, 2344, 2302, 5459, 5458, 448, 447, 449, 457, 451, 447, 447, 448, 542, 5440, 5443, 5441, 5443, 5438, 5441, 5438, 5443, 5439, 5445, 5437, 5440, 5443, 5552, 5557, 5462, 5461, 5457, 5552, 5435, 5436, 2082, 2091, 2084, 5552, 5443, 5435, 2303, 5459, 2302, 2303, 2301, 2337, 5462, 5460, 5479, 2081, 2084, 2083, 5435, 5434, 5436, 5440, 5435, 5443, 2081, 2082, 2084, 5479, 5460, 5478, 5462, 5479, 5486, 2091, 2082, 2088, 2051, 845, 2052, 5541, 5543, 5462, 3615, 3618, 3617, 5541, 5462, 5486, 861, 845, 2051, 860, 845, 861, 2049, 862, 2054, 5463, 5466, 5464, 845, 859, 2059, 859, 862, 2049, 2088, 2080, 2086, 859, 850, 862, 5556, 5554, 5559, 5465, 5455, 5464, 5465, 5464, 5466, 2062, 2082, 2081, 5466, 5524, 5465, 5437, 5435, 5440, 2302, 2300, 2303, 5435, 5426, 5434, 2080, 2088, 2082, 5524, 5466, 5525, 5437, 5426, 5435, 5433, 5428, 5445, 5437, 5445, 5428, 5432, 5427, 5433, 5428, 5433, 5427, 5428, 4224, 5437, 469, 465, 468, 5427, 4236, 5428, 5461, 5467, 5463, 5437, 5425, 5426, 5466, 5463, 5467, 5437, 5424, 5425, 2300, 2301, 2303, 3616, 3618, 3615, 5465, 5559, 5554, 3617, 3636, 3615, 5467, 5525, 5466, 5553, 5455, 5554, 2062, 2080, 2082, 5437, 4235, 5424, 5554, 5556, 5551, 2323, 2322, 2326, 5551, 5553, 5554, 5462, 5540, 5467, 2301, 2299, 2324, 5525, 5467, 5540, 5540, 5462, 5543, 855, 848, 853, 5557, 5551, 5556, 2299, 2322, 2323, 475, 456, 474, 5551, 5557, 5552, 5552, 5550, 5551, 5552, 5436, 5550, 2299, 2323, 2325, 5550, 5553, 5551, 459, 456, 458, 845, 850, 859, 460, 469, 455, 455, 456, 459, 455, 459, 461, 858, 857, 853, 853, 857, 856, 855, 853, 856, 455, 474, 456, 5543, 5544, 5540, 859, 2049, 2050, 860, 848, 845, 855, 845, 848, 2083, 2084, 2295, 2298, 2301, 2300, 2324, 2299, 2325, 849, 848, 860, 2050, 2049, 2054, 853, 846, 851, 458, 457, 542, 846, 853, 848, 847, 848, 849, 847, 846, 848, 855, 850, 845, 456, 475, 457, 5432, 4239, 4236, 5427, 5432, 4236, 4236, 4224, 5428, 4233, 4224, 4239, 4236, 4239, 4224, 5543, 5541, 5542, 456, 457, 458, 5437, 4222, 4235, 474, 455, 469, 4224, 4222, 5437, 2059, 859, 2050, 2069, 2066, 2067, 2067, 2065, 2069, 2065, 2067, 2064, 4232, 4230, 4231, 4230, 4232, 4227, 4227, 4229, 4230, 4233, 4229, 4224, 2050, 2054, 2055, 4227, 4224, 4229, 4234, 4235, 4222, 4224, 4227, 4222, 2059, 2050, 2055, 4234, 4221, 4223, 4226, 4222, 4227, 2059, 2055, 2063, 2052, 845, 2061, 4222, 4221, 4234, 4222, 4226, 4221, 3908, 3689, 3623, 2061, 845, 2059, 469, 460, 465, 2086, 2061, 2069, 2061, 2086, 2080, 2062, 2060, 2080, 2059, 2063, 2066, 2053, 2052, 2061, 4221, 4220, 4223, 451, 457, 475, 3704, 3909, 3623, 2053, 2080, 2060, 2059, 2069, 2061, 457, 447, 542, 2080, 2053, 2061, 2069, 2059, 2066, 2322, 2296, 2305, 2084, 2304, 2295, 3679, 3681, 3680, 2058, 2053, 2068, 2060, 2068, 2053, 542, 448, 452, 543, 542, 452, 3909, 3704, 3705, 2062, 2070, 2060, 2068, 2060, 2070, 2057, 2052, 2058, 2053, 2058, 2052, 3909, 3705, 3913, 2051, 2057, 2056, 2052, 2057, 2051, 4223, 4220, 4225, 4223, 4225, 4228, 4234, 4223, 4228, 4234, 4228, 4237, 4235, 4234, 4237, 4235, 4237, 4238, 4235, 4238, 5424, 5429, 5424, 4238, 5475, 5468, 5476, 847, 849, 854, 852, 847, 854, 461, 459, 477, 2346, 2338, 2345, 2307, 2298, 2331, 458, 542, 543, 5436, 5444, 5550, 5553, 5550, 5555, 459, 458, 476, 5550, 5444, 5555, 476, 458, 543, 477, 459, 476, 849, 860, 863, 854, 849, 863, 503, 501, 500, 2331, 2298, 2300, 5424, 5429, 5425, 5522, 5461, 5463, 5425, 5430, 5426, 5430, 5431, 5426, 5431, 5434, 5426, 5523, 5464, 5456, 5463, 5523, 5522, 5434, 5431, 5442, 2062, 2081, 2087, 5464, 5455, 5456, 5558, 5553, 5555, 5463, 5464, 5523, 2070, 2062, 2087, 860, 861, 864, 863, 860, 864, 3630, 3626, 3627, 5485, 5461, 5522, 5468, 5457, 5485, 2087, 2081, 2090, 5475, 5458, 5468, 5474, 5458, 5475, 5436, 5434, 5442, 5442, 5444, 5436, 5458, 5474, 2302, 5461, 5485, 5457, 2331, 2300, 2338, 5458, 5457, 5468, 2338, 2302, 2345, 2345, 2302, 5474, 3614, 503, 500, 3614, 500, 3625, 3911, 3909, 3913, 503, 463, 493, 3704, 3687, 3705, 493, 461, 477, 3614, 463, 503, 4220, 3911, 3915, 448, 454, 452, 463, 461, 493, 3915, 3911, 3913, 4220, 3915, 4225, 3616, 3614, 3625, 3618, 3616, 3630, 454, 448, 450, 5455, 5558, 5456, 5455, 5553, 5558, 3620, 3618, 3642, 450, 847, 852, 3616, 3625, 3626, 3630, 3616, 3626, 3642, 3618, 3630, 3642, 3686, 3620, 2083, 2293, 2294, 2090, 2083, 2294, 454, 450, 852, 3621, 3620, 3686, 2293, 2297, 2306, 3704, 3621, 3687, 3687, 3621, 3686, 861, 2056, 864, 2297, 2298, 2307, 2294, 2293, 2306, 2090, 2081, 2083, 2051, 2056, 861, 2306, 2297, 2307, 5430, 5425, 5429, 2300, 2302, 2338, 2424, 2423, 2425, 829, 830, 815, 5799, 5453, 5800, 2648, 2647, 2661, 3923, 3921, 3932, 2649, 2648, 2661, 2661, 2662, 2649, 3936, 3923, 3932, 3932, 3937, 3936, 2422, 2077, 2079, 2073, 2074, 865, 865, 872, 2073, 870, 865, 2076, 3951, 3950, 3952, 5453, 5451, 5801, 3923, 3920, 3921, 3920, 3919, 3921, 3920, 3918, 3919, 5452, 5801, 5451, 5451, 5448, 5452, 2424, 2425, 2426, 2426, 2425, 2647, 5452, 5447, 5454, 5448, 5447, 5452, 3918, 3917, 3919, 2669, 2664, 2668, 2668, 2679, 2669, 5454, 4244, 5450, 5761, 5802, 5791, 5450, 4247, 5449, 5447, 5446, 5454, 5446, 4246, 5454, 3952, 3953, 3951, 3954, 3951, 3953, 2680, 2669, 2679, 2680, 2679, 2681, 2682, 2680, 2681, 4244, 4247, 5450, 4246, 4242, 5454, 4242, 4244, 5454, 872, 868, 871, 865, 868, 872, 868, 869, 871, 868, 866, 869, 2682, 2681, 5763, 5764, 2682, 5763, 867, 869, 866, 4245, 4242, 4246, 4245, 4243, 4242, 4243, 4241, 4242, 4243, 4240, 4241, 4240, 4165, 4241, 4165, 4164, 4241, 2078, 2077, 2422, 2078, 2075, 2077, 2078, 2074, 2075, 5802, 5803, 5791, 5803, 5799, 5800, 5802, 5799, 5803, 5800, 5453, 5801, 5797, 5796, 5798, 5776, 5796, 5797, 4165, 4163, 4164, 2422, 2423, 2424, 2422, 2079, 2423, 4163, 4162, 4164, 4163, 3954, 4162, 5789, 5788, 5792, 5791, 5792, 5761, 5761, 5792, 5788, 792, 816, 793, 794, 792, 795, 795, 792, 793, 2076, 865, 2078, 866, 794, 867, 867, 794, 795, 2074, 2078, 865, 2072, 870, 2076, 2071, 870, 2072, 844, 793, 816, 3918, 843, 3917, 843, 842, 3917, 5775, 5776, 5765, 5765, 5762, 5775, 5796, 5776, 5775, 3954, 3953, 4162, 5764, 5762, 5765, 5764, 5763, 5762, 814, 831, 833, 843, 833, 842, 831, 842, 833, 2648, 2426, 2647, 844, 815, 830, 810, 814, 809, 816, 815, 844, 831, 814, 810, 3716, 3715, 3714, 5450, 5871, 5454, 5638, 5618, 6041, 5715, 5710, 5724, 5623, 5641, 6041, 5725, 5623, 6041, 792, 688, 816, 816, 688, 815, 567, 809, 580, 5641, 5635, 6041, 842, 567, 3917, 3916, 3995, 3993, 3916, 3993, 3992, 3916, 3992, 3884, 3916, 3884, 3882, 3916, 3882, 3880, 3916, 3880, 3879, 5724, 5723, 5725, 2648, 2649, 2548, 5722, 5720, 5721, 5721, 5713, 5716, 2646, 2644, 2669, 831, 567, 842, 3916, 3879, 3878, 5753, 5718, 5719, 5719, 5717, 5722, 3916, 3878, 3874, 2182, 2185, 2085, 3884, 3883, 3882, 2177, 2193, 2085, 2193, 2189, 2085, 3882, 3881, 3880, 5716, 5714, 5715, 3878, 3877, 3874, 3874, 3873, 3872, 3916, 3874, 3872, 809, 567, 810, 567, 831, 810, 3916, 3872, 3871, 3868, 3916, 3871, 3868, 3817, 3916, 3817, 3813, 3916, 2426, 2648, 2548, 3813, 3812, 3916, 3812, 3808, 3916, 685, 686, 687, 683, 684, 685, 3808, 3804, 3916, 3804, 3802, 3916, 3802, 3800, 3916, 3800, 3796, 3916, 681, 682, 683, 679, 680, 681, 2186, 2177, 2085, 3916, 3996, 3995, 3997, 3996, 3916, 2119, 2182, 2085, 2085, 2131, 2122, 2085, 2133, 2131, 2085, 2126, 2133, 2085, 2127, 2126, 2131, 2132, 2122, 2122, 2125, 2123, 2127, 2130, 2126, 2128, 2129, 2127, 3997, 3916, 3998, 2152, 2151, 2276, 3955, 3968, 3932, 3953, 3952, 4004, 3953, 4004, 4162, 3827, 3829, 3955, 3829, 3830, 3955, 3830, 3831, 3955, 3831, 3832, 3955, 3868, 3835, 3817, 3916, 3999, 3998, 2232, 2645, 2646, 2234, 2229, 2646, 3833, 3834, 3956, 3832, 3833, 3955, 3833, 3956, 3955, 3827, 3828, 3829, 3823, 3824, 3825, 3956, 3957, 3955, 3792, 3822, 3823, 351, 352, 353, 381, 380, 327, 2229, 2228, 2646, 383, 382, 381, 2233, 2230, 2646, 5678, 5676, 5683, 6040, 5680, 5681, 5681, 5679, 5682, 385, 384, 383, 387, 386, 385, 5682, 5677, 5678, 5675, 5673, 5674, 5683, 5672, 5675, 389, 388, 387, 391, 390, 389, 568, 392, 391, 3817, 3816, 3813, 3826, 3827, 3955, 3825, 3826, 3955, 2230, 2232, 2646, 5674, 5671, 5754, 677, 678, 679, 5653, 5669, 5572, 3957, 3958, 3955, 353, 394, 422, 436, 676, 677, 2065, 2089, 2069, 3958, 3959, 3955, 3959, 3960, 3955, 2234, 2227, 2229, 2228, 2233, 2646, 2641, 2643, 2646, 2642, 2641, 2646, 866, 868, 688, 794, 866, 688, 792, 794, 688, 687, 688, 2071, 2232, 2231, 2645, 5654, 5658, 5653, 2225, 2224, 2226, 2282, 2222, 2225, 2119, 2221, 2182, 5643, 5665, 5663, 5635, 5631, 5638, 5641, 5634, 5635, 3960, 3961, 3955, 3955, 3961, 3962, 3964, 3955, 3962, 2071, 2072, 2548, 3964, 3965, 3955, 3965, 3966, 3955, 3966, 3967, 3955, 3967, 3968, 3955, 3963, 3964, 3962, 3995, 3994, 3993, 4001, 4000, 3999, 870, 2071, 688, 685, 687, 2071, 683, 685, 2071, 4162, 4004, 4164, 329, 333, 335, 5725, 5622, 5623, 4164, 4004, 4241, 2322, 2292, 2326, 5623, 5621, 5641, 2078, 2422, 2548, 2263, 2262, 2264, 681, 683, 2071, 5754, 5752, 5753, 2292, 2322, 2305, 679, 681, 2071, 2270, 2265, 2267, 2267, 2266, 2281, 4241, 4004, 4242, 2072, 2076, 2548, 567, 385, 383, 383, 381, 567, 422, 425, 426, 381, 327, 567, 2076, 2078, 2548, 327, 325, 567, 677, 679, 2071, 436, 677, 2071, 6041, 5764, 5765, 6041, 5765, 5776, 5798, 6041, 5797, 6041, 5776, 5797, 426, 427, 428, 325, 320, 567, 5582, 5584, 5583, 5581, 5585, 5582, 5586, 5588, 5581, 5576, 5578, 5575, 3955, 3763, 3765, 5719, 5722, 6041, 5452, 5871, 5801, 3916, 4001, 3999, 6041, 5683, 5675, 5674, 5754, 6041, 5800, 5801, 5871, 5800, 5871, 5803, 5861, 5862, 5449, 5862, 5864, 5449, 5867, 5871, 5449, 5864, 5860, 5449, 5860, 5868, 5449, 5868, 5867, 5449, 5582, 5583, 5449, 5583, 5861, 5449, 5575, 5587, 5586, 5572, 5577, 5576, 5545, 5569, 5562, 5562, 5563, 5559, 5563, 5556, 5559, 2264, 2261, 2269, 2276, 2274, 2275, 2646, 2140, 2139, 2646, 2139, 2162, 2646, 2162, 2160, 2646, 2150, 2152, 2646, 2164, 2150, 2646, 2152, 2276, 2646, 2160, 2164, 5545, 5562, 5559, 327, 326, 325, 428, 429, 430, 5556, 5563, 5557, 320, 318, 567, 2646, 2270, 2267, 2223, 2234, 2646, 2226, 2223, 2646, 2282, 2646, 2280, 318, 316, 567, 316, 314, 567, 2282, 2225, 2646, 2646, 2281, 2280, 314, 312, 567, 2646, 2267, 2281, 2225, 2226, 2646, 312, 308, 567, 2646, 2275, 2260, 308, 306, 567, 5635, 5638, 6041, 2646, 2260, 2263, 2646, 2263, 2264, 2646, 2269, 2268, 2646, 2264, 2269, 2646, 2268, 2270, 2091, 2089, 2286, 2089, 2285, 2286, 430, 431, 432, 5557, 5563, 5443, 5443, 5563, 5439, 325, 321, 320, 320, 319, 318, 318, 317, 316, 316, 315, 314, 6041, 5618, 2140, 314, 313, 312, 306, 275, 567, 275, 264, 567, 264, 261, 567, 5791, 5803, 5871, 5791, 5871, 5792, 261, 255, 567, 432, 433, 434, 6041, 5798, 6039, 255, 249, 567, 434, 435, 436, 3823, 3825, 3955, 5861, 5863, 5862, 5582, 5449, 3916, 464, 442, 446, 3792, 3823, 3955, 5862, 5866, 5864, 5864, 5865, 5860, 3792, 3955, 3791, 5525, 5540, 5545, 5544, 5545, 5540, 3955, 3790, 3791, 5860, 5869, 5868, 5868, 5870, 5867, 446, 445, 451, 445, 453, 451, 312, 311, 308, 3955, 3765, 3790, 5638, 5617, 5618, 5583, 5872, 5861, 3955, 3762, 3763, 865, 870, 688, 2091, 2286, 2292, 865, 688, 868, 2091, 2292, 2304, 3955, 3761, 3762, 2304, 2292, 2305, 3955, 3759, 3761, 3955, 3757, 3759, 3955, 3754, 3757, 3955, 3750, 3754, 2646, 5764, 2140, 3955, 3748, 3750, 434, 2071, 2085, 308, 307, 306, 453, 445, 851, 851, 445, 853, 5753, 5719, 6041, 853, 445, 858, 306, 276, 275, 5754, 5753, 6041, 275, 274, 264, 264, 262, 261, 5675, 5674, 6041, 3916, 5654, 5653, 5576, 5575, 3916, 5653, 5572, 3916, 5572, 5576, 3916, 261, 258, 255, 3916, 5643, 5663, 3916, 5663, 5667, 3916, 5667, 5649, 3916, 5649, 5655, 3916, 5655, 5654, 5524, 5545, 5559, 5525, 5545, 5524, 255, 250, 249, 5724, 5725, 6041, 2642, 2646, 2639, 5715, 5724, 6041, 5716, 5715, 6041, 5721, 5716, 6041, 2646, 2637, 2639, 4242, 4004, 4244, 2643, 2640, 2646, 2640, 2644, 2646, 2638, 2637, 2646, 2634, 2638, 2646, 2636, 2634, 2646, 2645, 2635, 2646, 6041, 2140, 5764, 2635, 2636, 2646, 4244, 4004, 4247, 4247, 4004, 5449, 2633, 2642, 2639, 3916, 4002, 4001, 5722, 5721, 6041, 2189, 2191, 2085, 2191, 2169, 2085, 434, 436, 2071, 3916, 4003, 4002, 5586, 5581, 3916, 3916, 4004, 4003, 5581, 5582, 3916, 5575, 5586, 3916, 2160, 2159, 2164, 3912, 3914, 3716, 4226, 3716, 3914, 4227, 3716, 4226, 567, 3720, 3917, 4227, 4232, 3716, 3765, 3766, 3790, 3763, 3764, 3765, 5764, 2646, 2682, 3759, 3760, 3761, 2680, 2682, 2646, 2185, 2186, 2085, 2541, 2543, 2085, 2541, 2085, 2542, 3916, 5449, 4004, 2646, 2669, 2680, 3757, 3758, 3759, 2664, 2669, 2644, 2085, 2537, 2542, 3955, 3739, 3748, 3955, 3738, 3739, 3955, 3734, 3738, 3955, 3729, 3734, 3681, 3711, 3680, 3955, 3724, 3729, 3955, 3721, 3724, 2545, 2546, 2537, 574, 573, 572, 572, 571, 570, 570, 569, 568, 567, 580, 579, 567, 579, 578, 567, 578, 577, 567, 577, 576, 567, 576, 575, 567, 575, 574, 567, 574, 572, 567, 572, 570, 567, 570, 568, 567, 568, 391, 567, 391, 389, 2539, 2540, 2538, 2424, 2426, 2548, 474, 469, 464, 2422, 2424, 2548, 2085, 2123, 2124, 3955, 3720, 3721, 2085, 2543, 2539, 2085, 2539, 2538, 2085, 2547, 2545, 2085, 2548, 2544, 2085, 2544, 2547, 2085, 2545, 2537, 3711, 3681, 3688, 2085, 2549, 2128, 2085, 2538, 2549, 2085, 2128, 2127, 468, 464, 469, 2119, 2085, 2124, 567, 249, 3720, 475, 464, 451, 567, 389, 387, 567, 387, 385, 474, 464, 475, 3748, 3749, 3750, 2085, 2122, 2123, 5449, 5871, 5450, 3937, 3932, 3968, 2091, 2088, 2089, 2086, 2089, 2088, 2069, 2089, 2086, 2085, 2071, 2548, 2162, 2156, 2160, 3932, 3921, 3955, 3739, 3740, 3748, 3921, 3919, 3955, 432, 434, 2085, 430, 432, 2085, 428, 430, 2085, 426, 428, 2085, 3729, 3730, 3734, 3724, 3726, 3729, 3919, 3917, 3955, 422, 426, 2085, 353, 422, 2085, 2085, 351, 353, 2085, 350, 351, 2085, 343, 350, 2085, 337, 343, 2085, 335, 337, 2085, 329, 335, 464, 446, 451, 2182, 2187, 2185, 3912, 3716, 3714, 3912, 3714, 3711, 3912, 3711, 3689, 3689, 3711, 3688, 6041, 6040, 5681, 6041, 5682, 5678, 6041, 5678, 5683, 6041, 5681, 5682, 3917, 3720, 3955, 6031, 6030, 6040, 6033, 6029, 6031, 6034, 6032, 6033, 6041, 6031, 6040, 6041, 6033, 6031, 6041, 6039, 6035, 6041, 6035, 6038, 6041, 6037, 6028, 6041, 6028, 6034, 6041, 6036, 6037, 6041, 6038, 6036, 6041, 6034, 6033, 5452, 5454, 5871, 2646, 2276, 2275, 493, 515, 509, 5793, 5794, 5775, 536, 3918, 533, 3918, 3643, 533, 843, 536, 535, 536, 534, 535, 843, 532, 529, 843, 527, 532, 530, 528, 531, 526, 523, 832, 511, 522, 494, 471, 521, 520, 517, 519, 514, 520, 518, 517, 514, 516, 515, 515, 513, 509, 493, 514, 515, 517, 514, 477, 509, 512, 510, 3705, 3954, 3913, 3913, 3954, 4163, 3687, 3951, 3705, 5558, 5802, 5456, 5761, 5456, 5802, 3949, 3951, 3687, 3927, 3923, 3929, 3947, 3949, 3687, 3945, 3947, 3687, 3943, 3945, 3687, 3941, 3943, 3687, 3939, 3941, 3687, 3929, 3928, 3927, 3927, 3926, 3923, 506, 508, 504, 505, 503, 504, 3926, 3925, 3923, 3703, 3939, 3687, 3703, 3687, 3701, 502, 501, 505, 3701, 3702, 3703, 501, 503, 505, 493, 498, 497, 497, 507, 506, 493, 511, 494, 493, 496, 495, 493, 495, 498, 493, 494, 496, 506, 504, 493, 504, 503, 493, 497, 506, 493, 514, 493, 477, 843, 538, 537, 843, 537, 541, 843, 539, 540, 3923, 3930, 3929, 510, 511, 493, 510, 493, 509, 478, 491, 490, 843, 540, 527, 843, 541, 539, 535, 538, 843, 3699, 3700, 3701, 3697, 3698, 3699, 3690, 3691, 3692, 3687, 3699, 3701, 490, 488, 487, 478, 477, 479, 484, 483, 482, 487, 489, 484, 477, 827, 825, 476, 830, 829, 827, 476, 829, 477, 825, 820, 3697, 3699, 3687, 3696, 3697, 3687, 3695, 3696, 3687, 3694, 3695, 3687, 3693, 3694, 3687, 3686, 3692, 3693, 2651, 2652, 2650, 2653, 2655, 2654, 3690, 3692, 3686, 2654, 2656, 2651, 2658, 2659, 2657, 2650, 2660, 2658, 2657, 2662, 2661, 2309, 2663, 2653, 3925, 3924, 3922, 479, 480, 478, 477, 820, 818, 477, 818, 822, 477, 822, 821, 477, 821, 479, 477, 486, 485, 478, 490, 477, 490, 487, 477, 487, 484, 477, 484, 482, 477, 482, 481, 477, 477, 481, 486, 827, 477, 476, 830, 476, 844, 543, 844, 476, 3925, 3922, 3923, 3923, 3931, 3930, 2087, 2423, 2070, 2070, 2423, 2079, 2087, 2425, 2423, 3923, 3933, 3931, 2090, 2425, 2087, 3923, 3934, 3933, 3923, 3935, 3934, 3923, 3936, 3935, 3703, 3938, 3939, 3687, 3686, 3693, 3684, 3685, 3690, 3684, 3690, 3686, 452, 793, 543, 844, 543, 793, 3683, 3684, 3686, 485, 473, 470, 470, 472, 471, 471, 520, 477, 471, 477, 470, 477, 485, 470, 520, 517, 477, 5469, 5468, 5470, 5472, 5471, 5470, 3682, 3683, 3686, 3665, 3682, 3686, 3686, 3664, 3665, 3663, 3664, 3686, 5477, 5476, 5469, 5476, 5468, 5469, 5470, 5468, 5485, 5472, 5470, 5485, 5480, 5472, 5485, 5485, 5481, 5480, 5480, 5473, 5472, 5485, 5482, 5481, 5485, 5483, 5482, 2306, 2307, 2312, 2306, 2661, 2294, 2294, 2661, 2647, 5485, 5484, 5483, 5485, 5507, 5484, 2306, 2317, 2308, 2311, 2321, 2306, 2314, 2311, 2306, 2312, 2314, 2306, 5501, 5485, 5522, 5508, 5507, 5485, 5508, 5485, 5510, 5485, 5498, 5510, 3675, 3674, 3673, 3669, 3668, 3920, 3668, 3667, 3920, 3665, 3666, 3682, 3662, 3663, 3686, 3661, 3662, 3686, 3659, 3661, 3686, 3659, 3660, 3661, 3657, 3655, 3656, 3920, 3667, 3652, 3652, 3651, 3920, 3651, 3650, 3920, 3650, 3648, 3920, 3920, 3648, 3647, 3650, 3649, 3648, 2673, 2672, 2674, 2676, 2675, 2679, 2674, 2671, 2679, 2671, 2676, 2679, 2679, 2668, 2665, 3647, 3646, 3918, 3918, 3646, 3645, 2679, 2667, 2666, 2679, 2677, 2670, 2319, 2317, 2306, 2321, 2319, 2306, 2315, 2313, 2307, 2307, 2313, 2312, 2650, 2658, 2306, 3645, 3643, 3918, 3645, 3644, 3643, 3658, 3659, 3686, 3657, 3658, 3686, 2679, 2670, 2673, 2679, 2666, 2677, 2679, 2665, 2667, 3657, 3686, 3655, 2674, 2679, 2673, 5496, 5487, 5762, 2362, 2365, 2679, 5762, 5488, 5489, 2365, 2364, 2679, 2679, 2675, 2678, 2678, 2362, 2679, 5762, 5487, 5488, 2679, 2364, 2370, 2681, 2679, 2370, 5762, 5489, 5490, 2370, 2367, 2681, 2367, 2369, 2681, 2369, 2368, 2681, 5762, 5490, 5491, 5762, 5491, 5512, 3686, 3642, 3655, 3642, 3654, 3655, 3653, 3654, 3642, 3641, 3653, 3642, 5494, 5495, 5496, 5763, 5492, 5493, 5494, 5763, 5493, 5762, 5494, 5496, 5507, 5497, 5484, 5485, 5501, 5498, 5498, 5511, 5510, 5501, 5499, 5498, 5763, 2681, 2379, 5500, 5501, 5522, 5505, 5500, 5522, 5546, 5503, 5502, 5505, 5504, 5500, 5502, 5506, 5505, 5510, 5509, 5508, 5762, 5512, 5513, 5446, 5429, 4246, 3939, 3940, 3941, 3941, 3942, 3943, 4238, 4246, 5429, 4246, 4238, 4245, 3943, 3944, 3945, 3945, 3946, 3947, 3947, 3948, 3949, 3949, 3950, 3951, 2331, 2339, 2343, 2331, 2343, 2341, 2331, 2338, 2339, 2331, 2341, 2342, 2331, 2358, 2357, 2356, 2360, 2307, 2360, 2349, 2307, 2356, 2307, 2357, 4237, 4245, 4238, 4237, 4243, 4245, 4228, 4243, 4237, 4243, 4228, 4240, 2307, 2331, 2357, 2327, 2330, 2315, 2328, 2329, 2307, 2351, 2328, 2307, 3922, 3676, 3923, 3676, 3675, 3923, 3675, 3673, 3923, 3923, 3673, 3672, 3920, 3923, 3672, 3672, 3671, 3920, 3671, 3670, 3920, 3670, 3669, 3920, 3918, 3920, 3647, 2380, 5492, 5763, 5763, 2378, 2380, 4225, 4240, 4228, 5762, 5513, 5514, 5515, 5516, 5517, 5520, 5521, 5774, 854, 869, 852, 867, 852, 869, 869, 854, 871, 5522, 5527, 5526, 5535, 5528, 5522, 5529, 5530, 5522, 5522, 5530, 5527, 5528, 5529, 5522, 5532, 5535, 5522, 5537, 5532, 5522, 5785, 5522, 5523, 5537, 5522, 5539, 5528, 5531, 5529, 863, 871, 854, 795, 454, 867, 852, 867, 454, 795, 452, 454, 5535, 5534, 5528, 2090, 2647, 2425, 2294, 2647, 2090, 5532, 5536, 5535, 2329, 2327, 2307, 793, 452, 795, 2327, 2315, 2307, 2353, 2354, 2307, 5537, 5533, 5532, 5522, 5786, 5781, 5522, 5785, 5786, 2307, 2354, 2351, 2379, 2378, 5763, 5785, 5523, 5789, 4225, 4165, 4240, 871, 863, 872, 864, 872, 863, 872, 864, 2073, 2056, 2073, 864, 3915, 4165, 4225, 5523, 5788, 5789, 5522, 5779, 5777, 5522, 5777, 5539, 5522, 5782, 5779, 5522, 5781, 5782, 5539, 5538, 5537, 5456, 5761, 5523, 5788, 5523, 5761, 3642, 3640, 3641, 3639, 3640, 3642, 5453, 5444, 5451, 5442, 5451, 5444, 5451, 5442, 5448, 3639, 3642, 3638, 5448, 5442, 5431, 3642, 3637, 3638, 3642, 3635, 3637, 5448, 5431, 5447, 5430, 5447, 5431, 3642, 3634, 3635, 5447, 5430, 5446, 5429, 5446, 5430, 3642, 3633, 3634, 5502, 5505, 5522, 5546, 5502, 5522, 3705, 3951, 3954, 5522, 5526, 5548, 5548, 5547, 5546, 5526, 5549, 5548, 3642, 3632, 3633, 3642, 3630, 3632, 3630, 3631, 3632, 3631, 3630, 3628, 5444, 5453, 5555, 3915, 4163, 4165, 5799, 5555, 5453, 2380, 2377, 5492, 2073, 2056, 2074, 3913, 4163, 3915, 5555, 5799, 5558, 3628, 3630, 3627, 5802, 5558, 5799, 2681, 2373, 2379, 2374, 2376, 2681, 2681, 2366, 2375, 2375, 2374, 2681, 2651, 2650, 2306, 2653, 2654, 2306, 2654, 2651, 2306, 2309, 2653, 2306, 2057, 2074, 2056, 2309, 2306, 2308, 2657, 2661, 2306, 2658, 2657, 2306, 2074, 2057, 2075, 2058, 2075, 2057, 2058, 2077, 2075, 2068, 2077, 2058, 2331, 2334, 2332, 821, 817, 479, 820, 819, 818, 822, 823, 821, 2308, 2310, 2309, 2315, 2316, 2313, 2319, 2320, 2317, 2317, 2318, 2308, 818, 824, 822, 827, 826, 825, 2333, 2331, 2336, 2333, 2334, 2331, 2361, 2358, 2331, 2332, 2361, 2331, 2331, 2335, 2336, 825, 828, 820, 2376, 2373, 2681, 2331, 2342, 2335, 2376, 2372, 2373, 2338, 2340, 2339, 2368, 2371, 2681, 2371, 2366, 2681, 2340, 2338, 2347, 2365, 2363, 2364, 2347, 2338, 2346, 2356, 2357, 2359, 2077, 2068, 2079, 2070, 2079, 2068, 2348, 2355, 2307, 2355, 2353, 2307, 2351, 2352, 2328, 5777, 5790, 5539, 5785, 5787, 5786, 5786, 5784, 5781, 5781, 5783, 5782, 5782, 5780, 5779, 5779, 5778, 5777, 2349, 2350, 2348, 2349, 2348, 2307, 536, 843, 3918, 530, 833, 843, 530, 843, 529, 833, 525, 524, 531, 525, 833, 833, 530, 531, 526, 833, 524, 811, 814, 833, 832, 840, 833, 526, 832, 833, 840, 834, 837, 832, 839, 840, 837, 835, 833, 840, 837, 833, 812, 813, 833, 835, 836, 833, 813, 811, 833, 5494, 5762, 5763, 5515, 5762, 5514, 5515, 5775, 5762, 5517, 5518, 5775, 5775, 5515, 5517, 5774, 5766, 5767, 841, 812, 833, 836, 838, 833, 838, 841, 833, 5774, 5767, 5775, 5520, 5774, 5775, 5520, 5775, 5519, 5775, 5518, 5519, 5767, 5770, 5775, 5770, 5771, 5775, 5794, 5795, 5775, 5767, 5769, 5770, 5795, 5796, 5775, 5772, 5768, 5775, 5768, 5773, 5775, 5773, 5793, 5775, 5771, 5772, 5775, 5546, 5522, 5548, 1472, 1397, 1473, 6807, 6806, 7014, 7013, 7007, 7014, 7007, 7008, 7014, 5186, 5185, 5188, 3215, 3218, 3214, 3217, 3214, 3218, 5186, 5188, 5189, 5188, 5185, 5256, 5189, 5188, 5257, 3018, 3019, 3214, 6661, 3316, 6701, 1396, 1402, 1397, 1397, 1402, 1403, 3217, 3022, 3018, 6702, 6661, 6701, 5124, 1748, 5125, 5123, 1748, 5124, 5122, 1748, 5123, 1476, 1396, 1472, 5122, 1746, 1748, 5122, 1744, 1746, 6701, 3316, 6703, 5256, 5185, 5254, 5257, 5188, 5256, 6806, 6804, 7013, 6661, 3315, 3316, 1397, 1472, 1396, 6661, 3275, 3314, 6661, 3314, 3315, 1402, 1396, 1476, 1746, 1745, 1748, 7013, 6804, 7007, 3217, 3018, 3214, 7014, 6806, 7013, 3214, 3019, 3215, 7015, 7009, 7012, 1475, 1383, 1474, 5194, 1383, 5191, 5191, 1401, 5184, 3008, 3011, 3202, 3222, 3202, 7012, 3216, 3202, 3222, 5184, 5187, 5190, 7018, 6823, 7017, 7017, 6808, 7015, 3216, 3008, 3202, 5191, 5184, 5190, 5191, 5190, 5273, 5194, 5191, 5274, 3202, 3205, 7017, 1383, 1398, 1401, 3020, 3008, 3216, 3021, 3020, 3216, 7017, 3205, 7018, 7017, 7015, 7012, 1404, 1401, 1398, 3219, 3216, 3222, 1398, 1383, 1475, 1383, 1462, 1474, 1383, 1388, 1462, 5190, 5258, 5259, 5273, 5190, 5259, 1462, 1388, 1465, 7012, 3202, 7017, 1388, 1383, 5194, 5274, 5191, 5273, 3202, 3011, 3205, 6824, 6823, 7018, 6823, 6809, 7017, 6809, 6808, 7017, 1401, 5191, 1383, 1389, 1387, 5196, 7019, 3204, 3206, 1387, 5194, 5195, 5196, 1387, 5195, 3011, 3010, 3204, 7019, 3206, 7020, 7018, 3205, 7019, 1388, 5194, 1387, 3204, 3014, 3206, 1465, 1388, 1464, 5195, 5194, 5275, 5275, 5194, 5274, 5196, 5195, 5277, 3204, 3010, 3014, 1464, 1389, 1468, 7020, 6825, 7019, 5277, 5195, 5275, 7019, 6824, 7018, 3205, 3204, 7019, 6825, 6824, 7019, 6827, 6825, 7020, 1464, 1387, 1389, 1387, 1464, 1388, 3205, 3011, 3204, 1386, 5192, 5193, 5193, 5192, 5280, 1466, 1385, 1386, 1385, 1466, 1389, 6830, 6827, 7021, 3207, 3208, 7022, 7021, 3207, 7022, 7020, 3206, 7021, 1386, 1385, 5192, 6831, 6830, 7022, 7022, 6830, 7021, 7021, 6827, 7020, 5192, 1385, 5196, 3207, 3012, 3208, 5280, 5192, 5277, 5280, 5281, 5193, 1466, 1468, 1389, 3012, 3013, 3208, 3014, 3012, 3206, 3206, 3012, 3207, 1466, 1386, 1467, 3206, 3207, 7021, 5196, 5277, 5192, 1385, 1389, 5196, 5197, 5193, 5282, 5198, 5197, 5303, 3208, 3203, 7022, 5303, 5197, 5282, 5282, 5193, 5281, 1467, 1384, 1463, 7024, 6832, 7023, 6832, 6831, 7023, 1463, 1408, 1493, 3203, 3039, 3227, 1384, 1386, 5197, 7023, 6831, 7022, 1384, 1467, 1386, 5198, 1384, 5197, 1384, 1408, 1463, 3227, 7023, 3203, 3013, 3009, 3208, 1408, 1384, 5198, 7022, 3203, 7023, 5197, 1386, 5193, 3009, 3039, 3203, 3208, 3009, 3203, 7023, 3227, 7024, 6853, 6832, 7024, 7025, 6853, 7024, 5304, 5198, 5303, 1492, 1493, 1408, 1407, 1409, 1492, 1407, 5198, 5199, 5200, 1407, 5199, 1492, 1409, 1494, 5200, 5199, 5305, 5199, 5198, 5304, 3227, 3226, 7025, 7025, 3226, 3228, 3226, 3040, 3228, 7025, 3228, 7026, 3039, 3226, 3227, 7024, 3227, 7025, 6855, 6854, 7026, 7026, 6854, 7025, 6854, 6853, 7025, 3039, 3038, 3226, 1408, 5198, 1407, 1407, 1492, 1408, 3226, 3038, 3040, 5305, 5199, 5304, 1409, 1407, 5200, 1382, 5201, 5202, 3195, 3001, 3201, 1382, 1376, 5201, 3228, 3001, 3195, 3001, 3007, 3201, 1455, 1494, 1409, 1455, 1382, 1461, 6864, 6855, 7027, 6865, 6864, 7028, 5314, 5201, 5305, 7027, 6855, 7026, 7028, 6864, 7027, 1376, 1455, 1409, 1376, 1382, 1455, 3195, 3201, 7028, 3228, 3195, 7027, 5201, 5200, 5305, 5202, 5201, 5314, 5314, 5315, 5202, 7027, 3195, 7028, 7026, 3228, 7027, 1376, 1409, 5200, 5201, 1376, 5200, 3001, 3228, 3040, 5203, 5202, 5316, 5317, 5203, 5316, 5316, 5202, 5315, 7028, 3199, 7029, 7029, 3200, 7030, 6867, 6866, 7030, 6866, 6865, 7029, 5203, 1382, 5202, 5204, 1380, 5203, 1461, 1380, 1459, 3005, 3006, 3199, 3201, 3199, 7028, 1380, 1461, 1382, 1380, 1381, 1459, 1380, 1382, 5203, 1381, 1380, 5204, 7030, 6866, 7029, 7029, 6865, 7028, 3200, 7029, 3199, 3199, 3006, 3200, 3201, 3005, 3199, 1459, 1381, 1460, 3007, 3005, 3201, 5204, 5203, 5317, 3200, 3196, 7031, 1379, 1378, 5207, 1381, 5204, 1378, 1378, 1456, 1381, 1378, 1379, 1456, 7032, 6868, 7031, 7031, 6867, 7030, 6868, 7032, 6869, 6867, 7031, 6868, 3002, 3004, 3196, 3006, 3002, 3200, 7031, 3197, 7032, 7030, 3200, 7031, 5319, 5206, 5318, 5317, 5318, 5206, 3196, 3197, 7031, 3200, 3002, 3196, 1456, 1460, 1381, 1456, 1379, 1458, 3196, 3004, 3197, 5207, 5206, 5319, 5206, 5204, 5317, 5204, 5206, 1378, 5207, 1378, 5206, 1457, 1454, 1524, 6909, 6870, 7034, 1377, 1454, 1457, 1377, 1457, 1379, 5205, 1377, 5207, 1454, 1377, 5205, 1377, 1379, 5207, 1454, 5205, 5210, 3271, 3003, 3070, 3198, 3271, 7034, 7032, 3197, 7033, 3004, 3198, 3197, 7033, 7034, 6870, 3198, 3003, 3271, 7033, 3198, 7034, 1457, 1458, 1379, 5210, 5205, 5320, 5205, 5207, 5320, 7033, 6869, 7032, 3004, 3003, 3198, 3198, 7033, 3197, 5320, 5207, 5319, 6870, 6869, 7033, 5320, 5359, 5210, 7035, 3268, 7036, 3069, 1523, 3267, 5211, 5210, 5367, 3070, 3069, 3271, 3271, 3069, 3267, 5367, 5210, 5359, 1450, 1451, 3267, 1524, 1450, 1523, 1450, 1454, 5211, 3268, 7035, 3267, 1450, 1524, 1454, 6917, 7035, 5211, 5212, 1450, 5211, 7036, 5211, 7035, 7035, 6917, 6909, 1451, 1450, 5212, 3271, 3267, 7034, 5211, 1454, 5210, 5211, 5367, 6917, 5212, 5211, 7036, 3267, 1451, 3268, 1523, 1450, 3267, 7035, 6909, 7034, 7034, 3267, 7035, 5214, 1449, 5213, 7036, 3268, 7037, 7037, 3269, 7038, 5214, 5213, 7038, 7038, 5213, 7037, 7036, 7037, 5213, 3266, 3269, 7037, 3268, 3266, 7037, 1449, 5212, 5213, 5213, 5212, 7036, 1452, 1449, 5214, 1451, 5212, 1449, 1449, 1452, 3266, 3266, 1452, 3269, 3268, 1451, 3266, 1449, 3266, 1451, 5215, 5214, 7038, 3269, 3265, 7039, 5216, 5215, 7039, 1453, 1448, 5215, 1448, 1452, 5214, 3265, 3270, 7040, 5216, 1453, 5215, 7039, 5215, 7038, 5216, 7039, 7040, 1448, 1453, 3270, 3269, 1452, 3265, 5215, 1448, 5214, 7038, 3269, 7039, 7039, 3265, 7040, 3265, 1448, 3270, 1448, 3265, 1452, 3273, 7041, 3272, 3270, 1453, 1446, 5208, 5216, 7041, 5209, 5208, 7042, 5209, 1446, 5208, 7040, 3270, 3272, 1447, 1446, 5209, 7041, 3273, 7042, 1446, 1447, 3272, 7040, 3272, 7041, 7042, 5208, 7041, 3270, 1446, 3272, 1446, 1453, 5208, 3272, 1447, 3273, 7041, 5216, 7040, 5208, 1453, 5216, 3273, 1447, 3229, 1426, 1424, 5232, 7044, 5231, 7043, 3229, 1424, 1426, 5232, 5231, 7044, 7043, 3229, 3231, 7042, 7043, 5231, 1447, 5209, 1424, 5232, 1424, 5231, 5231, 1424, 5209, 1424, 3229, 1447, 5231, 5209, 7042, 7042, 3273, 7043, 3229, 1426, 3231, 3273, 3229, 7043, 7043, 3231, 7044, 7045, 5233, 7044, 3230, 3243, 7046, 5234, 7045, 7046, 5233, 1425, 5232, 1425, 1426, 5232, 1438, 1425, 5233, 5233, 5232, 7044, 5234, 5233, 7045, 7045, 3230, 7046, 3231, 1426, 3230, 3230, 1425, 3243, 3231, 3230, 7045, 7044, 3231, 7045, 1425, 3230, 1426, 1438, 5233, 5234, 1425, 1438, 3243, 1434, 1438, 5235, 1434, 3243, 1438, 5235, 1438, 5234, 1434, 1437, 3239, 5235, 5234, 7047, 3243, 3239, 7046, 5236, 5235, 7048, 5236, 1434, 5235, 3243, 1434, 3239, 7046, 3239, 7047, 3239, 1437, 3242, 7047, 5234, 7046, 7047, 3242, 7048, 1437, 1434, 5236, 3239, 3242, 7047, 7048, 5235, 7047, 5237, 5236, 7048, 1435, 3240, 1437, 1437, 5236, 1435, 3242, 3240, 7049, 1437, 3240, 3242, 7048, 3242, 7049, 3240, 1436, 3241, 3240, 1435, 1436, 5238, 5237, 7050, 5238, 1435, 5237, 7048, 7049, 5237, 7050, 5237, 7049, 1436, 1435, 5238, 7049, 3240, 3241, 5237, 1435, 5236, 7049, 3241, 7050, 7050, 3241, 7051, 7051, 3232, 7052, 7051, 5244, 7050, 5244, 1432, 5238, 1432, 1436, 5238, 1433, 5244, 5245, 3232, 3233, 7052, 5245, 7051, 7052, 3241, 3232, 7051, 3232, 1432, 3233, 5244, 5238, 7050, 1432, 1433, 3233, 5245, 5244, 7051, 3241, 1436, 3232, 1433, 1432, 5244, 1432, 3232, 1436, 1430, 1433, 5239, 7053, 5245, 7052, 1430, 3233, 1433, 1430, 1431, 3237, 5240, 1430, 5239, 3237, 1431, 3238, 3233, 1430, 3237, 1431, 1430, 5240, 5240, 5239, 7054, 5239, 5245, 7053, 7052, 3237, 7053, 7053, 3238, 7054, 3233, 3237, 7052, 3238, 7053, 3237, 7054, 5239, 7053, 5239, 1433, 5245, 1431, 5240, 1428, 7055, 3236, 7056, 7054, 7055, 5241, 7054, 3238, 7055, 7056, 5241, 7055, 1429, 1428, 5242, 3238, 3235, 7055, 5242, 1428, 5241, 3235, 1429, 3236, 1428, 1429, 3235, 1428, 3235, 1431, 3235, 3236, 7055, 3238, 1431, 3235, 1428, 5240, 5241, 5241, 5240, 7054, 5242, 5241, 7056, 7057, 3234, 7058, 3236, 1429, 3234, 7057, 5243, 7056, 5243, 5242, 7056, 1445, 1427, 5243, 5246, 7057, 7058, 1427, 1445, 3250, 3236, 3234, 7057, 5243, 1427, 5242, 1427, 3234, 1429, 7056, 3236, 7057, 1427, 1429, 5242, 5246, 5243, 7057, 3234, 3250, 7058, 3234, 1427, 3250, 1445, 5243, 5246, 1439, 1445, 5247, 5248, 1439, 5247, 5247, 1445, 5246, 7059, 3246, 7060, 3244, 1441, 3246, 7058, 3244, 7059, 5247, 5246, 7059, 5248, 5247, 7060, 7060, 5247, 7059, 3250, 1439, 3244, 7059, 5246, 7058, 1439, 3250, 1445, 1439, 1441, 3244, 3246, 7059, 3244, 3250, 3244, 7058, 1441, 1439, 5248, 3246, 3245, 7061, 1441, 5248, 1440, 7061, 3245, 3249, 5250, 5249, 7062, 3245, 1444, 3249, 5249, 5248, 7060, 1440, 5248, 5249, 3246, 1441, 3245, 1440, 3245, 1441, 7062, 5249, 7061, 1440, 1444, 3245, 7060, 7061, 5249, 5250, 1440, 5249, 7060, 3246, 7061, 7061, 3249, 7062, 1444, 1440, 5250, 3247, 1442, 3248, 7062, 3249, 7063, 5251, 1442, 5250, 1443, 1442, 5251, 1442, 1443, 3248, 1442, 3247, 1444, 7063, 3247, 7064, 1444, 3247, 3249, 5251, 5250, 7062, 3249, 3247, 7063, 5252, 5251, 7063, 3247, 3248, 7064, 7063, 5251, 7062, 1442, 1444, 5250, 5252, 7063, 7064, 1443, 5251, 5252, 1411, 1412, 3252, 1411, 3248, 1443, 1411, 1443, 5217, 7066, 5217, 7065, 7064, 3248, 3252, 5217, 5252, 7065, 7065, 3253, 7066, 7065, 5252, 7064, 3252, 3253, 7065, 3252, 1412, 3253, 7064, 3252, 7065, 1412, 1411, 5218, 5218, 1411, 5217, 3248, 1411, 3252, 5218, 5217, 7066, 5217, 1443, 5252, 5220, 1410, 5219, 3253, 1412, 3251, 1412, 5218, 1410, 1420, 1410, 5220, 7066, 7067, 5219, 7067, 3251, 3261, 3253, 3251, 7067, 7068, 5219, 7067, 7067, 3261, 7068, 7066, 3253, 7067, 5219, 5218, 7066, 5220, 5219, 7068, 1410, 1420, 3251, 1410, 3251, 1412, 5219, 1410, 5218, 3251, 1420, 3261, 3259, 3260, 7070, 5222, 7069, 7070, 3261, 3259, 7069, 1419, 1418, 5221, 5221, 1418, 5220, 1419, 5221, 5222, 1418, 3259, 1420, 1418, 1419, 3260, 3259, 1418, 3260, 7069, 3259, 7070, 7068, 3261, 7069, 3261, 1420, 3259, 1418, 1420, 5220, 7069, 5221, 7068, 5222, 5221, 7069, 5221, 5220, 7068, 7071, 5222, 7070, 1416, 1419, 5226, 5226, 5222, 7071, 5227, 5226, 7072, 3260, 3254, 7070, 3260, 1416, 3254, 1416, 1417, 3254, 5227, 1416, 5226, 5226, 1419, 5222, 7071, 3255, 7072, 7072, 5226, 7071, 1417, 1416, 5227, 3255, 7071, 3254, 3254, 1417, 3255, 7070, 3254, 7071, 3260, 1419, 1416, 7074, 7073, 3256, 1417, 5227, 1414, 5227, 7072, 5224, 5224, 5225, 1415, 1414, 5227, 5224, 5225, 5224, 7073, 1414, 1415, 3257, 1414, 3256, 1417, 7072, 7073, 5224, 7073, 7074, 5225, 3257, 3256, 1414, 3255, 1417, 3256, 1415, 1414, 5224, 3255, 3256, 7073, 3256, 3257, 7074, 7072, 3255, 7073, 6333, 6311, 6313, 1422, 1421, 5228, 3406, 3320, 3322, 3406, 3318, 3320, 3406, 3328, 3326, 3406, 3326, 3324, 3406, 3324, 3318, 6337, 6333, 6315, 1585, 3160, 3170, 3408, 3406, 3330, 4518, 4516, 4514, 4512, 4524, 4518, 4514, 4512, 4518, 4512, 4510, 4524, 5133, 5071, 5079, 4524, 4510, 4508, 4522, 4524, 4498, 4520, 4522, 4498, 4524, 4508, 4494, 3414, 3330, 3332, 6801, 6795, 6720, 6795, 6797, 6718, 6797, 6793, 6718, 6791, 6789, 6716, 3601, 3607, 3605, 3605, 3609, 3603, 3603, 3601, 3605, 3601, 3599, 3607, 3599, 3585, 3607, 1615, 3160, 1585, 6327, 6339, 6323, 5133, 5079, 5081, 6323, 6325, 6327, 5133, 5131, 5129, 4524, 4494, 4498, 6341, 6335, 6315, 6339, 6341, 6315, 3581, 3611, 3607, 3581, 3597, 3611, 3585, 3583, 3607, 3583, 3581, 3607, 3581, 3595, 3597, 3593, 3595, 3581, 3591, 3593, 3587, 3593, 3581, 3587, 3587, 3589, 3591, 3263, 7077, 3262, 6333, 6319, 6317, 6333, 6321, 6311, 5133, 5073, 5071, 3332, 3334, 3410, 6333, 6317, 6321, 6339, 6315, 6323, 6333, 6313, 6315, 6971, 3170, 6970, 5423, 6971, 6970, 5141, 5133, 5081, 6333, 6329, 6319, 5143, 5141, 5081, 5145, 5143, 5081, 5145, 5081, 5083, 5383, 5423, 1751, 1795, 1779, 1781, 1781, 1783, 1793, 5137, 5139, 5083, 3406, 3322, 3330, 5139, 5145, 5083, 4506, 4520, 4498, 4504, 4506, 4498, 4502, 4504, 4500, 3170, 6724, 6970, 4500, 4496, 4502, 4504, 4498, 4500, 1422, 3263, 1421, 3170, 3160, 6724, 6791, 6712, 6706, 6791, 6706, 6708, 6791, 6708, 6710, 6791, 6710, 6718, 6791, 6714, 6712, 6791, 6716, 6714, 6793, 6791, 6718, 6795, 6718, 6720, 6720, 6722, 6799, 6799, 6801, 6720, 3262, 1421, 3263, 3410, 3412, 3332, 1756, 1693, 1699, 1756, 1695, 1693, 1585, 5383, 1615, 7077, 5229, 7076, 1756, 1752, 1695, 1756, 1754, 1752, 5229, 1422, 5228, 3406, 3404, 3328, 1756, 1697, 1701, 1797, 1785, 1773, 1756, 1701, 1703, 1768, 1703, 1705, 1797, 1787, 1785, 1797, 1771, 1777, 1705, 1758, 1760, 1797, 1773, 1771, 1760, 1762, 1705, 1797, 1777, 1775, 1764, 1756, 1703, 1766, 1764, 1703, 1768, 1766, 1703, 1762, 1768, 1705, 1797, 1775, 1779, 1793, 1795, 1781, 1756, 1699, 1697, 1791, 1801, 1779, 1795, 1791, 1779, 1799, 1797, 1779, 3416, 3408, 3330, 3414, 3416, 3330, 5229, 5228, 7076, 6333, 6331, 6329, 3412, 3414, 3332, 1797, 1789, 1787, 1801, 1799, 1779, 5383, 1751, 1615, 6971, 5423, 5383, 5133, 5129, 5077, 5133, 5075, 5073, 5133, 5077, 5075, 7076, 3262, 7077, 6335, 6337, 6315, 5083, 5135, 5137, 5287, 1751, 5288, 5359, 5369, 5371, 6821, 6820, 6824, 6821, 6824, 6825, 6969, 5423, 6970, 6970, 6967, 6969, 5126, 5128, 5127, 6945, 6944, 6954, 1465, 1464, 1481, 1481, 1464, 1483, 1468, 1466, 1470, 5290, 1751, 5291, 5262, 1515, 1751, 5291, 1751, 5292, 5292, 1751, 5293, 5293, 1751, 5294, 5294, 1751, 5295, 5295, 1751, 5296, 5296, 1751, 5321, 5321, 1751, 5322, 5322, 1751, 5323, 5323, 1751, 5324, 1470, 1466, 1497, 1751, 1556, 1559, 1557, 1556, 1751, 1751, 1555, 1557, 1571, 1555, 1751, 1570, 1569, 1751, 1751, 1521, 1570, 1571, 1751, 1569, 1751, 1517, 1520, 1518, 1517, 1751, 1751, 1512, 1518, 1522, 1521, 1751, 1751, 1519, 1522, 1520, 1519, 1751, 1513, 1512, 1751, 1513, 1751, 1510, 1511, 1510, 1751, 1751, 1509, 1511, 1516, 1509, 1751, 1751, 1514, 1516, 1515, 1514, 1751, 1464, 1468, 1471, 1469, 1464, 1471, 1483, 1464, 1469, 1471, 1468, 1470, 6943, 6942, 6944, 1474, 1462, 1480, 5253, 5128, 5260, 5324, 1751, 5325, 5325, 1751, 5326, 5326, 1751, 5327, 5327, 1751, 5328, 5328, 1751, 5337, 5337, 1751, 5338, 5338, 1751, 5339, 5339, 1751, 5340, 5340, 1751, 5341, 5341, 1751, 5342, 5342, 1751, 5343, 5343, 1751, 5345, 5256, 5254, 5255, 5257, 5256, 5255, 5260, 5262, 5261, 5259, 5268, 5269, 5269, 5274, 5259, 5273, 5259, 5274, 5274, 5269, 5270, 5275, 5274, 5270, 5275, 5270, 5271, 6967, 6970, 6724, 6965, 6967, 6724, 6964, 6965, 6724, 6963, 6964, 6724, 6962, 6963, 6724, 6961, 6962, 6724, 6960, 6961, 6724, 6959, 6960, 6724, 6958, 6959, 6724, 6957, 6958, 6724, 6953, 6957, 6724, 6952, 6953, 6724, 6833, 3033, 6816, 6814, 6816, 3033, 3033, 6812, 6814, 3033, 6811, 6812, 3033, 6810, 6811, 5345, 1751, 5346, 5346, 1751, 5347, 6951, 6952, 6724, 5347, 1751, 5348, 5348, 1751, 5349, 5349, 1751, 5350, 5350, 1751, 5351, 5351, 1751, 5352, 5352, 1751, 5353, 5353, 1751, 5354, 5354, 1751, 5355, 5355, 1751, 5356, 5356, 1751, 5357, 6950, 6951, 6724, 6949, 6950, 6724, 6948, 6949, 6724, 5357, 1751, 5358, 5358, 1751, 5376, 5376, 1751, 5385, 5385, 1751, 5386, 5386, 1751, 5387, 5387, 1751, 5388, 5388, 1751, 5389, 5389, 1751, 5390, 5262, 1478, 1485, 1750, 1478, 5262, 5262, 1747, 1750, 1749, 1747, 5262, 1748, 1749, 5262, 5390, 1751, 5391, 5391, 1751, 5392, 5392, 1751, 5398, 5398, 1751, 5399, 5399, 1751, 5400, 5400, 1751, 5401, 5401, 1751, 5402, 6947, 6948, 6724, 6946, 6947, 6724, 6724, 3033, 6833, 6940, 6946, 6724, 6939, 6940, 6724, 6724, 6938, 6939, 6724, 6937, 6938, 6724, 6936, 6937, 3033, 6803, 6810, 3033, 6664, 6803, 3033, 6663, 6664, 3033, 6662, 6663, 3033, 6661, 6662, 3003, 3093, 3070, 3002, 3006, 3048, 3005, 3047, 3006, 3005, 3007, 3054, 3003, 3004, 3050, 3050, 3004, 3002, 3093, 3003, 3096, 3096, 3003, 3050, 3010, 3027, 3014, 3010, 3011, 3028, 3027, 3010, 3028, 3012, 3014, 3015, 3012, 3016, 3013, 3012, 3015, 3017, 3014, 3027, 3029, 3015, 3014, 3029, 3016, 3012, 3017, 3018, 3022, 3023, 3023, 3019, 3018, 3031, 3024, 3277, 3008, 3020, 3011, 3011, 3020, 3025, 3026, 3025, 3020, 3028, 3011, 3025, 3033, 3030, 3031, 3009, 3042, 3039, 3038, 3039, 3044, 3038, 3045, 3040, 3001, 3040, 3045, 3007, 3001, 3052, 3038, 3041, 3046, 3045, 3038, 3046, 3001, 3045, 3053, 3052, 3001, 3053, 3009, 3013, 3043, 3043, 3013, 3016, 3042, 3009, 3043, 3044, 3039, 3042, 3041, 3038, 3044, 3047, 3005, 3054, 3006, 3047, 3049, 3048, 3006, 3049, 3054, 3007, 3052, 3002, 3048, 3051, 3050, 3002, 3051, 6724, 6935, 6936, 6724, 6934, 6935, 6724, 6933, 6934, 6724, 6926, 6933, 3132, 1523, 3069, 3069, 3070, 3131, 3070, 3093, 3095, 3094, 3070, 3095, 3070, 3094, 3098, 3097, 3070, 3098, 3070, 3097, 3099, 3070, 3099, 3071, 3070, 3071, 3072, 3070, 3074, 3081, 3070, 3083, 3078, 3070, 3081, 3083, 3070, 3078, 3079, 3070, 3072, 3075, 3074, 3070, 3075, 3106, 3071, 3099, 3072, 3071, 3073, 3075, 3072, 3076, 3074, 3075, 3077, 3131, 3133, 3069, 3132, 3069, 3133, 3086, 3088, 3070, 3088, 3089, 3070, 3086, 3070, 3079, 3089, 3134, 3070, 3134, 3136, 3070, 3131, 3070, 3136, 3079, 3078, 3080, 3081, 3074, 3082, 3083, 3081, 3084, 3085, 3078, 3083, 3086, 3079, 3087, 3088, 3086, 3091, 3089, 3088, 3090, 3134, 3089, 3135, 3099, 3097, 3100, 3138, 3131, 3136, 3136, 3134, 3137, 6724, 6908, 6926, 3160, 1613, 3157, 3160, 3157, 3159, 6724, 6907, 6908, 3277, 3274, 3276, 6724, 6906, 6907, 6724, 6905, 6906, 6724, 6904, 6905, 5402, 1751, 5403, 5403, 1751, 5404, 5404, 1751, 5405, 5405, 1751, 5409, 5409, 1751, 5410, 5410, 1751, 5411, 5411, 1751, 5412, 5412, 1751, 5413, 5413, 1751, 5414, 5414, 1751, 5415, 5415, 1751, 5416, 5416, 1751, 5417, 6724, 6903, 6904, 6724, 6902, 6903, 6724, 6901, 6902, 5417, 1751, 5418, 5418, 1751, 5419, 6724, 6900, 6901, 5419, 1751, 5420, 5420, 1751, 5423, 6724, 6899, 6900, 6724, 6898, 6899, 6724, 6897, 6898, 6724, 6896, 6897, 5277, 5275, 5271, 5271, 5272, 5277, 5277, 5272, 5276, 5276, 5278, 5280, 5289, 1751, 5290, 5288, 1751, 5289, 5280, 5278, 5279, 5280, 5277, 5276, 5281, 5280, 5279, 5281, 5279, 5297, 6955, 6917, 6956, 5286, 1751, 5287, 5285, 1751, 5286, 5284, 1751, 5285, 5283, 1751, 5284, 1607, 1606, 1751, 1751, 1604, 1607, 1605, 1604, 1751, 1751, 1603, 1605, 1751, 1608, 1610, 1609, 1608, 1751, 1610, 1603, 1751, 1624, 1614, 1751, 1614, 1615, 1751, 1751, 1622, 1624, 1623, 1622, 1751, 1751, 1616, 1621, 1751, 1620, 1623, 1621, 1620, 1751, 1619, 1616, 1751, 1618, 1617, 1751, 1751, 1617, 1619, 1606, 1618, 1751, 1602, 1599, 1751, 1598, 1597, 1751, 1751, 1597, 1602, 1751, 1600, 1609, 1601, 1600, 1751, 1601, 1751, 1599, 1751, 1595, 1598, 1596, 1595, 1751, 1751, 1546, 1596, 1584, 1546, 1751, 1751, 1582, 1584, 1581, 1580, 1751, 1577, 1581, 1751, 1578, 1577, 1751, 1751, 1576, 1578, 1751, 1574, 1579, 1575, 1574, 1751, 1579, 1576, 1751, 1751, 1572, 1575, 1573, 1572, 1751, 1583, 1582, 1751, 1751, 1580, 1583, 3160, 1615, 1613, 1614, 1613, 1615, 1624, 1611, 1614, 6954, 6917, 6955, 3031, 3277, 6661, 3033, 3031, 6661, 6917, 5408, 6956, 6941, 6932, 6942, 6931, 6930, 6932, 5282, 5297, 5298, 5282, 5281, 5297, 5298, 5299, 5303, 5304, 5299, 5300, 3061, 3035, 6724, 3062, 3060, 6724, 3060, 3061, 6724, 3057, 6724, 3056, 3062, 6724, 3055, 3057, 3055, 6724, 3059, 3056, 6724, 3059, 6724, 3058, 3032, 3033, 6724, 3037, 3032, 6724, 3037, 6724, 3034, 3036, 3034, 6724, 6724, 3035, 3036, 3103, 6724, 3102, 3066, 3063, 6724, 3068, 3065, 6724, 3066, 6724, 3065, 3068, 6724, 3067, 3064, 3058, 6724, 6724, 3063, 3064, 3116, 6724, 3115, 3117, 3115, 6724, 3116, 3067, 6724, 3101, 3117, 6724, 3103, 3101, 6724, 3105, 3102, 6724, 3104, 3105, 6724, 3110, 3108, 6724, 3111, 3104, 6724, 6724, 3108, 3111, 3107, 3114, 6724, 3119, 3107, 6724, 3109, 3110, 6724, 3112, 3113, 6724, 3113, 3109, 6724, 3114, 3112, 6724, 3126, 3127, 6724, 3129, 3126, 6724, 6724, 3128, 3129, 3140, 3092, 6724, 3130, 3128, 6724, 6724, 3092, 3130, 3139, 3140, 6724, 3142, 3139, 6724, 3143, 3146, 6724, 3144, 3145, 6724, 3145, 3143, 6724, 3153, 3144, 6724, 3141, 3142, 6724, 3146, 3141, 6724, 3150, 3151, 6724, 3163, 3150, 6724, 3162, 3163, 6724, 6929, 6928, 6930, 6927, 6925, 6928, 5267, 1751, 5283, 5266, 1751, 5267, 5265, 1751, 5266, 5264, 1751, 5265, 5263, 1751, 5264, 5262, 1751, 5263, 1473, 1477, 1472, 1476, 1472, 1477, 3164, 3162, 6724, 6724, 3161, 3164, 3154, 3152, 6724, 6724, 3147, 3154, 1480, 1462, 1479, 5303, 5282, 5298, 3152, 3153, 6724, 5260, 1748, 5262, 3149, 3147, 6724, 5128, 1748, 5260, 3148, 3149, 6724, 5304, 5303, 5299, 6944, 6909, 6954, 6942, 6909, 6944, 6932, 6909, 6942, 3151, 3148, 6724, 6924, 6923, 6925, 5304, 5300, 5301, 3169, 3167, 6724, 3155, 3169, 6724, 5304, 5301, 5302, 6930, 6909, 6932, 6724, 6833, 6834, 6724, 6834, 6835, 6835, 6836, 6724, 6724, 6836, 6837, 6724, 6837, 6838, 6724, 6838, 6839, 6724, 6839, 6840, 6724, 6840, 6841, 6724, 6841, 6842, 6724, 6842, 6843, 6724, 6843, 6844, 6724, 6844, 6845, 6724, 6845, 6846, 6724, 6846, 6871, 6871, 6872, 6724, 6724, 6872, 6873, 6873, 6874, 6724, 6724, 6874, 6875, 6724, 6875, 6876, 6724, 6876, 6877, 6928, 6909, 6930, 3166, 3161, 6724, 6724, 3165, 3166, 6967, 6965, 6966, 3167, 3168, 6724, 3158, 3155, 6724, 3159, 3158, 6724, 6724, 3160, 3159, 3118, 3119, 6724, 3121, 3118, 6724, 3125, 3120, 6724, 3122, 3125, 6724, 3120, 3121, 6724, 3123, 3124, 6724, 3124, 3122, 6724, 3127, 3123, 6724, 6925, 6909, 6928, 6922, 6921, 6923, 5302, 5306, 5314, 5262, 1491, 1490, 6920, 6919, 6921, 6918, 6916, 6919, 5262, 1487, 1491, 5262, 1484, 1487, 1485, 1484, 5262, 6909, 6917, 6954, 5314, 5306, 5307, 6923, 6909, 6925, 6921, 6909, 6923, 6919, 6909, 6921, 3276, 3275, 6661, 3277, 3276, 6661, 6916, 6909, 6919, 6915, 6914, 6916, 6913, 6912, 6914, 5305, 5304, 5302, 6914, 6909, 6916, 6912, 6909, 6914, 5305, 5302, 5314, 5314, 5307, 5315, 1479, 1462, 1482, 1482, 1462, 1465, 6886, 6869, 6909, 6911, 6909, 6912, 6910, 6909, 6911, 6909, 6910, 6894, 6894, 6886, 6909, 6886, 6885, 6869, 6885, 6884, 6867, 6884, 6883, 6867, 6883, 6882, 6867, 6881, 6867, 6882, 5262, 1490, 1515, 5307, 5308, 5315, 1482, 1465, 1481, 1486, 1491, 1487, 5309, 5316, 5308, 5309, 5310, 5317, 5317, 5310, 5311, 5311, 5312, 5318, 5318, 5312, 5313, 5315, 5308, 5316, 5126, 1748, 5128, 5125, 1748, 5126, 5316, 5309, 5317, 5317, 5311, 5318, 5320, 5313, 5329, 5320, 5329, 5330, 6724, 6895, 6896, 6724, 6893, 6895, 6724, 6892, 6893, 1458, 1457, 1524, 1455, 1461, 1504, 1461, 1459, 1549, 1456, 1458, 1554, 1460, 1456, 1554, 1549, 1459, 1460, 6891, 6892, 6724, 6724, 6890, 6891, 6724, 6889, 6890, 6724, 6888, 6889, 6887, 6888, 6724, 6724, 6878, 6887, 6724, 6877, 6878, 5318, 5313, 5319, 5320, 5319, 5313, 5359, 5320, 5330, 1488, 1490, 1491, 1489, 1515, 1490, 5334, 5335, 5336, 1467, 1463, 1495, 5330, 5331, 5359, 5359, 5331, 5332, 5359, 5332, 5333, 1592, 1593, 1590, 1592, 1587, 1594, 1568, 1561, 1751, 1566, 1568, 1751, 1564, 1563, 1751, 1567, 1566, 1751, 5359, 5333, 5334, 5359, 5334, 5336, 5359, 5336, 5360, 1751, 1563, 1567, 1561, 1573, 1751, 1751, 1562, 1564, 6805, 6804, 6806, 6807, 6805, 6806, 1751, 1558, 1565, 1565, 1562, 1751, 5359, 5360, 5362, 6818, 6809, 6823, 1559, 1558, 1751, 1590, 1591, 1543, 1543, 1544, 1542, 1545, 1540, 1542, 6814, 6812, 6813, 1540, 1541, 1533, 1537, 1532, 1539, 1538, 1535, 1537, 1535, 1536, 1528, 1534, 1532, 1533, 6816, 6814, 6815, 6833, 6816, 6817, 1592, 1524, 1587, 1590, 1524, 1592, 1543, 1524, 1590, 6819, 6818, 6823, 6820, 6819, 6823, 6820, 6823, 6824, 5360, 5336, 5344, 1533, 1524, 1540, 5360, 5361, 5362, 6822, 6821, 6825, 1542, 1524, 1543, 1524, 1542, 1540, 1463, 1493, 1507, 6826, 6822, 6825, 6825, 6827, 6828, 6828, 6826, 6825, 6828, 6827, 6829, 6829, 6827, 6830, 6829, 6830, 6847, 1588, 1523, 3132, 1589, 1523, 1588, 1587, 1523, 1589, 1528, 1531, 1529, 1529, 1530, 1526, 1529, 1524, 1528, 1526, 1524, 1529, 1532, 1524, 1533, 1535, 1524, 1537, 1537, 1524, 1532, 1524, 1535, 1528, 1525, 1524, 1527, 1560, 1524, 1525, 1526, 1527, 1524, 1553, 1524, 1560, 1492, 1494, 1503, 1551, 1460, 1554, 1554, 1458, 1553, 6848, 6847, 6830, 6849, 6848, 6830, 6849, 6830, 6831, 6849, 6831, 6850, 6851, 6850, 6832, 6852, 6851, 6832, 1460, 1551, 1552, 1548, 1460, 1552, 1549, 1460, 1548, 6856, 6852, 6832, 6850, 6831, 6832, 6856, 6832, 6853, 6853, 6854, 6857, 6856, 6853, 6857, 6857, 6854, 6858, 6859, 6858, 6854, 6854, 6855, 6860, 1458, 1524, 1553, 1524, 1523, 1587, 1493, 1492, 1506, 5359, 5362, 5364, 6859, 6854, 6860, 6860, 6855, 6861, 6861, 6855, 6862, 6862, 6855, 6864, 6863, 6862, 6864, 5359, 5364, 5366, 5364, 5362, 5363, 5366, 5364, 5365, 1506, 1492, 1508, 6863, 6865, 6879, 6879, 6865, 6880, 6880, 6865, 6881, 1508, 1492, 1501, 1507, 1493, 1506, 1466, 1467, 1498, 5359, 5366, 5369, 5422, 5423, 6969, 5422, 5420, 5423, 5406, 5396, 5397, 1547, 1461, 1549, 1504, 1461, 1550, 5396, 5394, 5395, 5408, 5367, 5407, 5406, 5407, 5367, 1547, 1550, 1461, 1502, 1494, 1505, 1503, 1494, 1502, 5394, 5382, 5393, 5382, 5380, 5381, 1501, 1492, 1503, 1505, 1455, 1504, 6865, 6863, 6864, 6881, 6865, 6866, 6881, 6866, 6867, 6885, 6867, 6868, 6885, 6868, 6869, 6869, 6870, 6909, 1494, 1455, 1505, 5380, 5378, 5379, 5378, 5375, 5377, 5406, 5359, 5396, 5394, 5396, 5359, 5382, 5394, 5359, 5375, 5373, 5374, 5380, 5382, 5359, 5378, 5380, 5359, 5359, 5375, 5378, 1499, 1463, 1507, 1498, 1467, 1495, 5373, 5371, 5372, 1500, 1463, 1499, 1495, 1463, 1500, 1496, 1466, 1498, 1497, 1466, 1496, 5371, 5369, 5370, 5369, 5366, 5368, 6917, 5367, 5408, 5367, 5359, 5406, 5359, 5373, 5375, 5359, 5371, 5373, 3168, 3165, 6724, 1802, 1792, 4526, 1794, 1784, 4509, 5223, 7075, 5228, 5230, 5229, 7078, 5384, 5230, 7078, 1413, 3257, 1415, 1413, 1421, 3258, 1423, 3264, 1422, 1586, 3171, 1423, 1586, 1423, 1700, 1422, 5230, 1423, 1413, 5228, 1421, 5136, 5230, 5138, 1770, 1767, 1769, 1415, 5223, 1413, 1706, 1704, 1774, 1704, 1702, 1772, 1702, 1698, 1778, 6338, 3610, 3606, 3606, 3608, 6334, 3608, 3612, 6332, 6338, 6798, 3264, 5084, 5230, 5136, 7078, 6796, 6802, 6802, 6800, 7078, 5384, 5146, 5230, 6800, 6723, 7078, 6723, 6721, 7078, 6721, 6719, 7078, 6719, 6711, 7078, 7078, 6798, 6796, 5084, 5082, 5230, 5082, 5080, 5230, 5080, 5072, 5230, 5072, 4497, 5230, 6972, 5384, 7078, 4501, 1776, 4497, 5225, 7074, 7075, 7075, 7076, 5228, 4499, 1780, 4501, 5229, 7077, 7078, 4495, 1782, 4499, 1776, 1698, 5230, 4509, 1784, 4495, 4511, 1794, 4509, 4513, 1796, 4511, 3612, 3598, 6330, 3598, 3596, 6320, 3596, 3594, 6318, 3594, 3592, 6322, 3592, 3580, 6312, 4526, 1792, 4513, 1759, 1706, 1786, 1761, 1759, 1788, 4526, 4513, 4515, 4526, 4515, 4517, 4519, 4525, 4526, 4526, 4517, 4519, 5223, 1415, 5225, 1413, 5223, 5228, 1763, 1761, 1790, 1769, 1763, 1798, 1770, 1769, 1798, 3590, 3580, 3592, 1786, 1706, 1774, 1788, 1759, 1786, 4526, 1800, 1802, 1790, 1761, 1788, 1798, 1763, 1790, 1778, 1698, 1776, 1772, 1702, 1778, 1798, 1800, 1770, 7078, 6711, 6972, 1792, 1796, 4513, 3264, 7077, 3263, 3262, 7075, 3258, 3258, 7074, 3257, 3610, 3415, 3604, 3415, 3602, 3604, 1774, 1704, 1772, 3415, 3600, 3602, 3415, 3586, 3600, 3610, 6338, 3264, 3610, 3417, 3415, 3582, 3415, 3588, 3415, 3584, 3586, 3415, 3582, 3584, 3415, 3590, 3588, 3415, 3580, 3590, 6711, 6705, 6972, 1422, 5229, 5230, 4503, 4497, 5074, 4505, 4503, 5076, 4507, 4505, 5078, 4497, 1776, 5230, 5074, 4497, 5072, 7075, 5223, 5225, 5078, 4505, 5076, 4521, 4507, 5130, 4523, 4521, 5132, 4525, 4523, 5132, 4526, 4525, 5132, 6709, 6705, 6711, 6707, 6705, 6709, 3415, 3413, 3580, 3413, 3411, 3580, 3411, 3335, 3580, 3335, 3333, 3580, 3333, 3331, 3580, 3331, 3323, 3580, 3323, 3321, 3580, 5140, 5230, 5146, 4526, 5142, 5144, 4526, 5134, 5142, 5132, 5134, 4526, 5132, 4521, 5130, 5130, 4507, 5078, 3264, 3417, 3610, 3264, 3409, 3417, 3264, 3407, 3409, 3264, 3405, 3407, 3264, 3329, 3405, 3327, 3329, 3264, 3325, 3327, 3264, 3319, 3325, 3264, 1698, 1423, 5230, 1780, 1776, 4501, 1782, 1780, 4499, 1784, 1782, 4495, 3321, 3171, 3580, 3319, 3171, 3321, 5138, 5230, 5140, 3264, 3171, 3319, 5384, 4526, 5144, 3264, 3263, 1422, 1421, 3262, 3258, 1413, 3258, 3257, 3264, 1423, 3171, 6312, 3580, 6314, 6322, 3592, 6312, 6318, 3594, 6322, 6320, 3596, 6318, 6330, 3598, 6320, 5384, 5144, 5146, 6314, 3580, 6705, 6332, 3612, 6330, 6334, 3608, 6332, 6338, 3606, 6334, 7078, 3264, 6798, 1796, 1794, 4511, 6316, 6314, 6705, 6324, 6316, 6713, 6326, 6324, 6715, 6328, 6326, 6717, 6340, 6328, 6790, 6705, 6707, 6316, 6713, 6316, 6707, 6715, 6324, 6713, 6717, 6326, 6715, 6790, 6328, 6717, 6342, 6340, 6792, 6336, 6342, 6794, 6798, 6338, 6336, 3258, 7075, 7074, 3262, 7076, 7075, 3264, 7078, 7077, 6792, 6340, 6790, 6794, 6342, 6792, 6798, 6336, 6794, 1700, 1423, 1698, 1700, 1694, 1586, 1694, 1696, 1586, 1696, 1753, 1586, 1753, 1755, 1586, 1755, 1757, 1586, 1757, 1765, 1586, 1765, 1767, 1586, 1770, 1586, 1767, 1800, 4526, 1770, 5076, 4503, 5074, 5383, 1586, 1770, 3170, 6971, 6972, 5384, 5383, 4526, 3170, 6972, 6705, 3171, 1585, 3170, 3171, 3170, 3580, 1585, 3171, 1586, 3170, 6705, 3580, 5383, 1585, 1586, 6971, 5384, 6972, 5383, 1770, 4526, 5384, 6971, 5383, 3406, 3409, 3407, 3318, 3319, 3320, 3416, 3415, 3417, 3417, 3408, 3416, 3414, 3413, 3415, 3412, 3413, 3414, 3412, 3411, 3413, 3410, 3411, 3412, 3415, 3416, 3414, 3408, 3417, 3409, 3408, 3409, 3406, 3410, 3335, 3411, 3335, 3410, 3334, 3334, 3333, 3335, 3333, 3334, 3332, 3332, 3331, 3333, 3330, 3331, 3332, 3330, 3323, 3331, 3323, 3330, 3322, 3404, 3405, 3328, 3328, 3405, 3329, 3404, 3407, 3405, 3328, 3329, 3326, 3326, 3329, 3327, 3326, 3327, 3324, 3324, 3327, 3325, 3324, 3325, 3318, 3318, 3325, 3319, 3322, 3321, 3323, 3320, 3321, 3322, 3320, 3319, 3321, 3406, 3407, 3404, 1758, 1706, 1759, 1754, 1757, 1755, 1754, 1755, 1752, 1752, 1755, 1753, 1756, 1757, 1754, 1752, 1753, 1695, 1695, 1753, 1696, 1705, 1704, 1706, 1768, 1769, 1766, 1766, 1769, 1767, 1703, 1704, 1705, 1703, 1702, 1704, 1697, 1700, 1698, 1695, 1696, 1693, 1701, 1702, 1703, 1701, 1698, 1702, 1700, 1697, 1699, 1698, 1701, 1697, 1693, 1696, 1694, 1694, 1699, 1693, 1699, 1694, 1700, 1766, 1767, 1764, 1764, 1767, 1765, 1763, 1768, 1762, 1768, 1763, 1769, 1756, 1765, 1757, 1764, 1765, 1756, 1762, 1761, 1763, 1760, 1761, 1762, 1706, 1758, 1705, 1760, 1759, 1761, 1759, 1760, 1758, 3587, 3582, 3588, 3582, 3587, 3581, 3603, 3604, 3601, 3601, 3604, 3602, 3601, 3602, 3599, 3599, 3602, 3600, 3611, 3598, 3612, 3611, 3612, 3607, 3609, 3606, 3610, 3598, 3611, 3597, 3597, 3596, 3598, 3596, 3597, 3595, 3607, 3612, 3608, 3606, 3609, 3605, 3605, 3608, 3606, 3607, 3608, 3605, 3610, 3603, 3609, 3581, 3584, 3582, 3583, 3584, 3581, 3583, 3586, 3584, 3585, 3586, 3583, 3585, 3600, 3586, 3599, 3600, 3585, 3587, 3588, 3589, 3595, 3594, 3596, 3594, 3595, 3593, 3593, 3592, 3594, 3592, 3593, 3591, 3589, 3588, 3590, 3589, 3590, 3591, 3591, 3590, 3592, 3603, 3610, 3604, 1797, 1800, 1798, 1771, 1774, 1772, 1775, 1778, 1776, 1776, 1779, 1775, 1777, 1772, 1778, 1772, 1777, 1771, 1778, 1775, 1777, 1779, 1776, 1780, 1779, 1780, 1781, 1781, 1780, 1782, 1782, 1783, 1781, 1783, 1782, 1784, 1799, 1802, 1800, 1799, 1800, 1797, 1795, 1794, 1796, 1794, 1795, 1793, 1793, 1784, 1794, 1784, 1793, 1783, 1792, 1801, 1791, 1801, 1792, 1802, 1791, 1796, 1792, 1795, 1796, 1791, 1797, 1798, 1789, 1789, 1798, 1790, 1773, 1786, 1774, 1785, 1786, 1773, 1785, 1788, 1786, 1787, 1788, 1785, 1787, 1790, 1788, 1789, 1790, 1787, 1773, 1774, 1771, 1801, 1802, 1799, 6326, 6327, 6325, 6311, 6312, 6313, 6329, 6332, 6330, 6328, 6339, 6327, 6331, 6332, 6329, 6331, 6334, 6332, 6333, 6334, 6331, 6333, 6338, 6334, 6336, 6337, 6335, 6341, 6342, 6335, 6335, 6342, 6336, 6338, 6333, 6337, 6337, 6336, 6338, 6339, 6340, 6341, 6341, 6340, 6342, 6323, 6324, 6325, 6327, 6326, 6328, 6325, 6324, 6326, 6323, 6316, 6324, 6316, 6323, 6315, 6318, 6321, 6317, 6321, 6318, 6322, 6311, 6322, 6312, 6321, 6322, 6311, 6329, 6330, 6319, 6319, 6330, 6320, 6319, 6320, 6317, 6317, 6320, 6318, 6315, 6314, 6316, 6313, 6314, 6315, 6313, 6312, 6314, 6339, 6328, 6340, 4508, 4511, 4509, 4522, 4523, 4524, 4494, 4509, 4495, 4506, 4505, 4507, 4504, 4505, 4506, 4504, 4503, 4505, 4503, 4504, 4502, 4502, 4497, 4503, 4495, 4498, 4494, 4498, 4495, 4499, 4501, 4496, 4500, 4510, 4511, 4508, 4510, 4513, 4511, 4512, 4513, 4510, 4512, 4515, 4513, 4514, 4515, 4512, 4518, 4525, 4519, 4524, 4525, 4518, 4514, 4517, 4515, 4516, 4517, 4514, 4516, 4519, 4517, 4518, 4519, 4516, 4507, 4520, 4506, 4500, 4499, 4501, 4498, 4499, 4500, 4497, 4502, 4496, 4496, 4501, 4497, 4520, 4507, 4521, 4521, 4522, 4520, 4524, 4523, 4525, 4522, 4521, 4523, 4508, 4509, 4494, 6708, 6709, 6710, 6799, 6800, 6801, 6708, 6707, 6709, 6710, 6709, 6711, 6712, 6713, 6706, 6706, 6713, 6707, 6712, 6715, 6713, 6714, 6715, 6712, 6714, 6717, 6715, 6716, 6717, 6714, 6716, 6790, 6717, 6789, 6790, 6716, 6711, 6718, 6710, 6718, 6711, 6719, 6718, 6719, 6720, 6720, 6719, 6721, 6721, 6722, 6720, 6722, 6721, 6723, 6723, 6799, 6722, 6799, 6723, 6800, 6789, 6792, 6790, 6791, 6792, 6789, 6791, 6794, 6792, 6793, 6794, 6791, 6793, 6798, 6794, 6796, 6797, 6795, 6798, 6793, 6797, 6797, 6796, 6798, 6795, 6802, 6796, 6801, 6802, 6795, 6801, 6800, 6802, 6706, 6707, 6708, 5075, 5078, 5076, 5137, 5136, 5138, 5074, 5071, 5073, 5079, 5072, 5080, 5080, 5081, 5079, 5081, 5080, 5082, 5081, 5082, 5083, 5083, 5082, 5084, 5075, 5076, 5073, 5073, 5076, 5074, 5072, 5079, 5071, 5071, 5074, 5072, 5145, 5146, 5143, 5143, 5146, 5144, 5143, 5144, 5141, 5077, 5130, 5078, 5129, 5130, 5077, 5129, 5132, 5130, 5131, 5132, 5129, 5141, 5144, 5142, 5131, 5134, 5132, 5145, 5140, 5146, 5133, 5134, 5131, 5140, 5145, 5139, 5133, 5142, 5134, 5139, 5138, 5140, 5141, 5142, 5133, 5084, 5135, 5083, 5137, 5138, 5139, 5135, 5084, 5136, 5136, 5137, 5135, 5077, 5078, 5075]
        point3f[] points = [(-57.65, -35.34, 33.75), (-57.65, -35.34, 35.25), (-57.925, -35.13, 34.5), (-57.65, -35.13, 34.5), (-58.475, -34.71, 36), (-58.2, -34.92, 35.25), (-57.65, -35.13, 35.25), (-57.925, -34.92, 35.25), (-57.925, -35.13, 36), (-57.925, -34.92, 36), (-58.2, -34.71, 36), (-58.75, -34.5, 36.75), (-58.475, -34.5, 36.75), (-58.475, -34.71, 37.5), (-58.475, -34.5, 37.5), (-58.2, -34.92, 36.75), (-58.2, -34.71, 36.75), (-59.025, -34.29, 37.5), (-58.75, -34.29, 37.5), (-59.3, -34.08, 38.25), (-59.575, -33.87, 39), (-59.3, -33.87, 39), (-59.3, -34.08, 39.75), (-59.3, -33.87, 39.75), (-59.575, -33.87, 40.5), (-58.75, -34.5, 38.25), (-58.75, -34.29, 38.25), (-59.025, -34.29, 39), (-59.025, -34.08, 38.25), (-59.025, -34.08, 39), (-61.225, -32.61, 43.5), (-59.85, -33.66, 39.75), (-59.575, -33.66, 39.75), (-60.125, -33.45, 40.5), (-59.85, -33.45, 40.5), (-59.575, -33.66, 40.5), (-60.4, -33.24, 41.25), (-59.85, -33.66, 41.25), (-59.85, -33.45, 41.25), (-60.125, -33.45, 42), (-60.125, -33.24, 41.25), (-60.125, -33.24, 42), (-60.4, -33.24, 42.75), (-60.675, -33.03, 42), (-60.4, -33.03, 42), (-60.95, -32.82, 42.75), (-60.675, -32.82, 42.75), (-60.4, -33.03, 42.75), (-60.675, -33.03, 43.5), (-60.675, -32.82, 43.5), (-60.95, -32.61, 43.5), (-57.625, -30.95, 40.04), (-57.625, -30.95, 41.56), (-61.5, -32.4, 44.25), (-61.225, -32.4, 44.25), (-61.225, -32.61, 45), (-61.225, -32.4, 45), (-61.5, -32.4, 45.75), (-61.775, -32.19, 45), (-61.5, -32.19, 45), (-62.05, -31.98, 45.75), (-62.325, -31.77, 46.5), (-62.05, -31.77, 46.5), (-61.5, -32.19, 45.75), (-61.775, -32.19, 46.5), (-61.775, -31.98, 45.75), (-61.775, -31.98, 46.5), (-63.15, -31.14, 48.75), (-62.05, -31.98, 47.25), (-62.05, -31.77, 47.25), (-62.325, -31.77, 48), (-62.6, -31.56, 47.25), (-62.325, -31.56, 47.25), (-62.875, -31.35, 48), (-62.6, -31.35, 48), (-62.325, -31.56, 48), (-62.6, -31.56, 48.75), (-62.6, -31.35, 48.75), (-62.875, -31.14, 48.75), (-60.95, -32.82, 44.25), (-60.95, -32.61, 44.25), (-57.9, -30.74, 40.8), (-57.625, -30.74, 40.8), (-57.625, -30.74, 41.56), (-58.175, -30.53, 41.56), (-57.9, -30.53, 41.56), (-58.45, -30.32, 42.32), (-57.9, -30.74, 42.32), (-58.175, -30.32, 42.32), (-57.9, -30.53, 42.32), (-58.175, -30.53, 43.08), (-58.175, -30.32, 43.08), (-58.725, -30.11, 43.08), (-58.45, -30.11, 43.08), (-58.45, -30.32, 43.84), (-59, -29.9, 43.84), (-58.45, -30.11, 43.84), (-58.725, -29.9, 43.84), (-58.725, -30.11, 44.6), (-58.725, -29.9, 44.6), (-59.275, -29.69, 44.6), (-59, -29.69, 44.6), (-59, -29.9, 45.36), (-59, -29.69, 45.36), (-59.275, -29.69, 46.12), (-59.55, -29.48, 45.36), (-59.825, -29.27, 46.12), (-59.55, -29.27, 46.12), (-59.275, -29.48, 45.36), (-59.275, -29.48, 46.12), (-60.375, -28.85, 47.64), (-59.55, -29.48, 46.88), (-59.55, -29.27, 46.88), (-59.825, -29.27, 47.64), (-60.1, -29.06, 46.88), (-59.825, -29.06, 46.88), (-59.825, -29.06, 47.64), (-60.1, -28.85, 47.64), (-60.375, -28.85, 49.16), (-60.1, -29.06, 48.4), (-60.1, -28.85, 48.4), (-60.65, -28.64, 48.4), (-60.375, -28.64, 48.4), (-60.375, -28.64, 49.16), (-60.925, -28.43, 49.16), (-60.65, -28.43, 49.16), (-64.8, -29.88, 53.25), (-65.075, -29.67, 54), (-64.8, -29.67, 54), (-64.8, -29.88, 54.75), (-64.8, -29.67, 54.75), (-65.35, -29.46, 54.75), (-65.075, -29.46, 54.75), (-65.075, -29.67, 55.5), (-65.625, -29.25, 55.5), (-65.9, -29.04, 56.25), (-65.625, -29.04, 56.25), (-65.35, -29.25, 55.5), (-65.075, -29.46, 55.5), (-65.35, -29.46, 56.25), (-65.35, -29.25, 56.25), (-65.625, -29.25, 57), (-66.175, -28.83, 57), (-65.625, -29.04, 57), (-65.9, -28.83, 57), (-65.9, -29.04, 57.75), (-65.9, -28.83, 57.75), (-66.45, -28.62, 57.75), (-66.175, -28.62, 57.75), (-66.725, -28.41, 58.5), (-67, -28.2, 59.25), (-66.725, -28.2, 59.25), (-66.725, -28.41, 60), (-66.725, -28.2, 60), (-66.175, -28.83, 58.5), (-66.175, -28.62, 58.5), (-66.45, -28.62, 59.25), (-66.45, -28.41, 58.5), (-66.45, -28.41, 59.25), (-63.15, -31.14, 50.25), (-62.875, -31.35, 49.5), (-62.875, -31.14, 49.5), (-63.425, -30.93, 49.5), (-63.15, -30.93, 49.5), (-63.7, -30.72, 50.25), (-63.425, -30.72, 50.25), (-63.15, -30.93, 50.25), (-63.975, -30.51, 51), (-64.25, -30.3, 51.75), (-63.975, -30.3, 51.75), (-63.425, -30.93, 51), (-63.425, -30.72, 51), (-63.7, -30.72, 51.75), (-63.7, -30.51, 51), (-63.7, -30.51, 51.75), (-63.975, -30.51, 52.5), (-63.975, -30.3, 52.5), (-64.25, -30.3, 53.25), (-64.525, -30.09, 52.5), (-64.25, -30.09, 52.5), (-64.25, -30.09, 53.25), (-64.525, -29.88, 53.25), (-64.525, -30.09, 54), (-64.525, -29.88, 54), (-61.2, -28.22, 49.92), (-61.2, -28.22, 51.44), (-60.65, -28.64, 49.92), (-60.65, -28.43, 49.92), (-60.925, -28.22, 49.92), (-60.925, -28.43, 50.68), (-60.925, -28.22, 50.68), (-67.275, -27.99, 60), (-67, -27.99, 60), (-64.775, -25.49, 59.8), (-65.05, -25.28, 60.56), (-64.775, -25.28, 60.56), (-61.475, -28.01, 50.68), (-61.2, -28.01, 50.68), (-62.025, -27.59, 52.2), (-61.75, -27.8, 51.44), (-61.2, -28.01, 51.44), (-61.475, -27.8, 51.44), (-61.475, -28.01, 52.2), (-61.475, -27.8, 52.2), (-61.75, -27.59, 52.2), (-61.75, -27.8, 52.96), (-61.75, -27.59, 52.96), (-62.025, -27.59, 53.72), (-62.3, -27.38, 52.96), (-62.025, -27.38, 52.96), (-62.575, -27.17, 53.72), (-62.025, -27.38, 53.72), (-62.3, -27.17, 53.72), (-62.3, -27.38, 54.48), (-62.3, -27.17, 54.48), (-62.85, -26.96, 54.48), (-62.575, -26.96, 54.48), (-63.125, -26.75, 55.24), (-63.125, -26.75, 56.76), (-62.575, -27.17, 55.24), (-62.575, -26.96, 55.24), (-62.85, -26.75, 55.24), (-62.85, -26.96, 56), (-62.85, -26.75, 56), (-63.4, -26.54, 56), (-63.125, -26.54, 56), (-63.95, -26.12, 57.52), (-63.125, -26.54, 56.76), (-63.4, -26.54, 57.52), (-63.675, -26.33, 56.76), (-63.4, -26.33, 56.76), (-63.4, -26.33, 57.52), (-63.675, -26.12, 57.52), (-63.95, -26.12, 59.04), (-63.675, -26.33, 58.28), (-63.675, -26.12, 58.28), (-64.225, -25.91, 58.28), (-63.95, -25.91, 58.28), (-64.5, -25.7, 59.04), (-63.95, -25.91, 59.04), (-64.225, -25.7, 59.04), (-64.225, -25.91, 59.8), (-64.225, -25.7, 59.8), (-64.5, -25.7, 60.56), (-64.5, -25.49, 59.8), (-64.5, -25.49, 60.56), (-45, -45, -0.75), (-45.275, -44.79, 0), (-45, -44.79, 0), (-45, -45, 0.75), (-45, -44.79, 0.75), (-45.55, -44.58, 0.75), (-45.275, -44.58, 0.75), (-45.825, -44.37, 1.5), (-45.275, -44.79, 1.5), (-45, -44.79, 1.5), (-45.55, -44.37, 1.5), (-45.275, -44.58, 1.5), (-45, -44.58, 1.5), (-45.55, -44.58, 2.25), (-45.55, -44.37, 2.25), (-45, -44.58, 2.25), (-45, -44.37, 2.25), (-45.825, -44.37, 3), (-45, -44.37, 3), (-46.1, -44.16, 2.25), (-45.825, -44.16, 2.25), (-46.375, -43.95, 3), (-45.825, -44.16, 3), (-46.1, -43.95, 3), (-46.1, -44.16, 3.75), (-46.1, -43.95, 3.75), (-46.65, -43.74, 3.75), (-46.375, -43.74, 3.75), (-45, -44.16, 3), (-45, -44.16, 3.75), (-45, -43.95, 3.75), (-50.5, -40.8, 14.25), (-50.775, -40.59, 15), (-50.5, -40.59, 15), (-46.925, -43.53, 4.5), (-47.2, -43.32, 5.25), (-46.925, -43.32, 5.25), (-47.75, -42.9, 6.75), (-46.925, -43.53, 6), (-46.925, -43.32, 6), (-47.2, -43.32, 6.75), (-47.475, -43.11, 6), (-47.2, -43.11, 6), (-47.2, -43.11, 6.75), (-47.475, -42.9, 6.75), (-48.575, -42.27, 9), (-47.75, -42.9, 8.25), (-47.475, -43.11, 7.5), (-47.475, -42.9, 7.5), (-48.025, -42.69, 7.5), (-47.75, -42.69, 7.5), (-47.75, -42.69, 8.25), (-48.3, -42.48, 8.25), (-48.025, -42.48, 8.25), (-48.025, -42.69, 9), (-48.3, -42.27, 9), (-48.025, -42.48, 9), (-46.375, -43.95, 4.5), (-46.375, -43.74, 4.5), (-46.65, -43.74, 5.25), (-45, -43.95, 4.5), (-45, -43.74, 4.5), (-45, -43.74, 5.25), (-46.65, -43.53, 4.5), (-46.65, -43.53, 5.25), (-45, -43.53, 5.25), (-45, -43.53, 6), (-45, -43.32, 6), (-45, -43.32, 6.75), (-45, -43.11, 6.75), (-45, -43.11, 7.5), (-45, -42.9, 7.5), (-45, -42.9, 8.25), (-45, -42.69, 8.25), (-45, -42.69, 9), (-45, -42.48, 9), (-48.575, -42.27, 10.5), (-48.3, -42.48, 9.75), (-48.3, -42.27, 9.75), (-45, -42.48, 9.75), (-45, -42.27, 9.75), (-45, -42.27, 10.5), (-45.25, -40.4, 5.84), (-45, -40.4, 5.84), (-45.525, -40.19, 6.6), (-45.25, -40.19, 6.6), (-45.25, -40.4, 7.36), (-45, -40.4, 7.36), (-45.25, -40.19, 7.36), (-45, -40.19, 7.36), (-45.525, -40.19, 8.12), (-45, -40.19, 8.12), (-46.075, -39.77, 8.12), (-45.8, -39.98, 7.36), (-45.525, -39.98, 7.36), (-45.525, -39.98, 8.12), (-45.8, -39.77, 8.12), (-45, -39.98, 8.12), (-46.075, -39.77, 9.64), (-46.35, -39.56, 8.88), (-46.075, -39.56, 8.88), (-46.075, -39.56, 9.64), (-45.8, -39.98, 8.88), (-45.8, -39.77, 8.88), (-45, -39.98, 8.88), (-45, -39.77, 8.88), (-45, -39.77, 9.64), (-45, -39.56, 9.64), (-48.85, -42.06, 9.75), (-48.575, -42.06, 9.75), (-49.125, -41.85, 10.5), (-48.575, -42.06, 10.5), (-48.85, -41.85, 10.5), (-48.85, -42.06, 11.25), (-48.85, -41.85, 11.25), (-49.125, -41.85, 12), (-49.4, -41.64, 11.25), (-49.125, -41.64, 11.25), (-49.125, -41.64, 12), (-49.675, -41.43, 12), (-49.4, -41.43, 12), (-49.4, -41.64, 12.75), (-49.95, -41.22, 12.75), (-49.675, -41.22, 12.75), (-49.675, -41.43, 13.5), (-49.675, -41.22, 13.5), (-50.225, -41.01, 13.5), (-49.95, -41.01, 13.5), (-49.4, -41.43, 12.75), (-49.95, -41.22, 14.25), (-49.95, -41.01, 14.25), (-50.225, -40.8, 14.25), (-50.225, -41.01, 15), (-50.225, -40.8, 15), (-45, -42.06, 10.5), (-45, -42.06, 11.25), (-45, -41.85, 11.25), (-45, -41.85, 12), (-45, -41.64, 12), (-45, -41.64, 12.75), (-45, -41.43, 12.75), (-45, -41.43, 13.5), (-45, -41.22, 13.5), (-45, -41.22, 14.25), (-45, -41.01, 14.25), (-45, -41.01, 15), (-45, -40.8, 15), (-46.35, -39.56, 10.4), (-45, -39.56, 10.4), (-46.625, -39.35, 9.64), (-46.35, -39.35, 9.64), (-46.9, -39.14, 10.4), (-46.9, -39.14, 11.92), (-47.175, -38.93, 11.16), (-46.9, -38.93, 11.16), (-47.45, -38.72, 11.92), (-47.175, -38.72, 11.92), (-46.9, -38.93, 11.92), (-47.175, -38.93, 12.68), (-47.175, -38.72, 12.68), (-47.45, -38.72, 13.44), (-47.725, -38.51, 12.68), (-48, -38.3, 13.44), (-47.725, -38.3, 13.44), (-47.45, -38.51, 12.68), (-47.45, -38.51, 13.44), (-47.725, -38.51, 14.2), (-48.275, -38.09, 14.2), (-47.725, -38.3, 14.2), (-48, -38.09, 14.2), (-48, -38.3, 14.96), (-48, -38.09, 14.96), (-48.55, -37.88, 14.96), (-48.275, -37.88, 14.96), (-46.35, -39.35, 10.4), (-46.625, -39.14, 10.4), (-45, -39.35, 10.4), (-46.625, -39.35, 11.16), (-46.625, -39.14, 11.16), (-45, -39.35, 11.16), (-45, -39.14, 11.16), (-45, -39.14, 11.92), (-45, -38.93, 11.92), (-45, -38.93, 12.68), (-45, -38.72, 12.68), (-45, -38.72, 13.44), (-45, -38.51, 13.44), (-45, -38.51, 14.2), (-45, -38.3, 14.2), (-45, -38.3, 14.96), (-45, -38.09, 14.96), (-42.775, -42.29, -0.75), (-42.5, -42.5, -0.75), (-42.5, -42.5, -0.24), (-42.5, -42.29, -0.75), (-42.5, -42.29, -0.24), (-42.775, -42.29, 0), (-43.05, -42.08, -0.24), (-42.775, -42.08, -0.24), (-43.05, -42.08, 0), (-42.775, -42.08, 0), (-31.819805, -31.819805, -30), (-30.052038, -30.052038, -30), (-35.7009, -27.394264, -30), (-33.717518, -25.87236, -30), (-31.819805, -31.819805, 0), (-30.052038, -30.052038, 0), (-35.7009, -27.394264, 0), (-33.717518, -25.87236, 0), (-17.220755, -41.574577, -30), (-22.5, -38.97114, -30), (-27.394264, -35.7009, -30), (-21.25, -36.80608, -30), (-16.264046, -39.26488, -30), (-11.646857, -43.466663, -30), (-10.999809, -41.05185, -30), (-5.8736787, -44.615017, -30), (-5.5473633, -42.136406, -30), (-23.022627, -42.29, 0), (-15.113192, -42.29, -0.24), (-14.494552, -42.5, -0.75), (-14.494552, -42.5, -0.24), (-15.113192, -42.29, 0), (-17.220755, -41.574577, 0), (-15.39465, -39.56, 9.64), (-14.7760105, -39.77, 8.88), (-14.7760105, -39.77, 9.64), (-15.39465, -39.56, 10.4), (-22.5, -38.97114, 0), (-27.394264, -35.7009, 0), (-21.25, -36.80608, 0), (-16.264046, -39.26488, 0), (-18.220629, -38.3, 14.2), (-18.646467, -38.09, 14.96), (-18.220629, -38.3, 14.96), (-16.264046, -39.26488, 11.16), (-16.517279, -39.14, 11.16), (-16.517279, -39.14, 11.92), (-16.943115, -38.93, 11.92), (-16.01329, -39.35, 10.4), (-16.01329, -39.35, 11.16), (-17.368954, -38.72, 12.68), (-17.368954, -38.72, 13.44), (-16.943115, -38.93, 12.68), (-17.794792, -38.51, 13.44), (-17.794792, -38.51, 14.2), (-11.646857, -43.466663, -0.75), (-10.999809, -41.05185, 0), (-10.053904, -41.24, 3.56), (-8.998162, -41.45, 2.8), (-8.998162, -41.45, 3.56), (-7.942421, -41.66, 2.04), (-7.942421, -41.66, 2.8), (-5.8736787, -44.615017, -0.75), (-3.203981, -42.29, -0.24), (-3.203981, -42.29, 0), (-3.203981, -42.29, 0.52), (-5.5473633, -42.136406, 0), (-5.8309383, -42.08, 0.52), (-5.5473633, -42.136406, 0.52), (-6.8866796, -41.87, 1.28), (-6.8866796, -41.87, 2.04), (-5.8309383, -42.08, 1.28), (-11.682811, -40.82, 5.08), (-11.064171, -41.03, 4.32), (-10.999809, -41.05185, 4.32), (-11.064171, -41.03, 5.08), (-11.682811, -40.82, 5.84), (-12.920091, -40.4, 6.6), (-12.301451, -40.61, 5.84), (-12.301451, -40.61, 6.6), (-13.538731, -40.19, 7.36), (-13.538731, -40.19, 8.12), (-12.920091, -40.4, 7.36), (-14.157371, -39.98, 8.12), (-14.157371, -39.98, 8.88), (-10.053904, -41.24, 4.32), (-11.741729, -40.8, 15), (-11.123089, -41.01, 14.25), (-10.999809, -41.05185, 14.25), (-11.123089, -41.01, 15), (-8.042968, -41.64, 12), (-10.15445, -41.22, 13.5), (-9.098709, -41.43, 12.75), (-9.098709, -41.43, 13.5), (-10.15445, -41.22, 14.25), (-8.042968, -41.64, 12.75), (-0.30514103, -42.48, 9), (-3.509122, -42.27, 9.75), (-3.509122, -42.27, 10.5), (-0.30514103, -42.48, 9.75), (-5.931485, -42.06, 10.5), (-5.5473633, -42.136406, 10.5), (-6.9872265, -41.85, 11.25), (-6.9872265, -41.85, 12), (-5.931485, -42.06, 11.25), (-25.87236, -33.717518, -30), (-25.87236, -33.717518, 0), (-50.5, -40.8, 15.75), (-51.325, -40.17, 16.5), (-50.5, -40.59, 15.75), (-50.775, -40.59, 16.5), (-51.05, -40.38, 15.75), (-50.775, -40.38, 15.75), (-50.775, -40.38, 16.5), (-51.05, -40.17, 16.5), (-51.325, -40.17, 18), (-51.05, -40.38, 17.25), (-51.05, -40.17, 17.25), (-51.6, -39.96, 17.25), (-51.325, -39.96, 17.25), (-51.875, -39.75, 18), (-51.325, -39.96, 18), (-51.6, -39.75, 18), (-52.15, -39.54, 18.75), (-52.15, -39.54, 20.25), (-51.6, -39.96, 18.75), (-51.6, -39.75, 18.75), (-51.875, -39.75, 19.5), (-51.875, -39.54, 18.75), (-51.875, -39.54, 19.5), (-45, -45, 20), (-45, -40.8, 15.75), (-45, -40.59, 15.75), (-45, -40.59, 16.5), (-45, -40.38, 16.5), (-45, -40.38, 17.25), (-45, -40.17, 17.25), (-45, -40.17, 18), (-45, -39.96, 18), (-45, -39.96, 18.75), (-45, -39.75, 18.75), (-45, -39.75, 19.5), (-45, -39.54, 19.5), (-45, -39.54, 20), (-52.425, -39.33, 19.5), (-52.15, -39.33, 19.5), (-52.7, -39.12, 20.25), (-52.15, -39.33, 20.25), (-52.425, -39.12, 20.25), (-52.425, -39.33, 21), (-52.425, -39.12, 21), (-52.975, -38.91, 21), (-52.7, -38.91, 21), (-54.075, -38.07, 24), (-54.075, -38.07, 25.5), (-54.35, -37.86, 24.75), (-54.075, -37.86, 24.75), (-54.9, -37.44, 26.25), (-54.625, -37.65, 25.5), (-54.075, -37.86, 25.5), (-54.35, -37.65, 25.5), (-54.35, -37.86, 26.25), (-54.35, -37.65, 26.25), (-54.625, -37.44, 26.25), (-53.25, -38.7, 21.75), (-52.7, -39.12, 21.75), (-52.7, -38.91, 21.75), (-52.975, -38.7, 21.75), (-53.25, -38.7, 23.25), (-52.975, -38.91, 22.5), (-52.975, -38.7, 22.5), (-53.525, -38.49, 22.5), (-53.25, -38.49, 22.5), (-53.25, -38.49, 23.25), (-53.8, -38.28, 23.25), (-53.525, -38.28, 23.25), (-53.525, -38.49, 24), (-53.525, -38.28, 24), (-53.8, -38.07, 24), (-53.8, -38.28, 24.75), (-53.8, -38.07, 24.75), (-50.475, -36.41, 20.28), (-50.75, -36.2, 21.04), (-50.475, -36.2, 21.04), (-50.475, -36.41, 21.8), (-51.025, -35.99, 21.8), (-50.475, -36.2, 21.8), (-50.75, -35.99, 21.8), (-50.75, -36.2, 22.56), (-50.75, -35.99, 22.56), (-51.025, -35.99, 23.32), (-51.3, -35.78, 22.56), (-51.575, -35.57, 23.32), (-51.3, -35.57, 23.32), (-51.025, -35.78, 22.56), (-51.025, -35.78, 23.32), (-51.3, -35.78, 24.08), (-51.3, -35.57, 24.08), (-51.575, -35.57, 24.84), (-51.85, -35.36, 24.08), (-51.575, -35.36, 24.08), (-51.575, -35.36, 24.84), (-51.85, -35.36, 25.6), (-52.125, -35.15, 24.84), (-52.4, -34.94, 25.6), (-52.125, -34.94, 25.6), (-52.125, -35.15, 26.36), (-52.125, -34.94, 26.36), (-52.675, -34.73, 26.36), (-52.4, -34.73, 26.36), (-51.85, -35.15, 24.84), (-51.85, -35.15, 25.6), (-48.275, -38.09, 15.72), (-48.825, -37.67, 15.72), (-48.55, -37.67, 15.72), (-48.55, -37.88, 16.48), (-48.55, -37.67, 16.48), (-49.1, -37.46, 16.48), (-48.825, -37.46, 16.48), (-48.825, -37.67, 17.24), (-48.825, -37.46, 17.24), (-49.1, -37.46, 18), (-49.65, -37.04, 18), (-49.375, -37.25, 17.24), (-49.1, -37.25, 17.24), (-49.1, -37.25, 18), (-49.375, -37.04, 18), (-48.275, -37.88, 15.72), (-49.65, -37.04, 19.52), (-49.925, -36.83, 18.76), (-49.65, -36.83, 18.76), (-50.2, -36.62, 19.52), (-49.925, -36.62, 19.52), (-49.65, -36.83, 19.52), (-49.375, -37.25, 18.76), (-49.375, -37.04, 18.76), (-49.925, -36.83, 20.28), (-49.925, -36.62, 20.28), (-50.2, -36.62, 21.04), (-45, -38.09, 15.72), (-45, -37.88, 15.72), (-45, -37.88, 16.48), (-45, -37.67, 16.48), (-45, -37.67, 17.24), (-45, -37.46, 17.24), (-45, -37.46, 18), (-45, -37.25, 18), (-45, -37.25, 18.76), (-45, -37.04, 18.76), (-45, -37.04, 19.52), (-45, -36.83, 19.52), (-45, -36.83, 20), (-50.2, -36.41, 20.28), (-50.2, -36.41, 21.04), (-55.725, -36.81, 28.5), (-56, -36.6, 29.25), (-55.725, -36.6, 29.25), (-54.9, -37.44, 27.75), (-54.625, -37.65, 27), (-54.625, -37.44, 27), (-55.175, -37.23, 27), (-54.9, -37.23, 27), (-55.45, -37.02, 27.75), (-54.9, -37.23, 27.75), (-55.175, -37.02, 27.75), (-55.175, -37.23, 28.5), (-55.175, -37.02, 28.5), (-55.45, -37.02, 29.25), (-55.45, -36.81, 28.5), (-55.45, -36.81, 29.25), (-55.725, -36.81, 30), (-55.725, -36.6, 30), (-56, -36.6, 30.75), (-56.275, -36.39, 30), (-56, -36.39, 30), (-56, -36.39, 30.75), (-56.55, -36.18, 30.75), (-56.275, -36.18, 30.75), (-56.825, -35.97, 31.5), (-56.275, -36.39, 31.5), (-56.275, -36.18, 31.5), (-56.55, -35.97, 31.5), (-56.55, -36.18, 32.25), (-56.55, -35.97, 32.25), (-57.1, -35.76, 32.25), (-56.825, -35.76, 32.25), (-52.4, -34.94, 27.12), (-52.95, -34.52, 27.12), (-52.675, -34.52, 27.12), (-52.4, -34.73, 27.12), (-52.675, -34.73, 27.88), (-52.675, -34.52, 27.88), (-52.95, -34.52, 28.64), (-53.225, -34.31, 27.88), (-52.95, -34.31, 27.88), (-53.225, -34.31, 29.4), (-53.5, -34.1, 28.64), (-53.225, -34.1, 28.64), (-53.775, -33.89, 29.4), (-53.5, -33.89, 29.4), (-53.225, -34.1, 29.4), (-52.95, -34.31, 28.64), (-53.5, -34.1, 30.16), (-53.5, -33.89, 30.16), (-53.775, -33.89, 30.92), (-56.825, -35.97, 33), (-57.375, -35.55, 33), (-57.1, -35.55, 33), (-56.825, -35.76, 33), (-57.1, -35.76, 33.75), (-57.1, -35.55, 33.75), (-57.375, -35.34, 33.75), (-57.375, -35.55, 34.5), (-57.375, -35.34, 34.5), (-54.05, -33.68, 30.16), (-54.325, -33.47, 30.92), (-54.05, -33.47, 30.92), (-54.05, -33.68, 31.68), (-54.05, -33.47, 31.68), (-54.6, -33.26, 31.68), (-54.325, -33.26, 31.68), (-53.775, -33.68, 30.16), (-53.775, -33.68, 30.92), (-54.875, -33.05, 32.44), (-54.325, -33.47, 32.44), (-54.6, -33.05, 32.44), (-54.325, -33.26, 32.44), (-54.6, -33.26, 33.2), (-54.6, -33.05, 33.2), (-54.875, -33.05, 33.96), (-55.15, -32.84, 33.2), (-54.875, -32.84, 33.2), (-54.875, -32.84, 33.96), (-55.15, -32.84, 34.72), (-55.425, -32.63, 33.96), (-55.15, -32.63, 33.96), (-55.7, -32.42, 34.72), (-55.425, -32.42, 34.72), (-55.15, -32.63, 34.72), (-55.425, -32.63, 35.48), (-55.425, -32.42, 35.48), (-55.7, -32.42, 36.24), (-55.975, -32.21, 35.48), (-56.25, -32, 36.24), (-55.975, -32, 36.24), (-55.975, -32.21, 37), (-55.975, -32, 37), (-56.25, -32, 37.76), (-56.525, -31.79, 37), (-56.25, -31.79, 37), (-56.25, -31.79, 37.76), (-56.8, -31.58, 37.76), (-56.525, -31.58, 37.76), (-55.7, -32.21, 35.48), (-55.7, -32.21, 36.24), (-31.819805, -31.819805, 20), (-30.052038, -30.052038, 20), (-35.7009, -27.394264, 20), (-33.717518, -25.87236, 20), (-56.525, -31.79, 38.52), (-57.075, -31.37, 38.52), (-56.8, -31.37, 38.52), (-56.8, -31.58, 39.28), (-56.8, -31.37, 39.28), (-57.35, -31.16, 39.28), (-57.075, -31.16, 39.28), (-56.525, -31.58, 38.52), (-57.075, -31.37, 40.04), (-57.075, -31.16, 40.04), (-57.35, -30.95, 40.04), (-57.35, -31.16, 40.8), (-57.35, -30.95, 40.8), (-21.346472, -39.54, 20), (-17.220755, -41.574577, 20), (-15.453568, -39.54, 19.5), (-14.8349285, -39.75, 18.75), (-14.8349285, -39.75, 19.5), (-15.453568, -39.54, 20), (-25.704447, -36.83, 20), (-27.394264, -35.7009, 20), (-18.646467, -38.09, 15.72), (-19.92398, -37.46, 17.24), (-19.92398, -37.46, 18), (-20.34982, -37.25, 18), (-19.072306, -37.88, 15.72), (-19.498142, -37.67, 16.48), (-19.072306, -37.88, 16.48), (-19.498142, -37.67, 17.24), (-20.775656, -37.04, 18.76), (-20.775656, -37.04, 19.52), (-21.201494, -36.83, 19.52), (-20.34982, -37.25, 18.76), (-21.201494, -36.83, 20), (-21.25, -36.80608, 20), (-11.646857, -43.466663, 20), (-11.741729, -40.8, 15.75), (-10.999809, -41.05185, 20), (-12.979009, -40.38, 16.5), (-13.597649, -40.17, 17.25), (-13.597649, -40.17, 18), (-12.979009, -40.38, 17.25), (-14.216289, -39.96, 18), (-12.360369, -40.59, 15.75), (-12.360369, -40.59, 16.5), (-14.216289, -39.96, 18.75), (-5.8736787, -44.615017, 20), (-5.5473633, -42.136406, 20), (-25.87236, -33.717518, 20), (-43.466663, -11.646857, -30), (-38.97114, -22.5, -30), (-36.80608, -21.25, -30), (-41.574577, -17.220755, -30), (-39.26488, -16.264046, -30), (-43.466663, -11.646857, -0.75), (-38.97114, -22.5, 0), (-36.80608, -21.25, 0), (-41.574577, -17.220755, 0), (-39.26488, -16.264046, 0), (-42.775, -13.684428, -0.75), (-42.775, -13.684428, -0.24), (-43.05, -12.874304, -0.24), (-43.05, -12.874304, 0), (-44.615017, -5.8736787, -30), (-41.05185, -10.999809, -30), (-42.136406, -5.5473633, -30), (-44.615017, -5.8736787, -0.75), (-41.05185, -10.999809, 0), (-42.136406, -5.5473633, 0), (-43.466663, -11.646857, 20), (-38.97114, -22.5, 20), (-36.80608, -21.25, 20), (-41.574577, -17.220755, 20), (-39.26488, -16.264046, 20), (-44.615017, -5.8736787, 20), (-41.05185, -10.999809, 20), (-42.136406, -5.5473633, 20), (-71.95, -24.42, 72.75), (-72.225, -24.21, 73.5), (-71.95, -24.21, 73.5), (-71.95, -24.42, 74.25), (-72.5, -24, 74.25), (-71.95, -24.21, 74.25), (-72.225, -24, 74.25), (-72.225, -24.21, 75), (-72.225, -24, 75), (-72.5, -24, 75.75), (-72.775, -23.79, 75), (-73.05, -23.58, 75.75), (-72.775, -23.58, 75.75), (-72.5, -23.79, 75), (-72.5, -23.79, 75.75), (-72.775, -23.79, 76.5), (-72.775, -23.58, 76.5), (-73.05, -23.58, 77.25), (-73.325, -23.37, 76.5), (-73.05, -23.37, 76.5), (-73.05, -23.37, 77.25), (-73.6, -23.16, 77.25), (-73.325, -23.16, 77.25), (-73.875, -22.95, 78), (-74.15, -22.74, 78.75), (-73.875, -22.74, 78.75), (-73.875, -22.95, 79.5), (-74.425, -22.53, 79.5), (-74.15, -22.53, 79.5), (-73.875, -22.74, 79.5), (-74.15, -22.74, 80.25), (-74.15, -22.53, 80.25), (-73.325, -23.37, 78), (-73.325, -23.16, 78), (-73.6, -22.95, 78), (-73.6, -23.16, 78.75), (-73.6, -22.95, 78.75), (-74.425, -22.53, 81), (-67, -28.2, 60.75), (-68.375, -27.15, 63), (-68.375, -27.15, 64.5), (-68.65, -26.94, 63.75), (-68.375, -26.94, 63.75), (-68.925, -26.73, 64.5), (-68.375, -26.94, 64.5), (-68.65, -26.73, 64.5), (-68.65, -26.94, 65.25), (-68.65, -26.73, 65.25), (-68.925, -26.73, 66), (-69.2, -26.52, 65.25), (-69.475, -26.31, 66), (-69.2, -26.31, 66), (-68.925, -26.52, 65.25), (-68.925, -26.52, 66), (-67.55, -27.78, 60.75), (-67.825, -27.57, 61.5), (-67.55, -27.57, 61.5), (-67, -27.99, 60.75), (-67.275, -27.78, 60.75), (-67.275, -27.99, 61.5), (-67.275, -27.78, 61.5), (-67.55, -27.78, 62.25), (-67.55, -27.57, 62.25), (-67.825, -27.57, 63), (-68.1, -27.36, 62.25), (-67.825, -27.36, 62.25), (-68.1, -27.15, 63), (-67.825, -27.36, 63), (-68.1, -27.36, 63.75), (-68.1, -27.15, 63.75), (-64.775, -25.49, 61.32), (-70.3, -25.68, 68.25), (-70.575, -25.47, 69), (-70.3, -25.47, 69), (-69.2, -26.52, 66.75), (-69.75, -26.1, 66.75), (-69.2, -26.31, 66.75), (-69.475, -26.1, 66.75), (-69.475, -26.31, 67.5), (-69.475, -26.1, 67.5), (-69.75, -26.1, 68.25), (-70.025, -25.89, 67.5), (-69.75, -25.89, 67.5), (-69.75, -25.89, 68.25), (-70.025, -25.68, 68.25), (-70.025, -25.89, 69), (-70.025, -25.68, 69), (-70.3, -25.68, 69.75), (-70.3, -25.47, 69.75), (-70.575, -25.47, 70.5), (-65.6, -24.86, 62.08), (-65.325, -25.07, 61.32), (-64.775, -25.28, 61.32), (-65.05, -25.07, 61.32), (-65.05, -25.28, 62.08), (-65.05, -25.07, 62.08), (-65.325, -24.86, 62.08), (-65.875, -24.65, 62.84), (-65.6, -24.65, 62.84), (-65.325, -25.07, 62.84), (-65.325, -24.86, 62.84), (-66.7, -24.02, 65.12), (-65.6, -24.86, 63.6), (-65.6, -24.65, 63.6), (-65.875, -24.65, 64.36), (-66.15, -24.44, 63.6), (-65.875, -24.44, 63.6), (-65.875, -24.44, 64.36), (-66.425, -24.23, 64.36), (-66.15, -24.23, 64.36), (-66.15, -24.44, 65.12), (-66.15, -24.23, 65.12), (-66.425, -24.02, 65.12), (-66.425, -24.23, 65.88), (-66.425, -24.02, 65.88), (-66.975, -23.81, 65.88), (-66.7, -23.81, 65.88), (-71.125, -25.05, 70.5), (-70.85, -25.26, 69.75), (-70.575, -25.26, 69.75), (-70.575, -25.26, 70.5), (-70.85, -25.05, 70.5), (-71.125, -25.05, 72), (-71.4, -24.84, 71.25), (-71.125, -24.84, 71.25), (-71.675, -24.63, 72), (-71.125, -24.84, 72), (-71.4, -24.63, 72), (-70.85, -25.26, 71.25), (-70.85, -25.05, 71.25), (-68.35, -22.76, 69.68), (-68.625, -22.55, 70.44), (-68.35, -22.55, 70.44), (-68.35, -22.76, 71.2), (-68.35, -22.55, 71.2), (-68.625, -22.55, 71.96), (-66.7, -24.02, 66.64), (-67.525, -23.39, 67.4), (-67.25, -23.6, 66.64), (-66.975, -23.6, 66.64), (-66.7, -23.81, 66.64), (-66.975, -23.81, 67.4), (-66.975, -23.6, 67.4), (-67.25, -23.39, 67.4), (-67.525, -23.39, 68.92), (-67.25, -23.6, 68.16), (-67.25, -23.39, 68.16), (-67.8, -23.18, 68.16), (-67.525, -23.18, 68.16), (-68.075, -22.97, 68.92), (-67.525, -23.18, 68.92), (-67.8, -22.97, 68.92), (-67.8, -23.18, 69.68), (-67.8, -22.97, 69.68), (-68.075, -22.97, 70.44), (-68.075, -22.76, 69.68), (-68.075, -22.76, 70.44), (-71.4, -24.84, 72.75), (-71.4, -24.63, 72.75), (-71.675, -24.63, 73.5), (-71.675, -24.42, 72.75), (-71.675, -24.42, 73.5), (-75.525, -21.69, 82.5), (-75.8, -21.48, 83.25), (-75.525, -21.48, 83.25), (-74.7, -22.32, 80.25), (-74.425, -22.32, 80.25), (-74.7, -22.32, 81.75), (-74.975, -22.11, 81), (-74.7, -22.11, 81), (-75.25, -21.9, 81.75), (-74.7, -22.11, 81.75), (-74.975, -21.9, 81.75), (-74.425, -22.32, 81), (-74.975, -22.11, 82.5), (-74.975, -21.9, 82.5), (-75.25, -21.9, 83.25), (-75.25, -21.69, 82.5), (-75.25, -21.69, 83.25), (-71.925, -20.03, 79.56), (-72.2, -19.82, 80.32), (-71.925, -19.82, 80.32), (-71.925, -20.03, 81.08), (-71.925, -19.82, 81.08), (-72.2, -19.82, 81.84), (-72.475, -19.61, 81.08), (-72.2, -19.61, 81.08), (-72.75, -19.4, 81.84), (-72.475, -19.4, 81.84), (-72.2, -19.61, 81.84), (-73.025, -19.19, 82.6), (-72.475, -19.61, 82.6), (-72.475, -19.4, 82.6), (-72.75, -19.4, 83.36), (-72.75, -19.19, 82.6), (-72.75, -19.19, 83.36), (-73.3, -18.98, 83.36), (-73.025, -18.98, 83.36), (-68.9, -22.34, 71.2), (-68.625, -22.34, 71.2), (-68.625, -22.34, 71.96), (-69.175, -22.13, 71.96), (-68.9, -22.13, 71.96), (-69.45, -21.92, 72.72), (-68.9, -22.34, 72.72), (-68.9, -22.13, 72.72), (-69.175, -21.92, 72.72), (-69.175, -22.13, 73.48), (-69.175, -21.92, 73.48), (-69.45, -21.92, 74.24), (-69.725, -21.71, 73.48), (-69.45, -21.71, 73.48), (-70, -21.5, 74.24), (-69.725, -21.5, 74.24), (-69.45, -21.71, 74.24), (-70.275, -21.29, 75), (-70.275, -21.29, 76.52), (-69.725, -21.71, 75), (-69.725, -21.5, 75), (-70, -21.5, 75.76), (-70, -21.29, 75), (-70, -21.29, 75.76), (-70.55, -21.08, 75.76), (-70.275, -21.08, 75.76), (-71.1, -20.66, 77.28), (-70.825, -20.87, 76.52), (-70.55, -20.87, 76.52), (-70.275, -21.08, 76.52), (-70.55, -21.08, 77.28), (-70.55, -20.87, 77.28), (-70.825, -20.66, 77.28), (-71.375, -20.45, 78.04), (-71.1, -20.45, 78.04), (-71.1, -20.66, 78.8), (-71.1, -20.45, 78.8), (-70.825, -20.87, 78.04), (-70.825, -20.66, 78.04), (-71.375, -20.45, 79.56), (-71.65, -20.24, 78.8), (-71.375, -20.24, 78.8), (-71.375, -20.24, 79.56), (-71.65, -20.24, 80.32), (-71.65, -20.03, 79.56), (-71.65, -20.03, 80.32), (-79.1, -18.96, 92.25), (-79.375, -18.75, 93), (-79.1, -18.75, 93), (-79.1, -18.96, 93.75), (-79.1, -18.75, 93.75), (-79.375, -18.75, 94.5), (-79.65, -18.54, 93.75), (-79.375, -18.54, 93.75), (-79.925, -18.33, 94.5), (-79.65, -18.33, 94.5), (-79.375, -18.54, 94.5), (-75.525, -21.69, 84), (-75.525, -21.48, 84), (-75.8, -21.48, 84.75), (-76.075, -21.27, 84), (-75.8, -21.27, 84), (-75.8, -21.27, 84.75), (-76.075, -21.27, 85.5), (-76.35, -21.06, 84.75), (-76.075, -21.06, 84.75), (-76.625, -20.85, 85.5), (-76.9, -20.64, 86.25), (-76.625, -20.64, 86.25), (-76.075, -21.06, 85.5), (-76.35, -20.85, 85.5), (-76.35, -21.06, 86.25), (-76.35, -20.85, 86.25), (-77.45, -20.22, 87.75), (-77.725, -20.01, 88.5), (-77.45, -20.01, 88.5), (-76.625, -20.85, 87), (-77.175, -20.43, 87), (-76.9, -20.43, 87), (-76.625, -20.64, 87), (-76.9, -20.64, 87.75), (-76.9, -20.43, 87.75), (-77.175, -20.43, 88.5), (-77.175, -20.22, 87.75), (-77.175, -20.22, 88.5), (-77.45, -20.22, 89.25), (-78, -19.8, 89.25), (-77.725, -19.8, 89.25), (-77.45, -20.01, 89.25), (-77.725, -20.01, 90), (-77.725, -19.8, 90), (-78, -19.8, 90.75), (-73.85, -18.56, 84.88), (-74.125, -18.35, 85.64), (-73.85, -18.35, 85.64), (-73.025, -19.19, 84.12), (-73.575, -18.77, 84.12), (-73.3, -18.77, 84.12), (-73.025, -18.98, 84.12), (-73.3, -18.98, 84.88), (-73.3, -18.77, 84.88), (-73.575, -18.77, 85.64), (-73.575, -18.56, 84.88), (-73.575, -18.56, 85.64), (-73.85, -18.56, 86.4), (-73.85, -18.35, 86.4), (-74.125, -18.35, 87.16), (-74.675, -17.93, 87.16), (-74.4, -18.14, 86.4), (-74.125, -18.14, 86.4), (-74.125, -18.14, 87.16), (-74.4, -17.93, 87.16), (-74.675, -17.93, 88.68), (-74.95, -17.72, 87.92), (-74.675, -17.72, 87.92), (-74.675, -17.72, 88.68), (-74.4, -18.14, 87.92), (-74.4, -17.93, 87.92), (-75.225, -17.51, 88.68), (-74.95, -17.51, 88.68), (-78.275, -19.59, 90), (-78, -19.59, 90), (-78.55, -19.38, 90.75), (-78.275, -19.38, 90.75), (-78.275, -19.59, 91.5), (-78.275, -19.38, 91.5), (-78.825, -19.17, 91.5), (-78.55, -19.17, 91.5), (-78, -19.59, 90.75), (-78.55, -19.38, 92.25), (-78.55, -19.17, 92.25), (-78.825, -19.17, 93), (-78.825, -18.96, 92.25), (-78.825, -18.96, 93), (-75.5, -17.3, 89.44), (-75.775, -17.09, 90.2), (-75.5, -17.09, 90.2), (-75.5, -17.3, 90.96), (-76.05, -16.88, 90.96), (-75.5, -17.09, 90.96), (-75.775, -16.88, 90.96), (-75.775, -17.09, 91.72), (-75.775, -16.88, 91.72), (-76.05, -16.88, 92.48), (-74.95, -17.72, 89.44), (-75.225, -17.3, 89.44), (-74.95, -17.51, 89.44), (-75.225, -17.51, 90.2), (-75.225, -17.3, 90.2), (-79.65, -18.54, 95.25), (-79.65, -18.33, 95.25), (-79.925, -18.33, 96), (-81.025, -17.49, 97.5), (-80.2, -18.12, 95.25), (-80.475, -17.91, 96), (-80.2, -17.91, 96), (-79.925, -18.12, 95.25), (-79.925, -18.12, 96), (-80.2, -18.12, 96.75), (-80.75, -17.7, 96.75), (-80.475, -17.7, 96.75), (-80.2, -17.91, 96.75), (-80.475, -17.91, 97.5), (-80.475, -17.7, 97.5), (-80.75, -17.49, 97.5), (-81.3, -17.28, 98.25), (-81.025, -17.28, 98.25), (-81.025, -17.49, 99), (-81.025, -17.28, 99), (-81.575, -17.07, 99), (-81.3, -17.07, 99), (-81.3, -17.28, 99.75), (-81.3, -17.07, 99.75), (-80.75, -17.7, 98.25), (-80.75, -17.49, 98.25), (-81.575, -17.07, 100.5), (-76.325, -16.67, 91.72), (-76.05, -16.67, 91.72), (-77.425, -15.83, 94.76), (-76.6, -16.46, 92.48), (-76.875, -16.25, 93.24), (-76.6, -16.25, 93.24), (-76.05, -16.67, 92.48), (-76.325, -16.67, 93.24), (-76.325, -16.46, 92.48), (-76.325, -16.46, 93.24), (-76.6, -16.46, 94), (-76.6, -16.25, 94), (-76.875, -16.25, 94.76), (-77.15, -16.04, 94), (-76.875, -16.04, 94), (-76.875, -16.04, 94.76), (-77.15, -15.83, 94.76), (-81.85, -16.86, 99.75), (-81.575, -16.86, 99.75), (-79.075, -14.57, 99.32), (-79.35, -14.36, 100.08), (-79.075, -14.36, 100.08), (-82.675, -16.23, 102), (-82.95, -16.02, 102.75), (-82.675, -16.02, 102.75), (-82.675, -16.23, 103.5), (-82.675, -16.02, 103.5), (-82.95, -16.02, 104.25), (-83.225, -15.81, 103.5), (-82.95, -15.81, 103.5), (-83.5, -15.6, 104.25), (-83.225, -15.6, 104.25), (-82.95, -15.81, 104.25), (-83.225, -15.81, 105), (-83.225, -15.6, 105), (-83.5, -15.6, 105.75), (-83.775, -15.39, 105), (-84.05, -15.18, 105.75), (-83.775, -15.18, 105.75), (-83.5, -15.39, 105), (-83.5, -15.39, 105.75), (-82.125, -16.65, 100.5), (-81.85, -16.65, 100.5), (-81.85, -16.86, 101.25), (-81.85, -16.65, 101.25), (-82.4, -16.44, 101.25), (-82.125, -16.44, 101.25), (-81.575, -16.86, 100.5), (-82.125, -16.65, 102), (-82.4, -16.23, 102), (-82.125, -16.44, 102), (-82.4, -16.44, 102.75), (-82.4, -16.23, 102.75), (-79.075, -14.57, 100.84), (-79.625, -14.15, 100.84), (-79.075, -14.36, 100.84), (-79.35, -14.15, 100.84), (-79.35, -14.36, 101.6), (-79.35, -14.15, 101.6), (-79.625, -14.15, 102.36), (-79.9, -13.94, 101.6), (-79.625, -13.94, 101.6), (-80.175, -13.73, 102.36), (-80.45, -13.52, 103.12), (-80.175, -13.52, 103.12), (-79.625, -13.94, 102.36), (-79.9, -13.73, 102.36), (-79.9, -13.94, 103.12), (-79.9, -13.73, 103.12), (-81, -13.1, 104.64), (-81.275, -12.89, 105.4), (-81, -12.89, 105.4), (-80.175, -13.73, 103.88), (-80.175, -13.52, 103.88), (-80.45, -13.52, 104.64), (-80.725, -13.31, 103.88), (-80.45, -13.31, 103.88), (-80.45, -13.31, 104.64), (-80.725, -13.1, 104.64), (-80.725, -13.31, 105.4), (-80.725, -13.1, 105.4), (-77.7, -15.62, 95.52), (-77.425, -15.62, 95.52), (-77.425, -15.83, 96.28), (-77.425, -15.62, 96.28), (-77.7, -15.62, 97.04), (-77.15, -16.04, 95.52), (-77.15, -15.83, 95.52), (-78.25, -15.2, 97.04), (-77.975, -15.41, 96.28), (-77.7, -15.41, 96.28), (-77.975, -15.2, 97.04), (-77.7, -15.41, 97.04), (-78.25, -15.2, 98.56), (-78.525, -14.99, 97.8), (-78.25, -14.99, 97.8), (-78.8, -14.78, 98.56), (-78.25, -14.99, 98.56), (-78.525, -14.78, 98.56), (-77.975, -15.41, 97.8), (-77.975, -15.2, 97.8), (-78.525, -14.99, 99.32), (-78.525, -14.78, 99.32), (-78.8, -14.78, 100.08), (-78.8, -14.57, 99.32), (-78.8, -14.57, 100.08), (-86.525, -13.29, 112.5), (-86.8, -13.08, 113.25), (-86.525, -13.08, 113.25), (-86.525, -13.29, 114), (-86.525, -13.08, 114), (-87.075, -12.87, 114), (-86.8, -12.87, 114), (-87.35, -12.66, 114.75), (-86.8, -13.08, 114.75), (-86.8, -12.87, 114.75), (-87.075, -12.66, 114.75), (-87.075, -12.87, 115.5), (-87.075, -12.66, 115.5), (-87.35, -12.66, 116.25), (-88.175, -12.03, 117), (-87.625, -12.45, 115.5), (-87.35, -12.45, 115.5), (-87.35, -12.45, 116.25), (-87.625, -12.45, 117), (-87.9, -12.24, 116.25), (-87.625, -12.24, 116.25), (-87.625, -12.24, 117), (-87.9, -12.03, 117), (-94.2, -12.72, 125), (-96.8, -13.38, 128), (-95.933334, -13.16, 127), (-95.933334, -13.16, 128), (-95.066666, -12.94, 126), (-95.066666, -12.94, 127), (-94.2, -12.72, 126), (-89.86667, -11.62, 120), (-92.46667, -12.28, 123), (-91.6, -12.06, 122), (-91.6, -12.06, 123), (-90.73333, -11.84, 121), (-89.86667, -11.62, 121), (-90.73333, -11.84, 122), (-88.175, -12.03, 118.5), (-88.45, -11.82, 117.75), (-88.175, -11.82, 117.75), (-88.725, -11.61, 118.5), (-88.175, -11.82, 118.5), (-88.45, -11.61, 118.5), (-89, -11.4, 119), (-89, -11.4, 119.25), (-89, -11.4, 120), (-88.45, -11.82, 119.25), (-88.45, -11.61, 119.25), (-88.725, -11.61, 120), (-88.725, -11.4, 119), (-88.725, -11.4, 119.25), (-88.725, -11.4, 120), (-87.9, -12.24, 117.75), (-87.9, -12.03, 117.75), (-93.333336, -12.5, 124), (-92.46667, -12.28, 124), (-93.333336, -12.5, 125), (-111.53333, -17.12, 145), (-110.666664, -16.9, 144), (-110.666664, -16.9, 145), (-115, -18, 148.5), (-114.13333, -17.78, 148), (-114.13333, -17.78, 148.5), (-113.26667, -17.56, 147), (-113.26667, -17.56, 148), (-112.4, -17.34, 146), (-112.4, -17.34, 147), (-111.53333, -17.12, 146), (-115, -18, 149), (-115, -18, 151), (-115, -18, 151.5), (-101.13333, -14.48, 133), (-102, -14.7, 134), (-101.13333, -14.48, 134), (-107.2, -16.02, 140), (-106.333336, -15.8, 139), (-106.333336, -15.8, 140), (-105.46667, -15.58, 138), (-105.46667, -15.58, 139), (-104.6, -15.36, 137), (-104.6, -15.36, 138), (-102.86667, -14.92, 135), (-103.73333, -15.14, 136), (-103.73333, -15.14, 137), (-102.86667, -14.92, 136), (-102, -14.7, 135), (-108.066666, -16.24, 141), (-108.933334, -16.46, 142), (-108.066666, -16.24, 142), (-109.8, -16.68, 143), (-109.8, -16.68, 144), (-108.933334, -16.46, 143), (-107.2, -16.02, 141), (-100.26667, -14.26, 132), (-100.26667, -14.26, 133), (-99.4, -14.04, 131), (-98.53333, -13.82, 130), (-97.666664, -13.6, 129), (-97.666664, -13.6, 130), (-98.53333, -13.82, 131), (-99.4, -14.04, 132), (-96.8, -13.38, 129), (-94.2, -0.5, 125), (-95.933334, -0.5, 127), (-96.8, -0.5, 128), (-95.933334, -0.5, 128), (-95.066666, -0.5, 126), (-95.066666, -0.5, 127), (-94.2, -0.5, 126), (-89.86667, -0.5, 120), (-92.46667, -0.5, 123), (-90.73333, -0.5, 121), (-89.86667, -0.5, 121), (-91.6, -0.5, 122), (-91.6, -0.5, 123), (-90.73333, -0.5, 122), (-90.1, -0.5, 122.25), (-90.375, -0.5, 123), (-90.1, -0.5, 123), (-89, -0.5, 119), (-89, -0.5, 119.25), (-89.275, -0.5, 120), (-89, -0.5, 120), (-88.725, -0.5, 119), (-88.725, -0.5, 119.25), (-86.5, -0.5, 119.84), (-89.55, -0.5, 120.75), (-89.275, -0.5, 120.75), (-89.825, -0.5, 121.5), (-89.55, -0.5, 121.5), (-89.825, -0.5, 122.25), (-86.775, -0.5, 120.6), (-86.5, -0.5, 120.6), (-87.05, -0.5, 121.36), (-86.775, -0.5, 121.36), (-87.325, -0.5, 122.12), (-87.6, -0.5, 122.88), (-87.325, -0.5, 122.88), (-87.05, -0.5, 122.12), (-93.333336, -0.5, 124), (-92.46667, -0.5, 124), (-93.333336, -0.5, 125), (-90.925, -0.5, 124.5), (-90.65, -0.5, 123.75), (-90.375, -0.5, 123.75), (-90.65, -0.5, 124.5), (-91.2, -0.5, 125.25), (-90.925, -0.5, 125.25), (-91.75, -0.5, 126.75), (-92.025, -0.5, 127.5), (-91.75, -0.5, 127.5), (-92.3, -0.5, 128.25), (-92.025, -0.5, 128.25), (-91.475, -0.5, 126), (-91.2, -0.5, 126), (-91.475, -0.5, 126.75), (-88.15, -0.5, 124.4), (-88.425, -0.5, 125.16), (-88.15, -0.5, 125.16), (-88.7, -0.5, 125.92), (-88.425, -0.5, 125.92), (-87.875, -0.5, 123.64), (-87.6, -0.5, 123.64), (-87.875, -0.5, 124.4), (-88.975, -0.5, 126.68), (-88.7, -0.5, 126.68), (-89.25, -0.5, 127.44), (-88.975, -0.5, 127.44), (-89.525, -0.5, 128.2), (-89.25, -0.5, 128.2), (-97.5, -0.5, 129), (-96.8, -0.5, 129), (-93.675, -0.5, 132), (-93.95, -0.5, 132.75), (-93.675, -0.5, 132.75), (-94.5, -0.5, 134.25), (-94.225, -0.5, 133.5), (-93.95, -0.5, 133.5), (-94.225, -0.5, 134.25), (-95.325, -0.5, 136.5), (-95.6, -0.5, 137.25), (-95.325, -0.5, 137.25), (-94.775, -0.5, 135), (-94.5, -0.5, 135), (-95.05, -0.5, 135.75), (-94.775, -0.5, 135.75), (-95.05, -0.5, 136.5), (-95.875, -0.5, 138), (-95.6, -0.5, 138), (-96.15, -0.5, 138.75), (-96.425, -0.5, 139.5), (-96.15, -0.5, 139.5), (-95.875, -0.5, 138.75), (-93.65, -0.5, 139.6), (-92.575, -0.5, 129), (-92.85, -0.5, 129.75), (-92.575, -0.5, 129.75), (-92.3, -0.5, 129), (-93.125, -0.5, 130.5), (-92.85, -0.5, 130.5), (-93.4, -0.5, 131.25), (-93.125, -0.5, 131.25), (-90.075, -0.5, 129.72), (-90.35, -0.5, 130.48), (-90.075, -0.5, 130.48), (-90.625, -0.5, 131.24), (-90.35, -0.5, 131.24), (-93.4, -0.5, 132), (-91.725, -0.5, 134.28), (-90.9, -0.5, 132), (-91.175, -0.5, 132.76), (-90.9, -0.5, 132.76), (-90.625, -0.5, 132), (-91.45, -0.5, 133.52), (-91.175, -0.5, 133.52), (-91.45, -0.5, 134.28), (-89.8, -0.5, 128.96), (-89.525, -0.5, 128.96), (-89.8, -0.5, 129.72), (-92, -0.5, 135.04), (-91.725, -0.5, 135.04), (-92.275, -0.5, 135.8), (-92, -0.5, 135.8), (-92.55, -0.5, 136.56), (-92.825, -0.5, 137.32), (-92.55, -0.5, 137.32), (-92.275, -0.5, 136.56), (-93.1, -0.5, 138.08), (-92.825, -0.5, 138.08), (-93.375, -0.5, 138.84), (-93.1, -0.5, 138.84), (-93.375, -0.5, 139.6), (-100, -3, 151), (-100, -3, 151.5), (-97.25, -0.5, 141.75), (-97.5, -0.5, 142.5), (-97.25, -0.5, 142.5), (-96.7, -0.5, 140.25), (-96.425, -0.5, 140.25), (-96.975, -0.5, 141), (-96.7, -0.5, 141), (-96.975, -0.5, 141.75), (-93.925, -0.5, 140.36), (-93.65, -0.5, 140.36), (-94.2, -0.5, 141.12), (-93.925, -0.5, 141.12), (-94.475, -0.5, 141.88), (-94.75, -0.5, 142.64), (-94.475, -0.5, 142.64), (-94.2, -0.5, 141.88), (-95.3, -0.5, 144.16), (-95.575, -0.5, 144.92), (-95.3, -0.5, 144.92), (-95.85, -0.5, 145.68), (-95.575, -0.5, 145.68), (-95.025, -0.5, 143.4), (-94.75, -0.5, 143.4), (-95.025, -0.5, 144.16), (-97.225, -0.5, 149.48), (-97.5, -0.5, 150.24), (-97.5, -0.5, 150.75), (-97.225, -0.5, 150.24), (-97.5, -0.5, 151), (-96.4, -0.5, 147.2), (-96.125, -0.5, 146.44), (-95.85, -0.5, 146.44), (-96.125, -0.5, 147.2), (-96.675, -0.5, 147.96), (-96.4, -0.5, 147.96), (-96.95, -0.5, 148.72), (-96.675, -0.5, 148.72), (-96.95, -0.5, 149.48), (-84.6, -14.76, 107.25), (-84.875, -14.55, 108), (-84.6, -14.55, 108), (-84.6, -14.76, 108.75), (-84.6, -14.55, 108.75), (-85.15, -14.34, 108.75), (-84.875, -14.34, 108.75), (-83.775, -15.39, 106.5), (-83.775, -15.18, 106.5), (-84.05, -15.18, 107.25), (-84.325, -14.97, 106.5), (-84.05, -14.97, 106.5), (-84.05, -14.97, 107.25), (-84.325, -14.97, 108), (-84.325, -14.76, 107.25), (-84.325, -14.76, 108), (-85.425, -14.13, 109.5), (-84.875, -14.55, 109.5), (-85.15, -14.13, 109.5), (-84.875, -14.34, 109.5), (-85.15, -14.34, 110.25), (-85.15, -14.13, 110.25), (-85.425, -14.13, 111), (-85.7, -13.92, 110.25), (-85.425, -13.92, 110.25), (-85.425, -13.92, 111), (-85.7, -13.92, 111.75), (-85.975, -13.71, 111), (-85.7, -13.71, 111), (-86.25, -13.5, 111.75), (-85.975, -13.5, 111.75), (-85.7, -13.71, 111.75), (-82.925, -11.63, 109.96), (-82.925, -11.63, 111.48), (-83.2, -11.42, 110.72), (-82.925, -11.42, 110.72), (-82.925, -11.42, 111.48), (-81, -13.1, 106.16), (-81.55, -12.68, 106.16), (-81, -12.89, 106.16), (-81.275, -12.68, 106.16), (-81.275, -12.89, 106.92), (-81.275, -12.68, 106.92), (-81.55, -12.68, 107.68), (-81.825, -12.47, 106.92), (-81.55, -12.47, 106.92), (-81.825, -12.47, 108.44), (-82.1, -12.26, 107.68), (-81.825, -12.26, 107.68), (-82.375, -12.05, 108.44), (-81.825, -12.26, 108.44), (-82.1, -12.05, 108.44), (-81.55, -12.47, 107.68), (-82.1, -12.26, 109.2), (-82.1, -12.05, 109.2), (-82.375, -12.05, 109.96), (-82.65, -11.84, 109.2), (-82.375, -11.84, 109.2), (-82.375, -11.84, 109.96), (-82.65, -11.63, 109.96), (-82.65, -11.84, 110.72), (-82.65, -11.63, 110.72), (-85.975, -13.71, 112.5), (-85.975, -13.5, 112.5), (-86.25, -13.5, 113.25), (-86.25, -13.29, 112.5), (-86.25, -13.29, 113.25), (-83.2, -11.42, 112.24), (-61.590992, -12.09099, 151), (-61.590992, -12.09099, 151.5), (-62.078728, -11.361037, 151), (-62.078728, -11.361037, 151.5), (-60, -12.75, 151), (-60, -12.75, 151.5), (-60.86104, -12.578729, 151), (-60.86104, -12.578729, 151.5), (-59.13896, -12.578729, 151), (-59.13896, -12.578729, 151.5), (-58.409008, -12.09099, 151), (-58.409008, -12.09099, 151.5), (-57.921272, -11.361037, 151), (-57.921272, -11.361037, 151.5), (-83.475, -11.21, 111.48), (-83.2, -11.21, 111.48), (-84.575, -10.37, 114.52), (-83.75, -11, 112.24), (-84.025, -10.79, 113), (-83.75, -10.79, 113), (-83.2, -11.21, 112.24), (-83.475, -11, 112.24), (-83.475, -11.21, 113), (-83.475, -11, 113), (-83.75, -11, 113.76), (-84.3, -10.58, 113.76), (-84.025, -10.58, 113.76), (-83.75, -10.79, 113.76), (-84.025, -10.79, 114.52), (-84.025, -10.58, 114.52), (-84.3, -10.37, 114.52), (-84.575, -10.37, 116.04), (-84.85, -10.16, 115.28), (-84.575, -10.16, 115.28), (-85.125, -9.95, 116.04), (-84.575, -10.16, 116.04), (-84.85, -9.95, 116.04), (-84.85, -10.16, 116.8), (-84.85, -9.95, 116.8), (-84.3, -10.58, 115.28), (-84.3, -10.37, 115.28), (-85.4, -9.74, 116.8), (-85.125, -9.74, 116.8), (-85.125, -9.95, 117.56), (-85.675, -9.53, 117.56), (-85.4, -9.53, 117.56), (-85.4, -9.74, 118.32), (-85.4, -9.53, 118.32), (-85.95, -9.32, 118.32), (-85.675, -9.32, 118.32), (-85.125, -9.74, 117.56), (-85.675, -9.53, 119), (-85.95, -9.32, 119), (-85.675, -9.32, 119), (-86.225, -0.5, 119.08), (-85.95, -0.5, 119), (-85.95, -0.5, 119.08), (-86.225, -0.5, 119.84), (-78, -0.5, 151), (-62.25, -10.5, 151), (-62.25, -10.5, 151.5), (-62.078728, -9.638963, 151), (-62.078728, -9.638963, 151.5), (-61.590992, -8.90901, 151), (-61.590992, -8.90901, 151.5), (-57.75, -10.5, 151), (-57.75, -10.5, 151.5), (-57.921272, -9.638963, 151), (-57.921272, -9.638963, 151.5), (-58.409008, -8.90901, 151), (-58.409008, -8.90901, 151.5), (-60.86104, -8.421271, 151), (-60.86104, -8.421271, 151.5), (-60, -8.25, 151), (-60, -8.25, 151.5), (-59.13896, -8.421271, 151), (-59.13896, -8.421271, 151.5), (-60, -3, 151.5), (-21.59099, -12.09099, 151), (-21.59099, -12.09099, 151.5), (-22.07873, -11.361037, 151), (-22.07873, -11.361037, 151.5), (-20, -12.75, 151), (-20, -12.75, 151.5), (-20.861038, -12.578729, 151), (-20.861038, -12.578729, 151.5), (-19.138962, -12.578729, 151), (-19.138962, -12.578729, 151.5), (-18.40901, -12.09099, 151), (-18.40901, -12.09099, 151.5), (-17.92127, -11.361037, 151), (-17.92127, -11.361037, 151.5), (-22.25, -10.5, 151), (-22.25, -10.5, 151.5), (-22.07873, -9.638963, 151), (-22.07873, -9.638963, 151.5), (-21.59099, -8.90901, 151), (-21.59099, -8.90901, 151.5), (-18.40901, -8.90901, 151), (-18.40901, -8.90901, 151.5), (-17.75, -10.5, 151), (-17.75, -10.5, 151.5), (-17.92127, -9.638963, 151), (-17.92127, -9.638963, 151.5), (-20.861038, -8.421271, 151), (-20.861038, -8.421271, 151.5), (-20, -8.25, 151), (-20, -8.25, 151.5), (-19.138962, -8.421271, 151), (-19.138962, -8.421271, 151.5), (-65.05, 25.28, 60.56), (-64.775, 25.28, 60.56), (-64.775, 25.49, 59.8), (-67.275, 27.99, 60), (-67, 27.99, 60), (-61.475, 28.01, 50.68), (-61.2, 28.01, 50.68), (-62.025, 27.59, 52.2), (-61.75, 27.59, 52.2), (-61.75, 27.8, 51.44), (-61.475, 27.8, 51.44), (-61.2, 28.01, 51.44), (-61.475, 27.8, 52.2), (-61.475, 28.01, 52.2), (-62.3, 27.38, 52.96), (-62.025, 27.38, 52.96), (-62.85, 26.96, 54.48), (-62.575, 26.96, 54.48), (-62.575, 27.17, 53.72), (-62.3, 27.17, 53.72), (-62.025, 27.38, 53.72), (-62.3, 27.17, 54.48), (-62.3, 27.38, 54.48), (-61.75, 27.59, 52.96), (-61.75, 27.8, 52.96), (-62.025, 27.59, 53.72), (-63.4, 26.54, 56), (-63.125, 26.54, 56), (-63.95, 26.12, 57.52), (-63.675, 26.33, 56.76), (-63.4, 26.33, 56.76), (-63.675, 26.12, 57.52), (-63.4, 26.33, 57.52), (-63.125, 26.54, 56.76), (-63.4, 26.54, 57.52), (-64.225, 25.91, 58.28), (-63.95, 25.91, 58.28), (-64.5, 25.7, 59.04), (-64.225, 25.7, 59.04), (-63.95, 25.91, 59.04), (-64.5, 25.49, 59.8), (-64.5, 25.49, 60.56), (-64.225, 25.7, 59.8), (-64.225, 25.91, 59.8), (-64.5, 25.7, 60.56), (-63.95, 26.12, 59.04), (-63.675, 26.12, 58.28), (-63.675, 26.33, 58.28), (-63.125, 26.75, 55.24), (-63.125, 26.75, 56.76), (-62.85, 26.75, 55.24), (-62.575, 26.96, 55.24), (-62.85, 26.75, 56), (-62.85, 26.96, 56), (-62.575, 27.17, 55.24), (-57.9, 30.74, 40.8), (-57.625, 30.74, 40.8), (-58.725, 30.11, 43.08), (-58.45, 30.11, 43.08), (-58.175, 30.53, 41.56), (-57.9, 30.53, 41.56), (-57.625, 30.74, 41.56), (-58.45, 30.32, 42.32), (-58.175, 30.32, 42.32), (-57.9, 30.53, 42.32), (-58.175, 30.32, 43.08), (-58.175, 30.53, 43.08), (-57.9, 30.74, 42.32), (-59.55, 29.48, 45.36), (-59.825, 29.27, 46.12), (-59.55, 29.27, 46.12), (-59.275, 29.48, 45.36), (-59.275, 29.48, 46.12), (-60.925, 28.43, 49.16), (-60.65, 28.43, 49.16), (-60.65, 28.64, 48.4), (-60.375, 28.64, 48.4), (-60.375, 28.64, 49.16), (-60.375, 28.85, 47.64), (-60.1, 29.06, 46.88), (-59.825, 29.06, 46.88), (-60.1, 28.85, 47.64), (-59.825, 29.06, 47.64), (-59.55, 29.27, 46.88), (-59.55, 29.48, 46.88), (-59.825, 29.27, 47.64), (-60.375, 28.85, 49.16), (-60.1, 28.85, 48.4), (-60.1, 29.06, 48.4), (-59.275, 29.69, 44.6), (-59, 29.69, 44.6), (-59, 29.9, 43.84), (-58.725, 29.9, 43.84), (-58.45, 30.11, 43.84), (-58.725, 29.9, 44.6), (-58.725, 30.11, 44.6), (-59, 29.69, 45.36), (-59.275, 29.69, 46.12), (-59, 29.9, 45.36), (-58.45, 30.32, 43.84), (-61.225, 32.61, 43.5), (-57.625, 30.95, 40.04), (-57.625, 30.95, 41.56), (-59.85, 33.66, 39.75), (-59.575, 33.66, 39.75), (-60.125, 33.45, 40.5), (-59.85, 33.45, 40.5), (-59.575, 33.66, 40.5), (-60.675, 33.03, 42), (-60.4, 33.03, 42), (-60.95, 32.61, 43.5), (-60.95, 32.82, 42.75), (-60.675, 32.82, 42.75), (-60.4, 33.03, 42.75), (-60.675, 32.82, 43.5), (-60.675, 33.03, 43.5), (-60.4, 33.24, 41.25), (-60.125, 33.24, 41.25), (-60.125, 33.24, 42), (-59.85, 33.45, 41.25), (-59.85, 33.66, 41.25), (-60.125, 33.45, 42), (-60.4, 33.24, 42.75), (-61.775, 32.19, 45), (-61.5, 32.19, 45), (-62.05, 31.98, 45.75), (-62.325, 31.77, 46.5), (-62.05, 31.77, 46.5), (-61.775, 31.98, 45.75), (-61.775, 31.98, 46.5), (-61.5, 32.19, 45.75), (-61.775, 32.19, 46.5), (-63.15, 31.14, 48.75), (-62.6, 31.56, 47.25), (-62.325, 31.56, 47.25), (-62.875, 31.14, 48.75), (-62.875, 31.35, 48), (-62.6, 31.35, 48), (-62.325, 31.56, 48), (-62.6, 31.35, 48.75), (-62.6, 31.56, 48.75), (-62.05, 31.77, 47.25), (-62.05, 31.98, 47.25), (-62.325, 31.77, 48), (-61.5, 32.4, 44.25), (-61.225, 32.4, 44.25), (-61.225, 32.4, 45), (-61.225, 32.61, 45), (-61.5, 32.4, 45.75), (-60.95, 32.61, 44.25), (-60.95, 32.82, 44.25), (-65.35, 29.46, 54.75), (-65.075, 29.46, 54.75), (-64.8, 29.88, 53.25), (-65.075, 29.67, 54), (-64.8, 29.67, 54), (-64.8, 29.67, 54.75), (-64.8, 29.88, 54.75), (-66.45, 28.62, 57.75), (-66.175, 28.62, 57.75), (-65.9, 29.04, 56.25), (-65.625, 29.04, 56.25), (-65.625, 29.25, 55.5), (-65.35, 29.25, 55.5), (-65.075, 29.46, 55.5), (-65.35, 29.25, 56.25), (-65.35, 29.46, 56.25), (-66.175, 28.83, 57), (-65.9, 28.83, 57), (-65.625, 29.04, 57), (-65.9, 28.83, 57.75), (-65.9, 29.04, 57.75), (-65.625, 29.25, 57), (-66.725, 28.41, 58.5), (-67, 28.2, 59.25), (-66.725, 28.2, 59.25), (-66.725, 28.2, 60), (-66.725, 28.41, 60), (-66.45, 28.41, 58.5), (-66.45, 28.41, 59.25), (-66.175, 28.62, 58.5), (-66.45, 28.62, 59.25), (-66.175, 28.83, 58.5), (-65.075, 29.67, 55.5), (-61.2, 28.22, 49.92), (-61.2, 28.22, 51.44), (-63.425, 30.93, 49.5), (-63.15, 30.93, 49.5), (-63.7, 30.72, 50.25), (-63.425, 30.72, 50.25), (-63.15, 30.93, 50.25), (-63.975, 30.51, 51), (-64.25, 30.3, 51.75), (-63.975, 30.3, 51.75), (-63.7, 30.51, 51), (-63.7, 30.51, 51.75), (-63.425, 30.72, 51), (-63.425, 30.93, 51), (-63.7, 30.72, 51.75), (-64.525, 29.88, 53.25), (-64.525, 30.09, 52.5), (-64.25, 30.09, 52.5), (-64.25, 30.09, 53.25), (-64.525, 29.88, 54), (-64.525, 30.09, 54), (-63.975, 30.3, 52.5), (-63.975, 30.51, 52.5), (-64.25, 30.3, 53.25), (-60.925, 28.22, 49.92), (-60.65, 28.43, 49.92), (-60.925, 28.22, 50.68), (-60.925, 28.43, 50.68), (-60.65, 28.64, 49.92), (-63.15, 31.14, 50.25), (-62.875, 31.14, 49.5), (-62.875, 31.35, 49.5), (-57.925, 35.13, 34.5), (-57.65, 35.13, 34.5), (-59.025, 34.29, 37.5), (-58.75, 34.29, 37.5), (-58.475, 34.71, 36), (-58.2, 34.71, 36), (-58.2, 34.92, 35.25), (-57.925, 34.92, 35.25), (-57.65, 35.13, 35.25), (-57.925, 34.92, 36), (-57.925, 35.13, 36), (-58.75, 34.5, 36.75), (-58.475, 34.5, 36.75), (-58.475, 34.5, 37.5), (-58.475, 34.71, 37.5), (-58.2, 34.71, 36.75), (-58.2, 34.92, 36.75), (-57.65, 35.34, 33.75), (-57.65, 35.34, 35.25), (-59.3, 34.08, 38.25), (-59.575, 33.87, 39), (-59.3, 33.87, 39), (-59.3, 33.87, 39.75), (-59.3, 34.08, 39.75), (-59.575, 33.87, 40.5), (-59.025, 34.08, 38.25), (-59.025, 34.08, 39), (-58.75, 34.29, 38.25), (-59.025, 34.29, 39), (-58.75, 34.5, 38.25), (-45, 0, -30), (-44.615017, 5.8736787, -30), (-42.5, 0, -30), (-42.136406, 5.5473633, -30), (-41.05185, 10.999809, -30), (-45, 0, -0.75), (-44.615017, 5.8736787, -0.75), (-42.5, 0, 0), (-42.136406, 5.5473633, 0), (-41.05185, 10.999809, 0), (-43.466663, 11.646857, -30), (-39.26488, 16.264046, -30), (-41.574577, 17.220755, -30), (-36.80608, 21.25, -30), (-43.466663, 11.646857, -0.75), (-43.05, 12.874304, -0.24), (-43.05, 12.874304, 0), (-42.775, 13.684428, -0.75), (-42.775, 13.684428, -0.24), (-39.26488, 16.264046, 0), (-41.574577, 17.220755, 0), (-36.80608, 21.25, 0), (-45, 0, 20), (-44.615017, 5.8736787, 20), (-42.5, 0, 20), (-42.136406, 5.5473633, 20), (-41.05185, 10.999809, 20), (-43.466663, 11.646857, 20), (-39.26488, 16.264046, 20), (-41.574577, 17.220755, 20), (-36.80608, 21.25, 20), (-38.97114, 22.5, -30), (-33.717518, 25.87236, -30), (-35.7009, 27.394264, -30), (-30.052038, 30.052038, -30), (-31.819805, 31.819805, -30), (-45, 33.054546, 5.84), (-38.97114, 22.5, 0), (-33.717518, 25.87236, 0), (-35.7009, 27.394264, 0), (-43.05, 29.186024, 0), (-30.052038, 30.052038, 0), (-31.819805, 31.819805, 0), (-46.625, 39.35, 9.64), (-46.35, 39.35, 9.64), (-48.55, 37.88, 14.96), (-48.275, 37.88, 14.96), (-46.9, 39.14, 10.4), (-47.175, 38.93, 11.16), (-46.9, 38.93, 11.16), (-47.45, 38.72, 11.92), (-47.175, 38.72, 11.92), (-46.9, 38.93, 11.92), (-46.9, 39.14, 11.92), (-48, 38.3, 13.44), (-47.725, 38.3, 13.44), (-47.725, 38.51, 12.68), (-47.45, 38.51, 12.68), (-47.45, 38.51, 13.44), (-48.275, 38.09, 14.2), (-48, 38.09, 14.2), (-47.725, 38.3, 14.2), (-48, 38.09, 14.96), (-48, 38.3, 14.96), (-47.725, 38.51, 14.2), (-47.175, 38.72, 12.68), (-47.175, 38.93, 12.68), (-47.45, 38.72, 13.44), (-46.625, 39.14, 10.4), (-46.35, 39.35, 10.4), (-45, 39.35, 10.4), (-46.625, 39.14, 11.16), (-46.625, 39.35, 11.16), (-45, 38.93, 11.92), (-45, 39.14, 11.16), (-45, 39.35, 11.16), (-45, 39.14, 11.92), (-45, 38.51, 13.44), (-45, 38.3, 14.2), (-45, 38.09, 14.96), (-45, 38.3, 14.96), (-45, 38.51, 14.2), (-45, 38.72, 12.68), (-45, 38.93, 12.68), (-45, 38.72, 13.44), (-45, 45, -0.75), (-45.55, 44.58, 0.75), (-45.275, 44.58, 0.75), (-45.275, 44.79, 0), (-45, 44.79, 0), (-45, 44.79, 0.75), (-45, 45, 0.75), (-46.1, 44.16, 2.25), (-45.825, 44.16, 2.25), (-46.65, 43.74, 3.75), (-46.375, 43.74, 3.75), (-46.375, 43.95, 3), (-46.1, 43.95, 3), (-45.825, 44.16, 3), (-46.1, 43.95, 3.75), (-46.1, 44.16, 3.75), (-45, 44.16, 3), (-45, 43.95, 3.75), (-45, 44.16, 3.75), (-45.825, 44.37, 1.5), (-45.55, 44.37, 1.5), (-45.275, 44.58, 1.5), (-45, 44.58, 1.5), (-45.55, 44.37, 2.25), (-45.55, 44.58, 2.25), (-45, 44.37, 2.25), (-45, 44.58, 2.25), (-45.275, 44.79, 1.5), (-45, 44.79, 1.5), (-45.825, 44.37, 3), (-45, 44.37, 3), (-50.775, 40.59, 15), (-50.5, 40.59, 15), (-50.5, 40.8, 14.25), (-45.25, 40.4, 5.84), (-45, 40.4, 5.84), (-45.525, 40.19, 6.6), (-45.25, 40.19, 6.6), (-46.075, 39.77, 8.12), (-45.8, 39.98, 7.36), (-45.525, 39.98, 7.36), (-45.8, 39.77, 8.12), (-45.525, 39.98, 8.12), (-45, 39.98, 8.12), (-46.35, 39.56, 8.88), (-46.075, 39.56, 8.88), (-46.075, 39.56, 9.64), (-46.075, 39.77, 9.64), (-45, 39.56, 9.64), (-45.8, 39.77, 8.88), (-45.8, 39.98, 8.88), (-45, 39.77, 8.88), (-45, 39.98, 8.88), (-45, 39.77, 9.64), (-45.25, 40.19, 7.36), (-45, 40.19, 7.36), (-45.25, 40.4, 7.36), (-45, 40.4, 7.36), (-45.525, 40.19, 8.12), (-45, 40.19, 8.12), (-49.675, 41.43, 12), (-49.4, 41.43, 12), (-48.85, 42.06, 9.75), (-48.575, 42.06, 9.75), (-49.125, 41.85, 10.5), (-48.85, 41.85, 10.5), (-48.575, 42.06, 10.5), (-49.4, 41.64, 11.25), (-49.125, 41.64, 11.25), (-49.125, 41.64, 12), (-48.85, 41.85, 11.25), (-48.85, 42.06, 11.25), (-49.125, 41.85, 12), (-50.225, 41.01, 13.5), (-49.95, 41.01, 13.5), (-49.95, 41.22, 12.75), (-49.675, 41.22, 12.75), (-49.675, 41.22, 13.5), (-49.675, 41.43, 13.5), (-49.4, 41.43, 12.75), (-50.225, 40.8, 14.25), (-49.95, 41.01, 14.25), (-50.225, 40.8, 15), (-50.225, 41.01, 15), (-49.95, 41.22, 14.25), (-49.4, 41.64, 12.75), (-46.35, 39.56, 10.4), (-45, 39.56, 10.4), (-45, 42.06, 10.5), (-45, 41.64, 12), (-45, 41.85, 11.25), (-45, 42.06, 11.25), (-45, 41.85, 12), (-45, 41.43, 12.75), (-45, 41.22, 13.5), (-45, 41.43, 13.5), (-45, 41.01, 14.25), (-45, 40.8, 15), (-45, 41.01, 15), (-45, 41.22, 14.25), (-45, 41.64, 12.75), (-46.925, 43.53, 4.5), (-47.2, 43.32, 5.25), (-46.925, 43.32, 5.25), (-47.75, 42.9, 6.75), (-47.475, 43.11, 6), (-47.2, 43.11, 6), (-47.475, 42.9, 6.75), (-47.2, 43.11, 6.75), (-46.925, 43.32, 6), (-46.925, 43.53, 6), (-47.2, 43.32, 6.75), (-48.575, 42.27, 9), (-48.3, 42.48, 8.25), (-48.025, 42.48, 8.25), (-48.025, 42.69, 7.5), (-47.75, 42.69, 7.5), (-47.75, 42.69, 8.25), (-48.3, 42.27, 9), (-48.025, 42.48, 9), (-48.025, 42.69, 9), (-47.75, 42.9, 8.25), (-47.475, 42.9, 7.5), (-47.475, 43.11, 7.5), (-46.65, 43.53, 4.5), (-46.65, 43.53, 5.25), (-45, 43.53, 5.25), (-45, 43.11, 6.75), (-45, 43.32, 6), (-45, 43.53, 6), (-45, 43.32, 6.75), (-45, 42.69, 8.25), (-45, 42.48, 9), (-45, 42.69, 9), (-45, 42.9, 7.5), (-45, 43.11, 7.5), (-45, 42.9, 8.25), (-46.375, 43.74, 4.5), (-46.65, 43.74, 5.25), (-46.375, 43.95, 4.5), (-45, 43.74, 4.5), (-45, 43.74, 5.25), (-45, 43.95, 4.5), (-48.575, 42.27, 10.5), (-48.3, 42.27, 9.75), (-48.3, 42.48, 9.75), (-45, 42.27, 9.75), (-45, 42.48, 9.75), (-45, 42.27, 10.5), (-43.05, 42.08, -0.24), (-42.775, 42.08, -0.24), (-43.05, 42.08, 0), (-42.775, 42.08, 0), (-42.775, 42.29, -0.75), (-42.5, 42.29, -0.75), (-42.5, 42.29, -0.24), (-42.5, 42.5, -0.75), (-42.5, 42.5, -0.24), (-42.775, 42.29, 0), (-25.87236, 33.717518, -30), (-25.87236, 33.717518, 0), (-27.394264, 35.7009, -30), (-22.5, 38.97114, -30), (-21.25, 36.80608, -30), (-16.264046, 39.26488, -30), (-17.220755, 41.574577, -30), (-10.999809, 41.05185, -30), (-11.646857, 43.466663, -30), (-5.5473633, 42.136406, -30), (-5.8736787, 44.615017, -30), (-27.394264, 35.7009, 0), (-22.5, 38.97114, 0), (-21.25, 36.80608, 0), (-16.264046, 39.26488, 0), (-18.220629, 38.3, 14.2), (-18.646467, 38.09, 14.96), (-18.220629, 38.3, 14.96), (-16.943115, 38.93, 11.92), (-16.517279, 39.14, 11.16), (-16.264046, 39.26488, 11.16), (-16.517279, 39.14, 11.92), (-16.01329, 39.35, 10.4), (-16.01329, 39.35, 11.16), (-17.794792, 38.51, 13.44), (-17.794792, 38.51, 14.2), (-17.368954, 38.72, 12.68), (-17.368954, 38.72, 13.44), (-16.943115, 38.93, 12.68), (-17.220755, 41.574577, 0), (-15.113192, 42.29, -0.24), (-14.494552, 42.5, -0.75), (-14.494552, 42.5, -0.24), (-15.113192, 42.29, 0), (-15.39465, 39.56, 9.64), (-14.7760105, 39.77, 8.88), (-14.7760105, 39.77, 9.64), (-15.39465, 39.56, 10.4), (-10.999809, 41.05185, 0), (-10.053904, 41.24, 3.56), (-8.998162, 41.45, 2.8), (-8.998162, 41.45, 3.56), (-7.942421, 41.66, 2.04), (-7.942421, 41.66, 2.8), (-11.646857, 43.466663, -0.75), (-5.5473633, 42.136406, 0), (-5.8309383, 42.08, 0.52), (-5.5473633, 42.136406, 0.52), (-6.8866796, 41.87, 1.28), (-6.8866796, 41.87, 2.04), (-5.8309383, 42.08, 1.28), (-5.8736787, 44.615017, -0.75), (-3.203981, 42.29, -0.24), (-3.203981, 42.29, 0), (-3.203981, 42.29, 0.52), (-12.920091, 40.4, 6.6), (-12.301451, 40.61, 5.84), (-12.301451, 40.61, 6.6), (-14.157371, 39.98, 8.12), (-14.157371, 39.98, 8.88), (-13.538731, 40.19, 7.36), (-13.538731, 40.19, 8.12), (-12.920091, 40.4, 7.36), (-11.682811, 40.82, 5.08), (-11.064171, 41.03, 4.32), (-10.999809, 41.05185, 4.32), (-11.064171, 41.03, 5.08), (-11.682811, 40.82, 5.84), (-10.053904, 41.24, 4.32), (-11.741729, 40.8, 15), (-11.123089, 41.01, 14.25), (-10.999809, 41.05185, 14.25), (-11.123089, 41.01, 15), (-8.042968, 41.64, 12), (-10.15445, 41.22, 13.5), (-9.098709, 41.43, 12.75), (-9.098709, 41.43, 13.5), (-10.15445, 41.22, 14.25), (-8.042968, 41.64, 12.75), (-5.931485, 42.06, 10.5), (-5.5473633, 42.136406, 10.5), (-6.9872265, 41.85, 11.25), (-6.9872265, 41.85, 12), (-5.931485, 42.06, 11.25), (-0.30514103, 42.48, 9), (-3.509122, 42.27, 9.75), (-3.509122, 42.27, 10.5), (-0.30514103, 42.48, 9.75), (-54.05, 33.68, 30.16), (-54.325, 33.47, 30.92), (-54.05, 33.47, 30.92), (-54.6, 33.26, 31.68), (-54.325, 33.26, 31.68), (-54.05, 33.47, 31.68), (-54.05, 33.68, 31.68), (-53.775, 33.68, 30.16), (-53.775, 33.68, 30.92), (-56.8, 31.58, 37.76), (-56.525, 31.58, 37.76), (-55.975, 32.21, 35.48), (-56.25, 32, 36.24), (-55.975, 32, 36.24), (-56.525, 31.79, 37), (-56.25, 31.79, 37), (-56.25, 31.79, 37.76), (-55.975, 32, 37), (-55.975, 32.21, 37), (-56.25, 32, 37.76), (-55.7, 32.21, 35.48), (-55.7, 32.21, 36.24), (-55.15, 32.84, 33.2), (-54.875, 32.84, 33.2), (-55.425, 32.63, 33.96), (-55.15, 32.63, 33.96), (-55.7, 32.42, 34.72), (-55.425, 32.42, 34.72), (-55.15, 32.63, 34.72), (-54.875, 32.84, 33.96), (-55.15, 32.84, 34.72), (-54.875, 33.05, 32.44), (-54.6, 33.05, 32.44), (-54.325, 33.26, 32.44), (-54.6, 33.05, 33.2), (-54.6, 33.26, 33.2), (-54.325, 33.47, 32.44), (-54.875, 33.05, 33.96), (-55.425, 32.42, 35.48), (-55.425, 32.63, 35.48), (-55.7, 32.42, 36.24), (-38.97114, 22.5, 20), (-33.717518, 25.87236, 20), (-35.7009, 27.394264, 20), (-30.052038, 30.052038, 20), (-31.819805, 31.819805, 20), (-57.35, 31.16, 39.28), (-57.075, 31.16, 39.28), (-57.075, 31.37, 38.52), (-56.8, 31.37, 38.52), (-56.8, 31.37, 39.28), (-56.8, 31.58, 39.28), (-56.525, 31.58, 38.52), (-57.35, 30.95, 40.04), (-57.075, 31.16, 40.04), (-57.35, 30.95, 40.8), (-57.35, 31.16, 40.8), (-57.075, 31.37, 40.04), (-56.525, 31.79, 38.52), (-50.75, 36.2, 21.04), (-50.475, 36.2, 21.04), (-50.475, 36.41, 20.28), (-52.125, 35.15, 24.84), (-52.675, 34.73, 26.36), (-52.4, 34.73, 26.36), (-52.4, 34.94, 25.6), (-52.125, 34.94, 25.6), (-52.125, 34.94, 26.36), (-52.125, 35.15, 26.36), (-51.85, 35.15, 24.84), (-51.85, 35.15, 25.6), (-51.3, 35.78, 22.56), (-51.575, 35.57, 23.32), (-51.3, 35.57, 23.32), (-51.025, 35.78, 22.56), (-51.025, 35.78, 23.32), (-51.025, 35.99, 21.8), (-50.75, 35.99, 21.8), (-50.475, 36.2, 21.8), (-50.475, 36.41, 21.8), (-50.75, 35.99, 22.56), (-50.75, 36.2, 22.56), (-51.025, 35.99, 23.32), (-51.85, 35.36, 24.08), (-51.575, 35.36, 24.08), (-51.575, 35.36, 24.84), (-51.3, 35.57, 24.08), (-51.3, 35.78, 24.08), (-51.575, 35.57, 24.84), (-51.85, 35.36, 25.6), (-52.425, 39.33, 19.5), (-52.15, 39.33, 19.5), (-52.975, 38.91, 21), (-52.7, 38.91, 21), (-52.7, 39.12, 20.25), (-52.425, 39.12, 20.25), (-52.15, 39.33, 20.25), (-52.425, 39.12, 21), (-52.425, 39.33, 21), (-54.35, 37.86, 24.75), (-54.075, 37.86, 24.75), (-54.9, 37.44, 26.25), (-54.625, 37.44, 26.25), (-54.625, 37.65, 25.5), (-54.35, 37.65, 25.5), (-54.075, 37.86, 25.5), (-54.35, 37.65, 26.25), (-54.35, 37.86, 26.25), (-54.075, 38.07, 24), (-54.075, 38.07, 25.5), (-53.8, 38.28, 23.25), (-53.525, 38.28, 23.25), (-53.525, 38.49, 22.5), (-53.25, 38.49, 22.5), (-53.25, 38.49, 23.25), (-53.25, 38.7, 21.75), (-52.975, 38.7, 21.75), (-52.7, 38.91, 21.75), (-52.7, 39.12, 21.75), (-53.25, 38.7, 23.25), (-52.975, 38.7, 22.5), (-52.975, 38.91, 22.5), (-53.8, 38.07, 24), (-53.525, 38.28, 24), (-53.8, 38.07, 24.75), (-53.8, 38.28, 24.75), (-53.525, 38.49, 24), (-50.2, 36.41, 20.28), (-50.2, 36.41, 21.04), (-49.65, 37.04, 18), (-49.375, 37.25, 17.24), (-49.1, 37.25, 17.24), (-49.375, 37.04, 18), (-49.1, 37.25, 18), (-49.1, 37.46, 16.48), (-48.825, 37.46, 16.48), (-48.825, 37.67, 15.72), (-48.55, 37.67, 15.72), (-48.55, 37.67, 16.48), (-48.55, 37.88, 16.48), (-48.825, 37.46, 17.24), (-49.1, 37.46, 18), (-48.825, 37.67, 17.24), (-48.275, 37.88, 15.72), (-49.925, 36.83, 18.76), (-49.65, 36.83, 18.76), (-50.2, 36.62, 19.52), (-49.925, 36.62, 19.52), (-49.65, 36.83, 19.52), (-49.65, 37.04, 19.52), (-49.375, 37.04, 18.76), (-49.375, 37.25, 18.76), (-49.925, 36.62, 20.28), (-49.925, 36.83, 20.28), (-50.2, 36.62, 21.04), (-48.275, 38.09, 15.72), (-45, 37.25, 18), (-45, 37.88, 15.72), (-45, 37.67, 16.48), (-45, 37.88, 16.48), (-45, 37.46, 17.24), (-45, 37.46, 18), (-45, 37.67, 17.24), (-45, 36.83, 19.52), (-45, 37.04, 18.76), (-45, 37.25, 18.76), (-45, 37.04, 19.52), (-45, 36.83, 20), (-45, 38.09, 15.72), (-57.1, 35.76, 32.25), (-56.825, 35.76, 32.25), (-56.55, 36.18, 30.75), (-56.275, 36.18, 30.75), (-56.275, 36.39, 30), (-56, 36.39, 30), (-56, 36.39, 30.75), (-56.825, 35.97, 31.5), (-56.55, 35.97, 31.5), (-56.275, 36.18, 31.5), (-56.55, 35.97, 32.25), (-56.55, 36.18, 32.25), (-56.275, 36.39, 31.5), (-53.225, 34.31, 27.88), (-52.95, 34.31, 27.88), (-53.5, 34.1, 28.64), (-53.225, 34.1, 28.64), (-53.775, 33.89, 29.4), (-53.5, 33.89, 29.4), (-53.225, 34.1, 29.4), (-53.225, 34.31, 29.4), (-52.95, 34.31, 28.64), (-52.95, 34.52, 27.12), (-52.675, 34.52, 27.12), (-52.4, 34.73, 27.12), (-52.675, 34.52, 27.88), (-52.675, 34.73, 27.88), (-52.4, 34.94, 27.12), (-52.95, 34.52, 28.64), (-53.5, 33.89, 30.16), (-53.5, 34.1, 30.16), (-53.775, 33.89, 30.92), (-57.375, 35.34, 33.75), (-57.375, 35.55, 33), (-57.1, 35.55, 33), (-56.825, 35.76, 33), (-57.1, 35.55, 33.75), (-57.1, 35.76, 33.75), (-57.375, 35.34, 34.5), (-57.375, 35.55, 34.5), (-56.825, 35.97, 33), (-55.725, 36.81, 28.5), (-56, 36.6, 29.25), (-55.725, 36.6, 29.25), (-55.175, 37.23, 27), (-54.9, 37.23, 27), (-55.45, 37.02, 27.75), (-55.175, 37.02, 27.75), (-54.9, 37.23, 27.75), (-55.45, 36.81, 28.5), (-55.45, 36.81, 29.25), (-55.175, 37.02, 28.5), (-55.175, 37.23, 28.5), (-55.45, 37.02, 29.25), (-54.9, 37.44, 27.75), (-54.625, 37.44, 27), (-54.625, 37.65, 27), (-55.725, 36.6, 30), (-55.725, 36.81, 30), (-56, 36.6, 30.75), (-51.6, 39.96, 17.25), (-51.325, 39.96, 17.25), (-51.875, 39.75, 18), (-51.6, 39.75, 18), (-51.325, 39.96, 18), (-51.325, 40.17, 16.5), (-51.05, 40.38, 15.75), (-50.775, 40.38, 15.75), (-51.05, 40.17, 16.5), (-50.775, 40.38, 16.5), (-50.5, 40.59, 15.75), (-50.775, 40.59, 16.5), (-51.325, 40.17, 18), (-51.05, 40.17, 17.25), (-51.05, 40.38, 17.25), (-52.15, 39.54, 18.75), (-52.15, 39.54, 20.25), (-51.875, 39.54, 18.75), (-51.875, 39.54, 19.5), (-51.6, 39.75, 18.75), (-51.6, 39.96, 18.75), (-51.875, 39.75, 19.5), (-50.5, 40.8, 15.75), (-45, 39.96, 18), (-45, 40.38, 16.5), (-45, 40.59, 15.75), (-45, 40.59, 16.5), (-45, 40.17, 17.25), (-45, 40.38, 17.25), (-45, 40.17, 18), (-45, 39.54, 19.5), (-45, 39.75, 18.75), (-45, 39.96, 18.75), (-45, 39.75, 19.5), (-45, 39.54, 20), (-45, 40.8, 15.75), (-45, 45, 20), (-25.87236, 33.717518, 20), (-27.394264, 35.7009, 20), (-25.704447, 36.83, 20), (-20.34982, 37.25, 18), (-19.92398, 37.46, 17.24), (-19.92398, 37.46, 18), (-19.072306, 37.88, 15.72), (-19.498142, 37.67, 16.48), (-19.072306, 37.88, 16.48), (-19.498142, 37.67, 17.24), (-21.201494, 36.83, 19.52), (-20.775656, 37.04, 18.76), (-20.775656, 37.04, 19.52), (-20.34982, 37.25, 18.76), (-21.25, 36.80608, 20), (-21.201494, 36.83, 20), (-18.646467, 38.09, 15.72), (-21.346472, 39.54, 20), (-15.453568, 39.54, 19.5), (-14.8349285, 39.75, 18.75), (-14.8349285, 39.75, 19.5), (-15.453568, 39.54, 20), (-17.220755, 41.574577, 20), (-14.216289, 39.96, 18), (-12.979009, 40.38, 16.5), (-13.597649, 40.17, 17.25), (-13.597649, 40.17, 18), (-12.979009, 40.38, 17.25), (-12.360369, 40.59, 15.75), (-12.360369, 40.59, 16.5), (-14.216289, 39.96, 18.75), (-11.741729, 40.8, 15.75), (-10.999809, 41.05185, 20), (-11.646857, 43.466663, 20), (-5.5473633, 42.136406, 20), (-5.8736787, 44.615017, 20), (-73.3, 18.98, 83.36), (-73.025, 18.98, 83.36), (-72.475, 19.61, 81.08), (-72.2, 19.61, 81.08), (-72.75, 19.4, 81.84), (-72.475, 19.4, 81.84), (-72.2, 19.61, 81.84), (-73.025, 19.19, 82.6), (-72.75, 19.19, 82.6), (-72.75, 19.19, 83.36), (-72.475, 19.4, 82.6), (-72.475, 19.61, 82.6), (-72.75, 19.4, 83.36), (-75.525, 21.69, 82.5), (-75.8, 21.48, 83.25), (-75.525, 21.48, 83.25), (-71.925, 20.03, 79.56), (-72.2, 19.82, 80.32), (-71.925, 19.82, 80.32), (-71.925, 19.82, 81.08), (-71.925, 20.03, 81.08), (-72.2, 19.82, 81.84), (-74.7, 22.32, 80.25), (-74.425, 22.32, 80.25), (-75.25, 21.69, 82.5), (-75.25, 21.69, 83.25), (-74.975, 22.11, 81), (-74.7, 22.11, 81), (-75.25, 21.9, 81.75), (-74.975, 21.9, 81.75), (-74.7, 22.11, 81.75), (-74.7, 22.32, 81.75), (-74.425, 22.32, 81), (-74.975, 21.9, 82.5), (-74.975, 22.11, 82.5), (-75.25, 21.9, 83.25), (-69.175, 22.13, 71.96), (-68.9, 22.13, 71.96), (-68.9, 22.34, 71.2), (-68.625, 22.34, 71.2), (-68.625, 22.34, 71.96), (-70.55, 21.08, 75.76), (-70.275, 21.08, 75.76), (-71.1, 20.66, 77.28), (-70.825, 20.66, 77.28), (-70.825, 20.87, 76.52), (-70.55, 20.87, 76.52), (-70.275, 21.08, 76.52), (-70.55, 20.87, 77.28), (-70.55, 21.08, 77.28), (-69.725, 21.71, 73.48), (-69.45, 21.71, 73.48), (-70, 21.5, 74.24), (-69.725, 21.5, 74.24), (-69.45, 21.71, 74.24), (-69.45, 21.92, 72.72), (-69.175, 21.92, 72.72), (-68.9, 22.13, 72.72), (-69.175, 21.92, 73.48), (-69.175, 22.13, 73.48), (-68.9, 22.34, 72.72), (-69.45, 21.92, 74.24), (-70.275, 21.29, 75), (-70.275, 21.29, 76.52), (-70, 21.29, 75), (-70, 21.29, 75.76), (-69.725, 21.5, 75), (-69.725, 21.71, 75), (-70, 21.5, 75.76), (-71.65, 20.24, 78.8), (-71.375, 20.24, 78.8), (-71.65, 20.03, 79.56), (-71.65, 20.03, 80.32), (-71.375, 20.24, 79.56), (-71.65, 20.24, 80.32), (-71.375, 20.45, 78.04), (-71.1, 20.45, 78.04), (-71.1, 20.45, 78.8), (-71.1, 20.66, 78.8), (-70.825, 20.66, 78.04), (-70.825, 20.87, 78.04), (-71.375, 20.45, 79.56), (-76.325, 16.67, 91.72), (-76.05, 16.67, 91.72), (-77.425, 15.83, 94.76), (-77.15, 16.04, 94), (-76.875, 16.04, 94), (-77.15, 15.83, 94.76), (-76.875, 16.04, 94.76), (-76.6, 16.46, 92.48), (-76.875, 16.25, 93.24), (-76.6, 16.25, 93.24), (-76.325, 16.46, 92.48), (-76.325, 16.46, 93.24), (-76.05, 16.67, 92.48), (-76.325, 16.67, 93.24), (-76.6, 16.25, 94), (-76.6, 16.46, 94), (-76.875, 16.25, 94.76), (-79.9, 13.94, 101.6), (-79.625, 13.94, 101.6), (-80.45, 13.52, 103.12), (-80.175, 13.52, 103.12), (-80.175, 13.73, 102.36), (-79.9, 13.73, 102.36), (-79.625, 13.94, 102.36), (-79.9, 13.73, 103.12), (-79.9, 13.94, 103.12), (-81, 13.1, 104.64), (-81.275, 12.89, 105.4), (-81, 12.89, 105.4), (-80.725, 13.31, 103.88), (-80.45, 13.31, 103.88), (-80.725, 13.1, 104.64), (-80.45, 13.31, 104.64), (-80.725, 13.1, 105.4), (-80.725, 13.31, 105.4), (-80.175, 13.52, 103.88), (-80.45, 13.52, 104.64), (-80.175, 13.73, 103.88), (-79.35, 14.36, 100.08), (-79.075, 14.36, 100.08), (-79.075, 14.57, 99.32), (-81.85, 16.86, 99.75), (-81.575, 16.86, 99.75), (-83.775, 15.39, 105), (-84.05, 15.18, 105.75), (-83.775, 15.18, 105.75), (-83.5, 15.39, 105), (-83.5, 15.39, 105.75), (-82.95, 16.02, 102.75), (-82.675, 16.02, 102.75), (-82.675, 16.23, 102), (-83.225, 15.81, 103.5), (-82.95, 15.81, 103.5), (-83.5, 15.6, 104.25), (-83.225, 15.6, 104.25), (-82.95, 15.81, 104.25), (-82.675, 16.02, 103.5), (-82.95, 16.02, 104.25), (-83.225, 15.6, 105), (-83.225, 15.81, 105), (-83.5, 15.6, 105.75), (-82.675, 16.23, 103.5), (-79.625, 14.15, 100.84), (-79.35, 14.15, 100.84), (-79.075, 14.36, 100.84), (-79.35, 14.15, 101.6), (-79.35, 14.36, 101.6), (-79.075, 14.57, 100.84), (-79.625, 14.15, 102.36), (-82.4, 16.44, 101.25), (-82.125, 16.44, 101.25), (-82.125, 16.65, 100.5), (-81.85, 16.65, 100.5), (-81.85, 16.65, 101.25), (-81.85, 16.86, 101.25), (-81.575, 16.86, 100.5), (-82.4, 16.23, 102), (-82.125, 16.44, 102), (-82.4, 16.23, 102.75), (-82.4, 16.44, 102.75), (-82.125, 16.65, 102), (-78.25, 15.2, 97.04), (-77.975, 15.41, 96.28), (-77.7, 15.41, 96.28), (-77.975, 15.2, 97.04), (-77.7, 15.41, 97.04), (-78.8, 14.57, 99.32), (-78.8, 14.57, 100.08), (-78.525, 14.99, 97.8), (-78.25, 14.99, 97.8), (-78.8, 14.78, 98.56), (-78.525, 14.78, 98.56), (-78.25, 14.99, 98.56), (-78.25, 15.2, 98.56), (-77.975, 15.2, 97.8), (-77.975, 15.41, 97.8), (-78.525, 14.78, 99.32), (-78.525, 14.99, 99.32), (-78.8, 14.78, 100.08), (-77.7, 15.62, 95.52), (-77.425, 15.62, 95.52), (-77.425, 15.62, 96.28), (-77.7, 15.62, 97.04), (-77.425, 15.83, 96.28), (-77.15, 15.83, 95.52), (-77.15, 16.04, 95.52), (-79.1, 18.96, 92.25), (-79.375, 18.75, 93), (-79.1, 18.75, 93), (-79.65, 18.54, 93.75), (-79.375, 18.54, 93.75), (-79.925, 18.33, 94.5), (-79.65, 18.33, 94.5), (-79.375, 18.54, 94.5), (-79.1, 18.75, 93.75), (-79.1, 18.96, 93.75), (-79.375, 18.75, 94.5), (-75.225, 17.51, 88.68), (-74.95, 17.51, 88.68), (-74.675, 17.93, 87.16), (-74.4, 18.14, 86.4), (-74.125, 18.14, 86.4), (-74.4, 17.93, 87.16), (-74.125, 18.14, 87.16), (-74.95, 17.72, 87.92), (-74.675, 17.72, 87.92), (-74.675, 17.72, 88.68), (-74.675, 17.93, 88.68), (-74.4, 17.93, 87.92), (-74.4, 18.14, 87.92), (-73.85, 18.56, 84.88), (-74.125, 18.35, 85.64), (-73.85, 18.35, 85.64), (-73.575, 18.77, 84.12), (-73.3, 18.77, 84.12), (-73.025, 18.98, 84.12), (-73.575, 18.56, 84.88), (-73.575, 18.56, 85.64), (-73.3, 18.77, 84.88), (-73.3, 18.98, 84.88), (-73.575, 18.77, 85.64), (-73.025, 19.19, 84.12), (-73.85, 18.35, 86.4), (-73.85, 18.56, 86.4), (-74.125, 18.35, 87.16), (-75.775, 17.09, 90.2), (-75.5, 17.09, 90.2), (-75.5, 17.3, 89.44), (-76.05, 16.88, 90.96), (-75.775, 16.88, 90.96), (-75.5, 17.09, 90.96), (-75.775, 16.88, 91.72), (-75.775, 17.09, 91.72), (-75.5, 17.3, 90.96), (-76.05, 16.88, 92.48), (-78.275, 19.59, 90), (-78, 19.59, 90), (-78.825, 19.17, 91.5), (-78.55, 19.17, 91.5), (-78.55, 19.38, 90.75), (-78.275, 19.38, 90.75), (-78.275, 19.38, 91.5), (-78.275, 19.59, 91.5), (-78, 19.59, 90.75), (-78.825, 18.96, 92.25), (-78.825, 18.96, 93), (-78.55, 19.17, 92.25), (-78.825, 19.17, 93), (-78.55, 19.38, 92.25), (-75.225, 17.3, 89.44), (-74.95, 17.51, 89.44), (-75.225, 17.3, 90.2), (-75.225, 17.51, 90.2), (-74.95, 17.72, 89.44), (-76.35, 21.06, 84.75), (-76.075, 21.06, 84.75), (-76.9, 20.64, 86.25), (-76.625, 20.64, 86.25), (-76.625, 20.85, 85.5), (-76.35, 20.85, 85.5), (-76.075, 21.06, 85.5), (-76.35, 20.85, 86.25), (-76.35, 21.06, 86.25), (-77.725, 20.01, 88.5), (-77.45, 20.01, 88.5), (-77.45, 20.22, 87.75), (-77.175, 20.22, 87.75), (-77.175, 20.22, 88.5), (-77.175, 20.43, 87), (-76.9, 20.43, 87), (-76.625, 20.64, 87), (-76.625, 20.85, 87), (-76.9, 20.43, 87.75), (-76.9, 20.64, 87.75), (-77.175, 20.43, 88.5), (-76.075, 21.27, 84), (-75.8, 21.27, 84), (-75.8, 21.27, 84.75), (-75.525, 21.48, 84), (-75.525, 21.69, 84), (-75.8, 21.48, 84.75), (-76.075, 21.27, 85.5), (-78, 19.8, 89.25), (-77.725, 19.8, 89.25), (-77.45, 20.01, 89.25), (-77.725, 19.8, 90), (-77.725, 20.01, 90), (-77.45, 20.22, 89.25), (-78, 19.8, 90.75), (-81.025, 17.49, 97.5), (-80.75, 17.49, 97.5), (-80.475, 17.91, 96), (-80.2, 17.91, 96), (-80.2, 18.12, 95.25), (-79.925, 18.12, 95.25), (-79.925, 18.12, 96), (-80.75, 17.7, 96.75), (-80.475, 17.7, 96.75), (-80.2, 17.91, 96.75), (-80.475, 17.7, 97.5), (-80.475, 17.91, 97.5), (-80.2, 18.12, 96.75), (-81.575, 17.07, 99), (-81.3, 17.07, 99), (-81.3, 17.28, 98.25), (-81.025, 17.28, 98.25), (-81.025, 17.28, 99), (-81.025, 17.49, 99), (-81.3, 17.07, 99.75), (-81.3, 17.28, 99.75), (-80.75, 17.49, 98.25), (-80.75, 17.7, 98.25), (-79.65, 18.33, 95.25), (-79.65, 18.54, 95.25), (-79.925, 18.33, 96), (-81.575, 17.07, 100.5), (-94.2, 0.5, 125), (-95.933334, 0.5, 127), (-96.8, 0.5, 128), (-95.933334, 0.5, 128), (-95.066666, 0.5, 126), (-95.066666, 0.5, 127), (-94.2, 0.5, 126), (-89.86667, 0.5, 120), (-92.46667, 0.5, 123), (-90.73333, 0.5, 121), (-89.86667, 0.5, 121), (-91.6, 0.5, 122), (-91.6, 0.5, 123), (-90.73333, 0.5, 122), (-90.1, 0.5, 122.25), (-90.375, 0.5, 123), (-90.1, 0.5, 123), (-89, 0.5, 119), (-89, 0.5, 119.25), (-89.275, 0.5, 120), (-89, 0.5, 120), (-88.725, 0.5, 119), (-88.725, 0.5, 119.25), (-86.5, 0.5, 119.84), (-89.55, 0.5, 120.75), (-89.275, 0.5, 120.75), (-89.825, 0.5, 121.5), (-89.55, 0.5, 121.5), (-89.825, 0.5, 122.25), (-86.775, 0.5, 120.6), (-86.5, 0.5, 120.6), (-87.05, 0.5, 121.36), (-86.775, 0.5, 121.36), (-87.325, 0.5, 122.12), (-87.6, 0.5, 122.88), (-87.325, 0.5, 122.88), (-87.05, 0.5, 122.12), (-93.333336, 0.5, 124), (-92.46667, 0.5, 124), (-93.333336, 0.5, 125), (-90.925, 0.5, 124.5), (-90.65, 0.5, 123.75), (-90.375, 0.5, 123.75), (-90.65, 0.5, 124.5), (-91.2, 0.5, 125.25), (-90.925, 0.5, 125.25), (-91.75, 0.5, 126.75), (-92.025, 0.5, 127.5), (-91.75, 0.5, 127.5), (-92.3, 0.5, 128.25), (-92.025, 0.5, 128.25), (-91.475, 0.5, 126), (-91.2, 0.5, 126), (-91.475, 0.5, 126.75), (-88.15, 0.5, 124.4), (-88.425, 0.5, 125.16), (-88.15, 0.5, 125.16), (-88.7, 0.5, 125.92), (-88.425, 0.5, 125.92), (-87.875, 0.5, 123.64), (-87.6, 0.5, 123.64), (-87.875, 0.5, 124.4), (-88.975, 0.5, 126.68), (-88.7, 0.5, 126.68), (-89.25, 0.5, 127.44), (-88.975, 0.5, 127.44), (-89.525, 0.5, 128.2), (-89.25, 0.5, 128.2), (-97.5, 0.5, 129), (-96.8, 0.5, 129), (-93.675, 0.5, 132), (-93.95, 0.5, 132.75), (-93.675, 0.5, 132.75), (-94.5, 0.5, 134.25), (-94.225, 0.5, 133.5), (-93.95, 0.5, 133.5), (-94.225, 0.5, 134.25), (-95.325, 0.5, 136.5), (-95.6, 0.5, 137.25), (-95.325, 0.5, 137.25), (-94.775, 0.5, 135), (-94.5, 0.5, 135), (-95.05, 0.5, 135.75), (-94.775, 0.5, 135.75), (-95.05, 0.5, 136.5), (-95.875, 0.5, 138), (-95.6, 0.5, 138), (-96.15, 0.5, 138.75), (-96.425, 0.5, 139.5), (-96.15, 0.5, 139.5), (-95.875, 0.5, 138.75), (-93.65, 0.5, 139.6), (-92.575, 0.5, 129), (-92.85, 0.5, 129.75), (-92.575, 0.5, 129.75), (-92.3, 0.5, 129), (-93.125, 0.5, 130.5), (-92.85, 0.5, 130.5), (-93.4, 0.5, 131.25), (-93.125, 0.5, 131.25), (-90.075, 0.5, 129.72), (-90.35, 0.5, 130.48), (-90.075, 0.5, 130.48), (-90.625, 0.5, 131.24), (-90.35, 0.5, 131.24), (-93.4, 0.5, 132), (-91.725, 0.5, 134.28), (-90.9, 0.5, 132), (-91.175, 0.5, 132.76), (-90.9, 0.5, 132.76), (-90.625, 0.5, 132), (-91.45, 0.5, 133.52), (-91.175, 0.5, 133.52), (-91.45, 0.5, 134.28), (-89.8, 0.5, 128.96), (-89.525, 0.5, 128.96), (-89.8, 0.5, 129.72), (-92, 0.5, 135.04), (-91.725, 0.5, 135.04), (-92.275, 0.5, 135.8), (-92, 0.5, 135.8), (-92.55, 0.5, 136.56), (-92.825, 0.5, 137.32), (-92.55, 0.5, 137.32), (-92.275, 0.5, 136.56), (-93.1, 0.5, 138.08), (-92.825, 0.5, 138.08), (-93.375, 0.5, 138.84), (-93.1, 0.5, 138.84), (-93.375, 0.5, 139.6), (-97.25, 0.5, 141.75), (-97.5, 0.5, 142.5), (-97.25, 0.5, 142.5), (-96.7, 0.5, 140.25), (-96.425, 0.5, 140.25), (-96.975, 0.5, 141), (-96.7, 0.5, 141), (-96.975, 0.5, 141.75), (-93.925, 0.5, 140.36), (-93.65, 0.5, 140.36), (-94.2, 0.5, 141.12), (-93.925, 0.5, 141.12), (-94.475, 0.5, 141.88), (-94.75, 0.5, 142.64), (-94.475, 0.5, 142.64), (-94.2, 0.5, 141.88), (-95.3, 0.5, 144.16), (-95.575, 0.5, 144.92), (-95.3, 0.5, 144.92), (-95.85, 0.5, 145.68), (-95.575, 0.5, 145.68), (-95.025, 0.5, 143.4), (-94.75, 0.5, 143.4), (-95.025, 0.5, 144.16), (-97.225, 0.5, 149.48), (-97.5, 0.5, 150.24), (-97.5, 0.5, 150.75), (-97.225, 0.5, 150.24), (-97.225, 0.5, 150.75), (-97.5, 0.5, 151), (-96.4, 0.5, 147.2), (-96.125, 0.5, 146.44), (-95.85, 0.5, 146.44), (-96.125, 0.5, 147.2), (-96.675, 0.5, 147.96), (-96.4, 0.5, 147.96), (-96.95, 0.5, 148.72), (-96.675, 0.5, 148.72), (-96.95, 0.5, 149.48), (-100, 3, 151), (-100, 3, 151.5), (-88.175, 12.03, 117), (-87.625, 12.45, 115.5), (-87.35, 12.45, 115.5), (-87.9, 12.24, 116.25), (-87.625, 12.24, 116.25), (-87.9, 12.03, 117), (-87.625, 12.24, 117), (-87.35, 12.45, 116.25), (-87.625, 12.45, 117), (-86.525, 13.29, 112.5), (-87.075, 12.87, 114), (-86.8, 12.87, 114), (-86.8, 13.08, 113.25), (-86.525, 13.08, 113.25), (-86.525, 13.08, 114), (-86.525, 13.29, 114), (-87.35, 12.66, 114.75), (-87.075, 12.66, 114.75), (-86.8, 12.87, 114.75), (-87.075, 12.66, 115.5), (-87.075, 12.87, 115.5), (-86.8, 13.08, 114.75), (-87.35, 12.66, 116.25), (-94.2, 12.72, 125), (-95.933334, 13.16, 127), (-95.933334, 13.16, 128), (-96.8, 13.38, 128), (-95.066666, 12.94, 126), (-95.066666, 12.94, 127), (-94.2, 12.72, 126), (-89.86667, 11.62, 120), (-92.46667, 12.28, 123), (-90.73333, 11.84, 121), (-89.86667, 11.62, 121), (-90.73333, 11.84, 122), (-91.6, 12.06, 122), (-91.6, 12.06, 123), (-88.45, 11.82, 117.75), (-88.175, 11.82, 117.75), (-88.725, 11.61, 118.5), (-88.45, 11.61, 118.5), (-88.175, 11.82, 118.5), (-89, 11.4, 119), (-89, 11.4, 119.25), (-89, 11.4, 120), (-88.725, 11.4, 119), (-88.725, 11.4, 119.25), (-88.725, 11.4, 120), (-88.45, 11.61, 119.25), (-88.45, 11.82, 119.25), (-88.725, 11.61, 120), (-88.175, 12.03, 118.5), (-87.9, 12.03, 117.75), (-87.9, 12.24, 117.75), (-93.333336, 12.5, 124), (-92.46667, 12.28, 124), (-93.333336, 12.5, 125), (-101.13333, 14.48, 133), (-102, 14.7, 134), (-101.13333, 14.48, 134), (-104.6, 15.36, 137), (-104.6, 15.36, 138), (-107.2, 16.02, 140), (-106.333336, 15.8, 139), (-106.333336, 15.8, 140), (-105.46667, 15.58, 138), (-105.46667, 15.58, 139), (-102.86667, 14.92, 135), (-103.73333, 15.14, 136), (-103.73333, 15.14, 137), (-102.86667, 14.92, 136), (-102, 14.7, 135), (-108.066666, 16.24, 141), (-108.933334, 16.46, 142), (-108.066666, 16.24, 142), (-109.8, 16.68, 143), (-109.8, 16.68, 144), (-108.933334, 16.46, 143), (-107.2, 16.02, 141), (-111.53333, 17.12, 145), (-110.666664, 16.9, 144), (-110.666664, 16.9, 145), (-113.26667, 17.56, 147), (-113.26667, 17.56, 148), (-114.13333, 17.78, 148), (-114.13333, 17.78, 148.5), (-115, 18, 148.5), (-112.4, 17.34, 146), (-112.4, 17.34, 147), (-111.53333, 17.12, 146), (-115, 18, 149), (-115, 18, 151), (-115, 18, 151.5), (-99.4, 14.04, 131), (-98.53333, 13.82, 130), (-97.666664, 13.6, 129), (-97.666664, 13.6, 130), (-98.53333, 13.82, 131), (-99.4, 14.04, 132), (-96.8, 13.38, 129), (-100.26667, 14.26, 132), (-100.26667, 14.26, 133), (-86.225, 0.5, 119.08), (-85.95, 0.5, 119), (-85.95, 0.5, 119.08), (-86.225, 0.5, 119.84), (-83.475, 11.21, 111.48), (-83.2, 11.21, 111.48), (-85.4, 9.74, 116.8), (-85.125, 9.74, 116.8), (-84.575, 10.37, 114.52), (-84.3, 10.37, 114.52), (-84.025, 10.79, 113), (-83.75, 10.79, 113), (-83.75, 11, 112.24), (-83.475, 11, 112.24), (-83.2, 11.21, 112.24), (-83.475, 11, 113), (-83.475, 11.21, 113), (-84.3, 10.58, 113.76), (-84.025, 10.58, 113.76), (-83.75, 10.79, 113.76), (-84.025, 10.58, 114.52), (-84.025, 10.79, 114.52), (-83.75, 11, 113.76), (-84.85, 10.16, 115.28), (-84.575, 10.16, 115.28), (-85.125, 9.95, 116.04), (-84.85, 9.95, 116.04), (-84.575, 10.16, 116.04), (-84.575, 10.37, 116.04), (-84.85, 9.95, 116.8), (-84.85, 10.16, 116.8), (-84.3, 10.37, 115.28), (-84.3, 10.58, 115.28), (-85.95, 9.32, 118.32), (-85.675, 9.32, 118.32), (-85.675, 9.53, 117.56), (-85.4, 9.53, 117.56), (-85.4, 9.53, 118.32), (-85.4, 9.74, 118.32), (-85.125, 9.74, 117.56), (-85.95, 9.32, 119), (-85.675, 9.32, 119), (-85.675, 9.53, 119), (-85.125, 9.95, 117.56), (-60.86104, 8.421271, 151), (-60.86104, 8.421271, 151.5), (-60, 8.25, 151), (-60, 8.25, 151.5), (-59.13896, 8.421271, 151), (-59.13896, 8.421271, 151.5), (-61.590992, 8.90901, 151), (-61.590992, 8.90901, 151.5), (-62.078728, 9.638963, 151), (-62.078728, 9.638963, 151.5), (-62.25, 10.5, 151), (-62.25, 10.5, 151.5), (-58.409008, 8.90901, 151), (-58.409008, 8.90901, 151.5), (-57.921272, 9.638963, 151), (-57.921272, 9.638963, 151.5), (-57.75, 10.5, 151), (-57.75, 10.5, 151.5), (-82.925, 11.63, 109.96), (-83.2, 11.42, 110.72), (-82.925, 11.42, 110.72), (-82.925, 11.42, 111.48), (-82.925, 11.63, 111.48), (-85.7, 13.92, 110.25), (-85.425, 13.92, 110.25), (-85.975, 13.71, 111), (-85.7, 13.71, 111), (-86.25, 13.5, 111.75), (-85.975, 13.5, 111.75), (-85.7, 13.71, 111.75), (-85.425, 13.92, 111), (-85.7, 13.92, 111.75), (-81.825, 12.47, 106.92), (-81.55, 12.47, 106.92), (-82.1, 12.26, 107.68), (-81.825, 12.26, 107.68), (-82.375, 12.05, 108.44), (-82.1, 12.05, 108.44), (-81.825, 12.26, 108.44), (-81.825, 12.47, 108.44), (-81.55, 12.47, 107.68), (-82.65, 11.84, 109.2), (-82.375, 11.84, 109.2), (-82.65, 11.63, 109.96), (-82.375, 11.84, 109.96), (-82.65, 11.63, 110.72), (-82.65, 11.84, 110.72), (-82.1, 12.05, 109.2), (-82.1, 12.26, 109.2), (-82.375, 12.05, 109.96), (-81.55, 12.68, 106.16), (-81.275, 12.68, 106.16), (-81, 12.89, 106.16), (-81.275, 12.68, 106.92), (-81.275, 12.89, 106.92), (-81, 13.1, 106.16), (-81.55, 12.68, 107.68), (-83.2, 11.42, 112.24), (-86.25, 13.29, 112.5), (-86.25, 13.29, 113.25), (-85.975, 13.5, 112.5), (-85.975, 13.71, 112.5), (-86.25, 13.5, 113.25), (-84.6, 14.76, 107.25), (-85.15, 14.34, 108.75), (-84.875, 14.34, 108.75), (-84.875, 14.55, 108), (-84.6, 14.55, 108), (-84.6, 14.55, 108.75), (-84.6, 14.76, 108.75), (-84.325, 14.76, 107.25), (-84.325, 14.76, 108), (-84.325, 14.97, 106.5), (-84.05, 14.97, 106.5), (-84.05, 14.97, 107.25), (-83.775, 15.18, 106.5), (-83.775, 15.39, 106.5), (-84.05, 15.18, 107.25), (-84.325, 14.97, 108), (-85.425, 14.13, 109.5), (-85.15, 14.13, 109.5), (-84.875, 14.34, 109.5), (-85.15, 14.13, 110.25), (-85.15, 14.34, 110.25), (-84.875, 14.55, 109.5), (-85.425, 14.13, 111), (-62.078728, 11.361037, 151), (-62.078728, 11.361037, 151.5), (-61.590992, 12.09099, 151), (-61.590992, 12.09099, 151.5), (-60.86104, 12.578729, 151), (-60.86104, 12.578729, 151.5), (-57.921272, 11.361037, 151), (-57.921272, 11.361037, 151.5), (-58.409008, 12.09099, 151), (-58.409008, 12.09099, 151.5), (-59.13896, 12.578729, 151), (-59.13896, 12.578729, 151.5), (-60, 12.75, 151), (-60, 12.75, 151.5), (-73.6, 23.16, 77.25), (-73.325, 23.16, 77.25), (-72.775, 23.79, 75), (-73.05, 23.58, 75.75), (-72.775, 23.58, 75.75), (-72.5, 23.79, 75), (-72.5, 23.79, 75.75), (-73.325, 23.37, 76.5), (-73.05, 23.37, 76.5), (-73.05, 23.37, 77.25), (-72.775, 23.58, 76.5), (-72.775, 23.79, 76.5), (-73.05, 23.58, 77.25), (-72.225, 24.21, 73.5), (-71.95, 24.21, 73.5), (-71.95, 24.42, 72.75), (-72.5, 24, 74.25), (-72.225, 24, 74.25), (-71.95, 24.21, 74.25), (-71.95, 24.42, 74.25), (-72.225, 24, 75), (-72.225, 24.21, 75), (-72.5, 24, 75.75), (-74.15, 22.74, 78.75), (-73.875, 22.74, 78.75), (-73.875, 22.95, 78), (-74.425, 22.53, 79.5), (-74.15, 22.53, 79.5), (-73.875, 22.74, 79.5), (-74.15, 22.53, 80.25), (-74.15, 22.74, 80.25), (-73.875, 22.95, 79.5), (-73.6, 22.95, 78), (-73.325, 23.16, 78), (-73.6, 22.95, 78.75), (-73.6, 23.16, 78.75), (-73.325, 23.37, 78), (-74.425, 22.53, 81), (-66.975, 23.81, 65.88), (-66.7, 23.81, 65.88), (-65.6, 24.86, 62.08), (-65.325, 24.86, 62.08), (-65.325, 25.07, 61.32), (-65.05, 25.07, 61.32), (-64.775, 25.28, 61.32), (-65.05, 25.07, 62.08), (-65.05, 25.28, 62.08), (-65.875, 24.65, 62.84), (-65.6, 24.65, 62.84), (-65.325, 24.86, 62.84), (-65.325, 25.07, 62.84), (-66.7, 24.02, 65.12), (-66.425, 24.23, 64.36), (-66.15, 24.23, 64.36), (-66.15, 24.44, 63.6), (-65.875, 24.44, 63.6), (-65.875, 24.44, 64.36), (-66.425, 24.02, 65.12), (-66.15, 24.23, 65.12), (-66.425, 24.02, 65.88), (-66.425, 24.23, 65.88), (-66.15, 24.44, 65.12), (-65.6, 24.65, 63.6), (-65.6, 24.86, 63.6), (-65.875, 24.65, 64.36), (-68.35, 22.76, 69.68), (-68.625, 22.55, 70.44), (-68.35, 22.55, 70.44), (-68.35, 22.55, 71.2), (-68.35, 22.76, 71.2), (-68.625, 22.55, 71.96), (-71.125, 25.05, 70.5), (-70.85, 25.26, 69.75), (-70.575, 25.26, 69.75), (-70.85, 25.05, 70.5), (-70.575, 25.26, 70.5), (-71.4, 24.84, 71.25), (-71.125, 24.84, 71.25), (-71.675, 24.63, 72), (-71.4, 24.63, 72), (-71.125, 24.84, 72), (-71.125, 25.05, 72), (-70.85, 25.05, 71.25), (-70.85, 25.26, 71.25), (-67.8, 23.18, 68.16), (-67.525, 23.18, 68.16), (-68.075, 22.97, 68.92), (-67.8, 22.97, 68.92), (-67.525, 23.18, 68.92), (-67.525, 23.39, 67.4), (-67.25, 23.39, 67.4), (-67.25, 23.6, 66.64), (-66.975, 23.6, 66.64), (-66.7, 23.81, 66.64), (-66.975, 23.6, 67.4), (-66.975, 23.81, 67.4), (-67.525, 23.39, 68.92), (-67.25, 23.39, 68.16), (-67.25, 23.6, 68.16), (-68.075, 22.76, 69.68), (-68.075, 22.76, 70.44), (-67.8, 22.97, 69.68), (-67.8, 23.18, 69.68), (-68.075, 22.97, 70.44), (-66.7, 24.02, 66.64), (-69.475, 26.31, 66), (-69.2, 26.31, 66), (-69.2, 26.52, 65.25), (-68.925, 26.52, 65.25), (-68.925, 26.52, 66), (-68.375, 27.15, 63), (-68.65, 26.94, 63.75), (-68.375, 26.94, 63.75), (-68.925, 26.73, 64.5), (-68.65, 26.73, 64.5), (-68.375, 26.94, 64.5), (-68.375, 27.15, 64.5), (-68.65, 26.73, 65.25), (-68.65, 26.94, 65.25), (-68.925, 26.73, 66), (-64.775, 25.49, 61.32), (-68.1, 27.36, 62.25), (-67.825, 27.36, 62.25), (-68.1, 27.15, 63), (-67.825, 27.36, 63), (-67.825, 27.57, 61.5), (-67.55, 27.57, 61.5), (-67.55, 27.78, 60.75), (-67.275, 27.78, 60.75), (-67, 27.99, 60.75), (-67.275, 27.78, 61.5), (-67.275, 27.99, 61.5), (-67.55, 27.57, 62.25), (-67.825, 27.57, 63), (-67.55, 27.78, 62.25), (-68.1, 27.15, 63.75), (-68.1, 27.36, 63.75), (-70.575, 25.47, 69), (-70.3, 25.47, 69), (-70.3, 25.68, 68.25), (-70.025, 25.89, 67.5), (-69.75, 25.89, 67.5), (-70.025, 25.68, 68.25), (-69.75, 25.89, 68.25), (-70.025, 25.68, 69), (-70.025, 25.89, 69), (-69.75, 26.1, 66.75), (-69.475, 26.1, 66.75), (-69.2, 26.31, 66.75), (-69.475, 26.1, 67.5), (-69.475, 26.31, 67.5), (-69.2, 26.52, 66.75), (-69.75, 26.1, 68.25), (-70.3, 25.47, 69.75), (-70.575, 25.47, 70.5), (-70.3, 25.68, 69.75), (-71.675, 24.42, 72.75), (-71.675, 24.42, 73.5), (-71.4, 24.63, 72.75), (-71.4, 24.84, 72.75), (-71.675, 24.63, 73.5), (-67, 28.2, 60.75), (-19.166666, 3, 151.5), (-21.59099, 8.90901, 151), (-21.59099, 8.90901, 151.5), (-22.07873, 9.638963, 151), (-22.07873, 9.638963, 151.5), (-22.25, 10.5, 151), (-22.25, 10.5, 151.5), (-20.861038, 8.421271, 151), (-20.861038, 8.421271, 151.5), (-20, 8.25, 151), (-20, 8.25, 151.5), (-19.138962, 8.421271, 151), (-19.138962, 8.421271, 151.5), (-18.40901, 8.90901, 151), (-18.40901, 8.90901, 151.5), (-17.92127, 9.638963, 151), (-17.92127, 9.638963, 151.5), (-17.75, 10.5, 151), (-17.75, 10.5, 151.5), (-22.07873, 11.361037, 151), (-22.07873, 11.361037, 151.5), (-21.59099, 12.09099, 151), (-21.59099, 12.09099, 151.5), (-20.861038, 12.578729, 151), (-20.861038, 12.578729, 151.5), (-19.138962, 12.578729, 151), (-19.138962, 12.578729, 151.5), (-18.40901, 12.09099, 151), (-18.40901, 12.09099, 151.5), (-20, 12.75, 151), (-20, 12.75, 151.5), (-17.92127, 11.361037, 151), (-17.92127, 11.361037, 151.5), (0, -45, -30), (0, -42.5, -30), (5.8736787, -44.615017, -30), (5.5473633, -42.136406, -30), (11.646857, -43.466663, -30), (10.999809, -41.05185, -30), (17.220755, -41.574577, -30), (16.264046, -39.26488, -30), (21.25, -36.80608, -30), (22.5, -38.97114, -30), (27.394264, -35.7009, -30), (0, -45, -0.75), (0, -42.5, -0.24), (3.203981, -42.29, -0.24), (3.203981, -42.29, 0), (3.203981, -42.29, 0.52), (5.8736787, -44.615017, -0.75), (5.5473633, -42.136406, 0), (5.5473633, -42.136406, 0.52), (5.8309383, -42.08, 0.52), (5.8309383, -42.08, 1.28), (6.8866796, -41.87, 1.28), (6.8866796, -41.87, 2.04), (11.646857, -43.466663, -0.75), (7.942421, -41.66, 2.04), (7.942421, -41.66, 2.8), (8.998162, -41.45, 2.8), (8.998162, -41.45, 3.56), (10.053904, -41.24, 3.56), (10.999809, -41.05185, 0), (0, -42.5, 9), (0.30514103, -42.48, 9), (0.30514103, -42.48, 9.75), (3.509122, -42.27, 9.75), (3.509122, -42.27, 10.5), (5.5473633, -42.136406, 10.5), (5.931485, -42.06, 10.5), (5.931485, -42.06, 11.25), (6.9872265, -41.85, 11.25), (6.9872265, -41.85, 12), (10.053904, -41.24, 4.32), (10.999809, -41.05185, 4.32), (11.064171, -41.03, 4.32), (11.064171, -41.03, 5.08), (11.682811, -40.82, 5.08), (11.682811, -40.82, 5.84), (12.301451, -40.61, 5.84), (12.301451, -40.61, 6.6), (12.920091, -40.4, 6.6), (12.920091, -40.4, 7.36), (13.538731, -40.19, 7.36), (13.538731, -40.19, 8.12), (14.157371, -39.98, 8.12), (14.157371, -39.98, 8.88), (8.042968, -41.64, 12), (8.042968, -41.64, 12.75), (9.098709, -41.43, 12.75), (9.098709, -41.43, 13.5), (10.15445, -41.22, 13.5), (10.15445, -41.22, 14.25), (10.999809, -41.05185, 14.25), (11.123089, -41.01, 14.25), (11.123089, -41.01, 15), (11.741729, -40.8, 15), (14.494552, -42.5, -0.75), (14.494552, -42.5, -0.24), (15.113192, -42.29, -0.24), (15.113192, -42.29, 0), (17.220755, -41.574577, 0), (14.7760105, -39.77, 8.88), (14.7760105, -39.77, 9.64), (15.39465, -39.56, 9.64), (15.39465, -39.56, 10.4), (16.264046, -39.26488, 0), (21.25, -36.80608, 0), (22.5, -38.97114, 0), (27.394264, -35.7009, 0), (16.01329, -39.35, 10.4), (16.01329, -39.35, 11.16), (16.264046, -39.26488, 11.16), (16.517279, -39.14, 11.16), (16.517279, -39.14, 11.92), (16.943115, -38.93, 11.92), (16.943115, -38.93, 12.68), (17.368954, -38.72, 12.68), (17.368954, -38.72, 13.44), (17.794792, -38.51, 13.44), (17.794792, -38.51, 14.2), (18.220629, -38.3, 14.2), (18.220629, -38.3, 14.96), (18.646467, -38.09, 14.96), (25.87236, -33.717518, -30), (25.87236, -33.717518, 0), (42.5, -42.5, -0.75), (42.5, -42.5, -0.24), (42.5, -42.29, -0.75), (42.5, -42.29, -0.24), (42.775, -42.29, -0.75), (42.775, -42.29, 0), (42.775, -42.08, -0.24), (43.05, -42.08, -0.24), (42.775, -42.08, 0), (43.05, -42.08, 0), (43.05, -37.7225, 0), (45, -45, -0.75), (45, -44.79, 0), (45.275, -44.79, 0), (45, -45, 0.75), (45, -44.79, 0.75), (45.275, -44.58, 0.75), (45.55, -44.58, 0.75), (45, -44.79, 1.5), (45.275, -44.79, 1.5), (45, -44.58, 1.5), (45.275, -44.58, 1.5), (45.55, -44.37, 1.5), (45, -44.58, 2.25), (45, -44.37, 2.25), (45.55, -44.58, 2.25), (45.55, -44.37, 2.25), (45.825, -44.37, 1.5), (45, -44.37, 3), (45.825, -44.37, 3), (45.825, -44.16, 2.25), (46.1, -44.16, 2.25), (45, -44.16, 3), (45, -44.16, 3.75), (45, -43.95, 3.75), (45.825, -44.16, 3), (46.1, -43.95, 3), (46.375, -43.95, 3), (46.1, -44.16, 3.75), (46.1, -43.95, 3.75), (46.375, -43.74, 3.75), (46.65, -43.74, 3.75), (45, -43.95, 4.5), (45, -43.74, 4.5), (45, -43.74, 5.25), (46.375, -43.95, 4.5), (46.375, -43.74, 4.5), (46.65, -43.74, 5.25), (45, -43.53, 5.25), (46.65, -43.53, 4.5), (46.65, -43.53, 5.25), (45, -43.53, 6), (45, -43.32, 6), (45, -43.32, 6.75), (45, -43.11, 6.75), (45, -43.11, 7.5), (45, -42.9, 7.5), (45, -42.9, 8.25), (45, -42.69, 8.25), (45, -42.69, 9), (45, -42.48, 9), (46.925, -43.53, 4.5), (46.925, -43.32, 5.25), (47.2, -43.32, 5.25), (46.925, -43.53, 6), (46.925, -43.32, 6), (47.2, -43.32, 6.75), (47.2, -43.11, 6), (47.475, -43.11, 6), (47.2, -43.11, 6.75), (47.475, -42.9, 6.75), (47.75, -42.9, 6.75), (47.475, -43.11, 7.5), (47.475, -42.9, 7.5), (47.75, -42.9, 8.25), (47.75, -42.69, 7.5), (48.025, -42.69, 7.5), (47.75, -42.69, 8.25), (48.025, -42.48, 8.25), (48.3, -42.48, 8.25), (48.025, -42.69, 9), (48.025, -42.48, 9), (48.3, -42.27, 9), (48.575, -42.27, 9), (45, -42.48, 9.75), (45, -42.27, 9.75), (45, -42.27, 10.5), (48.3, -42.48, 9.75), (48.3, -42.27, 9.75), (48.575, -42.27, 10.5), (45, -40.4, 5.84), (45.25, -40.4, 5.84), (45.25, -40.19, 6.6), (45.525, -40.19, 6.6), (45, -40.4, 7.36), (45.25, -40.4, 7.36), (45, -40.19, 7.36), (45.25, -40.19, 7.36), (45, -40.19, 8.12), (45.525, -40.19, 8.12), (45.525, -39.98, 7.36), (45.8, -39.98, 7.36), (45, -39.98, 8.12), (45.525, -39.98, 8.12), (45.8, -39.77, 8.12), (46.075, -39.77, 8.12), (45, -39.98, 8.88), (45, -39.77, 8.88), (45.8, -39.98, 8.88), (45.8, -39.77, 8.88), (45, -39.77, 9.64), (45, -39.56, 9.64), (46.075, -39.77, 9.64), (46.075, -39.56, 8.88), (46.35, -39.56, 8.88), (46.075, -39.56, 9.64), (45, -42.06, 10.5), (45, -42.06, 11.25), (45, -41.85, 11.25), (45, -41.85, 12), (45, -41.64, 12), (45, -41.64, 12.75), (45, -41.43, 12.75), (45, -41.43, 13.5), (45, -41.22, 13.5), (45, -41.22, 14.25), (45, -41.01, 14.25), (45, -41.01, 15), (45, -40.8, 15), (45, -39.56, 10.4), (46.35, -39.56, 10.4), (48.575, -42.06, 9.75), (48.85, -42.06, 9.75), (48.575, -42.06, 10.5), (48.85, -41.85, 10.5), (49.125, -41.85, 10.5), (48.85, -42.06, 11.25), (48.85, -41.85, 11.25), (49.125, -41.85, 12), (49.125, -41.64, 11.25), (49.4, -41.64, 11.25), (49.125, -41.64, 12), (49.4, -41.43, 12), (49.675, -41.43, 12), (49.4, -41.64, 12.75), (49.4, -41.43, 12.75), (49.675, -41.22, 12.75), (49.95, -41.22, 12.75), (49.675, -41.43, 13.5), (49.675, -41.22, 13.5), (49.95, -41.01, 13.5), (50.225, -41.01, 13.5), (49.95, -41.22, 14.25), (49.95, -41.01, 14.25), (50.225, -40.8, 14.25), (50.225, -41.01, 15), (50.225, -40.8, 15), (50.5, -40.8, 14.25), (50.5, -40.59, 15), (50.775, -40.59, 15), (46.35, -39.35, 9.64), (46.625, -39.35, 9.64), (45, -39.35, 10.4), (46.35, -39.35, 10.4), (46.625, -39.14, 10.4), (45, -39.35, 11.16), (45, -39.14, 11.16), (45, -39.14, 11.92), (45, -38.93, 11.92), (46.625, -39.35, 11.16), (46.625, -39.14, 11.16), (45, -38.93, 12.68), (45, -38.72, 12.68), (45, -38.72, 13.44), (45, -38.51, 13.44), (45, -38.51, 14.2), (45, -38.3, 14.2), (45, -38.3, 14.96), (45, -38.09, 14.96), (46.9, -39.14, 10.4), (46.9, -39.14, 11.92), (46.9, -38.93, 11.16), (47.175, -38.93, 11.16), (46.9, -38.93, 11.92), (47.175, -38.72, 11.92), (47.45, -38.72, 11.92), (47.175, -38.93, 12.68), (47.175, -38.72, 12.68), (47.45, -38.72, 13.44), (47.45, -38.51, 12.68), (47.45, -38.51, 13.44), (47.725, -38.51, 12.68), (47.725, -38.3, 13.44), (48, -38.3, 13.44), (47.725, -38.51, 14.2), (47.725, -38.3, 14.2), (48, -38.09, 14.2), (48.275, -38.09, 14.2), (48, -38.3, 14.96), (48, -38.09, 14.96), (48.275, -37.88, 14.96), (48.55, -37.88, 14.96), (31.819805, -31.819805, -30), (30.052038, -30.052038, -30), (35.7009, -27.394264, -30), (33.717518, -25.87236, -30), (31.819805, -31.819805, 0), (30.052038, -30.052038, 0), (35.7009, -27.394264, 0), (33.717518, -25.87236, 0), (45, -33.054546, 5.84), (0, -45, 20), (0, -42.5, 20), (5.8736787, -44.615017, 20), (5.5473633, -42.136406, 20), (11.646857, -43.466663, 20), (11.741729, -40.8, 15.75), (10.999809, -41.05185, 20), (12.360369, -40.59, 15.75), (12.360369, -40.59, 16.5), (12.979009, -40.38, 16.5), (12.979009, -40.38, 17.25), (13.597649, -40.17, 17.25), (13.597649, -40.17, 18), (14.216289, -39.96, 18), (14.216289, -39.96, 18.75), (17.220755, -41.574577, 20), (14.8349285, -39.75, 18.75), (14.8349285, -39.75, 19.5), (15.453568, -39.54, 19.5), (15.453568, -39.54, 20), (21.346472, -39.54, 20), (18.646467, -38.09, 15.72), (19.072306, -37.88, 15.72), (19.072306, -37.88, 16.48), (19.498142, -37.67, 16.48), (19.498142, -37.67, 17.24), (19.92398, -37.46, 17.24), (19.92398, -37.46, 18), (20.34982, -37.25, 18), (20.34982, -37.25, 18.76), (20.775656, -37.04, 18.76), (20.775656, -37.04, 19.52), (21.201494, -36.83, 19.52), (21.201494, -36.83, 20), (21.25, -36.80608, 20), (25.704447, -36.83, 20), (27.394264, -35.7009, 20), (25.87236, -33.717518, 20), (45, -45, 20), (45, -40.8, 15.75), (45, -40.59, 15.75), (45, -40.59, 16.5), (45, -40.38, 16.5), (45, -40.38, 17.25), (45, -40.17, 17.25), (45, -40.17, 18), (45, -39.96, 18), (45, -39.96, 18.75), (45, -39.75, 18.75), (45, -39.75, 19.5), (45, -39.54, 19.5), (45, -39.54, 20), (50.5, -40.8, 15.75), (50.5, -40.59, 15.75), (50.775, -40.59, 16.5), (50.775, -40.38, 15.75), (51.05, -40.38, 15.75), (50.775, -40.38, 16.5), (51.05, -40.17, 16.5), (51.325, -40.17, 16.5), (51.05, -40.38, 17.25), (51.05, -40.17, 17.25), (51.325, -40.17, 18), (51.325, -39.96, 17.25), (51.6, -39.96, 17.25), (51.325, -39.96, 18), (51.6, -39.75, 18), (51.875, -39.75, 18), (51.6, -39.96, 18.75), (51.6, -39.75, 18.75), (51.875, -39.75, 19.5), (51.875, -39.54, 18.75), (51.875, -39.54, 19.5), (52.15, -39.54, 18.75), (52.15, -39.54, 20.25), (45, -38.09, 15.72), (45, -37.88, 15.72), (45, -37.88, 16.48), (45, -37.67, 16.48), (45, -37.67, 17.24), (45, -37.46, 17.24), (45, -37.46, 18), (45, -37.25, 18), (45, -37.25, 18.76), (45, -37.04, 18.76), (45, -37.04, 19.52), (45, -36.83, 19.52), (45, -36.83, 20), (48.275, -38.09, 15.72), (48.275, -37.88, 15.72), (48.55, -37.67, 15.72), (48.825, -37.67, 15.72), (48.55, -37.88, 16.48), (48.55, -37.67, 16.48), (48.825, -37.46, 16.48), (49.1, -37.46, 16.48), (48.825, -37.67, 17.24), (48.825, -37.46, 17.24), (49.1, -37.46, 18), (49.1, -37.25, 17.24), (49.375, -37.25, 17.24), (49.1, -37.25, 18), (49.375, -37.04, 18), (49.65, -37.04, 18), (49.375, -37.25, 18.76), (49.375, -37.04, 18.76), (49.65, -37.04, 19.52), (49.65, -36.83, 18.76), (49.925, -36.83, 18.76), (49.65, -36.83, 19.52), (49.925, -36.62, 19.52), (50.2, -36.62, 19.52), (49.925, -36.83, 20.28), (49.925, -36.62, 20.28), (50.2, -36.62, 21.04), (50.2, -36.41, 20.28), (50.2, -36.41, 21.04), (52.15, -39.33, 19.5), (52.425, -39.33, 19.5), (52.15, -39.33, 20.25), (52.425, -39.12, 20.25), (52.7, -39.12, 20.25), (52.425, -39.33, 21), (52.425, -39.12, 21), (52.7, -38.91, 21), (52.975, -38.91, 21), (52.7, -39.12, 21.75), (52.7, -38.91, 21.75), (52.975, -38.7, 21.75), (53.25, -38.7, 21.75), (52.975, -38.91, 22.5), (52.975, -38.7, 22.5), (53.25, -38.7, 23.25), (53.25, -38.49, 22.5), (53.525, -38.49, 22.5), (53.25, -38.49, 23.25), (53.525, -38.28, 23.25), (53.8, -38.28, 23.25), (53.525, -38.49, 24), (53.525, -38.28, 24), (53.8, -38.07, 24), (53.8, -38.28, 24.75), (53.8, -38.07, 24.75), (54.075, -38.07, 24), (54.075, -38.07, 25.5), (54.075, -37.86, 24.75), (54.35, -37.86, 24.75), (54.075, -37.86, 25.5), (54.35, -37.65, 25.5), (54.625, -37.65, 25.5), (54.35, -37.86, 26.25), (54.35, -37.65, 26.25), (54.625, -37.44, 26.25), (54.9, -37.44, 26.25), (50.475, -36.41, 20.28), (50.475, -36.2, 21.04), (50.75, -36.2, 21.04), (50.475, -36.41, 21.8), (50.475, -36.2, 21.8), (50.75, -35.99, 21.8), (51.025, -35.99, 21.8), (50.75, -36.2, 22.56), (50.75, -35.99, 22.56), (51.025, -35.99, 23.32), (51.025, -35.78, 22.56), (51.025, -35.78, 23.32), (51.3, -35.78, 22.56), (51.3, -35.57, 23.32), (51.575, -35.57, 23.32), (51.3, -35.78, 24.08), (51.3, -35.57, 24.08), (51.575, -35.57, 24.84), (51.575, -35.36, 24.08), (51.85, -35.36, 24.08), (51.575, -35.36, 24.84), (51.85, -35.36, 25.6), (51.85, -35.15, 24.84), (51.85, -35.15, 25.6), (52.125, -35.15, 24.84), (52.125, -34.94, 25.6), (52.4, -34.94, 25.6), (52.125, -35.15, 26.36), (52.125, -34.94, 26.36), (52.4, -34.73, 26.36), (52.675, -34.73, 26.36), (54.625, -37.65, 27), (54.625, -37.44, 27), (54.9, -37.44, 27.75), (54.9, -37.23, 27), (55.175, -37.23, 27), (54.9, -37.23, 27.75), (55.175, -37.02, 27.75), (55.45, -37.02, 27.75), (55.175, -37.23, 28.5), (55.175, -37.02, 28.5), (55.45, -37.02, 29.25), (55.45, -36.81, 28.5), (55.45, -36.81, 29.25), (55.725, -36.81, 28.5), (55.725, -36.6, 29.25), (56, -36.6, 29.25), (55.725, -36.81, 30), (55.725, -36.6, 30), (56, -36.6, 30.75), (52.4, -34.94, 27.12), (52.4, -34.73, 27.12), (52.675, -34.52, 27.12), (52.95, -34.52, 27.12), (52.675, -34.73, 27.88), (52.675, -34.52, 27.88), (52.95, -34.52, 28.64), (52.95, -34.31, 27.88), (53.225, -34.31, 27.88), (52.95, -34.31, 28.64), (53.225, -34.31, 29.4), (53.225, -34.1, 28.64), (53.5, -34.1, 28.64), (53.225, -34.1, 29.4), (53.5, -33.89, 29.4), (53.775, -33.89, 29.4), (53.5, -34.1, 30.16), (53.5, -33.89, 30.16), (53.775, -33.89, 30.92), (56, -36.39, 30), (56.275, -36.39, 30), (56, -36.39, 30.75), (56.275, -36.18, 30.75), (56.55, -36.18, 30.75), (56.275, -36.39, 31.5), (56.275, -36.18, 31.5), (56.55, -35.97, 31.5), (56.55, -36.18, 32.25), (56.55, -35.97, 32.25), (56.825, -35.97, 31.5), (56.825, -35.76, 32.25), (57.1, -35.76, 32.25), (56.825, -35.97, 33), (56.825, -35.76, 33), (57.1, -35.55, 33), (57.375, -35.55, 33), (57.1, -35.76, 33.75), (57.1, -35.55, 33.75), (57.375, -35.34, 33.75), (57.375, -35.55, 34.5), (57.375, -35.34, 34.5), (31.819805, -31.819805, 20), (30.052038, -30.052038, 20), (35.7009, -27.394264, 20), (33.717518, -25.87236, 20), (53.775, -33.68, 30.16), (53.775, -33.68, 30.92), (54.05, -33.68, 30.16), (54.05, -33.47, 30.92), (54.325, -33.47, 30.92), (54.05, -33.68, 31.68), (54.05, -33.47, 31.68), (54.325, -33.26, 31.68), (54.6, -33.26, 31.68), (54.325, -33.47, 32.44), (54.325, -33.26, 32.44), (54.6, -33.05, 32.44), (54.6, -33.26, 33.2), (54.6, -33.05, 33.2), (54.875, -33.05, 32.44), (54.875, -33.05, 33.96), (54.875, -32.84, 33.2), (55.15, -32.84, 33.2), (54.875, -32.84, 33.96), (55.15, -32.84, 34.72), (55.15, -32.63, 33.96), (55.425, -32.63, 33.96), (55.15, -32.63, 34.72), (55.425, -32.42, 34.72), (55.7, -32.42, 34.72), (55.425, -32.63, 35.48), (55.425, -32.42, 35.48), (55.7, -32.42, 36.24), (55.7, -32.21, 35.48), (55.7, -32.21, 36.24), (55.975, -32.21, 35.48), (55.975, -32, 36.24), (56.25, -32, 36.24), (55.975, -32.21, 37), (55.975, -32, 37), (56.25, -32, 37.76), (56.25, -31.79, 37), (56.525, -31.79, 37), (56.25, -31.79, 37.76), (56.525, -31.58, 37.76), (56.8, -31.58, 37.76), (56.525, -31.79, 38.52), (56.525, -31.58, 38.52), (56.8, -31.37, 38.52), (57.075, -31.37, 38.52), (56.8, -31.58, 39.28), (56.8, -31.37, 39.28), (57.075, -31.16, 39.28), (57.35, -31.16, 39.28), (57.075, -31.37, 40.04), (57.075, -31.16, 40.04), (57.35, -30.95, 40.04), (57.35, -31.16, 40.8), (57.35, -30.95, 40.8), (36.80608, -21.25, -30), (38.97114, -22.5, -30), (41.574577, -17.220755, -30), (39.26488, -16.264046, -30), (43.466663, -11.646857, -30), (36.80608, -21.25, 0), (38.97114, -22.5, 0), (41.574577, -17.220755, 0), (39.26488, -16.264046, 0), (42.775, -13.684428, -0.75), (42.775, -13.684428, -0.24), (43.05, -12.874304, -0.24), (43.05, -12.874304, 0), (43.466663, -11.646857, -0.75), (41.05185, -10.999809, -30), (42.136406, -5.5473633, -30), (44.615017, -5.8736787, -30), (41.05185, -10.999809, 0), (42.136406, -5.5473633, 0), (44.615017, -5.8736787, -0.75), (36.80608, -21.25, 20), (38.97114, -22.5, 20), (41.574577, -17.220755, 20), (39.26488, -16.264046, 20), (43.466663, -11.646857, 20), (41.05185, -10.999809, 20), (42.136406, -5.5473633, 20), (44.615017, -5.8736787, 20), (57.65, -35.34, 33.75), (57.65, -35.34, 35.25), (57.65, -35.13, 34.5), (57.925, -35.13, 34.5), (57.65, -35.13, 35.25), (57.925, -34.92, 35.25), (58.2, -34.92, 35.25), (57.925, -35.13, 36), (57.925, -34.92, 36), (58.2, -34.71, 36), (58.475, -34.71, 36), (58.2, -34.92, 36.75), (58.2, -34.71, 36.75), (58.475, -34.5, 36.75), (58.75, -34.5, 36.75), (58.475, -34.71, 37.5), (58.475, -34.5, 37.5), (58.75, -34.29, 37.5), (59.025, -34.29, 37.5), (58.75, -34.5, 38.25), (58.75, -34.29, 38.25), (59.025, -34.29, 39), (59.025, -34.08, 38.25), (59.025, -34.08, 39), (59.3, -34.08, 38.25), (59.3, -33.87, 39), (59.575, -33.87, 39), (59.3, -34.08, 39.75), (59.3, -33.87, 39.75), (59.575, -33.87, 40.5), (59.575, -33.66, 39.75), (59.85, -33.66, 39.75), (59.575, -33.66, 40.5), (59.85, -33.45, 40.5), (60.125, -33.45, 40.5), (59.85, -33.66, 41.25), (59.85, -33.45, 41.25), (60.125, -33.45, 42), (60.125, -33.24, 41.25), (60.125, -33.24, 42), (60.4, -33.24, 41.25), (60.4, -33.24, 42.75), (60.4, -33.03, 42), (60.675, -33.03, 42), (60.4, -33.03, 42.75), (60.675, -32.82, 42.75), (60.95, -32.82, 42.75), (60.675, -33.03, 43.5), (60.675, -32.82, 43.5), (60.95, -32.61, 43.5), (57.625, -30.95, 40.04), (57.625, -30.95, 41.56), (61.225, -32.61, 43.5), (60.95, -32.82, 44.25), (60.95, -32.61, 44.25), (61.225, -32.4, 44.25), (61.5, -32.4, 44.25), (61.225, -32.61, 45), (61.225, -32.4, 45), (61.5, -32.4, 45.75), (61.5, -32.19, 45), (61.775, -32.19, 45), (61.5, -32.19, 45.75), (61.775, -32.19, 46.5), (61.775, -31.98, 45.75), (61.775, -31.98, 46.5), (62.05, -31.98, 45.75), (62.05, -31.77, 46.5), (62.325, -31.77, 46.5), (62.05, -31.98, 47.25), (62.05, -31.77, 47.25), (62.325, -31.77, 48), (62.325, -31.56, 47.25), (62.6, -31.56, 47.25), (62.325, -31.56, 48), (62.6, -31.35, 48), (62.875, -31.35, 48), (62.6, -31.56, 48.75), (62.6, -31.35, 48.75), (62.875, -31.14, 48.75), (63.15, -31.14, 48.75), (57.625, -30.74, 40.8), (57.9, -30.74, 40.8), (57.625, -30.74, 41.56), (57.9, -30.53, 41.56), (58.175, -30.53, 41.56), (57.9, -30.74, 42.32), (57.9, -30.53, 42.32), (58.175, -30.32, 42.32), (58.175, -30.53, 43.08), (58.175, -30.32, 43.08), (58.45, -30.32, 42.32), (58.45, -30.11, 43.08), (58.725, -30.11, 43.08), (58.45, -30.32, 43.84), (58.45, -30.11, 43.84), (58.725, -29.9, 43.84), (59, -29.9, 43.84), (58.725, -30.11, 44.6), (58.725, -29.9, 44.6), (59, -29.69, 44.6), (59.275, -29.69, 44.6), (59, -29.9, 45.36), (59, -29.69, 45.36), (59.275, -29.69, 46.12), (59.275, -29.48, 45.36), (59.275, -29.48, 46.12), (59.55, -29.48, 45.36), (59.55, -29.27, 46.12), (59.825, -29.27, 46.12), (59.55, -29.48, 46.88), (59.55, -29.27, 46.88), (59.825, -29.27, 47.64), (59.825, -29.06, 46.88), (60.1, -29.06, 46.88), (59.825, -29.06, 47.64), (60.1, -28.85, 47.64), (60.375, -28.85, 47.64), (60.1, -29.06, 48.4), (60.1, -28.85, 48.4), (60.375, -28.85, 49.16), (60.375, -28.64, 48.4), (60.65, -28.64, 48.4), (60.375, -28.64, 49.16), (60.65, -28.43, 49.16), (60.925, -28.43, 49.16), (62.875, -31.35, 49.5), (62.875, -31.14, 49.5), (63.15, -31.14, 50.25), (60.65, -28.64, 49.92), (60.65, -28.43, 49.92), (60.925, -28.22, 49.92), (60.925, -28.43, 50.68), (60.925, -28.22, 50.68), (63.15, -30.93, 49.5), (63.425, -30.93, 49.5), (63.15, -30.93, 50.25), (63.425, -30.72, 50.25), (63.7, -30.72, 50.25), (63.425, -30.93, 51), (63.425, -30.72, 51), (63.7, -30.72, 51.75), (63.7, -30.51, 51), (63.7, -30.51, 51.75), (63.975, -30.51, 51), (63.975, -30.3, 51.75), (64.25, -30.3, 51.75), (63.975, -30.51, 52.5), (63.975, -30.3, 52.5), (64.25, -30.3, 53.25), (64.25, -30.09, 52.5), (64.525, -30.09, 52.5), (64.25, -30.09, 53.25), (64.525, -29.88, 53.25), (64.525, -30.09, 54), (64.525, -29.88, 54), (61.2, -28.22, 49.92), (61.2, -28.22, 51.44), (64.8, -29.88, 53.25), (64.8, -29.67, 54), (65.075, -29.67, 54), (64.8, -29.88, 54.75), (64.8, -29.67, 54.75), (65.075, -29.46, 54.75), (65.35, -29.46, 54.75), (65.075, -29.67, 55.5), (65.075, -29.46, 55.5), (65.35, -29.25, 55.5), (65.35, -29.46, 56.25), (65.35, -29.25, 56.25), (65.625, -29.25, 55.5), (65.625, -29.04, 56.25), (65.9, -29.04, 56.25), (65.625, -29.25, 57), (65.625, -29.04, 57), (65.9, -28.83, 57), (66.175, -28.83, 57), (65.9, -29.04, 57.75), (65.9, -28.83, 57.75), (66.175, -28.62, 57.75), (66.45, -28.62, 57.75), (66.175, -28.83, 58.5), (66.175, -28.62, 58.5), (66.45, -28.62, 59.25), (66.45, -28.41, 58.5), (66.45, -28.41, 59.25), (66.725, -28.41, 58.5), (66.725, -28.2, 59.25), (67, -28.2, 59.25), (66.725, -28.41, 60), (66.725, -28.2, 60), (61.2, -28.01, 50.68), (61.475, -28.01, 50.68), (61.2, -28.01, 51.44), (61.475, -27.8, 51.44), (61.75, -27.8, 51.44), (61.475, -28.01, 52.2), (61.475, -27.8, 52.2), (61.75, -27.59, 52.2), (62.025, -27.59, 52.2), (61.75, -27.8, 52.96), (61.75, -27.59, 52.96), (62.025, -27.59, 53.72), (62.025, -27.38, 52.96), (62.3, -27.38, 52.96), (62.025, -27.38, 53.72), (62.3, -27.17, 53.72), (62.575, -27.17, 53.72), (62.3, -27.38, 54.48), (62.3, -27.17, 54.48), (62.575, -26.96, 54.48), (62.85, -26.96, 54.48), (62.575, -27.17, 55.24), (62.575, -26.96, 55.24), (62.85, -26.75, 55.24), (62.85, -26.96, 56), (62.85, -26.75, 56), (63.125, -26.75, 55.24), (63.125, -26.75, 56.76), (63.125, -26.54, 56), (63.4, -26.54, 56), (63.125, -26.54, 56.76), (63.4, -26.54, 57.52), (63.4, -26.33, 56.76), (63.675, -26.33, 56.76), (63.4, -26.33, 57.52), (63.675, -26.12, 57.52), (63.95, -26.12, 57.52), (63.675, -26.33, 58.28), (63.675, -26.12, 58.28), (63.95, -26.12, 59.04), (63.95, -25.91, 58.28), (64.225, -25.91, 58.28), (63.95, -25.91, 59.04), (64.225, -25.7, 59.04), (64.5, -25.7, 59.04), (64.225, -25.91, 59.8), (64.225, -25.7, 59.8), (64.5, -25.7, 60.56), (64.5, -25.49, 59.8), (64.5, -25.49, 60.56), (67, -27.99, 60), (67.275, -27.99, 60), (64.775, -25.49, 59.8), (64.775, -25.28, 60.56), (65.05, -25.28, 60.56), (17.92127, -11.361037, 151), (17.92127, -11.361037, 151.5), (20, -12.75, 151), (20, -12.75, 151.5), (18.40901, -12.09099, 151), (18.40901, -12.09099, 151.5), (19.138962, -12.578729, 151), (19.138962, -12.578729, 151.5), (20.861038, -12.578729, 151), (20.861038, -12.578729, 151.5), (21.59099, -12.09099, 151), (21.59099, -12.09099, 151.5), (22.07873, -11.361037, 151), (22.07873, -11.361037, 151.5), (17.75, -10.5, 151), (17.75, -10.5, 151.5), (17.92127, -9.638963, 151), (17.92127, -9.638963, 151.5), (18.40901, -8.90901, 151), (18.40901, -8.90901, 151.5), (19.138962, -8.421271, 151), (19.138962, -8.421271, 151.5), (20, -8.25, 151), (20, -8.25, 151.5), (20.861038, -8.421271, 151), (20.861038, -8.421271, 151.5), (22.25, -10.5, 151), (22.25, -10.5, 151.5), (22.07873, -9.638963, 151), (22.07873, -9.638963, 151.5), (21.59099, -8.90901, 151), (21.59099, -8.90901, 151.5), (19.166666, -3, 151.5), (67, -28.2, 60.75), (67, -27.99, 60.75), (67.275, -27.78, 60.75), (67.275, -27.99, 61.5), (67.275, -27.78, 61.5), (67.55, -27.78, 60.75), (67.55, -27.57, 61.5), (67.825, -27.57, 61.5), (67.55, -27.78, 62.25), (67.55, -27.57, 62.25), (67.825, -27.57, 63), (67.825, -27.36, 62.25), (68.1, -27.36, 62.25), (67.825, -27.36, 63), (68.1, -27.15, 63), (68.1, -27.36, 63.75), (68.1, -27.15, 63.75), (64.775, -25.49, 61.32), (68.375, -27.15, 63), (68.375, -27.15, 64.5), (68.375, -26.94, 63.75), (68.65, -26.94, 63.75), (68.375, -26.94, 64.5), (68.65, -26.73, 64.5), (68.925, -26.73, 64.5), (68.65, -26.94, 65.25), (68.65, -26.73, 65.25), (68.925, -26.73, 66), (68.925, -26.52, 65.25), (68.925, -26.52, 66), (69.2, -26.52, 65.25), (69.2, -26.31, 66), (69.475, -26.31, 66), (69.2, -26.52, 66.75), (69.2, -26.31, 66.75), (69.475, -26.1, 66.75), (69.75, -26.1, 66.75), (69.475, -26.31, 67.5), (69.475, -26.1, 67.5), (69.75, -26.1, 68.25), (69.75, -25.89, 67.5), (70.025, -25.89, 67.5), (69.75, -25.89, 68.25), (70.025, -25.68, 68.25), (70.025, -25.89, 69), (70.025, -25.68, 69), (70.3, -25.68, 68.25), (70.3, -25.47, 69), (70.575, -25.47, 69), (70.3, -25.68, 69.75), (70.3, -25.47, 69.75), (70.575, -25.47, 70.5), (64.775, -25.28, 61.32), (65.05, -25.07, 61.32), (65.325, -25.07, 61.32), (65.05, -25.28, 62.08), (65.05, -25.07, 62.08), (65.325, -24.86, 62.08), (65.6, -24.86, 62.08), (65.325, -25.07, 62.84), (65.325, -24.86, 62.84), (65.6, -24.65, 62.84), (65.875, -24.65, 62.84), (65.6, -24.86, 63.6), (65.6, -24.65, 63.6), (65.875, -24.65, 64.36), (65.875, -24.44, 63.6), (66.15, -24.44, 63.6), (65.875, -24.44, 64.36), (66.15, -24.23, 64.36), (66.425, -24.23, 64.36), (66.15, -24.44, 65.12), (66.15, -24.23, 65.12), (66.425, -24.02, 65.12), (66.425, -24.23, 65.88), (66.425, -24.02, 65.88), (66.7, -24.02, 65.12), (66.7, -23.81, 65.88), (66.975, -23.81, 65.88), (66.7, -24.02, 66.64), (66.7, -23.81, 66.64), (66.975, -23.6, 66.64), (67.25, -23.6, 66.64), (66.975, -23.81, 67.4), (66.975, -23.6, 67.4), (67.25, -23.39, 67.4), (67.525, -23.39, 67.4), (67.25, -23.6, 68.16), (67.25, -23.39, 68.16), (67.525, -23.39, 68.92), (67.525, -23.18, 68.16), (67.8, -23.18, 68.16), (67.525, -23.18, 68.92), (67.8, -22.97, 68.92), (68.075, -22.97, 68.92), (67.8, -23.18, 69.68), (67.8, -22.97, 69.68), (68.075, -22.97, 70.44), (68.075, -22.76, 69.68), (68.075, -22.76, 70.44), (70.575, -25.26, 69.75), (70.85, -25.26, 69.75), (70.575, -25.26, 70.5), (70.85, -25.05, 70.5), (71.125, -25.05, 70.5), (70.85, -25.26, 71.25), (70.85, -25.05, 71.25), (71.125, -25.05, 72), (71.125, -24.84, 71.25), (71.4, -24.84, 71.25), (71.125, -24.84, 72), (71.4, -24.63, 72), (71.675, -24.63, 72), (68.35, -22.76, 69.68), (68.35, -22.55, 70.44), (68.625, -22.55, 70.44), (68.35, -22.76, 71.2), (68.35, -22.55, 71.2), (68.625, -22.55, 71.96), (71.4, -24.84, 72.75), (71.4, -24.63, 72.75), (71.675, -24.63, 73.5), (71.675, -24.42, 72.75), (71.675, -24.42, 73.5), (71.95, -24.42, 72.75), (71.95, -24.21, 73.5), (72.225, -24.21, 73.5), (71.95, -24.42, 74.25), (71.95, -24.21, 74.25), (72.225, -24, 74.25), (72.5, -24, 74.25), (72.225, -24.21, 75), (72.225, -24, 75), (72.5, -24, 75.75), (72.5, -23.79, 75), (72.5, -23.79, 75.75), (72.775, -23.79, 75), (72.775, -23.58, 75.75), (73.05, -23.58, 75.75), (72.775, -23.79, 76.5), (72.775, -23.58, 76.5), (73.05, -23.58, 77.25), (73.05, -23.37, 76.5), (73.325, -23.37, 76.5), (73.05, -23.37, 77.25), (73.325, -23.16, 77.25), (73.6, -23.16, 77.25), (73.325, -23.37, 78), (73.325, -23.16, 78), (73.6, -22.95, 78), (73.6, -23.16, 78.75), (73.6, -22.95, 78.75), (73.875, -22.95, 78), (73.875, -22.74, 78.75), (74.15, -22.74, 78.75), (73.875, -22.95, 79.5), (73.875, -22.74, 79.5), (74.15, -22.53, 79.5), (74.425, -22.53, 79.5), (74.15, -22.74, 80.25), (74.15, -22.53, 80.25), (74.425, -22.53, 81), (68.625, -22.34, 71.2), (68.9, -22.34, 71.2), (68.625, -22.34, 71.96), (68.9, -22.13, 71.96), (69.175, -22.13, 71.96), (68.9, -22.34, 72.72), (68.9, -22.13, 72.72), (69.175, -21.92, 72.72), (69.175, -22.13, 73.48), (69.175, -21.92, 73.48), (69.45, -21.92, 72.72), (69.45, -21.92, 74.24), (69.45, -21.71, 73.48), (69.725, -21.71, 73.48), (69.45, -21.71, 74.24), (69.725, -21.5, 74.24), (70, -21.5, 74.24), (69.725, -21.71, 75), (69.725, -21.5, 75), (70, -21.5, 75.76), (70, -21.29, 75), (70, -21.29, 75.76), (70.275, -21.29, 75), (70.275, -21.29, 76.52), (70.275, -21.08, 75.76), (70.55, -21.08, 75.76), (70.275, -21.08, 76.52), (70.55, -20.87, 76.52), (70.825, -20.87, 76.52), (70.55, -21.08, 77.28), (70.55, -20.87, 77.28), (70.825, -20.66, 77.28), (71.1, -20.66, 77.28), (70.825, -20.87, 78.04), (70.825, -20.66, 78.04), (71.1, -20.45, 78.04), (71.375, -20.45, 78.04), (71.1, -20.66, 78.8), (71.1, -20.45, 78.8), (71.375, -20.45, 79.56), (71.375, -20.24, 78.8), (71.65, -20.24, 78.8), (71.375, -20.24, 79.56), (71.65, -20.24, 80.32), (71.65, -20.03, 79.56), (71.65, -20.03, 80.32), (74.425, -22.32, 80.25), (74.7, -22.32, 80.25), (74.425, -22.32, 81), (74.7, -22.32, 81.75), (74.7, -22.11, 81), (74.975, -22.11, 81), (74.7, -22.11, 81.75), (74.975, -21.9, 81.75), (75.25, -21.9, 81.75), (74.975, -22.11, 82.5), (74.975, -21.9, 82.5), (75.25, -21.9, 83.25), (75.25, -21.69, 82.5), (75.25, -21.69, 83.25), (71.925, -20.03, 79.56), (71.925, -19.82, 80.32), (72.2, -19.82, 80.32), (71.925, -20.03, 81.08), (71.925, -19.82, 81.08), (72.2, -19.82, 81.84), (75.525, -21.69, 82.5), (75.525, -21.48, 83.25), (75.8, -21.48, 83.25), (72.2, -19.61, 81.08), (72.475, -19.61, 81.08), (72.2, -19.61, 81.84), (72.475, -19.4, 81.84), (72.75, -19.4, 81.84), (72.475, -19.61, 82.6), (72.475, -19.4, 82.6), (72.75, -19.4, 83.36), (72.75, -19.19, 82.6), (72.75, -19.19, 83.36), (73.025, -19.19, 82.6), (73.025, -18.98, 83.36), (73.3, -18.98, 83.36), (75.525, -21.69, 84), (75.525, -21.48, 84), (75.8, -21.48, 84.75), (75.8, -21.27, 84), (76.075, -21.27, 84), (75.8, -21.27, 84.75), (76.075, -21.27, 85.5), (76.075, -21.06, 84.75), (76.35, -21.06, 84.75), (76.075, -21.06, 85.5), (76.35, -20.85, 85.5), (76.35, -21.06, 86.25), (76.35, -20.85, 86.25), (76.625, -20.85, 85.5), (76.625, -20.64, 86.25), (76.9, -20.64, 86.25), (76.625, -20.85, 87), (76.625, -20.64, 87), (76.9, -20.43, 87), (77.175, -20.43, 87), (76.9, -20.64, 87.75), (76.9, -20.43, 87.75), (77.175, -20.43, 88.5), (77.175, -20.22, 87.75), (77.175, -20.22, 88.5), (77.45, -20.22, 87.75), (77.45, -20.01, 88.5), (77.725, -20.01, 88.5), (77.45, -20.22, 89.25), (77.45, -20.01, 89.25), (77.725, -19.8, 89.25), (78, -19.8, 89.25), (77.725, -20.01, 90), (77.725, -19.8, 90), (78, -19.8, 90.75), (73.025, -19.19, 84.12), (73.025, -18.98, 84.12), (73.3, -18.77, 84.12), (73.575, -18.77, 84.12), (73.3, -18.98, 84.88), (73.3, -18.77, 84.88), (73.575, -18.77, 85.64), (73.575, -18.56, 84.88), (73.575, -18.56, 85.64), (73.85, -18.56, 84.88), (73.85, -18.35, 85.64), (74.125, -18.35, 85.64), (73.85, -18.56, 86.4), (73.85, -18.35, 86.4), (74.125, -18.35, 87.16), (74.125, -18.14, 86.4), (74.4, -18.14, 86.4), (74.125, -18.14, 87.16), (74.4, -17.93, 87.16), (74.675, -17.93, 87.16), (74.4, -18.14, 87.92), (74.4, -17.93, 87.92), (74.675, -17.93, 88.68), (74.675, -17.72, 87.92), (74.95, -17.72, 87.92), (74.675, -17.72, 88.68), (74.95, -17.51, 88.68), (75.225, -17.51, 88.68), (74.95, -17.72, 89.44), (74.95, -17.51, 89.44), (75.225, -17.3, 89.44), (75.225, -17.51, 90.2), (75.225, -17.3, 90.2), (78, -19.59, 90), (78.275, -19.59, 90), (78, -19.59, 90.75), (78.275, -19.38, 90.75), (78.55, -19.38, 90.75), (78.275, -19.59, 91.5), (78.275, -19.38, 91.5), (78.55, -19.17, 91.5), (78.825, -19.17, 91.5), (78.55, -19.38, 92.25), (78.55, -19.17, 92.25), (78.825, -19.17, 93), (78.825, -18.96, 92.25), (78.825, -18.96, 93), (75.5, -17.3, 89.44), (75.5, -17.09, 90.2), (75.775, -17.09, 90.2), (75.5, -17.3, 90.96), (75.5, -17.09, 90.96), (75.775, -16.88, 90.96), (76.05, -16.88, 90.96), (75.775, -17.09, 91.72), (75.775, -16.88, 91.72), (76.05, -16.88, 92.48), (79.1, -18.96, 92.25), (79.1, -18.75, 93), (79.375, -18.75, 93), (79.1, -18.96, 93.75), (79.1, -18.75, 93.75), (79.375, -18.75, 94.5), (79.375, -18.54, 93.75), (79.65, -18.54, 93.75), (79.375, -18.54, 94.5), (79.65, -18.33, 94.5), (79.925, -18.33, 94.5), (79.65, -18.54, 95.25), (79.65, -18.33, 95.25), (79.925, -18.33, 96), (79.925, -18.12, 95.25), (79.925, -18.12, 96), (80.2, -18.12, 95.25), (80.2, -17.91, 96), (80.475, -17.91, 96), (80.2, -18.12, 96.75), (80.2, -17.91, 96.75), (80.475, -17.7, 96.75), (80.75, -17.7, 96.75), (80.475, -17.91, 97.5), (80.475, -17.7, 97.5), (80.75, -17.49, 97.5), (81.025, -17.49, 97.5), (80.75, -17.7, 98.25), (80.75, -17.49, 98.25), (81.025, -17.28, 98.25), (81.3, -17.28, 98.25), (81.025, -17.49, 99), (81.025, -17.28, 99), (81.3, -17.07, 99), (81.575, -17.07, 99), (81.3, -17.28, 99.75), (81.3, -17.07, 99.75), (81.575, -17.07, 100.5), (76.05, -16.67, 91.72), (76.325, -16.67, 91.72), (76.05, -16.67, 92.48), (76.325, -16.67, 93.24), (76.325, -16.46, 92.48), (76.325, -16.46, 93.24), (76.6, -16.46, 92.48), (76.6, -16.25, 93.24), (76.875, -16.25, 93.24), (76.6, -16.46, 94), (76.6, -16.25, 94), (76.875, -16.25, 94.76), (76.875, -16.04, 94), (77.15, -16.04, 94), (76.875, -16.04, 94.76), (77.15, -15.83, 94.76), (77.425, -15.83, 94.76), (77.15, -16.04, 95.52), (77.15, -15.83, 95.52), (77.425, -15.62, 95.52), (77.7, -15.62, 95.52), (77.425, -15.83, 96.28), (77.425, -15.62, 96.28), (77.7, -15.62, 97.04), (77.7, -15.41, 96.28), (77.975, -15.41, 96.28), (77.7, -15.41, 97.04), (77.975, -15.2, 97.04), (78.25, -15.2, 97.04), (77.975, -15.41, 97.8), (77.975, -15.2, 97.8), (78.25, -15.2, 98.56), (78.25, -14.99, 97.8), (78.525, -14.99, 97.8), (78.25, -14.99, 98.56), (78.525, -14.78, 98.56), (78.8, -14.78, 98.56), (78.525, -14.99, 99.32), (78.525, -14.78, 99.32), (78.8, -14.78, 100.08), (78.8, -14.57, 99.32), (78.8, -14.57, 100.08), (81.575, -16.86, 99.75), (81.85, -16.86, 99.75), (79.075, -14.57, 99.32), (79.075, -14.36, 100.08), (79.35, -14.36, 100.08), (81.575, -16.86, 100.5), (81.85, -16.65, 100.5), (82.125, -16.65, 100.5), (81.85, -16.86, 101.25), (81.85, -16.65, 101.25), (82.125, -16.44, 101.25), (82.4, -16.44, 101.25), (82.125, -16.65, 102), (82.125, -16.44, 102), (82.4, -16.23, 102), (82.4, -16.44, 102.75), (82.4, -16.23, 102.75), (79.075, -14.57, 100.84), (79.075, -14.36, 100.84), (79.35, -14.15, 100.84), (79.625, -14.15, 100.84), (79.35, -14.36, 101.6), (79.35, -14.15, 101.6), (79.625, -14.15, 102.36), (82.675, -16.23, 102), (82.675, -16.02, 102.75), (82.95, -16.02, 102.75), (82.675, -16.23, 103.5), (82.675, -16.02, 103.5), (82.95, -16.02, 104.25), (82.95, -15.81, 103.5), (83.225, -15.81, 103.5), (82.95, -15.81, 104.25), (83.225, -15.6, 104.25), (83.5, -15.6, 104.25), (83.225, -15.81, 105), (83.225, -15.6, 105), (83.5, -15.6, 105.75), (83.5, -15.39, 105), (83.5, -15.39, 105.75), (83.775, -15.39, 105), (83.775, -15.18, 105.75), (84.05, -15.18, 105.75), (79.625, -13.94, 101.6), (79.9, -13.94, 101.6), (79.625, -13.94, 102.36), (79.9, -13.73, 102.36), (79.9, -13.94, 103.12), (79.9, -13.73, 103.12), (80.175, -13.73, 102.36), (80.175, -13.52, 103.12), (80.45, -13.52, 103.12), (80.175, -13.73, 103.88), (80.175, -13.52, 103.88), (80.45, -13.52, 104.64), (80.45, -13.31, 103.88), (80.725, -13.31, 103.88), (80.45, -13.31, 104.64), (80.725, -13.1, 104.64), (80.725, -13.31, 105.4), (80.725, -13.1, 105.4), (81, -13.1, 104.64), (81, -12.89, 105.4), (81.275, -12.89, 105.4), (83.775, -15.39, 106.5), (83.775, -15.18, 106.5), (84.05, -15.18, 107.25), (84.05, -14.97, 106.5), (84.325, -14.97, 106.5), (84.05, -14.97, 107.25), (84.325, -14.97, 108), (84.325, -14.76, 107.25), (84.325, -14.76, 108), (84.6, -14.76, 107.25), (84.6, -14.55, 108), (84.875, -14.55, 108), (84.6, -14.76, 108.75), (84.6, -14.55, 108.75), (84.875, -14.34, 108.75), (85.15, -14.34, 108.75), (84.875, -14.55, 109.5), (84.875, -14.34, 109.5), (85.15, -14.13, 109.5), (85.15, -14.34, 110.25), (85.15, -14.13, 110.25), (85.425, -14.13, 109.5), (85.425, -14.13, 111), (81, -13.1, 106.16), (81, -12.89, 106.16), (81.275, -12.68, 106.16), (81.55, -12.68, 106.16), (81.275, -12.89, 106.92), (81.275, -12.68, 106.92), (81.55, -12.68, 107.68), (81.55, -12.47, 106.92), (81.825, -12.47, 106.92), (81.55, -12.47, 107.68), (81.825, -12.47, 108.44), (81.825, -12.26, 107.68), (82.1, -12.26, 107.68), (81.825, -12.26, 108.44), (82.1, -12.05, 108.44), (82.375, -12.05, 108.44), (82.1, -12.26, 109.2), (82.1, -12.05, 109.2), (82.375, -12.05, 109.96), (82.375, -11.84, 109.2), (82.65, -11.84, 109.2), (82.375, -11.84, 109.96), (82.65, -11.63, 109.96), (82.65, -11.84, 110.72), (82.65, -11.63, 110.72), (85.425, -13.92, 110.25), (85.7, -13.92, 110.25), (85.425, -13.92, 111), (85.7, -13.92, 111.75), (85.7, -13.71, 111), (85.975, -13.71, 111), (85.7, -13.71, 111.75), (85.975, -13.5, 111.75), (82.925, -11.63, 109.96), (82.925, -11.63, 111.48), (82.925, -11.42, 110.72), (83.2, -11.42, 110.72), (82.925, -11.42, 111.48), (85.975, -13.71, 112.5), (85.975, -13.5, 112.5), (83.2, -11.42, 112.24), (60, -12.75, 151), (60, -12.75, 151.5), (59.13896, -12.578729, 151), (59.13896, -12.578729, 151.5), (58.409008, -12.09099, 151), (58.409008, -12.09099, 151.5), (57.921272, -11.361037, 151), (57.921272, -11.361037, 151.5), (60.86104, -12.578729, 151), (60.86104, -12.578729, 151.5), (61.590992, -12.09099, 151), (61.590992, -12.09099, 151.5), (62.078728, -11.361037, 151), (62.078728, -11.361037, 151.5), (83.2, -11.21, 111.48), (83.475, -11.21, 111.48), (83.2, -11.21, 112.24), (83.475, -11, 112.24), (83.475, -11.21, 113), (83.475, -11, 113), (83.75, -11, 112.24), (83.75, -10.79, 113), (84.025, -10.79, 113), (83.75, -11, 113.76), (83.75, -10.79, 113.76), (84.025, -10.58, 113.76), (84.3, -10.58, 113.76), (84.025, -10.79, 114.52), (84.025, -10.58, 114.52), (84.3, -10.37, 114.52), (84.575, -10.37, 114.52), (84.3, -10.58, 115.28), (84.3, -10.37, 115.28), (84.575, -10.37, 116.04), (84.575, -10.16, 115.28), (84.85, -10.16, 115.28), (84.575, -10.16, 116.04), (84.85, -9.95, 116.04), (85.125, -9.95, 116.04), (84.85, -10.16, 116.8), (84.85, -9.95, 116.8), (85.125, -9.74, 116.8), (85.4, -9.74, 116.8), (85.125, -9.95, 117.56), (85.125, -9.74, 117.56), (85.4, -9.53, 117.56), (85.675, -9.53, 117.56), (85.4, -9.74, 118.32), (85.4, -9.53, 118.32), (85.675, -9.32, 118.32), (85.95, -9.32, 118.32), (85.675, -9.53, 119), (85.675, -9.32, 119), (85.95, -9.32, 119), (85.95, -0.5, 119), (85.95, -0.5, 119.08), (86.225, -0.5, 119.08), (86.225, -0.5, 119.84), (57.75, -10.5, 151), (57.75, -10.5, 151.5), (57.921272, -9.638963, 151), (57.921272, -9.638963, 151.5), (58.409008, -8.90901, 151), (58.409008, -8.90901, 151.5), (62.25, -10.5, 151), (62.25, -10.5, 151.5), (62.078728, -9.638963, 151), (62.078728, -9.638963, 151.5), (61.590992, -8.90901, 151), (61.590992, -8.90901, 151.5), (59.13896, -8.421271, 151), (59.13896, -8.421271, 151.5), (60, -8.25, 151), (60, -8.25, 151.5), (60.86104, -8.421271, 151), (60.86104, -8.421271, 151.5), (86.25, -13.5, 111.75), (86.25, -13.5, 113.25), (86.25, -13.29, 112.5), (86.525, -13.29, 112.5), (86.25, -13.29, 113.25), (86.525, -13.08, 113.25), (86.8, -13.08, 113.25), (86.525, -13.29, 114), (86.525, -13.08, 114), (86.8, -12.87, 114), (87.075, -12.87, 114), (86.8, -13.08, 114.75), (86.8, -12.87, 114.75), (87.075, -12.66, 114.75), (87.075, -12.87, 115.5), (87.075, -12.66, 115.5), (87.35, -12.66, 114.75), (87.35, -12.66, 116.25), (87.35, -12.45, 115.5), (87.625, -12.45, 115.5), (87.35, -12.45, 116.25), (87.625, -12.45, 117), (87.625, -12.24, 116.25), (87.9, -12.24, 116.25), (87.625, -12.24, 117), (87.9, -12.03, 117), (88.175, -12.03, 117), (87.9, -12.24, 117.75), (87.9, -12.03, 117.75), (88.175, -12.03, 118.5), (88.175, -11.82, 117.75), (88.45, -11.82, 117.75), (88.175, -11.82, 118.5), (88.45, -11.61, 118.5), (88.725, -11.61, 118.5), (88.45, -11.82, 119.25), (88.45, -11.61, 119.25), (88.725, -11.61, 120), (88.725, -11.4, 119), (88.725, -11.4, 119.25), (88.725, -11.4, 120), (89, -11.4, 119), (89, -11.4, 119.25), (89, -11.4, 120), (89.86667, -11.62, 120), (91.6, -12.06, 122), (91.6, -12.06, 123), (89.86667, -11.62, 121), (90.73333, -11.84, 121), (90.73333, -11.84, 122), (92.46667, -12.28, 123), (92.46667, -12.28, 124), (93.333336, -12.5, 124), (93.333336, -12.5, 125), (94.2, -12.72, 125), (94.2, -12.72, 126), (95.066666, -12.94, 126), (95.066666, -12.94, 127), (96.8, -13.38, 128), (95.933334, -13.16, 127), (95.933334, -13.16, 128), (100.26667, -14.26, 132), (100.26667, -14.26, 133), (96.8, -13.38, 129), (97.666664, -13.6, 129), (97.666664, -13.6, 130), (98.53333, -13.82, 130), (98.53333, -13.82, 131), (99.4, -14.04, 131), (99.4, -14.04, 132), (110.666664, -16.9, 144), (110.666664, -16.9, 145), (111.53333, -17.12, 145), (111.53333, -17.12, 146), (112.4, -17.34, 146), (112.4, -17.34, 147), (115, -18, 148.5), (114.13333, -17.78, 148), (114.13333, -17.78, 148.5), (113.26667, -17.56, 147), (113.26667, -17.56, 148), (115, -18, 149), (115, -18, 151), (115, -18, 151.5), (101.13333, -14.48, 133), (101.13333, -14.48, 134), (102, -14.7, 134), (102, -14.7, 135), (102.86667, -14.92, 135), (102.86667, -14.92, 136), (103.73333, -15.14, 136), (103.73333, -15.14, 137), (105.46667, -15.58, 138), (105.46667, -15.58, 139), (106.333336, -15.8, 139), (106.333336, -15.8, 140), (107.2, -16.02, 140), (104.6, -15.36, 137), (104.6, -15.36, 138), (107.2, -16.02, 141), (108.066666, -16.24, 141), (108.066666, -16.24, 142), (108.933334, -16.46, 142), (108.933334, -16.46, 143), (109.8, -16.68, 143), (109.8, -16.68, 144), (86.5, -0.5, 119.84), (88.725, -0.5, 119), (88.725, -0.5, 119.25), (89, -0.5, 119), (89, -0.5, 119.25), (89, -0.5, 120), (89.275, -0.5, 120), (86.5, -0.5, 120.6), (86.775, -0.5, 120.6), (86.775, -0.5, 121.36), (87.05, -0.5, 121.36), (87.05, -0.5, 122.12), (87.325, -0.5, 122.12), (87.325, -0.5, 122.88), (87.6, -0.5, 122.88), (89.275, -0.5, 120.75), (89.55, -0.5, 120.75), (89.55, -0.5, 121.5), (89.825, -0.5, 121.5), (89.825, -0.5, 122.25), (89.86667, -0.5, 120), (89.86667, -0.5, 121), (90.73333, -0.5, 121), (90.1, -0.5, 122.25), (90.73333, -0.5, 122), (90.1, -0.5, 123), (90.375, -0.5, 123), (91.6, -0.5, 122), (91.6, -0.5, 123), (92.46667, -0.5, 123), (87.6, -0.5, 123.64), (87.875, -0.5, 123.64), (87.875, -0.5, 124.4), (88.15, -0.5, 124.4), (88.15, -0.5, 125.16), (88.425, -0.5, 125.16), (88.425, -0.5, 125.92), (88.7, -0.5, 125.92), (88.7, -0.5, 126.68), (88.975, -0.5, 126.68), (88.975, -0.5, 127.44), (89.25, -0.5, 127.44), (89.25, -0.5, 128.2), (89.525, -0.5, 128.2), (90.375, -0.5, 123.75), (90.65, -0.5, 123.75), (90.65, -0.5, 124.5), (90.925, -0.5, 124.5), (90.925, -0.5, 125.25), (91.2, -0.5, 125.25), (92.46667, -0.5, 124), (93.333336, -0.5, 124), (93.333336, -0.5, 125), (91.2, -0.5, 126), (91.475, -0.5, 126), (91.475, -0.5, 126.75), (91.75, -0.5, 126.75), (91.75, -0.5, 127.5), (92.025, -0.5, 127.5), (92.025, -0.5, 128.25), (92.3, -0.5, 128.25), (94.2, -0.5, 125), (94.2, -0.5, 126), (95.066666, -0.5, 126), (95.066666, -0.5, 127), (95.933334, -0.5, 127), (95.933334, -0.5, 128), (96.8, -0.5, 128), (89.525, -0.5, 128.96), (89.8, -0.5, 128.96), (89.8, -0.5, 129.72), (90.075, -0.5, 129.72), (90.075, -0.5, 130.48), (90.35, -0.5, 130.48), (90.35, -0.5, 131.24), (90.625, -0.5, 131.24), (92.3, -0.5, 129), (92.575, -0.5, 129), (92.575, -0.5, 129.75), (92.85, -0.5, 129.75), (92.85, -0.5, 130.5), (93.125, -0.5, 130.5), (93.125, -0.5, 131.25), (93.4, -0.5, 131.25), (90.625, -0.5, 132), (90.9, -0.5, 132), (90.9, -0.5, 132.76), (91.175, -0.5, 132.76), (91.175, -0.5, 133.52), (91.45, -0.5, 133.52), (91.45, -0.5, 134.28), (93.4, -0.5, 132), (91.725, -0.5, 134.28), (91.725, -0.5, 135.04), (92, -0.5, 135.04), (92, -0.5, 135.8), (92.275, -0.5, 135.8), (92.275, -0.5, 136.56), (92.55, -0.5, 136.56), (92.55, -0.5, 137.32), (92.825, -0.5, 137.32), (92.825, -0.5, 138.08), (93.1, -0.5, 138.08), (93.1, -0.5, 138.84), (93.375, -0.5, 138.84), (93.375, -0.5, 139.6), (96.8, -0.5, 129), (93.675, -0.5, 132), (93.675, -0.5, 132.75), (93.95, -0.5, 132.75), (93.95, -0.5, 133.5), (94.225, -0.5, 133.5), (94.225, -0.5, 134.25), (94.5, -0.5, 134.25), (97.5, -0.5, 129), (94.5, -0.5, 135), (94.775, -0.5, 135), (94.775, -0.5, 135.75), (95.05, -0.5, 135.75), (95.05, -0.5, 136.5), (95.325, -0.5, 136.5), (95.325, -0.5, 137.25), (95.6, -0.5, 137.25), (93.65, -0.5, 139.6), (95.6, -0.5, 138), (95.875, -0.5, 138), (95.875, -0.5, 138.75), (96.15, -0.5, 138.75), (96.15, -0.5, 139.5), (96.425, -0.5, 139.5), (100, -3, 151), (100, -3, 151.5), (93.65, -0.5, 140.36), (93.925, -0.5, 140.36), (93.925, -0.5, 141.12), (94.2, -0.5, 141.12), (94.2, -0.5, 141.88), (94.475, -0.5, 141.88), (94.475, -0.5, 142.64), (94.75, -0.5, 142.64), (96.425, -0.5, 140.25), (96.7, -0.5, 140.25), (96.7, -0.5, 141), (96.975, -0.5, 141), (96.975, -0.5, 141.75), (94.75, -0.5, 143.4), (95.025, -0.5, 143.4), (95.025, -0.5, 144.16), (95.3, -0.5, 144.16), (95.3, -0.5, 144.92), (95.575, -0.5, 144.92), (95.575, -0.5, 145.68), (95.85, -0.5, 145.68), (97.25, -0.5, 141.75), (97.25, -0.5, 142.5), (97.5, -0.5, 142.5), (95.85, -0.5, 146.44), (96.125, -0.5, 146.44), (96.125, -0.5, 147.2), (96.4, -0.5, 147.2), (96.4, -0.5, 147.96), (96.675, -0.5, 147.96), (96.675, -0.5, 148.72), (96.95, -0.5, 148.72), (96.95, -0.5, 149.48), (97.225, -0.5, 149.48), (97.225, -0.5, 150.24), (97.225, -0.5, 150.75), (97.5, -0.5, 150.24), (97.5, -0.5, 150.75), (97.5, -0.5, 151), (42.5, 0, -30), (42.136406, 5.5473633, -30), (41.05185, 10.999809, -30), (45, 0, -30), (44.615017, 5.8736787, -30), (42.5, 0, 0), (42.136406, 5.5473633, 0), (41.05185, 10.999809, 0), (45, 0, -0.75), (44.615017, 5.8736787, -0.75), (39.26488, 16.264046, -30), (41.574577, 17.220755, -30), (36.80608, 21.25, -30), (43.466663, 11.646857, -30), (43.05, 12.874304, -0.24), (43.05, 12.874304, 0), (42.775, 13.684428, -0.75), (42.775, 13.684428, -0.24), (39.26488, 16.264046, 0), (41.574577, 17.220755, 0), (36.80608, 21.25, 0), (43.466663, 11.646857, -0.75), (42.5, 0, 20), (42.136406, 5.5473633, 20), (41.05185, 10.999809, 20), (45, 0, 20), (44.615017, 5.8736787, 20), (39.26488, 16.264046, 20), (41.574577, 17.220755, 20), (36.80608, 21.25, 20), (43.466663, 11.646857, 20), (25.87236, 33.717518, -30), (25.87236, 33.717518, 0), (5.5473633, 42.136406, -30), (0, 42.5, -30), (0, 45, -30), (5.8736787, 44.615017, -30), (10.999809, 41.05185, -30), (11.646857, 43.466663, -30), (16.264046, 39.26488, -30), (21.25, 36.80608, -30), (27.394264, 35.7009, -30), (22.5, 38.97114, -30), (17.220755, 41.574577, -30), (5.5473633, 42.136406, 0), (5.5473633, 42.136406, 0.52), (5.8309383, 42.08, 0.52), (5.8309383, 42.08, 1.28), (6.8866796, 41.87, 1.28), (6.8866796, 41.87, 2.04), (0, 42.5, -0.24), (3.203981, 42.29, -0.24), (3.203981, 42.29, 0), (3.203981, 42.29, 0.52), (0, 45, -0.75), (5.8736787, 44.615017, -0.75), (7.942421, 41.66, 2.04), (7.942421, 41.66, 2.8), (8.998162, 41.45, 2.8), (8.998162, 41.45, 3.56), (10.053904, 41.24, 3.56), (10.999809, 41.05185, 0), (11.646857, 43.466663, -0.75), (5.5473633, 42.136406, 10.5), (5.931485, 42.06, 10.5), (5.931485, 42.06, 11.25), (6.9872265, 41.85, 11.25), (6.9872265, 41.85, 12), (0, 42.5, 9), (0.30514103, 42.48, 9), (0.30514103, 42.48, 9.75), (3.509122, 42.27, 9.75), (3.509122, 42.27, 10.5), (10.053904, 41.24, 4.32), (12.301451, 40.61, 5.84), (12.301451, 40.61, 6.6), (12.920091, 40.4, 6.6), (12.737007, 40.462147, 6.6), (14.157371, 39.98, 8.12), (14.157371, 39.98, 8.88), (12.920091, 40.4, 7.36), (13.538731, 40.19, 7.36), (13.538731, 40.19, 8.12), (10.999809, 41.05185, 4.32), (11.064171, 41.03, 4.32), (11.064171, 41.03, 5.08), (11.682811, 40.82, 5.08), (11.682811, 40.82, 5.84), (8.042968, 41.64, 12), (8.042968, 41.64, 12.75), (9.098709, 41.43, 12.75), (9.098709, 41.43, 13.5), (10.15445, 41.22, 13.5), (10.15445, 41.22, 14.25), (10.999809, 41.05185, 14.25), (11.123089, 41.01, 14.25), (11.123089, 41.01, 15), (11.741729, 40.8, 15), (16.264046, 39.26488, 0), (21.25, 36.80608, 0), (27.394264, 35.7009, 0), (22.5, 38.97114, 0), (16.01329, 39.35, 10.4), (16.01329, 39.35, 11.16), (16.943115, 38.93, 11.92), (16.517279, 39.14, 11.16), (16.264046, 39.26488, 11.16), (16.517279, 39.14, 11.92), (17.794792, 38.51, 13.44), (17.794792, 38.51, 14.2), (16.943115, 38.93, 12.68), (17.368954, 38.72, 12.68), (17.368954, 38.72, 13.44), (18.220629, 38.3, 14.2), (18.220629, 38.3, 14.96), (18.646467, 38.09, 14.96), (17.220755, 41.574577, 0), (14.494552, 42.5, -0.75), (14.494552, 42.5, -0.24), (15.113192, 42.29, -0.24), (15.113192, 42.29, 0), (23.022627, 42.29, 0), (14.7760105, 39.77, 8.88), (14.7760105, 39.77, 9.64), (15.39465, 39.56, 9.64), (15.39465, 39.56, 10.4), (33.717518, 25.87236, -30), (35.7009, 27.394264, -30), (38.97114, 22.5, -30), (30.052038, 30.052038, -30), (31.819805, 31.819805, -30), (33.717518, 25.87236, 0), (35.7009, 27.394264, 0), (38.97114, 22.5, 0), (30.052038, 30.052038, 0), (31.819805, 31.819805, 0), (42.775, 42.08, -0.24), (43.05, 42.08, -0.24), (42.775, 42.08, 0), (43.05, 42.08, 0), (42.5, 42.29, -0.75), (42.5, 42.29, -0.24), (42.5, 42.5, -0.75), (42.5, 42.5, -0.24), (42.775, 42.29, -0.75), (42.775, 42.29, 0), (46.35, 39.35, 9.64), (46.625, 39.35, 9.64), (45, 39.35, 10.4), (46.625, 39.14, 10.4), (46.35, 39.35, 10.4), (45, 38.93, 11.92), (45, 39.14, 11.16), (45, 39.35, 11.16), (45, 39.14, 11.92), (46.625, 39.14, 11.16), (46.625, 39.35, 11.16), (45, 38.51, 13.44), (45, 38.3, 14.2), (45, 38.09, 14.96), (45, 38.3, 14.96), (45, 38.51, 14.2), (45, 38.72, 12.68), (45, 38.93, 12.68), (45, 38.72, 13.44), (48.275, 37.88, 14.96), (48.55, 37.88, 14.96), (46.9, 39.14, 10.4), (46.9, 38.93, 11.16), (47.175, 38.93, 11.16), (46.9, 38.93, 11.92), (47.175, 38.72, 11.92), (47.45, 38.72, 11.92), (46.9, 39.14, 11.92), (47.45, 38.51, 12.68), (47.45, 38.51, 13.44), (47.725, 38.3, 13.44), (48, 38.3, 13.44), (47.725, 38.51, 12.68), (48, 38.09, 14.2), (47.725, 38.3, 14.2), (48.275, 38.09, 14.2), (48, 38.09, 14.96), (48, 38.3, 14.96), (47.725, 38.51, 14.2), (47.175, 38.72, 12.68), (47.175, 38.93, 12.68), (47.45, 38.72, 13.44), (45, 45, -0.75), (45.275, 44.58, 0.75), (45.55, 44.58, 0.75), (45, 44.79, 0), (45.275, 44.79, 0), (45, 44.79, 0.75), (45, 45, 0.75), (45.825, 44.16, 2.25), (46.1, 44.16, 2.25), (45, 44.16, 3), (45, 43.95, 3.75), (45, 44.16, 3.75), (46.375, 43.74, 3.75), (46.65, 43.74, 3.75), (46.1, 43.95, 3), (45.825, 44.16, 3), (46.375, 43.95, 3), (46.1, 43.95, 3.75), (46.1, 44.16, 3.75), (45, 44.58, 1.5), (45.275, 44.58, 1.5), (45.55, 44.37, 1.5), (45, 44.37, 2.25), (45, 44.58, 2.25), (45.55, 44.37, 2.25), (45.55, 44.58, 2.25), (45, 44.79, 1.5), (45.275, 44.79, 1.5), (45.825, 44.37, 1.5), (45, 44.37, 3), (45.825, 44.37, 3), (45, 40.4, 5.84), (45.25, 40.4, 5.84), (45.25, 40.19, 6.6), (45.525, 40.19, 6.6), (45.525, 39.98, 7.36), (45.8, 39.98, 7.36), (45, 39.98, 8.12), (45.8, 39.77, 8.12), (45.525, 39.98, 8.12), (46.075, 39.77, 8.12), (45, 39.56, 9.64), (45, 39.77, 8.88), (45, 39.98, 8.88), (45.8, 39.77, 8.88), (45.8, 39.98, 8.88), (45, 39.77, 9.64), (46.075, 39.56, 8.88), (46.35, 39.56, 8.88), (46.075, 39.56, 9.64), (46.075, 39.77, 9.64), (45, 40.19, 7.36), (45.25, 40.19, 7.36), (45, 40.4, 7.36), (45.25, 40.4, 7.36), (45, 40.19, 8.12), (45.525, 40.19, 8.12), (45, 39.56, 10.4), (46.35, 39.56, 10.4), (45, 42.06, 10.5), (45, 41.64, 12), (45, 41.85, 11.25), (45, 42.06, 11.25), (45, 41.85, 12), (45, 41.43, 12.75), (45, 41.22, 13.5), (45, 41.43, 13.5), (45, 41.01, 14.25), (45, 40.8, 15), (45, 41.01, 15), (45, 41.22, 14.25), (45, 41.64, 12.75), (49.4, 41.43, 12), (49.675, 41.43, 12), (48.575, 42.06, 9.75), (48.85, 42.06, 9.75), (48.85, 41.85, 10.5), (48.575, 42.06, 10.5), (49.125, 41.85, 10.5), (49.125, 41.64, 11.25), (49.4, 41.64, 11.25), (49.125, 41.64, 12), (48.85, 41.85, 11.25), (48.85, 42.06, 11.25), (49.125, 41.85, 12), (49.4, 41.43, 12.75), (49.95, 41.01, 13.5), (50.225, 41.01, 13.5), (49.675, 41.22, 12.75), (49.95, 41.22, 12.75), (49.675, 41.22, 13.5), (49.675, 41.43, 13.5), (50.225, 40.8, 14.25), (49.95, 41.01, 14.25), (50.225, 40.8, 15), (50.225, 41.01, 15), (49.95, 41.22, 14.25), (49.4, 41.64, 12.75), (45, 43.53, 5.25), (46.65, 43.53, 4.5), (46.65, 43.53, 5.25), (45, 43.11, 6.75), (45, 43.32, 6), (45, 43.53, 6), (45, 43.32, 6.75), (45, 42.69, 8.25), (45, 42.48, 9), (45, 42.69, 9), (45, 42.9, 7.5), (45, 43.11, 7.5), (45, 42.9, 8.25), (45, 43.74, 4.5), (45, 43.74, 5.25), (45, 43.95, 4.5), (46.375, 43.74, 4.5), (46.65, 43.74, 5.25), (46.375, 43.95, 4.5), (46.925, 43.53, 4.5), (46.925, 43.32, 5.25), (47.2, 43.32, 5.25), (47.2, 43.11, 6), (47.475, 43.11, 6), (47.475, 42.9, 6.75), (47.2, 43.11, 6.75), (46.925, 43.32, 6), (46.925, 43.53, 6), (47.2, 43.32, 6.75), (47.75, 42.9, 6.75), (48.025, 42.48, 8.25), (48.3, 42.48, 8.25), (47.75, 42.69, 7.5), (48.025, 42.69, 7.5), (47.75, 42.69, 8.25), (48.025, 42.48, 9), (48.3, 42.27, 9), (48.025, 42.69, 9), (47.475, 42.9, 7.5), (47.475, 43.11, 7.5), (47.75, 42.9, 8.25), (48.575, 42.27, 9), (45, 42.27, 9.75), (45, 42.48, 9.75), (45, 42.27, 10.5), (48.3, 42.27, 9.75), (48.3, 42.48, 9.75), (48.575, 42.27, 10.5), (50.5, 40.59, 15), (50.775, 40.59, 15), (50.5, 40.8, 14.25), (25.87236, 33.717518, 20), (5.5473633, 42.136406, 20), (0, 42.5, 20), (0, 45, 20), (5.8736787, 44.615017, 20), (12.360369, 40.59, 15.75), (12.360369, 40.59, 16.5), (14.216289, 39.96, 18), (12.979009, 40.38, 16.5), (12.979009, 40.38, 17.25), (13.597649, 40.17, 17.25), (13.597649, 40.17, 18), (14.216289, 39.96, 18.75), (11.741729, 40.8, 15.75), (10.999809, 41.05185, 20), (11.646857, 43.466663, 20), (19.072306, 37.88, 15.72), (19.072306, 37.88, 16.48), (19.498142, 37.67, 16.48), (19.498142, 37.67, 17.24), (20.34982, 37.25, 18), (19.92398, 37.46, 17.24), (19.92398, 37.46, 18), (20.34982, 37.25, 18.76), (21.201494, 36.83, 19.52), (20.775656, 37.04, 18.76), (20.775656, 37.04, 19.52), (21.25, 36.80608, 20), (21.201494, 36.83, 20), (18.646467, 38.09, 15.72), (27.394264, 35.7009, 20), (25.704447, 36.83, 20), (14.8349285, 39.75, 18.75), (14.8349285, 39.75, 19.5), (15.453568, 39.54, 19.5), (15.453568, 39.54, 20), (17.220755, 41.574577, 20), (21.346472, 39.54, 20), (33.717518, 25.87236, 20), (35.7009, 27.394264, 20), (38.97114, 22.5, 20), (30.052038, 30.052038, 20), (31.819805, 31.819805, 20), (53.775, 33.68, 30.16), (53.775, 33.68, 30.92), (54.05, 33.68, 30.16), (54.05, 33.47, 30.92), (54.325, 33.47, 30.92), (54.325, 33.26, 31.68), (54.6, 33.26, 31.68), (54.05, 33.47, 31.68), (54.05, 33.68, 31.68), (55.7, 32.21, 35.48), (55.7, 32.21, 36.24), (56.525, 31.58, 37.76), (56.8, 31.58, 37.76), (55.975, 32.21, 35.48), (55.975, 32, 36.24), (56.25, 32, 36.24), (56.25, 31.79, 37), (56.525, 31.79, 37), (56.25, 31.79, 37.76), (55.975, 32, 37), (55.975, 32.21, 37), (56.25, 32, 37.76), (54.875, 32.84, 33.2), (55.15, 32.84, 33.2), (55.15, 32.63, 33.96), (55.425, 32.63, 33.96), (55.15, 32.63, 34.72), (55.425, 32.42, 34.72), (55.7, 32.42, 34.72), (54.875, 32.84, 33.96), (55.15, 32.84, 34.72), (54.325, 33.26, 32.44), (54.6, 33.05, 32.44), (54.6, 33.05, 33.2), (54.6, 33.26, 33.2), (54.325, 33.47, 32.44), (54.875, 33.05, 32.44), (54.875, 33.05, 33.96), (55.425, 32.42, 35.48), (55.425, 32.63, 35.48), (55.7, 32.42, 36.24), (56.525, 31.58, 38.52), (57.075, 31.16, 39.28), (57.35, 31.16, 39.28), (56.8, 31.37, 38.52), (57.075, 31.37, 38.52), (56.8, 31.37, 39.28), (56.8, 31.58, 39.28), (57.35, 30.95, 40.04), (57.075, 31.16, 40.04), (57.35, 30.95, 40.8), (57.35, 31.16, 40.8), (57.075, 31.37, 40.04), (56.525, 31.79, 38.52), (50.2, 36.41, 20.28), (50.2, 36.41, 21.04), (45, 37.25, 18), (45, 37.88, 15.72), (45, 37.67, 16.48), (45, 37.88, 16.48), (45, 37.46, 17.24), (45, 37.46, 18), (45, 37.67, 17.24), (45, 36.83, 19.52), (45, 37.04, 18.76), (45, 37.25, 18.76), (45, 37.04, 19.52), (45, 36.83, 20), (45, 38.09, 15.72), (48.275, 37.88, 15.72), (49.1, 37.25, 17.24), (49.375, 37.25, 17.24), (49.375, 37.04, 18), (49.1, 37.25, 18), (49.65, 37.04, 18), (48.825, 37.46, 16.48), (49.1, 37.46, 16.48), (48.55, 37.67, 15.72), (48.825, 37.67, 15.72), (48.55, 37.67, 16.48), (48.55, 37.88, 16.48), (48.825, 37.46, 17.24), (49.1, 37.46, 18), (48.825, 37.67, 17.24), (49.375, 37.04, 18.76), (49.375, 37.25, 18.76), (49.65, 36.83, 18.76), (49.925, 36.83, 18.76), (49.65, 36.83, 19.52), (49.925, 36.62, 19.52), (50.2, 36.62, 19.52), (49.65, 37.04, 19.52), (49.925, 36.62, 20.28), (49.925, 36.83, 20.28), (50.2, 36.62, 21.04), (48.275, 38.09, 15.72), (50.475, 36.2, 21.04), (50.75, 36.2, 21.04), (50.475, 36.41, 20.28), (51.85, 35.15, 24.84), (51.85, 35.15, 25.6), (52.125, 35.15, 24.84), (52.4, 34.73, 26.36), (52.675, 34.73, 26.36), (52.125, 34.94, 25.6), (52.4, 34.94, 25.6), (52.125, 34.94, 26.36), (52.125, 35.15, 26.36), (51.025, 35.78, 22.56), (51.025, 35.78, 23.32), (51.3, 35.78, 22.56), (51.3, 35.57, 23.32), (51.575, 35.57, 23.32), (50.75, 35.99, 21.8), (50.475, 36.2, 21.8), (51.025, 35.99, 21.8), (50.475, 36.41, 21.8), (50.75, 35.99, 22.56), (50.75, 36.2, 22.56), (51.025, 35.99, 23.32), (51.575, 35.36, 24.08), (51.85, 35.36, 24.08), (51.575, 35.36, 24.84), (51.3, 35.57, 24.08), (51.3, 35.78, 24.08), (51.575, 35.57, 24.84), (51.85, 35.36, 25.6), (52.15, 39.33, 19.5), (52.425, 39.33, 19.5), (52.7, 38.91, 21), (52.975, 38.91, 21), (52.425, 39.12, 20.25), (52.15, 39.33, 20.25), (52.7, 39.12, 20.25), (52.425, 39.12, 21), (52.425, 39.33, 21), (53.525, 38.28, 23.25), (53.8, 38.28, 23.25), (53.25, 38.49, 22.5), (53.525, 38.49, 22.5), (53.25, 38.49, 23.25), (52.975, 38.7, 21.75), (52.7, 38.91, 21.75), (52.7, 39.12, 21.75), (53.25, 38.7, 21.75), (52.975, 38.7, 22.5), (52.975, 38.91, 22.5), (53.25, 38.7, 23.25), (53.8, 38.07, 24), (53.525, 38.28, 24), (53.8, 38.07, 24.75), (53.8, 38.28, 24.75), (53.525, 38.49, 24), (54.075, 37.86, 24.75), (54.35, 37.86, 24.75), (54.625, 37.44, 26.25), (54.35, 37.65, 25.5), (54.075, 37.86, 25.5), (54.625, 37.65, 25.5), (54.35, 37.65, 26.25), (54.35, 37.86, 26.25), (54.9, 37.44, 26.25), (54.075, 38.07, 24), (54.075, 38.07, 25.5), (52.95, 34.31, 27.88), (53.225, 34.31, 27.88), (52.95, 34.31, 28.64), (53.225, 34.1, 28.64), (53.5, 34.1, 28.64), (53.225, 34.1, 29.4), (53.5, 33.89, 29.4), (53.775, 33.89, 29.4), (53.225, 34.31, 29.4), (52.4, 34.73, 27.12), (52.675, 34.52, 27.12), (52.95, 34.52, 27.12), (52.675, 34.52, 27.88), (52.675, 34.73, 27.88), (52.4, 34.94, 27.12), (52.95, 34.52, 28.64), (53.5, 33.89, 30.16), (53.5, 34.1, 30.16), (53.775, 33.89, 30.92), (56.825, 35.76, 32.25), (57.1, 35.76, 32.25), (56.275, 36.18, 30.75), (56.55, 36.18, 30.75), (56, 36.39, 30), (56.275, 36.39, 30), (56, 36.39, 30.75), (56.55, 35.97, 31.5), (56.275, 36.18, 31.5), (56.55, 35.97, 32.25), (56.55, 36.18, 32.25), (56.275, 36.39, 31.5), (56.825, 35.97, 31.5), (57.375, 35.34, 33.75), (56.825, 35.76, 33), (57.1, 35.55, 33), (57.375, 35.55, 33), (57.1, 35.55, 33.75), (57.1, 35.76, 33.75), (57.375, 35.34, 34.5), (57.375, 35.55, 34.5), (56.825, 35.97, 33), (54.9, 37.23, 27), (55.175, 37.23, 27), (55.175, 37.02, 27.75), (54.9, 37.23, 27.75), (55.45, 37.02, 27.75), (55.45, 36.81, 28.5), (55.45, 36.81, 29.25), (55.175, 37.02, 28.5), (55.175, 37.23, 28.5), (55.45, 37.02, 29.25), (54.625, 37.44, 27), (54.625, 37.65, 27), (54.9, 37.44, 27.75), (55.725, 36.81, 28.5), (55.725, 36.6, 29.25), (56, 36.6, 29.25), (55.725, 36.6, 30), (55.725, 36.81, 30), (56, 36.6, 30.75), (45, 39.96, 18), (45, 40.38, 16.5), (45, 40.59, 15.75), (45, 40.59, 16.5), (45, 40.17, 17.25), (45, 40.38, 17.25), (45, 40.17, 18), (45, 39.54, 19.5), (45, 39.75, 18.75), (45, 39.96, 18.75), (45, 39.75, 19.5), (45, 39.54, 20), (45, 40.8, 15.75), (45, 45, 20), (51.325, 39.96, 17.25), (51.6, 39.96, 17.25), (51.6, 39.75, 18), (51.325, 39.96, 18), (51.875, 39.75, 18), (50.775, 40.38, 15.75), (51.05, 40.38, 15.75), (51.05, 40.17, 16.5), (50.775, 40.38, 16.5), (50.5, 40.59, 15.75), (50.775, 40.59, 16.5), (51.325, 40.17, 16.5), (51.05, 40.17, 17.25), (51.05, 40.38, 17.25), (51.325, 40.17, 18), (51.875, 39.54, 18.75), (51.875, 39.54, 19.5), (51.6, 39.75, 18.75), (51.6, 39.96, 18.75), (51.875, 39.75, 19.5), (52.15, 39.54, 18.75), (52.15, 39.54, 20.25), (50.5, 40.8, 15.75), (61.2, 28.01, 50.68), (61.475, 28.01, 50.68), (61.75, 27.59, 52.2), (61.475, 27.8, 51.44), (61.2, 28.01, 51.44), (61.75, 27.8, 51.44), (61.475, 27.8, 52.2), (61.475, 28.01, 52.2), (62.025, 27.59, 52.2), (62.025, 27.38, 52.96), (62.3, 27.38, 52.96), (62.575, 26.96, 54.48), (62.85, 26.96, 54.48), (62.3, 27.17, 53.72), (62.025, 27.38, 53.72), (62.575, 27.17, 53.72), (62.3, 27.17, 54.48), (62.3, 27.38, 54.48), (61.75, 27.59, 52.96), (61.75, 27.8, 52.96), (62.025, 27.59, 53.72), (63.125, 26.54, 56), (63.4, 26.54, 56), (63.4, 26.33, 56.76), (63.675, 26.33, 56.76), (63.675, 26.12, 57.52), (63.4, 26.33, 57.52), (63.125, 26.54, 56.76), (63.4, 26.54, 57.52), (63.95, 26.12, 57.52), (63.95, 25.91, 58.28), (64.225, 25.91, 58.28), (64.225, 25.7, 59.04), (63.95, 25.91, 59.04), (64.5, 25.7, 59.04), (64.5, 25.49, 59.8), (64.5, 25.49, 60.56), (64.225, 25.7, 59.8), (64.225, 25.91, 59.8), (64.5, 25.7, 60.56), (63.675, 26.12, 58.28), (63.675, 26.33, 58.28), (63.95, 26.12, 59.04), (62.85, 26.75, 55.24), (62.575, 26.96, 55.24), (62.85, 26.75, 56), (62.85, 26.96, 56), (62.575, 27.17, 55.24), (63.125, 26.75, 55.24), (63.125, 26.75, 56.76), (64.775, 25.28, 60.56), (65.05, 25.28, 60.56), (64.775, 25.49, 59.8), (67, 27.99, 60), (67.275, 27.99, 60), (57.625, 30.74, 40.8), (57.9, 30.74, 40.8), (58.45, 30.11, 43.08), (58.725, 30.11, 43.08), (57.9, 30.53, 41.56), (58.175, 30.53, 41.56), (57.625, 30.74, 41.56), (57.9, 30.53, 42.32), (58.175, 30.32, 42.32), (58.175, 30.32, 43.08), (58.175, 30.53, 43.08), (57.9, 30.74, 42.32), (58.45, 30.32, 42.32), (59.275, 29.48, 45.36), (59.275, 29.48, 46.12), (59.55, 29.48, 45.36), (59.55, 29.27, 46.12), (59.825, 29.27, 46.12), (60.65, 28.43, 49.16), (60.925, 28.43, 49.16), (60.375, 28.64, 48.4), (60.65, 28.64, 48.4), (60.375, 28.64, 49.16), (59.825, 29.06, 46.88), (60.1, 29.06, 46.88), (60.1, 28.85, 47.64), (59.825, 29.06, 47.64), (59.55, 29.27, 46.88), (59.55, 29.48, 46.88), (59.825, 29.27, 47.64), (60.375, 28.85, 47.64), (60.1, 28.85, 48.4), (60.1, 29.06, 48.4), (60.375, 28.85, 49.16), (59, 29.69, 44.6), (59.275, 29.69, 44.6), (58.725, 29.9, 43.84), (58.45, 30.11, 43.84), (59, 29.9, 43.84), (58.725, 29.9, 44.6), (58.725, 30.11, 44.6), (59, 29.69, 45.36), (59.275, 29.69, 46.12), (59, 29.9, 45.36), (58.45, 30.32, 43.84), (57.625, 30.95, 40.04), (57.625, 30.95, 41.56), (59.575, 33.66, 39.75), (59.85, 33.66, 39.75), (59.575, 33.66, 40.5), (59.85, 33.45, 40.5), (60.125, 33.45, 40.5), (60.4, 33.03, 42), (60.675, 33.03, 42), (60.95, 32.61, 43.5), (60.4, 33.03, 42.75), (60.675, 32.82, 42.75), (60.95, 32.82, 42.75), (60.675, 32.82, 43.5), (60.675, 33.03, 43.5), (60.125, 33.24, 41.25), (60.125, 33.24, 42), (59.85, 33.45, 41.25), (59.85, 33.66, 41.25), (60.125, 33.45, 42), (60.4, 33.24, 41.25), (60.4, 33.24, 42.75), (61.225, 32.61, 43.5), (60.95, 32.61, 44.25), (60.95, 32.82, 44.25), (61.5, 32.19, 45), (61.775, 32.19, 45), (61.775, 31.98, 45.75), (61.775, 31.98, 46.5), (61.5, 32.19, 45.75), (61.775, 32.19, 46.5), (62.05, 31.98, 45.75), (62.05, 31.77, 46.5), (62.325, 31.77, 46.5), (62.325, 31.56, 47.25), (62.6, 31.56, 47.25), (62.875, 31.14, 48.75), (62.325, 31.56, 48), (62.6, 31.35, 48), (62.875, 31.35, 48), (62.6, 31.35, 48.75), (62.6, 31.56, 48.75), (62.05, 31.77, 47.25), (62.05, 31.98, 47.25), (62.325, 31.77, 48), (63.15, 31.14, 48.75), (61.225, 32.4, 44.25), (61.5, 32.4, 44.25), (61.225, 32.4, 45), (61.225, 32.61, 45), (61.5, 32.4, 45.75), (60.925, 28.22, 49.92), (60.65, 28.43, 49.92), (60.925, 28.22, 50.68), (60.925, 28.43, 50.68), (60.65, 28.64, 49.92), (61.2, 28.22, 49.92), (61.2, 28.22, 51.44), (63.15, 30.93, 49.5), (63.425, 30.93, 49.5), (63.15, 30.93, 50.25), (63.425, 30.72, 50.25), (63.7, 30.72, 50.25), (63.7, 30.51, 51), (63.7, 30.51, 51.75), (63.425, 30.72, 51), (63.425, 30.93, 51), (63.7, 30.72, 51.75), (63.975, 30.51, 51), (63.975, 30.3, 51.75), (64.25, 30.3, 51.75), (64.525, 29.88, 53.25), (64.25, 30.09, 52.5), (64.525, 30.09, 52.5), (64.25, 30.09, 53.25), (64.525, 29.88, 54), (64.525, 30.09, 54), (63.975, 30.3, 52.5), (63.975, 30.51, 52.5), (64.25, 30.3, 53.25), (62.875, 31.14, 49.5), (62.875, 31.35, 49.5), (63.15, 31.14, 50.25), (65.075, 29.46, 54.75), (65.35, 29.46, 54.75), (64.8, 29.88, 53.25), (64.8, 29.67, 54), (65.075, 29.67, 54), (64.8, 29.67, 54.75), (64.8, 29.88, 54.75), (66.175, 28.62, 57.75), (66.45, 28.62, 57.75), (65.075, 29.46, 55.5), (65.35, 29.25, 55.5), (65.35, 29.25, 56.25), (65.35, 29.46, 56.25), (65.625, 29.04, 56.25), (65.9, 29.04, 56.25), (65.625, 29.25, 55.5), (65.9, 28.83, 57), (65.625, 29.04, 57), (66.175, 28.83, 57), (65.9, 28.83, 57.75), (65.9, 29.04, 57.75), (65.625, 29.25, 57), (66.45, 28.41, 58.5), (66.45, 28.41, 59.25), (66.175, 28.62, 58.5), (66.45, 28.62, 59.25), (66.175, 28.83, 58.5), (66.725, 28.41, 58.5), (66.725, 28.2, 59.25), (67, 28.2, 59.25), (66.725, 28.2, 60), (66.725, 28.41, 60), (65.075, 29.67, 55.5), (57.65, 35.13, 34.5), (57.925, 35.13, 34.5), (58.75, 34.29, 37.5), (59.025, 34.29, 37.5), (58.2, 34.71, 36), (57.925, 34.92, 35.25), (57.65, 35.13, 35.25), (58.2, 34.92, 35.25), (57.925, 34.92, 36), (57.925, 35.13, 36), (58.475, 34.71, 36), (58.2, 34.71, 36.75), (58.2, 34.92, 36.75), (58.475, 34.5, 36.75), (58.75, 34.5, 36.75), (58.475, 34.5, 37.5), (58.475, 34.71, 37.5), (57.65, 35.34, 33.75), (57.65, 35.34, 35.25), (59.025, 34.08, 38.25), (59.025, 34.08, 39), (58.75, 34.29, 38.25), (59.025, 34.29, 39), (58.75, 34.5, 38.25), (59.3, 34.08, 38.25), (59.3, 33.87, 39), (59.575, 33.87, 39), (59.3, 33.87, 39.75), (59.3, 34.08, 39.75), (59.575, 33.87, 40.5), (19.138962, 8.421271, 151), (19.138962, 8.421271, 151.5), (20, 8.25, 151), (20, 8.25, 151.5), (20.861038, 8.421271, 151), (20.861038, 8.421271, 151.5), (17.92127, 9.638963, 151), (17.92127, 9.638963, 151.5), (17.75, 10.5, 151), (17.75, 10.5, 151.5), (18.40901, 8.90901, 151), (18.40901, 8.90901, 151.5), (21.59099, 8.90901, 151), (21.59099, 8.90901, 151.5), (22.07873, 9.638963, 151), (22.07873, 9.638963, 151.5), (22.25, 10.5, 151), (22.25, 10.5, 151.5), (17.92127, 11.361037, 151), (17.92127, 11.361037, 151.5), (18.40901, 12.09099, 151), (18.40901, 12.09099, 151.5), (19.138962, 12.578729, 151), (19.138962, 12.578729, 151.5), (20.861038, 12.578729, 151), (20.861038, 12.578729, 151.5), (20, 12.75, 151), (20, 12.75, 151.5), (22.07873, 11.361037, 151), (22.07873, 11.361037, 151.5), (21.59099, 12.09099, 151), (21.59099, 12.09099, 151.5), (68.9, 22.13, 71.96), (69.175, 22.13, 71.96), (68.625, 22.34, 71.2), (68.9, 22.34, 71.2), (68.625, 22.34, 71.96), (70.275, 21.08, 75.76), (70.55, 21.08, 75.76), (70.825, 20.66, 77.28), (70.275, 21.08, 76.52), (70.55, 20.87, 76.52), (70.825, 20.87, 76.52), (70.55, 20.87, 77.28), (70.55, 21.08, 77.28), (71.1, 20.66, 77.28), (69.45, 21.71, 73.48), (69.725, 21.71, 73.48), (69.45, 21.71, 74.24), (69.725, 21.5, 74.24), (70, 21.5, 74.24), (69.175, 21.92, 72.72), (68.9, 22.13, 72.72), (69.175, 21.92, 73.48), (69.175, 22.13, 73.48), (68.9, 22.34, 72.72), (69.45, 21.92, 72.72), (69.45, 21.92, 74.24), (70, 21.29, 75), (70, 21.29, 75.76), (69.725, 21.5, 75), (69.725, 21.71, 75), (70, 21.5, 75.76), (70.275, 21.29, 75), (70.275, 21.29, 76.52), (71.375, 20.24, 78.8), (71.65, 20.24, 78.8), (71.65, 20.03, 79.56), (71.65, 20.03, 80.32), (71.375, 20.24, 79.56), (71.65, 20.24, 80.32), (70.825, 20.66, 78.04), (70.825, 20.87, 78.04), (71.1, 20.45, 78.04), (71.375, 20.45, 78.04), (71.1, 20.45, 78.8), (71.1, 20.66, 78.8), (71.375, 20.45, 79.56), (73.025, 18.98, 83.36), (73.3, 18.98, 83.36), (72.2, 19.61, 81.08), (72.475, 19.61, 81.08), (72.2, 19.61, 81.84), (72.475, 19.4, 81.84), (72.75, 19.4, 81.84), (72.75, 19.19, 82.6), (72.75, 19.19, 83.36), (72.475, 19.4, 82.6), (72.475, 19.61, 82.6), (72.75, 19.4, 83.36), (73.025, 19.19, 82.6), (71.925, 20.03, 79.56), (71.925, 19.82, 80.32), (72.2, 19.82, 80.32), (71.925, 19.82, 81.08), (71.925, 20.03, 81.08), (72.2, 19.82, 81.84), (74.425, 22.32, 80.25), (74.7, 22.32, 80.25), (75.25, 21.69, 82.5), (75.25, 21.69, 83.25), (74.425, 22.32, 81), (74.7, 22.11, 81), (74.975, 22.11, 81), (74.975, 21.9, 81.75), (74.7, 22.11, 81.75), (75.25, 21.9, 81.75), (74.7, 22.32, 81.75), (74.975, 21.9, 82.5), (74.975, 22.11, 82.5), (75.25, 21.9, 83.25), (75.525, 21.69, 82.5), (75.525, 21.48, 83.25), (75.8, 21.48, 83.25), (76.05, 16.67, 91.72), (76.325, 16.67, 91.72), (76.875, 16.04, 94), (77.15, 16.04, 94), (77.15, 15.83, 94.76), (76.875, 16.04, 94.76), (76.325, 16.46, 92.48), (76.325, 16.46, 93.24), (76.05, 16.67, 92.48), (76.325, 16.67, 93.24), (76.6, 16.46, 92.48), (76.6, 16.25, 93.24), (76.875, 16.25, 93.24), (76.6, 16.25, 94), (76.6, 16.46, 94), (76.875, 16.25, 94.76), (77.425, 15.83, 94.76), (77.7, 15.41, 96.28), (77.975, 15.41, 96.28), (77.7, 15.41, 97.04), (77.975, 15.2, 97.04), (78.25, 15.2, 97.04), (78.8, 14.57, 99.32), (78.8, 14.57, 100.08), (77.975, 15.2, 97.8), (77.975, 15.41, 97.8), (78.25, 14.99, 97.8), (78.525, 14.99, 97.8), (78.525, 14.78, 98.56), (78.25, 14.99, 98.56), (78.8, 14.78, 98.56), (78.25, 15.2, 98.56), (78.525, 14.78, 99.32), (78.525, 14.99, 99.32), (78.8, 14.78, 100.08), (77.15, 15.83, 95.52), (77.15, 16.04, 95.52), (77.425, 15.62, 95.52), (77.7, 15.62, 95.52), (77.425, 15.62, 96.28), (77.7, 15.62, 97.04), (77.425, 15.83, 96.28), (79.625, 13.94, 101.6), (79.9, 13.94, 101.6), (79.9, 13.73, 102.36), (79.625, 13.94, 102.36), (79.9, 13.73, 103.12), (79.9, 13.94, 103.12), (80.175, 13.52, 103.12), (80.45, 13.52, 103.12), (80.175, 13.73, 102.36), (80.45, 13.31, 103.88), (80.725, 13.31, 103.88), (80.725, 13.1, 104.64), (80.45, 13.31, 104.64), (80.725, 13.1, 105.4), (80.725, 13.31, 105.4), (80.175, 13.52, 103.88), (80.45, 13.52, 104.64), (80.175, 13.73, 103.88), (81, 13.1, 104.64), (81, 12.89, 105.4), (81.275, 12.89, 105.4), (79.075, 14.36, 100.08), (79.35, 14.36, 100.08), (79.075, 14.57, 99.32), (81.575, 16.86, 99.75), (81.85, 16.86, 99.75), (79.35, 14.15, 100.84), (79.075, 14.36, 100.84), (79.625, 14.15, 100.84), (79.35, 14.15, 101.6), (79.35, 14.36, 101.6), (79.075, 14.57, 100.84), (79.625, 14.15, 102.36), (81.575, 16.86, 100.5), (82.125, 16.44, 101.25), (82.4, 16.44, 101.25), (81.85, 16.65, 100.5), (82.125, 16.65, 100.5), (81.85, 16.65, 101.25), (81.85, 16.86, 101.25), (82.125, 16.44, 102), (82.4, 16.23, 102), (82.4, 16.23, 102.75), (82.4, 16.44, 102.75), (82.125, 16.65, 102), (83.5, 15.39, 105), (83.5, 15.39, 105.75), (83.775, 15.39, 105), (83.775, 15.18, 105.75), (84.05, 15.18, 105.75), (82.675, 16.02, 102.75), (82.95, 16.02, 102.75), (82.675, 16.23, 102), (82.95, 15.81, 103.5), (83.225, 15.81, 103.5), (82.95, 15.81, 104.25), (83.225, 15.6, 104.25), (83.5, 15.6, 104.25), (82.675, 16.02, 103.5), (82.95, 16.02, 104.25), (83.225, 15.6, 105), (83.225, 15.81, 105), (83.5, 15.6, 105.75), (82.675, 16.23, 103.5), (74.95, 17.51, 88.68), (75.225, 17.51, 88.68), (74.125, 18.14, 86.4), (74.4, 18.14, 86.4), (74.4, 17.93, 87.16), (74.125, 18.14, 87.16), (74.675, 17.93, 87.16), (74.4, 17.93, 87.92), (74.4, 18.14, 87.92), (74.675, 17.72, 87.92), (74.95, 17.72, 87.92), (74.675, 17.72, 88.68), (74.675, 17.93, 88.68), (73.025, 18.98, 84.12), (73.3, 18.77, 84.12), (73.575, 18.77, 84.12), (73.575, 18.56, 84.88), (73.575, 18.56, 85.64), (73.3, 18.77, 84.88), (73.3, 18.98, 84.88), (73.575, 18.77, 85.64), (73.025, 19.19, 84.12), (73.85, 18.56, 84.88), (73.85, 18.35, 85.64), (74.125, 18.35, 85.64), (73.85, 18.35, 86.4), (73.85, 18.56, 86.4), (74.125, 18.35, 87.16), (74.95, 17.51, 89.44), (75.225, 17.3, 89.44), (75.225, 17.3, 90.2), (75.225, 17.51, 90.2), (74.95, 17.72, 89.44), (75.5, 17.09, 90.2), (75.775, 17.09, 90.2), (75.5, 17.3, 89.44), (75.775, 16.88, 90.96), (75.5, 17.09, 90.96), (76.05, 16.88, 90.96), (75.775, 16.88, 91.72), (75.775, 17.09, 91.72), (75.5, 17.3, 90.96), (76.05, 16.88, 92.48), (78, 19.59, 90), (78.275, 19.59, 90), (78, 19.59, 90.75), (78.55, 19.17, 91.5), (78.825, 19.17, 91.5), (78.275, 19.38, 90.75), (78.55, 19.38, 90.75), (78.275, 19.38, 91.5), (78.275, 19.59, 91.5), (78.825, 18.96, 92.25), (78.825, 18.96, 93), (78.55, 19.17, 92.25), (78.825, 19.17, 93), (78.55, 19.38, 92.25), (76.075, 21.06, 84.75), (76.35, 21.06, 84.75), (76.35, 20.85, 85.5), (76.075, 21.06, 85.5), (76.35, 20.85, 86.25), (76.35, 21.06, 86.25), (76.625, 20.64, 86.25), (76.9, 20.64, 86.25), (76.625, 20.85, 85.5), (77.175, 20.22, 87.75), (77.175, 20.22, 88.5), (76.625, 20.64, 87), (76.9, 20.43, 87), (77.175, 20.43, 87), (76.625, 20.85, 87), (76.9, 20.43, 87.75), (76.9, 20.64, 87.75), (77.175, 20.43, 88.5), (77.45, 20.01, 88.5), (77.725, 20.01, 88.5), (77.45, 20.22, 87.75), (75.8, 21.27, 84), (76.075, 21.27, 84), (75.8, 21.27, 84.75), (75.525, 21.48, 84), (75.525, 21.69, 84), (75.8, 21.48, 84.75), (76.075, 21.27, 85.5), (77.45, 20.01, 89.25), (77.725, 19.8, 89.25), (78, 19.8, 89.25), (77.725, 19.8, 90), (77.725, 20.01, 90), (77.45, 20.22, 89.25), (78, 19.8, 90.75), (79.1, 18.96, 92.25), (79.1, 18.75, 93), (79.375, 18.75, 93), (79.375, 18.54, 93.75), (79.65, 18.54, 93.75), (79.375, 18.54, 94.5), (79.65, 18.33, 94.5), (79.925, 18.33, 94.5), (79.1, 18.75, 93.75), (79.1, 18.96, 93.75), (79.375, 18.75, 94.5), (80.75, 17.49, 97.5), (79.925, 18.12, 95.25), (79.925, 18.12, 96), (80.2, 17.91, 96), (80.475, 17.91, 96), (80.2, 18.12, 95.25), (80.2, 17.91, 96.75), (80.475, 17.7, 96.75), (80.75, 17.7, 96.75), (80.475, 17.7, 97.5), (80.475, 17.91, 97.5), (80.2, 18.12, 96.75), (81.025, 17.49, 97.5), (80.75, 17.49, 98.25), (80.75, 17.7, 98.25), (81.3, 17.07, 99), (81.575, 17.07, 99), (81.025, 17.28, 98.25), (81.3, 17.28, 98.25), (81.025, 17.28, 99), (81.025, 17.49, 99), (81.3, 17.07, 99.75), (81.3, 17.28, 99.75), (79.65, 18.33, 95.25), (79.65, 18.54, 95.25), (79.925, 18.33, 96), (81.575, 17.07, 100.5), (85.95, 0.5, 119), (85.95, 0.5, 119.08), (86.225, 0.5, 119.08), (86.225, 0.5, 119.84), (83.2, 11.21, 111.48), (83.475, 11.21, 111.48), (85.125, 9.74, 116.8), (85.4, 9.74, 116.8), (84.3, 10.37, 114.52), (83.475, 11, 112.24), (83.2, 11.21, 112.24), (83.475, 11, 113), (83.475, 11.21, 113), (83.75, 10.79, 113), (84.025, 10.79, 113), (83.75, 11, 112.24), (83.75, 10.79, 113.76), (84.025, 10.58, 113.76), (84.3, 10.58, 113.76), (84.025, 10.58, 114.52), (84.025, 10.79, 114.52), (83.75, 11, 113.76), (84.575, 10.37, 114.52), (84.3, 10.37, 115.28), (84.3, 10.58, 115.28), (84.575, 10.16, 115.28), (84.85, 10.16, 115.28), (84.85, 9.95, 116.04), (84.575, 10.16, 116.04), (85.125, 9.95, 116.04), (84.575, 10.37, 116.04), (84.85, 9.95, 116.8), (84.85, 10.16, 116.8), (85.125, 9.74, 117.56), (85.675, 9.32, 118.32), (85.95, 9.32, 118.32), (85.4, 9.53, 117.56), (85.675, 9.53, 117.56), (85.4, 9.53, 118.32), (85.4, 9.74, 118.32), (85.675, 9.32, 119), (85.95, 9.32, 119), (85.675, 9.53, 119), (85.125, 9.95, 117.56), (60, 3, 151.5), (59.13896, 8.421271, 151), (59.13896, 8.421271, 151.5), (60, 8.25, 151), (60, 8.25, 151.5), (60.86104, 8.421271, 151), (60.86104, 8.421271, 151.5), (58.409008, 8.90901, 151), (58.409008, 8.90901, 151.5), (57.921272, 9.638963, 151), (57.921272, 9.638963, 151.5), (57.75, 10.5, 151), (57.75, 10.5, 151.5), (61.590992, 8.90901, 151), (61.590992, 8.90901, 151.5), (62.078728, 9.638963, 151), (62.078728, 9.638963, 151.5), (62.25, 10.5, 151), (62.25, 10.5, 151.5), (78, 0.5, 151), (81.55, 12.47, 106.92), (81.825, 12.47, 106.92), (81.55, 12.47, 107.68), (81.825, 12.26, 107.68), (82.1, 12.26, 107.68), (82.1, 12.05, 108.44), (81.825, 12.26, 108.44), (82.375, 12.05, 108.44), (81.825, 12.47, 108.44), (82.375, 11.84, 109.2), (82.65, 11.84, 109.2), (82.65, 11.63, 109.96), (82.375, 11.84, 109.96), (82.65, 11.63, 110.72), (82.65, 11.84, 110.72), (82.1, 12.05, 109.2), (82.1, 12.26, 109.2), (82.375, 12.05, 109.96), (81.275, 12.68, 106.16), (81, 12.89, 106.16), (81.55, 12.68, 106.16), (81.275, 12.68, 106.92), (81.275, 12.89, 106.92), (81, 13.1, 106.16), (81.55, 12.68, 107.68), (82.925, 11.63, 109.96), (82.925, 11.42, 110.72), (83.2, 11.42, 110.72), (82.925, 11.42, 111.48), (82.925, 11.63, 111.48), (85.425, 13.92, 110.25), (85.7, 13.92, 110.25), (85.7, 13.71, 111), (85.975, 13.71, 111), (85.7, 13.71, 111.75), (85.975, 13.5, 111.75), (85.425, 13.92, 111), (85.7, 13.92, 111.75), (83.2, 11.42, 112.24), (85.975, 13.5, 112.5), (85.975, 13.71, 112.5), (84.325, 14.76, 107.25), (84.325, 14.76, 108), (84.05, 14.97, 106.5), (84.325, 14.97, 106.5), (84.05, 14.97, 107.25), (83.775, 15.18, 106.5), (83.775, 15.39, 106.5), (84.05, 15.18, 107.25), (84.325, 14.97, 108), (84.6, 14.76, 107.25), (84.875, 14.34, 108.75), (85.15, 14.34, 108.75), (84.6, 14.55, 108), (84.875, 14.55, 108), (84.6, 14.55, 108.75), (84.6, 14.76, 108.75), (84.875, 14.34, 109.5), (85.15, 14.13, 109.5), (85.15, 14.13, 110.25), (85.15, 14.34, 110.25), (84.875, 14.55, 109.5), (85.425, 14.13, 109.5), (85.425, 14.13, 111), (57.921272, 11.361037, 151), (57.921272, 11.361037, 151.5), (58.409008, 12.09099, 151), (58.409008, 12.09099, 151.5), (59.13896, 12.578729, 151), (59.13896, 12.578729, 151.5), (60.86104, 12.578729, 151), (60.86104, 12.578729, 151.5), (60, 12.75, 151), (60, 12.75, 151.5), (62.078728, 11.361037, 151), (62.078728, 11.361037, 151.5), (61.590992, 12.09099, 151), (61.590992, 12.09099, 151.5), (86.5, 0.5, 119.84), (88.725, 0.5, 119), (88.725, 0.5, 119.25), (89, 0.5, 119), (89, 0.5, 119.25), (89, 0.5, 120), (89.275, 0.5, 120), (86.5, 0.5, 120.6), (86.775, 0.5, 120.6), (86.775, 0.5, 121.36), (87.05, 0.5, 121.36), (87.05, 0.5, 122.12), (87.325, 0.5, 122.12), (87.325, 0.5, 122.88), (87.6, 0.5, 122.88), (89.275, 0.5, 120.75), (89.55, 0.5, 120.75), (89.55, 0.5, 121.5), (89.825, 0.5, 121.5), (89.825, 0.5, 122.25), (89.86667, 0.5, 120), (89.86667, 0.5, 121), (90.73333, 0.5, 121), (90.1, 0.5, 122.25), (90.73333, 0.5, 122), (90.1, 0.5, 123), (90.375, 0.5, 123), (91.6, 0.5, 122), (91.6, 0.5, 123), (92.46667, 0.5, 123), (87.6, 0.5, 123.64), (87.875, 0.5, 123.64), (87.875, 0.5, 124.4), (88.15, 0.5, 124.4), (88.15, 0.5, 125.16), (88.425, 0.5, 125.16), (88.425, 0.5, 125.92), (88.7, 0.5, 125.92), (88.7, 0.5, 126.68), (88.975, 0.5, 126.68), (88.975, 0.5, 127.44), (89.25, 0.5, 127.44), (89.25, 0.5, 128.2), (89.525, 0.5, 128.2), (90.375, 0.5, 123.75), (90.65, 0.5, 123.75), (90.65, 0.5, 124.5), (90.925, 0.5, 124.5), (90.925, 0.5, 125.25), (91.2, 0.5, 125.25), (92.46667, 0.5, 124), (93.333336, 0.5, 124), (93.333336, 0.5, 125), (91.2, 0.5, 126), (91.475, 0.5, 126), (91.475, 0.5, 126.75), (91.75, 0.5, 126.75), (91.75, 0.5, 127.5), (92.025, 0.5, 127.5), (92.025, 0.5, 128.25), (92.3, 0.5, 128.25), (94.2, 0.5, 125), (94.2, 0.5, 126), (95.066666, 0.5, 126), (95.066666, 0.5, 127), (95.933334, 0.5, 127), (95.933334, 0.5, 128), (96.8, 0.5, 128), (89.525, 0.5, 128.96), (89.8, 0.5, 128.96), (89.8, 0.5, 129.72), (90.075, 0.5, 129.72), (90.075, 0.5, 130.48), (90.35, 0.5, 130.48), (90.35, 0.5, 131.24), (90.625, 0.5, 131.24), (92.3, 0.5, 129), (92.575, 0.5, 129), (92.575, 0.5, 129.75), (92.85, 0.5, 129.75), (92.85, 0.5, 130.5), (93.125, 0.5, 130.5), (93.125, 0.5, 131.25), (93.4, 0.5, 131.25), (90.625, 0.5, 132), (90.9, 0.5, 132), (90.9, 0.5, 132.76), (91.175, 0.5, 132.76), (91.175, 0.5, 133.52), (91.45, 0.5, 133.52), (91.45, 0.5, 134.28), (93.4, 0.5, 132), (91.725, 0.5, 134.28), (91.725, 0.5, 135.04), (92, 0.5, 135.04), (92, 0.5, 135.8), (92.275, 0.5, 135.8), (92.275, 0.5, 136.56), (92.55, 0.5, 136.56), (92.55, 0.5, 137.32), (92.825, 0.5, 137.32), (92.825, 0.5, 138.08), (93.1, 0.5, 138.08), (93.1, 0.5, 138.84), (93.375, 0.5, 138.84), (93.375, 0.5, 139.6), (96.8, 0.5, 129), (93.675, 0.5, 132), (93.675, 0.5, 132.75), (93.95, 0.5, 132.75), (93.95, 0.5, 133.5), (94.225, 0.5, 133.5), (94.225, 0.5, 134.25), (94.5, 0.5, 134.25), (97.5, 0.5, 129), (94.5, 0.5, 135), (94.775, 0.5, 135), (94.775, 0.5, 135.75), (95.05, 0.5, 135.75), (95.05, 0.5, 136.5), (95.325, 0.5, 136.5), (95.325, 0.5, 137.25), (95.6, 0.5, 137.25), (93.65, 0.5, 139.6), (95.6, 0.5, 138), (95.875, 0.5, 138), (95.875, 0.5, 138.75), (96.15, 0.5, 138.75), (96.15, 0.5, 139.5), (96.425, 0.5, 139.5), (93.65, 0.5, 140.36), (93.925, 0.5, 140.36), (93.925, 0.5, 141.12), (94.2, 0.5, 141.12), (94.2, 0.5, 141.88), (94.475, 0.5, 141.88), (94.475, 0.5, 142.64), (94.75, 0.5, 142.64), (96.425, 0.5, 140.25), (96.7, 0.5, 140.25), (96.7, 0.5, 141), (96.975, 0.5, 141), (96.975, 0.5, 141.75), (94.75, 0.5, 143.4), (95.025, 0.5, 143.4), (95.025, 0.5, 144.16), (95.3, 0.5, 144.16), (95.3, 0.5, 144.92), (95.575, 0.5, 144.92), (95.575, 0.5, 145.68), (95.85, 0.5, 145.68), (97.25, 0.5, 141.75), (97.25, 0.5, 142.5), (97.5, 0.5, 142.5), (95.85, 0.5, 146.44), (96.125, 0.5, 146.44), (96.125, 0.5, 147.2), (96.4, 0.5, 147.2), (96.4, 0.5, 147.96), (96.675, 0.5, 147.96), (96.675, 0.5, 148.72), (96.95, 0.5, 148.72), (96.95, 0.5, 149.48), (97.225, 0.5, 149.48), (97.225, 0.5, 150.24), (97.5, 0.5, 150.24), (97.5, 0.5, 150.75), (97.5, 0.5, 151), (100, 3, 151), (100, 3, 151.5), (86.25, 13.5, 111.75), (87.35, 12.45, 115.5), (87.625, 12.45, 115.5), (87.625, 12.24, 116.25), (87.9, 12.24, 116.25), (87.9, 12.03, 117), (87.625, 12.24, 117), (87.35, 12.45, 116.25), (87.625, 12.45, 117), (88.175, 12.03, 117), (86.25, 13.29, 112.5), (86.525, 13.29, 112.5), (86.8, 12.87, 114), (87.075, 12.87, 114), (86.525, 13.08, 113.25), (86.25, 13.29, 113.25), (86.8, 13.08, 113.25), (86.525, 13.08, 114), (86.525, 13.29, 114), (86.25, 13.5, 113.25), (87.075, 12.66, 114.75), (86.8, 12.87, 114.75), (87.075, 12.66, 115.5), (87.075, 12.87, 115.5), (86.8, 13.08, 114.75), (87.35, 12.66, 114.75), (87.35, 12.66, 116.25), (87.9, 12.03, 117.75), (87.9, 12.24, 117.75), (88.175, 11.82, 117.75), (88.45, 11.82, 117.75), (88.45, 11.61, 118.5), (88.175, 11.82, 118.5), (88.725, 11.61, 118.5), (88.725, 11.4, 119), (88.725, 11.4, 119.25), (88.725, 11.4, 120), (88.45, 11.61, 119.25), (88.45, 11.82, 119.25), (88.725, 11.61, 120), (89, 11.4, 119), (89, 11.4, 119.25), (89, 11.4, 120), (88.175, 12.03, 118.5), (89.86667, 11.62, 120), (89.86667, 11.62, 121), (90.73333, 11.84, 121), (90.73333, 11.84, 122), (91.6, 12.06, 122), (91.6, 12.06, 123), (92.46667, 12.28, 123), (92.46667, 12.28, 124), (93.333336, 12.5, 124), (93.333336, 12.5, 125), (94.2, 12.72, 125), (94.2, 12.72, 126), (95.066666, 12.94, 126), (95.066666, 12.94, 127), (95.933334, 13.16, 127), (95.933334, 13.16, 128), (96.8, 13.38, 128), (96.8, 13.38, 129), (97.666664, 13.6, 129), (97.666664, 13.6, 130), (98.53333, 13.82, 130), (98.53333, 13.82, 131), (99.4, 14.04, 131), (99.4, 14.04, 132), (100.26667, 14.26, 132), (100.26667, 14.26, 133), (101.13333, 14.48, 133), (101.13333, 14.48, 134), (102, 14.7, 134), (102, 14.7, 135), (102.86667, 14.92, 135), (102.86667, 14.92, 136), (103.73333, 15.14, 136), (103.73333, 15.14, 137), (104.6, 15.36, 137), (104.6, 15.36, 138), (105.46667, 15.58, 138), (105.46667, 15.58, 139), (106.333336, 15.8, 139), (106.333336, 15.8, 140), (107.2, 16.02, 140), (107.2, 16.02, 141), (108.066666, 16.24, 141), (108.066666, 16.24, 142), (108.933334, 16.46, 142), (108.933334, 16.46, 143), (109.8, 16.68, 143), (109.8, 16.68, 144), (110.666664, 16.9, 144), (110.666664, 16.9, 145), (111.53333, 17.12, 145), (111.53333, 17.12, 146), (112.4, 17.34, 146), (112.4, 17.34, 147), (113.26667, 17.56, 147), (113.26667, 17.56, 148), (114.13333, 17.78, 148), (114.13333, 17.78, 148.5), (115, 18, 148.5), (115, 18, 149), (115, 18, 151), (115, 18, 151.5), (66.7, 23.81, 65.88), (66.975, 23.81, 65.88), (65.325, 24.86, 62.08), (65.05, 25.07, 61.32), (64.775, 25.28, 61.32), (65.325, 25.07, 61.32), (65.05, 25.07, 62.08), (65.05, 25.28, 62.08), (65.6, 24.86, 62.08), (65.325, 24.86, 62.84), (65.325, 25.07, 62.84), (65.6, 24.65, 62.84), (65.875, 24.65, 62.84), (66.15, 24.23, 64.36), (66.425, 24.23, 64.36), (65.875, 24.44, 63.6), (66.15, 24.44, 63.6), (65.875, 24.44, 64.36), (66.425, 24.02, 65.12), (66.15, 24.23, 65.12), (66.425, 24.02, 65.88), (66.425, 24.23, 65.88), (66.15, 24.44, 65.12), (65.6, 24.65, 63.6), (65.6, 24.86, 63.6), (65.875, 24.65, 64.36), (66.7, 24.02, 65.12), (67.525, 23.18, 68.16), (67.8, 23.18, 68.16), (67.8, 22.97, 68.92), (67.525, 23.18, 68.92), (68.075, 22.97, 68.92), (67.25, 23.39, 67.4), (66.7, 23.81, 66.64), (66.975, 23.6, 66.64), (67.25, 23.6, 66.64), (66.975, 23.6, 67.4), (66.975, 23.81, 67.4), (67.525, 23.39, 67.4), (67.25, 23.39, 68.16), (67.25, 23.6, 68.16), (67.525, 23.39, 68.92), (68.075, 22.76, 69.68), (68.075, 22.76, 70.44), (67.8, 22.97, 69.68), (67.8, 23.18, 69.68), (68.075, 22.97, 70.44), (66.7, 24.02, 66.64), (68.35, 22.76, 69.68), (68.35, 22.55, 70.44), (68.625, 22.55, 70.44), (68.35, 22.55, 71.2), (68.35, 22.76, 71.2), (68.625, 22.55, 71.96), (70.575, 25.26, 69.75), (70.85, 25.26, 69.75), (70.85, 25.05, 70.5), (70.575, 25.26, 70.5), (71.125, 25.05, 70.5), (70.85, 25.05, 71.25), (70.85, 25.26, 71.25), (71.125, 24.84, 71.25), (71.4, 24.84, 71.25), (71.4, 24.63, 72), (71.125, 24.84, 72), (71.675, 24.63, 72), (71.125, 25.05, 72), (64.775, 25.49, 61.32), (67.825, 27.36, 62.25), (68.1, 27.36, 62.25), (67.825, 27.36, 63), (68.1, 27.15, 63), (67.275, 27.78, 60.75), (67, 27.99, 60.75), (67.275, 27.78, 61.5), (67.275, 27.99, 61.5), (67.55, 27.57, 61.5), (67.825, 27.57, 61.5), (67.55, 27.78, 60.75), (67.55, 27.57, 62.25), (67.825, 27.57, 63), (67.55, 27.78, 62.25), (68.1, 27.15, 63.75), (68.1, 27.36, 63.75), (68.925, 26.52, 65.25), (68.925, 26.52, 66), (69.2, 26.31, 66), (69.475, 26.31, 66), (69.2, 26.52, 65.25), (68.375, 27.15, 63), (68.375, 26.94, 63.75), (68.65, 26.94, 63.75), (68.65, 26.73, 64.5), (68.375, 26.94, 64.5), (68.925, 26.73, 64.5), (68.375, 27.15, 64.5), (68.65, 26.73, 65.25), (68.65, 26.94, 65.25), (68.925, 26.73, 66), (69.75, 25.89, 67.5), (70.025, 25.89, 67.5), (70.025, 25.68, 68.25), (69.75, 25.89, 68.25), (70.025, 25.68, 69), (70.025, 25.89, 69), (69.475, 26.1, 66.75), (69.2, 26.31, 66.75), (69.75, 26.1, 66.75), (69.475, 26.1, 67.5), (69.475, 26.31, 67.5), (69.2, 26.52, 66.75), (69.75, 26.1, 68.25), (70.3, 25.47, 69), (70.575, 25.47, 69), (70.3, 25.68, 68.25), (70.3, 25.47, 69.75), (70.575, 25.47, 70.5), (70.3, 25.68, 69.75), (71.675, 24.42, 72.75), (71.675, 24.42, 73.5), (71.4, 24.63, 72.75), (71.4, 24.84, 72.75), (71.675, 24.63, 73.5), (67, 28.2, 60.75), (73.325, 23.16, 77.25), (73.6, 23.16, 77.25), (72.5, 23.79, 75), (72.5, 23.79, 75.75), (72.775, 23.79, 75), (72.775, 23.58, 75.75), (73.05, 23.58, 75.75), (73.05, 23.37, 76.5), (73.325, 23.37, 76.5), (73.05, 23.37, 77.25), (72.775, 23.58, 76.5), (72.775, 23.79, 76.5), (73.05, 23.58, 77.25), (71.95, 24.21, 73.5), (72.225, 24.21, 73.5), (71.95, 24.42, 72.75), (72.225, 24, 74.25), (71.95, 24.21, 74.25), (72.5, 24, 74.25), (71.95, 24.42, 74.25), (72.225, 24, 75), (72.225, 24.21, 75), (72.5, 24, 75.75), (73.6, 22.95, 78), (73.325, 23.16, 78), (73.6, 22.95, 78.75), (73.6, 23.16, 78.75), (73.325, 23.37, 78), (73.875, 22.74, 78.75), (74.15, 22.74, 78.75), (73.875, 22.95, 78), (73.875, 22.74, 79.5), (74.15, 22.53, 79.5), (74.425, 22.53, 79.5), (74.15, 22.53, 80.25), (74.15, 22.74, 80.25), (73.875, 22.95, 79.5), (74.425, 22.53, 81)]

        rel material:binding = </tapered_box_union_union_union_union_union_union_union_union_union_union_union_union_union_union_union_union_union_union_union_union_union_union_union_union_union_union_union_union_union_union_union_union_union_union_union_union_union_union_union_union_union_union_union_union_union_union_union_union_union_union_union_union_union_union_union_union_union_union_union_union_union_union_union_union_union_union_union_union_union_union_union_union_union_union_union_union_union_union_union_union_union_union_union_union_union_union_union_union_union_union_union_union_union_union_union_union_union_union_union_union_union_union_union_union_union_union_union_union_union_union_union_union_union_union_union_union_union_union_union_union_union_union_union_union_union_union_union_union_union_union_union_union_union_union_union_union_union_union_union_union_union_union_union_union_union_union_union_union_union_union_union_union_union_union_union_union_union_union_union_union_union_union_union_union_union_union_union_union_union_union_union_union_union_union_union_union_union_union_union_union_union_union_union_union_union_union_union_union_union_union_union_union_union_union_union_union_union_union_union_union_union_diff_union_union_union_union/Material>
    }

    def Scope "Material"
    {
        def Material "PBR"
        {
            token outputs:surface.connect = <PBR/Shader.outputs:surface>

            def Shader "Shader"
            {
                uniform token info:id = "UsdPreviewSurface"
                color3f inputs:diffuseColor = (0.5, 0.5, 0.5)
                float inputs:metallic = 0
                float inputs:roughness = 0.5
                token outputs:surface
            }
        }
    }

    def PhysicsCollisionAPI "collision"
    {
        rel physics:collisionGroup = </CollisionGroup>
    }
}
