#usda 1.0
(
    defaultPrim = "BVR1"
    upAxis = "Y"
    metersPerUnit = 0.001
    doc = "BVR1 Rover - Municipal Robotics"
)

def PhysicsScene "PhysicsScene"
{
    vector3f physics:gravityDirection = (0, -1, 0)
    float physics:gravityMagnitude = 9.81
}

def Xform "BVR1" (
    prepend apiSchemas = ["PhysicsArticulationRootAPI"]
)
{
    def Xform "Body" (
        prepend apiSchemas = ["PhysicsRigidBodyAPI", "PhysicsMassAPI"]
    )
    {
        float physics:mass = 25.0
        point3f physics:centerOfMass = (0, 0.15, 0)

        def Mesh "BodyMesh"
        {
            int[] faceVertexCounts = [3, 3, 3, 3, 3, 3, 3, 3, 3, 3, 3, 3, 3, 3, 3, 3, 3, 3, 3, 3, 3, 3, 3, 3, 3, 3, 3, 3, 3, 3, 3, 3, 3, 3, 3, 3, 3, 3, 3, 3, 3, 3, 3, 3, 3, 3, 3, 3, 3, 3, 3, 3, 3, 3, 3, 3, 3, 3, 3, 3, 3, 3, 3, 3, 3, 3, 3, 3, 3, 3, 3, 3, 3, 3, 3, 3, 3, 3, 3, 3, 3, 3, 3, 3, 3, 3, 3, 3, 3, 3, 3, 3, 3, 3, 3, 3, 3, 3, 3, 3, 3, 3, 3, 3, 3, 3, 3, 3, 3, 3, 3, 3, 3, 3, 3, 3, 3, 3, 3, 3, 3, 3, 3, 3, 3, 3, 3, 3, 3, 3, 3, 3, 3, 3, 3, 3, 3, 3, 3, 3, 3, 3, 3, 3, 3, 3, 3, 3, 3, 3, 3, 3, 3, 3, 3, 3, 3, 3, 3, 3, 3, 3, 3, 3, 3, 3, 3, 3, 3, 3, 3, 3, 3, 3, 3, 3, 3, 3, 3, 3, 3, 3, 3, 3, 3, 3, 3, 3, 3, 3, 3, 3, 3, 3, 3, 3, 3, 3, 3, 3, 3, 3, 3, 3, 3, 3, 3, 3, 3, 3, 3, 3, 3, 3, 3, 3, 3, 3, 3, 3, 3, 3, 3, 3, 3, 3, 3, 3, 3, 3, 3, 3, 3, 3, 3, 3, 3, 3, 3, 3, 3, 3, 3, 3, 3, 3, 3, 3, 3, 3, 3, 3, 3, 3, 3, 3, 3, 3, 3, 3, 3, 3, 3, 3, 3, 3, 3, 3, 3, 3, 3, 3, 3, 3, 3, 3, 3, 3, 3, 3, 3, 3, 3, 3, 3, 3, 3, 3, 3, 3, 3, 3, 3, 3, 3, 3, 3, 3, 3, 3, 3, 3, 3, 3, 3, 3, 3, 3, 3, 3, 3, 3, 3, 3, 3, 3, 3, 3, 3, 3, 3, 3, 3, 3, 3, 3, 3, 3, 3, 3, 3, 3, 3, 3, 3, 3, 3, 3, 3, 3, 3, 3, 3, 3, 3, 3, 3, 3, 3, 3, 3, 3, 3, 3, 3, 3, 3, 3, 3, 3, 3, 3, 3, 3, 3, 3, 3, 3, 3, 3, 3, 3, 3, 3, 3, 3, 3, 3, 3, 3, 3, 3, 3, 3, 3, 3, 3, 3, 3, 3, 3, 3, 3, 3, 3, 3, 3, 3, 3, 3, 3, 3, 3, 3, 3, 3, 3, 3, 3, 3, 3, 3, 3, 3, 3, 3, 3, 3, 3, 3, 3, 3, 3, 3, 3, 3, 3, 3, 3, 3, 3, 3, 3, 3, 3, 3, 3, 3, 3, 3, 3, 3, 3, 3, 3, 3, 3, 3, 3, 3, 3, 3, 3, 3, 3, 3, 3, 3, 3, 3, 3, 3, 3, 3, 3, 3, 3, 3, 3, 3, 3, 3, 3, 3, 3, 3, 3, 3, 3, 3, 3, 3, 3, 3, 3, 3, 3, 3, 3, 3, 3, 3, 3, 3, 3, 3, 3, 3, 3, 3, 3, 3, 3, 3, 3, 3, 3, 3, 3, 3, 3, 3, 3, 3, 3, 3, 3, 3, 3, 3, 3, 3, 3, 3, 3, 3, 3, 3, 3, 3, 3, 3, 3, 3, 3, 3, 3, 3, 3, 3, 3, 3, 3, 3, 3, 3, 3, 3, 3, 3, 3, 3, 3, 3, 3, 3, 3, 3, 3, 3, 3, 3, 3, 3, 3, 3, 3, 3, 3, 3, 3, 3, 3, 3, 3, 3, 3, 3, 3, 3, 3, 3, 3, 3, 3, 3, 3, 3, 3, 3, 3, 3, 3, 3, 3, 3, 3, 3, 3, 3, 3, 3, 3, 3, 3, 3, 3, 3, 3, 3, 3, 3, 3, 3, 3, 3, 3, 3, 3, 3, 3, 3, 3, 3, 3, 3, 3, 3, 3, 3, 3, 3, 3, 3, 3, 3, 3, 3, 3, 3, 3, 3, 3, 3, 3, 3, 3, 3, 3, 3, 3, 3, 3, 3, 3, 3, 3, 3, 3, 3, 3, 3, 3, 3, 3, 3, 3, 3, 3, 3, 3, 3, 3, 3, 3, 3, 3, 3, 3, 3, 3, 3, 3, 3, 3, 3, 3, 3, 3, 3, 3, 3, 3, 3, 3, 3, 3, 3, 3, 3, 3, 3, 3, 3, 3, 3, 3, 3, 3, 3, 3, 3, 3, 3, 3, 3, 3, 3, 3, 3, 3, 3, 3, 3, 3, 3, 3, 3, 3, 3, 3, 3, 3, 3, 3, 3, 3, 3, 3, 3, 3, 3, 3, 3, 3, 3, 3, 3, 3, 3, 3, 3, 3, 3, 3, 3, 3, 3, 3, 3, 3, 3, 3, 3, 3, 3, 3, 3, 3, 3, 3, 3, 3, 3, 3, 3, 3, 3, 3, 3, 3, 3, 3, 3, 3, 3, 3, 3, 3, 3, 3, 3, 3, 3, 3, 3, 3, 3, 3, 3, 3, 3, 3, 3, 3, 3, 3, 3, 3, 3, 3, 3, 3, 3, 3, 3, 3, 3, 3, 3, 3, 3, 3, 3, 3, 3, 3, 3, 3, 3, 3, 3, 3, 3, 3, 3, 3, 3, 3, 3, 3, 3, 3, 3, 3, 3, 3, 3, 3, 3, 3, 3, 3, 3, 3, 3, 3, 3, 3, 3, 3, 3, 3, 3, 3, 3, 3, 3, 3, 3, 3, 3, 3, 3, 3, 3, 3, 3, 3, 3, 3, 3, 3, 3, 3, 3, 3, 3, 3, 3, 3, 3, 3, 3, 3, 3, 3, 3, 3, 3, 3, 3, 3, 3, 3, 3, 3, 3, 3, 3, 3, 3, 3, 3, 3, 3, 3, 3, 3, 3, 3, 3, 3, 3, 3, 3, 3, 3, 3, 3, 3, 3, 3, 3, 3, 3, 3, 3, 3, 3, 3, 3, 3, 3, 3, 3, 3, 3, 3, 3, 3, 3, 3, 3, 3, 3, 3, 3, 3, 3, 3, 3, 3, 3, 3, 3, 3, 3, 3, 3, 3, 3, 3, 3, 3, 3, 3, 3, 3, 3, 3, 3, 3, 3, 3, 3, 3, 3, 3, 3, 3, 3, 3, 3, 3, 3, 3, 3, 3, 3, 3, 3, 3, 3, 3, 3, 3, 3, 3, 3, 3, 3, 3, 3, 3, 3, 3, 3, 3, 3, 3, 3, 3, 3, 3, 3, 3, 3, 3, 3, 3, 3, 3, 3, 3, 3, 3, 3, 3, 3, 3, 3, 3, 3, 3, 3, 3, 3, 3, 3, 3, 3, 3, 3, 3, 3, 3, 3, 3, 3, 3, 3, 3, 3, 3, 3, 3, 3, 3, 3, 3, 3, 3, 3, 3, 3, 3, 3, 3, 3, 3, 3, 3, 3, 3, 3, 3, 3, 3, 3, 3, 3, 3, 3, 3, 3, 3, 3, 3, 3, 3, 3, 3, 3, 3, 3, 3, 3, 3, 3, 3, 3, 3, 3, 3, 3, 3, 3, 3, 3, 3, 3, 3, 3, 3, 3, 3, 3, 3, 3, 3, 3, 3, 3, 3, 3, 3, 3, 3, 3, 3, 3, 3, 3, 3, 3, 3, 3, 3, 3, 3, 3, 3, 3, 3, 3, 3, 3, 3, 3, 3, 3, 3, 3, 3, 3, 3, 3, 3, 3, 3, 3, 3, 3, 3, 3, 3, 3, 3, 3, 3, 3, 3, 3, 3, 3, 3, 3, 3, 3, 3, 3, 3, 3, 3, 3, 3, 3, 3, 3, 3, 3, 3, 3, 3, 3, 3, 3, 3, 3, 3, 3, 3, 3, 3, 3, 3, 3, 3, 3, 3, 3, 3, 3, 3, 3, 3, 3, 3, 3, 3, 3, 3, 3, 3, 3, 3, 3, 3, 3, 3, 3, 3, 3, 3, 3, 3, 3, 3, 3, 3, 3, 3, 3, 3, 3, 3, 3, 3, 3, 3, 3, 3, 3, 3, 3, 3, 3, 3, 3, 3, 3, 3, 3, 3, 3, 3, 3, 3, 3, 3, 3, 3, 3, 3, 3, 3, 3, 3, 3, 3, 3, 3, 3, 3, 3, 3, 3, 3, 3, 3, 3, 3, 3, 3, 3, 3, 3, 3, 3, 3, 3, 3, 3, 3, 3, 3, 3, 3, 3, 3, 3, 3, 3, 3, 3, 3, 3, 3, 3, 3, 3, 3, 3, 3, 3, 3, 3, 3, 3, 3, 3, 3, 3, 3, 3, 3, 3, 3, 3, 3, 3, 3, 3, 3, 3, 3, 3, 3, 3, 3, 3, 3, 3, 3, 3, 3, 3, 3, 3, 3, 3, 3, 3, 3, 3, 3, 3, 3, 3, 3, 3, 3, 3, 3, 3, 3, 3, 3, 3, 3, 3, 3, 3, 3, 3, 3, 3, 3, 3, 3, 3, 3, 3, 3, 3, 3, 3, 3, 3, 3, 3, 3, 3, 3, 3, 3, 3, 3, 3, 3, 3, 3, 3, 3, 3, 3, 3, 3, 3, 3, 3, 3, 3, 3, 3, 3, 3, 3, 3, 3, 3, 3, 3, 3, 3, 3, 3, 3, 3, 3, 3, 3, 3, 3, 3, 3, 3, 3, 3, 3, 3, 3, 3, 3, 3, 3, 3, 3, 3, 3, 3, 3, 3, 3, 3, 3, 3, 3, 3, 3, 3, 3, 3, 3, 3, 3, 3, 3, 3, 3, 3, 3, 3, 3, 3, 3, 3, 3, 3, 3, 3, 3, 3, 3, 3, 3, 3, 3, 3, 3, 3, 3, 3, 3, 3, 3, 3, 3, 3, 3, 3, 3, 3, 3, 3, 3, 3, 3, 3, 3, 3, 3, 3, 3, 3, 3, 3, 3, 3, 3, 3, 3, 3, 3, 3, 3, 3, 3, 3, 3, 3, 3, 3, 3, 3, 3, 3, 3, 3, 3, 3, 3, 3, 3, 3, 3, 3, 3, 3, 3, 3, 3, 3, 3, 3, 3, 3, 3, 3, 3, 3, 3, 3, 3, 3, 3, 3, 3, 3, 3, 3, 3, 3, 3, 3, 3, 3, 3, 3, 3, 3, 3, 3, 3, 3, 3, 3, 3, 3, 3, 3, 3, 3, 3, 3, 3, 3, 3, 3, 3, 3, 3, 3, 3, 3, 3, 3, 3, 3, 3, 3, 3, 3, 3, 3, 3, 3, 3, 3, 3, 3, 3, 3, 3, 3, 3, 3, 3, 3, 3, 3, 3, 3, 3, 3, 3, 3, 3, 3, 3, 3, 3, 3, 3, 3, 3, 3, 3, 3, 3, 3, 3, 3, 3, 3, 3, 3, 3, 3, 3, 3, 3, 3, 3, 3, 3, 3, 3, 3, 3, 3, 3, 3, 3, 3, 3, 3, 3, 3, 3, 3, 3, 3, 3, 3, 3, 3, 3, 3, 3, 3, 3, 3, 3, 3, 3, 3, 3, 3, 3, 3, 3, 3, 3, 3, 3, 3, 3, 3, 3, 3, 3, 3, 3, 3, 3, 3, 3, 3, 3, 3, 3, 3, 3, 3, 3, 3, 3, 3, 3, 3, 3, 3, 3, 3, 3, 3, 3, 3, 3, 3, 3, 3, 3, 3, 3, 3, 3, 3, 3, 3, 3, 3, 3, 3, 3, 3, 3, 3, 3, 3, 3, 3, 3, 3, 3, 3, 3, 3, 3, 3, 3, 3, 3, 3, 3, 3, 3, 3, 3, 3, 3, 3, 3, 3, 3, 3, 3, 3, 3, 3, 3, 3, 3, 3, 3, 3, 3, 3, 3, 3, 3, 3, 3, 3, 3, 3, 3, 3, 3, 3, 3, 3, 3, 3, 3, 3, 3, 3, 3, 3, 3, 3, 3, 3, 3, 3, 3, 3, 3, 3, 3, 3, 3, 3, 3, 3, 3, 3, 3, 3, 3, 3, 3, 3, 3, 3, 3, 3, 3, 3, 3, 3, 3, 3, 3, 3, 3, 3, 3, 3, 3, 3, 3, 3, 3, 3, 3, 3, 3, 3, 3, 3, 3, 3, 3, 3, 3, 3, 3, 3, 3, 3, 3, 3, 3, 3, 3, 3, 3, 3, 3, 3, 3, 3, 3, 3, 3, 3, 3, 3, 3, 3, 3, 3, 3, 3, 3, 3, 3, 3, 3, 3, 3, 3, 3, 3, 3, 3, 3, 3, 3, 3, 3, 3, 3, 3, 3, 3, 3, 3, 3, 3, 3, 3, 3, 3, 3, 3, 3, 3, 3, 3, 3, 3, 3, 3, 3, 3, 3, 3, 3, 3, 3, 3, 3, 3, 3, 3, 3, 3, 3, 3, 3, 3, 3, 3, 3, 3, 3, 3, 3, 3, 3, 3, 3, 3, 3, 3, 3, 3, 3, 3, 3, 3, 3, 3, 3, 3, 3, 3, 3, 3, 3, 3, 3, 3, 3, 3, 3, 3, 3, 3, 3, 3, 3, 3, 3, 3, 3, 3, 3, 3, 3, 3, 3, 3, 3, 3, 3, 3, 3, 3, 3, 3, 3, 3, 3, 3, 3, 3, 3, 3, 3, 3, 3, 3, 3, 3, 3, 3, 3, 3, 3, 3, 3, 3, 3, 3, 3, 3, 3, 3, 3, 3, 3, 3, 3, 3, 3, 3, 3, 3, 3, 3, 3, 3, 3, 3, 3, 3, 3, 3, 3, 3, 3, 3, 3, 3, 3, 3, 3, 3, 3, 3, 3, 3, 3, 3, 3, 3, 3, 3, 3, 3, 3, 3, 3, 3, 3, 3, 3, 3, 3, 3, 3, 3, 3, 3, 3, 3, 3, 3, 3, 3, 3, 3, 3, 3, 3, 3, 3, 3, 3, 3, 3, 3, 3, 3, 3, 3, 3, 3, 3, 3, 3, 3, 3, 3, 3, 3, 3, 3, 3, 3, 3, 3, 3, 3, 3, 3, 3, 3, 3, 3, 3, 3, 3, 3, 3, 3, 3, 3, 3, 3, 3, 3, 3, 3, 3, 3, 3, 3, 3, 3, 3, 3, 3, 3, 3, 3, 3, 3, 3, 3, 3, 3, 3, 3, 3, 3, 3, 3, 3, 3, 3, 3, 3, 3, 3, 3, 3, 3, 3, 3, 3, 3, 3, 3, 3, 3, 3, 3, 3, 3, 3, 3, 3, 3, 3, 3, 3, 3, 3, 3, 3, 3, 3, 3, 3, 3, 3, 3, 3, 3, 3, 3, 3, 3, 3, 3, 3, 3, 3, 3, 3, 3, 3, 3, 3, 3, 3, 3, 3, 3, 3, 3, 3, 3, 3, 3, 3, 3, 3, 3, 3, 3, 3, 3, 3, 3, 3, 3, 3, 3, 3, 3, 3, 3, 3, 3, 3, 3, 3, 3, 3, 3, 3, 3, 3, 3, 3, 3, 3, 3, 3, 3, 3, 3, 3, 3, 3, 3, 3, 3, 3, 3, 3, 3, 3, 3, 3, 3, 3, 3, 3, 3, 3, 3, 3, 3, 3, 3, 3, 3, 3, 3, 3, 3, 3, 3, 3, 3, 3, 3, 3, 3, 3, 3, 3, 3, 3, 3, 3, 3, 3, 3, 3, 3, 3, 3, 3, 3, 3, 3, 3, 3, 3, 3, 3, 3, 3, 3, 3, 3, 3, 3, 3, 3, 3, 3, 3, 3, 3, 3, 3, 3, 3, 3, 3, 3, 3, 3, 3, 3, 3, 3, 3, 3, 3, 3, 3, 3, 3, 3, 3, 3, 3, 3, 3, 3, 3, 3, 3, 3, 3, 3, 3, 3, 3, 3, 3, 3, 3, 3, 3, 3, 3, 3, 3, 3, 3, 3, 3, 3, 3, 3, 3, 3, 3, 3, 3, 3, 3, 3, 3, 3, 3, 3, 3, 3, 3, 3, 3, 3, 3, 3, 3, 3, 3, 3, 3, 3, 3, 3, 3, 3, 3, 3, 3, 3, 3, 3, 3, 3, 3, 3, 3, 3, 3, 3, 3, 3, 3, 3, 3, 3, 3, 3, 3, 3, 3, 3, 3, 3, 3, 3, 3, 3, 3, 3, 3, 3, 3, 3, 3, 3, 3, 3, 3, 3, 3, 3, 3, 3, 3, 3, 3, 3, 3, 3, 3, 3, 3, 3, 3, 3, 3, 3, 3, 3, 3, 3, 3, 3, 3, 3, 3, 3, 3, 3, 3, 3, 3, 3, 3, 3, 3, 3, 3, 3, 3, 3, 3, 3, 3, 3, 3, 3, 3, 3, 3, 3, 3, 3, 3, 3, 3, 3, 3, 3, 3, 3, 3, 3, 3, 3, 3, 3, 3, 3, 3, 3, 3, 3, 3, 3, 3, 3, 3, 3, 3, 3, 3, 3, 3, 3, 3, 3, 3, 3, 3, 3, 3, 3, 3, 3, 3, 3, 3, 3, 3, 3, 3, 3, 3, 3, 3, 3, 3, 3, 3, 3, 3, 3, 3, 3, 3, 3, 3, 3, 3, 3, 3, 3, 3, 3, 3, 3, 3, 3, 3, 3, 3, 3, 3, 3, 3, 3, 3, 3, 3, 3, 3, 3, 3, 3, 3, 3, 3, 3, 3, 3, 3, 3, 3, 3, 3, 3, 3, 3, 3, 3, 3, 3, 3, 3, 3, 3, 3, 3, 3, 3, 3, 3, 3, 3, 3, 3, 3, 3, 3, 3, 3, 3, 3, 3, 3, 3, 3, 3, 3, 3, 3, 3, 3, 3, 3, 3, 3, 3, 3, 3, 3, 3, 3, 3, 3, 3, 3, 3, 3, 3, 3, 3, 3, 3, 3, 3, 3, 3, 3, 3, 3, 3, 3, 3, 3, 3, 3, 3, 3, 3, 3, 3, 3, 3, 3, 3, 3, 3, 3, 3, 3, 3, 3, 3, 3, 3, 3, 3, 3, 3, 3, 3, 3, 3, 3, 3, 3, 3, 3, 3, 3, 3, 3, 3, 3, 3, 3, 3, 3, 3, 3, 3, 3, 3, 3, 3, 3, 3, 3, 3, 3, 3, 3, 3, 3, 3, 3, 3, 3, 3, 3, 3, 3, 3, 3, 3, 3, 3, 3, 3, 3, 3, 3, 3, 3, 3, 3, 3, 3, 3, 3, 3, 3, 3, 3, 3, 3, 3, 3, 3, 3, 3, 3, 3, 3, 3, 3, 3, 3, 3, 3, 3, 3, 3, 3, 3, 3, 3, 3, 3, 3, 3, 3, 3, 3, 3, 3, 3, 3, 3, 3, 3, 3, 3, 3, 3, 3, 3, 3, 3, 3, 3, 3, 3, 3, 3, 3, 3, 3, 3, 3, 3, 3, 3, 3, 3, 3, 3, 3, 3, 3, 3, 3, 3, 3, 3, 3, 3, 3, 3, 3, 3, 3, 3, 3, 3, 3, 3, 3, 3, 3, 3, 3, 3, 3, 3, 3, 3, 3, 3, 3, 3, 3, 3, 3, 3, 3, 3, 3, 3, 3, 3, 3, 3, 3, 3, 3, 3, 3, 3, 3, 3, 3, 3, 3, 3, 3, 3, 3, 3, 3, 3, 3, 3, 3, 3, 3, 3, 3, 3, 3, 3, 3, 3, 3, 3, 3, 3, 3, 3, 3, 3, 3, 3, 3, 3, 3, 3, 3, 3, 3, 3, 3, 3, 3, 3, 3, 3, 3, 3, 3, 3, 3, 3, 3, 3, 3, 3, 3, 3, 3, 3, 3, 3, 3, 3, 3, 3, 3, 3, 3, 3, 3, 3, 3, 3, 3, 3, 3, 3, 3, 3, 3, 3, 3, 3, 3, 3, 3, 3, 3, 3, 3, 3, 3, 3, 3, 3, 3, 3, 3, 3, 3, 3, 3, 3, 3, 3, 3, 3, 3, 3, 3, 3, 3, 3, 3, 3, 3, 3, 3, 3, 3, 3, 3, 3, 3, 3, 3, 3, 3, 3, 3, 3, 3, 3, 3, 3, 3, 3, 3, 3, 3, 3, 3, 3, 3, 3, 3, 3, 3, 3, 3, 3, 3, 3, 3, 3, 3, 3, 3, 3, 3, 3, 3, 3, 3, 3, 3, 3, 3, 3, 3, 3, 3, 3, 3, 3, 3, 3, 3, 3, 3, 3, 3, 3, 3, 3, 3, 3, 3, 3, 3, 3, 3, 3, 3, 3, 3, 3, 3, 3, 3, 3, 3, 3, 3, 3, 3, 3, 3, 3, 3, 3, 3, 3, 3, 3, 3, 3, 3, 3, 3, 3, 3, 3, 3, 3, 3, 3, 3, 3, 3, 3, 3, 3, 3, 3, 3, 3, 3, 3, 3, 3, 3, 3, 3, 3, 3, 3, 3, 3, 3, 3, 3, 3, 3, 3, 3, 3, 3, 3, 3, 3, 3, 3, 3, 3, 3, 3, 3, 3, 3, 3, 3, 3, 3, 3, 3, 3, 3, 3, 3, 3, 3, 3, 3, 3, 3, 3, 3, 3, 3, 3, 3, 3, 3, 3, 3, 3, 3, 3, 3, 3, 3, 3, 3, 3, 3, 3, 3, 3, 3, 3, 3, 3, 3, 3, 3, 3, 3, 3, 3, 3, 3, 3, 3, 3, 3, 3, 3, 3, 3, 3, 3, 3, 3, 3, 3, 3, 3, 3, 3, 3, 3, 3, 3, 3, 3, 3, 3, 3, 3, 3, 3, 3, 3, 3, 3, 3, 3, 3, 3, 3, 3, 3, 3, 3, 3, 3, 3, 3, 3, 3, 3, 3, 3, 3, 3, 3, 3, 3, 3, 3, 3, 3, 3, 3, 3, 3, 3, 3, 3, 3, 3, 3, 3, 3, 3, 3, 3, 3, 3, 3, 3, 3, 3, 3, 3, 3, 3, 3, 3, 3, 3, 3, 3, 3, 3, 3, 3, 3, 3, 3, 3, 3, 3, 3, 3, 3, 3, 3, 3, 3, 3, 3, 3, 3, 3, 3, 3, 3, 3, 3, 3, 3, 3, 3, 3, 3, 3, 3, 3, 3, 3, 3, 3, 3, 3, 3, 3, 3, 3, 3, 3, 3, 3, 3, 3, 3, 3, 3, 3, 3, 3, 3, 3, 3, 3, 3, 3, 3, 3, 3, 3, 3, 3, 3, 3, 3, 3, 3, 3, 3, 3, 3, 3, 3, 3, 3, 3, 3, 3, 3, 3, 3, 3, 3, 3, 3, 3, 3, 3, 3, 3, 3, 3, 3, 3, 3, 3, 3, 3, 3, 3, 3, 3, 3, 3, 3, 3, 3, 3, 3, 3, 3, 3, 3, 3, 3, 3, 3, 3, 3, 3, 3, 3, 3, 3, 3, 3, 3, 3, 3, 3, 3, 3, 3, 3, 3, 3, 3, 3, 3, 3, 3, 3, 3, 3, 3, 3, 3, 3, 3, 3, 3, 3, 3, 3, 3, 3, 3, 3, 3, 3, 3, 3, 3, 3, 3, 3, 3, 3, 3, 3, 3, 3, 3, 3, 3, 3, 3, 3, 3, 3, 3, 3, 3, 3, 3, 3, 3, 3, 3, 3, 3, 3, 3, 3, 3, 3, 3, 3, 3, 3, 3, 3, 3, 3, 3, 3, 3, 3, 3, 3, 3, 3, 3, 3, 3, 3, 3, 3, 3, 3, 3, 3, 3, 3, 3, 3, 3, 3, 3, 3, 3, 3, 3, 3, 3, 3, 3, 3, 3, 3, 3, 3, 3, 3, 3, 3, 3, 3, 3, 3, 3, 3, 3, 3, 3, 3, 3, 3, 3, 3, 3, 3, 3, 3, 3, 3, 3, 3, 3, 3, 3, 3, 3, 3, 3, 3, 3, 3, 3, 3, 3, 3, 3, 3, 3, 3, 3, 3, 3, 3, 3, 3, 3, 3, 3, 3, 3, 3, 3, 3, 3, 3, 3, 3, 3, 3, 3, 3, 3, 3, 3, 3, 3, 3, 3, 3, 3, 3, 3, 3, 3, 3, 3, 3, 3, 3, 3, 3, 3, 3, 3, 3, 3, 3, 3, 3, 3, 3, 3, 3, 3, 3, 3, 3, 3, 3, 3, 3, 3, 3, 3, 3, 3, 3, 3, 3, 3, 3, 3, 3, 3, 3, 3, 3, 3, 3, 3, 3, 3, 3, 3, 3, 3, 3, 3, 3, 3, 3, 3, 3, 3, 3, 3, 3, 3, 3, 3, 3, 3, 3, 3, 3, 3, 3, 3, 3, 3, 3, 3, 3, 3, 3, 3, 3, 3, 3, 3, 3, 3, 3, 3, 3, 3, 3, 3, 3, 3, 3, 3, 3, 3, 3, 3, 3, 3, 3, 3, 3, 3, 3, 3, 3, 3, 3, 3, 3, 3, 3, 3, 3, 3, 3, 3, 3, 3, 3, 3, 3, 3, 3, 3, 3, 3, 3, 3, 3, 3, 3, 3, 3, 3, 3, 3, 3, 3, 3, 3, 3, 3, 3, 3, 3, 3, 3, 3, 3, 3, 3, 3, 3, 3, 3, 3, 3, 3, 3, 3, 3, 3, 3, 3, 3, 3, 3, 3, 3, 3, 3, 3, 3, 3, 3, 3, 3, 3, 3, 3, 3, 3, 3, 3, 3, 3, 3, 3, 3, 3, 3, 3, 3, 3, 3, 3, 3, 3, 3, 3, 3, 3, 3, 3, 3, 3, 3, 3, 3, 3, 3, 3, 3, 3, 3, 3, 3, 3, 3, 3, 3, 3, 3, 3, 3, 3, 3, 3, 3, 3, 3, 3, 3, 3, 3, 3, 3, 3, 3, 3, 3, 3, 3, 3, 3, 3, 3, 3, 3, 3, 3, 3, 3, 3, 3, 3, 3, 3, 3, 3, 3, 3, 3, 3, 3, 3, 3, 3, 3, 3, 3, 3, 3, 3, 3, 3, 3, 3, 3, 3, 3, 3, 3, 3, 3, 3, 3, 3, 3, 3, 3, 3, 3, 3, 3, 3, 3, 3, 3, 3, 3, 3, 3, 3, 3, 3, 3, 3, 3, 3, 3, 3, 3, 3, 3, 3, 3, 3, 3, 3, 3, 3, 3, 3, 3, 3, 3, 3, 3, 3, 3, 3, 3, 3, 3, 3, 3, 3, 3, 3, 3, 3, 3, 3, 3, 3, 3, 3, 3, 3, 3, 3, 3, 3, 3, 3, 3, 3, 3, 3, 3, 3, 3, 3, 3, 3, 3, 3, 3, 3, 3, 3, 3, 3, 3, 3, 3, 3, 3, 3, 3, 3, 3, 3, 3, 3, 3, 3, 3, 3, 3, 3, 3, 3, 3, 3, 3, 3, 3, 3, 3, 3, 3, 3, 3, 3, 3, 3, 3, 3, 3, 3, 3, 3, 3, 3, 3, 3, 3, 3, 3, 3, 3, 3, 3, 3, 3, 3, 3, 3, 3, 3, 3, 3, 3, 3, 3, 3, 3, 3, 3, 3, 3, 3, 3, 3, 3, 3, 3, 3, 3, 3, 3, 3, 3, 3, 3, 3, 3, 3, 3, 3, 3, 3, 3, 3, 3, 3, 3, 3, 3, 3, 3, 3, 3, 3, 3, 3, 3, 3, 3, 3, 3, 3, 3, 3, 3, 3, 3, 3, 3, 3, 3, 3, 3, 3, 3, 3, 3, 3, 3, 3, 3, 3, 3, 3, 3, 3, 3, 3, 3, 3, 3, 3, 3, 3, 3, 3, 3, 3, 3, 3, 3, 3, 3, 3, 3, 3, 3, 3, 3, 3, 3, 3, 3, 3, 3, 3, 3, 3, 3, 3, 3, 3, 3, 3, 3, 3, 3, 3, 3, 3, 3, 3, 3, 3, 3, 3, 3, 3, 3, 3, 3, 3, 3, 3, 3, 3, 3, 3, 3, 3, 3, 3, 3, 3, 3, 3, 3, 3, 3, 3, 3, 3, 3, 3, 3, 3, 3, 3, 3, 3, 3, 3, 3, 3, 3, 3, 3, 3, 3, 3, 3, 3, 3, 3, 3, 3, 3, 3, 3, 3, 3, 3, 3, 3, 3, 3, 3, 3, 3, 3, 3, 3, 3, 3, 3, 3, 3, 3, 3, 3, 3, 3, 3, 3, 3, 3, 3, 3, 3, 3, 3, 3, 3, 3, 3, 3, 3, 3, 3, 3, 3, 3, 3, 3, 3, 3, 3, 3, 3, 3, 3, 3, 3, 3, 3, 3, 3, 3, 3, 3, 3, 3, 3, 3, 3, 3, 3, 3, 3, 3, 3, 3, 3, 3, 3, 3, 3, 3, 3, 3, 3, 3, 3, 3, 3, 3, 3, 3, 3, 3, 3, 3, 3, 3, 3, 3, 3, 3, 3, 3, 3, 3, 3, 3, 3, 3, 3, 3, 3, 3, 3, 3, 3, 3, 3, 3, 3, 3, 3, 3, 3, 3, 3, 3, 3, 3, 3, 3, 3, 3, 3, 3, 3, 3, 3, 3, 3, 3, 3, 3, 3, 3, 3, 3, 3, 3, 3, 3, 3, 3, 3, 3, 3, 3, 3, 3, 3, 3, 3, 3, 3, 3, 3, 3, 3, 3, 3, 3, 3, 3, 3, 3, 3, 3, 3, 3, 3, 3, 3, 3, 3, 3, 3, 3, 3, 3, 3, 3, 3, 3, 3, 3, 3, 3, 3, 3, 3, 3, 3, 3, 3, 3, 3, 3, 3, 3, 3, 3, 3, 3, 3, 3, 3, 3, 3, 3, 3, 3, 3, 3, 3, 3, 3, 3, 3, 3, 3, 3, 3, 3, 3, 3, 3, 3, 3, 3, 3, 3, 3, 3, 3, 3, 3, 3, 3, 3, 3, 3, 3, 3, 3, 3, 3, 3, 3, 3, 3, 3, 3, 3, 3, 3, 3, 3, 3, 3, 3, 3, 3, 3, 3, 3, 3, 3, 3, 3, 3, 3, 3, 3, 3, 3, 3, 3, 3, 3, 3, 3, 3, 3, 3, 3, 3, 3, 3, 3, 3, 3, 3, 3, 3, 3, 3, 3, 3, 3, 3, 3, 3, 3, 3, 3, 3, 3, 3, 3, 3, 3, 3, 3, 3, 3, 3, 3, 3, 3, 3, 3, 3, 3, 3, 3, 3, 3, 3, 3, 3, 3, 3, 3, 3, 3, 3, 3, 3, 3, 3, 3, 3, 3, 3, 3, 3, 3, 3, 3, 3, 3, 3, 3, 3, 3, 3, 3, 3, 3, 3, 3, 3, 3, 3, 3, 3, 3, 3, 3, 3, 3, 3, 3, 3, 3, 3, 3, 3, 3, 3, 3, 3, 3, 3, 3, 3, 3, 3, 3, 3, 3, 3, 3, 3, 3, 3, 3, 3, 3, 3, 3, 3, 3, 3, 3, 3, 3, 3, 3, 3, 3, 3, 3, 3, 3, 3, 3, 3, 3, 3, 3, 3, 3, 3, 3, 3, 3, 3, 3, 3, 3, 3, 3, 3, 3, 3, 3, 3, 3, 3, 3, 3, 3, 3, 3, 3, 3, 3, 3, 3, 3, 3, 3, 3, 3, 3, 3, 3, 3, 3, 3, 3, 3, 3, 3, 3, 3, 3, 3, 3, 3, 3, 3, 3, 3, 3, 3, 3, 3, 3, 3, 3, 3, 3, 3, 3, 3, 3, 3, 3, 3, 3, 3, 3, 3, 3, 3, 3, 3, 3, 3, 3, 3, 3, 3, 3, 3, 3, 3, 3, 3, 3, 3, 3, 3, 3, 3, 3, 3, 3, 3, 3, 3, 3, 3, 3, 3, 3, 3, 3, 3, 3, 3, 3, 3, 3, 3, 3, 3, 3, 3, 3, 3, 3, 3, 3, 3, 3, 3, 3, 3, 3, 3, 3, 3, 3, 3, 3, 3, 3, 3, 3, 3, 3, 3, 3, 3, 3, 3, 3, 3, 3, 3, 3, 3, 3, 3, 3, 3, 3, 3, 3, 3, 3, 3, 3, 3, 3, 3, 3, 3, 3, 3, 3, 3, 3, 3, 3, 3, 3, 3, 3, 3, 3, 3, 3, 3, 3, 3, 3, 3, 3, 3, 3, 3, 3, 3, 3, 3, 3, 3, 3, 3, 3, 3, 3, 3, 3, 3, 3, 3, 3, 3, 3, 3, 3, 3, 3, 3, 3, 3, 3, 3, 3, 3, 3, 3, 3, 3, 3, 3, 3, 3, 3, 3, 3, 3, 3, 3, 3, 3, 3, 3, 3, 3, 3, 3, 3, 3, 3, 3, 3, 3, 3, 3, 3, 3, 3, 3, 3, 3, 3, 3, 3, 3, 3, 3, 3, 3, 3, 3, 3, 3, 3, 3, 3, 3, 3, 3, 3, 3, 3, 3, 3, 3, 3, 3, 3, 3, 3, 3, 3, 3, 3, 3, 3, 3, 3, 3, 3, 3, 3, 3, 3, 3, 3, 3, 3, 3, 3, 3, 3, 3, 3, 3, 3, 3, 3, 3, 3, 3, 3, 3, 3, 3, 3, 3, 3, 3, 3, 3, 3, 3, 3, 3, 3, 3, 3, 3, 3, 3, 3, 3, 3, 3, 3, 3, 3, 3, 3, 3, 3, 3, 3, 3, 3, 3, 3, 3, 3, 3, 3, 3, 3, 3, 3, 3, 3, 3, 3, 3, 3, 3, 3, 3, 3, 3, 3, 3, 3, 3, 3, 3, 3, 3, 3, 3, 3, 3, 3, 3, 3, 3, 3, 3, 3, 3, 3, 3, 3, 3, 3, 3, 3, 3, 3, 3, 3, 3, 3, 3, 3, 3, 3, 3, 3, 3, 3, 3, 3, 3, 3, 3, 3, 3, 3, 3, 3, 3, 3, 3, 3, 3, 3, 3, 3, 3, 3, 3, 3, 3, 3, 3, 3, 3, 3, 3, 3, 3, 3, 3, 3, 3, 3, 3, 3, 3, 3, 3, 3, 3, 3, 3, 3, 3, 3, 3, 3, 3, 3, 3, 3, 3, 3, 3, 3, 3, 3, 3, 3, 3, 3, 3, 3, 3, 3, 3, 3, 3, 3, 3, 3, 3, 3, 3, 3, 3, 3, 3, 3, 3, 3, 3, 3, 3, 3, 3, 3, 3, 3, 3, 3, 3, 3, 3, 3, 3, 3, 3, 3, 3, 3, 3, 3, 3, 3, 3, 3, 3, 3, 3, 3, 3, 3, 3, 3, 3, 3, 3, 3, 3, 3, 3, 3, 3, 3, 3, 3, 3, 3, 3, 3, 3, 3, 3, 3, 3, 3, 3, 3, 3, 3, 3, 3, 3, 3, 3, 3, 3, 3, 3, 3, 3, 3, 3, 3, 3, 3, 3, 3, 3, 3, 3, 3, 3, 3, 3, 3, 3, 3, 3, 3, 3, 3, 3, 3, 3, 3, 3, 3, 3, 3, 3, 3, 3, 3, 3, 3, 3, 3, 3, 3, 3, 3, 3, 3, 3, 3, 3, 3, 3, 3, 3, 3, 3, 3, 3, 3, 3, 3, 3, 3, 3, 3, 3, 3, 3, 3, 3, 3, 3, 3, 3, 3, 3, 3, 3, 3, 3, 3, 3, 3, 3, 3, 3, 3, 3, 3, 3, 3, 3, 3, 3, 3, 3, 3, 3, 3, 3, 3, 3, 3, 3, 3, 3, 3, 3, 3, 3, 3, 3, 3, 3, 3, 3, 3, 3, 3, 3, 3, 3, 3, 3, 3, 3, 3, 3, 3, 3, 3, 3, 3, 3, 3, 3, 3, 3, 3, 3, 3, 3, 3, 3, 3, 3, 3, 3, 3, 3, 3, 3, 3, 3, 3, 3, 3, 3, 3, 3, 3, 3, 3, 3, 3, 3, 3, 3, 3, 3, 3, 3, 3, 3, 3, 3, 3, 3, 3, 3, 3, 3, 3, 3, 3, 3, 3, 3, 3, 3, 3, 3, 3, 3, 3, 3, 3, 3, 3, 3, 3, 3, 3, 3, 3, 3, 3, 3, 3, 3, 3, 3, 3, 3, 3, 3, 3, 3, 3, 3, 3, 3, 3, 3, 3, 3, 3, 3, 3, 3, 3, 3, 3, 3, 3, 3, 3, 3, 3, 3, 3, 3, 3, 3, 3, 3, 3, 3, 3, 3, 3, 3, 3, 3, 3, 3, 3, 3, 3, 3, 3, 3, 3, 3, 3, 3, 3, 3, 3, 3, 3, 3, 3, 3, 3, 3, 3, 3, 3, 3, 3, 3, 3, 3, 3, 3, 3, 3, 3, 3, 3, 3, 3, 3, 3, 3, 3, 3, 3, 3, 3, 3, 3, 3, 3, 3, 3, 3, 3, 3, 3, 3, 3, 3, 3, 3, 3, 3, 3, 3, 3, 3, 3, 3, 3, 3, 3, 3, 3, 3, 3, 3, 3, 3, 3, 3, 3, 3, 3, 3, 3, 3, 3, 3, 3, 3, 3, 3, 3, 3, 3, 3, 3, 3, 3, 3, 3, 3, 3, 3, 3, 3, 3, 3, 3, 3, 3, 3, 3, 3, 3, 3, 3, 3, 3, 3, 3, 3, 3, 3, 3, 3, 3, 3, 3, 3, 3, 3, 3, 3, 3, 3, 3, 3, 3, 3, 3, 3, 3, 3, 3, 3, 3, 3, 3, 3, 3, 3, 3, 3, 3, 3, 3, 3, 3, 3, 3, 3, 3, 3, 3, 3, 3, 3, 3, 3, 3, 3, 3, 3, 3, 3, 3, 3, 3, 3, 3, 3, 3, 3, 3, 3, 3, 3, 3, 3, 3, 3, 3, 3, 3, 3, 3, 3, 3, 3, 3, 3, 3, 3, 3, 3, 3, 3, 3, 3, 3, 3, 3, 3, 3, 3, 3, 3, 3, 3, 3, 3, 3, 3, 3, 3, 3, 3, 3, 3, 3, 3, 3, 3, 3, 3, 3, 3, 3, 3, 3, 3, 3, 3, 3, 3, 3, 3, 3, 3, 3, 3, 3, 3, 3, 3, 3, 3, 3, 3, 3, 3, 3, 3, 3, 3, 3, 3, 3, 3, 3, 3, 3, 3, 3, 3, 3, 3, 3, 3, 3, 3, 3, 3, 3, 3, 3, 3, 3, 3, 3, 3, 3, 3, 3, 3, 3, 3, 3, 3, 3, 3, 3, 3, 3, 3, 3, 3, 3, 3, 3, 3, 3, 3, 3, 3, 3, 3, 3, 3, 3, 3, 3, 3, 3, 3, 3, 3, 3, 3, 3, 3, 3, 3, 3, 3, 3, 3, 3, 3, 3, 3, 3, 3, 3, 3, 3, 3, 3, 3, 3, 3, 3, 3, 3, 3, 3, 3, 3, 3, 3, 3, 3, 3, 3, 3, 3, 3, 3, 3, 3, 3, 3, 3, 3, 3, 3, 3, 3, 3, 3, 3, 3, 3, 3, 3, 3, 3, 3, 3, 3, 3, 3, 3, 3, 3, 3, 3, 3, 3, 3, 3, 3, 3, 3, 3, 3, 3, 3, 3, 3, 3, 3, 3, 3, 3, 3, 3, 3, 3, 3, 3, 3, 3, 3, 3, 3, 3, 3, 3, 3, 3, 3, 3, 3, 3, 3, 3, 3, 3, 3, 3, 3, 3, 3, 3, 3, 3, 3, 3, 3, 3, 3, 3, 3, 3, 3, 3, 3, 3, 3, 3, 3, 3, 3, 3, 3, 3, 3, 3, 3, 3, 3, 3, 3, 3, 3, 3, 3, 3, 3, 3, 3, 3, 3, 3, 3, 3, 3, 3, 3, 3, 3, 3, 3, 3, 3, 3, 3, 3, 3, 3, 3, 3, 3, 3, 3, 3, 3, 3, 3, 3, 3, 3, 3, 3, 3, 3, 3, 3, 3, 3, 3, 3, 3, 3, 3, 3, 3, 3, 3, 3, 3, 3, 3, 3, 3, 3, 3, 3, 3, 3, 3, 3, 3, 3, 3, 3, 3, 3, 3, 3, 3, 3, 3, 3, 3, 3, 3, 3, 3, 3, 3, 3, 3, 3, 3, 3, 3, 3, 3, 3, 3, 3, 3, 3, 3, 3, 3, 3, 3, 3, 3, 3, 3, 3, 3, 3, 3, 3, 3, 3, 3, 3, 3, 3, 3, 3, 3, 3, 3, 3, 3, 3, 3, 3, 3, 3, 3, 3, 3, 3, 3, 3, 3, 3, 3, 3, 3, 3, 3, 3, 3, 3, 3, 3, 3, 3, 3, 3, 3, 3, 3, 3, 3, 3, 3, 3, 3, 3, 3, 3, 3, 3, 3, 3, 3, 3, 3, 3, 3, 3, 3, 3, 3, 3, 3, 3, 3, 3, 3, 3, 3, 3, 3, 3, 3, 3, 3, 3, 3, 3, 3, 3, 3, 3, 3, 3, 3, 3, 3, 3, 3, 3, 3, 3, 3, 3, 3, 3, 3, 3, 3, 3, 3, 3, 3, 3, 3, 3, 3, 3, 3, 3, 3, 3, 3, 3, 3, 3, 3, 3, 3, 3, 3, 3, 3, 3, 3, 3, 3, 3, 3, 3, 3, 3, 3, 3, 3, 3, 3, 3, 3, 3, 3, 3, 3, 3, 3, 3, 3, 3, 3, 3, 3, 3, 3, 3, 3, 3, 3, 3, 3, 3, 3, 3, 3, 3, 3, 3, 3, 3, 3, 3, 3, 3, 3, 3, 3, 3, 3, 3, 3, 3, 3, 3, 3, 3, 3, 3, 3, 3, 3, 3, 3, 3, 3, 3, 3, 3, 3, 3, 3, 3, 3, 3, 3, 3, 3, 3, 3, 3, 3, 3, 3, 3, 3, 3, 3, 3, 3, 3, 3, 3, 3, 3, 3, 3, 3, 3, 3, 3, 3, 3, 3, 3, 3, 3, 3, 3, 3, 3, 3, 3, 3, 3, 3, 3, 3, 3, 3, 3, 3, 3, 3, 3, 3, 3, 3, 3, 3, 3, 3, 3, 3, 3, 3, 3, 3, 3, 3, 3, 3, 3, 3, 3, 3, 3, 3, 3, 3, 3, 3, 3, 3, 3, 3, 3, 3, 3, 3, 3, 3, 3, 3, 3, 3, 3, 3, 3, 3, 3, 3, 3, 3, 3, 3, 3, 3, 3, 3, 3, 3, 3, 3, 3, 3, 3, 3, 3, 3, 3, 3, 3, 3, 3, 3, 3, 3, 3, 3, 3, 3, 3, 3, 3, 3, 3, 3, 3, 3, 3, 3, 3, 3, 3, 3, 3, 3, 3, 3, 3, 3, 3, 3, 3, 3, 3, 3, 3, 3, 3, 3, 3, 3, 3, 3, 3, 3, 3, 3, 3, 3, 3, 3, 3, 3, 3, 3, 3, 3, 3, 3, 3, 3, 3, 3, 3, 3, 3, 3, 3, 3, 3, 3, 3, 3, 3, 3, 3, 3, 3, 3, 3, 3, 3, 3, 3, 3, 3, 3, 3, 3, 3, 3, 3, 3, 3, 3, 3, 3, 3, 3, 3, 3, 3, 3, 3, 3, 3, 3, 3, 3, 3, 3, 3, 3, 3, 3, 3, 3, 3, 3, 3, 3, 3, 3, 3, 3, 3, 3, 3, 3, 3, 3, 3, 3, 3, 3, 3, 3, 3, 3, 3, 3, 3, 3, 3, 3, 3, 3, 3, 3, 3, 3, 3, 3, 3, 3, 3, 3, 3, 3, 3, 3, 3, 3, 3, 3, 3, 3, 3, 3, 3, 3, 3, 3, 3, 3, 3, 3, 3, 3, 3, 3, 3, 3, 3, 3, 3, 3, 3, 3, 3, 3, 3, 3, 3, 3, 3, 3, 3, 3, 3, 3, 3, 3, 3, 3, 3, 3, 3, 3, 3, 3, 3, 3, 3, 3, 3, 3, 3, 3, 3, 3, 3, 3, 3, 3, 3, 3, 3, 3, 3, 3, 3, 3, 3, 3, 3, 3, 3, 3, 3, 3, 3, 3, 3, 3, 3, 3, 3, 3, 3, 3, 3, 3, 3, 3, 3, 3, 3, 3, 3, 3, 3, 3, 3, 3, 3, 3, 3, 3, 3, 3, 3, 3, 3, 3, 3, 3, 3, 3, 3, 3, 3, 3, 3, 3, 3, 3, 3, 3, 3, 3, 3, 3, 3, 3, 3, 3, 3, 3, 3, 3, 3, 3, 3, 3, 3, 3, 3, 3, 3, 3, 3, 3, 3, 3, 3, 3, 3, 3, 3, 3, 3, 3, 3, 3, 3, 3, 3, 3, 3, 3, 3, 3, 3, 3, 3, 3, 3, 3, 3, 3, 3, 3, 3, 3, 3, 3, 3, 3, 3, 3, 3, 3, 3, 3, 3, 3, 3, 3, 3, 3, 3, 3, 3, 3, 3, 3, 3, 3, 3, 3, 3, 3, 3, 3, 3, 3, 3, 3, 3, 3, 3, 3, 3, 3, 3, 3, 3, 3, 3, 3, 3, 3, 3, 3, 3, 3, 3, 3, 3, 3, 3, 3, 3, 3, 3, 3, 3, 3, 3, 3, 3, 3, 3, 3, 3, 3, 3, 3, 3, 3, 3, 3, 3, 3, 3, 3, 3, 3, 3, 3, 3, 3, 3, 3, 3, 3, 3, 3, 3, 3, 3, 3, 3, 3, 3, 3, 3, 3, 3, 3, 3, 3, 3, 3, 3, 3, 3, 3, 3, 3, 3, 3, 3, 3, 3, 3, 3, 3, 3, 3, 3, 3, 3, 3, 3, 3, 3, 3, 3, 3, 3, 3, 3, 3, 3, 3, 3, 3, 3, 3, 3, 3, 3, 3, 3, 3, 3, 3, 3, 3, 3, 3, 3, 3, 3, 3, 3, 3, 3, 3, 3, 3, 3, 3, 3, 3, 3, 3, 3, 3, 3, 3, 3, 3, 3, 3, 3, 3, 3, 3, 3, 3, 3, 3, 3, 3, 3, 3, 3, 3, 3, 3, 3, 3, 3, 3, 3, 3, 3, 3, 3, 3, 3, 3, 3, 3, 3, 3, 3, 3, 3, 3, 3, 3, 3, 3, 3, 3, 3, 3, 3, 3, 3, 3, 3, 3, 3, 3, 3, 3, 3, 3, 3, 3, 3, 3, 3, 3, 3, 3, 3, 3, 3, 3, 3, 3, 3, 3, 3, 3, 3, 3, 3, 3, 3, 3, 3, 3, 3, 3, 3, 3, 3, 3, 3, 3, 3, 3, 3, 3, 3, 3, 3, 3, 3, 3, 3, 3, 3, 3, 3, 3, 3, 3, 3, 3, 3, 3, 3, 3, 3, 3, 3, 3, 3, 3, 3, 3, 3, 3, 3, 3, 3, 3, 3, 3, 3, 3, 3, 3, 3, 3, 3, 3, 3, 3, 3, 3, 3, 3, 3, 3, 3, 3, 3, 3, 3, 3, 3, 3, 3, 3, 3, 3, 3, 3, 3, 3, 3, 3, 3, 3, 3, 3, 3, 3, 3, 3, 3, 3, 3, 3, 3, 3, 3, 3, 3, 3, 3, 3, 3, 3, 3, 3, 3, 3, 3, 3, 3, 3, 3, 3, 3, 3, 3, 3, 3, 3, 3, 3, 3, 3, 3, 3, 3, 3, 3, 3, 3, 3, 3, 3, 3, 3, 3, 3, 3, 3, 3, 3, 3, 3, 3, 3, 3, 3, 3, 3, 3, 3, 3, 3, 3, 3, 3, 3, 3, 3, 3, 3, 3, 3, 3, 3, 3, 3, 3, 3, 3, 3, 3, 3, 3, 3, 3, 3, 3, 3, 3, 3, 3, 3, 3, 3, 3, 3, 3, 3, 3, 3, 3, 3, 3, 3, 3, 3, 3, 3, 3, 3, 3, 3, 3, 3, 3, 3, 3, 3, 3, 3, 3, 3, 3, 3, 3, 3, 3, 3, 3, 3, 3, 3, 3, 3, 3, 3, 3, 3, 3, 3, 3, 3, 3, 3, 3, 3, 3, 3, 3, 3, 3, 3, 3, 3, 3, 3, 3, 3, 3, 3, 3, 3, 3, 3, 3, 3, 3, 3, 3, 3, 3, 3, 3, 3, 3, 3, 3, 3, 3, 3, 3, 3, 3, 3, 3, 3, 3, 3, 3, 3, 3, 3, 3, 3, 3, 3, 3, 3, 3, 3, 3, 3, 3, 3, 3, 3, 3, 3, 3, 3, 3, 3, 3, 3, 3, 3, 3, 3, 3, 3, 3, 3, 3, 3, 3, 3, 3, 3, 3, 3, 3, 3, 3, 3, 3, 3, 3, 3, 3, 3, 3, 3, 3, 3, 3, 3, 3, 3, 3, 3, 3, 3, 3, 3, 3, 3, 3, 3, 3, 3, 3, 3, 3, 3, 3, 3, 3, 3, 3, 3, 3, 3, 3, 3, 3, 3, 3, 3, 3, 3, 3, 3, 3, 3, 3, 3, 3, 3, 3, 3, 3, 3, 3, 3, 3, 3, 3, 3, 3, 3, 3, 3, 3, 3, 3, 3, 3, 3, 3, 3, 3, 3, 3, 3, 3, 3, 3, 3, 3, 3, 3, 3, 3, 3, 3, 3, 3, 3, 3, 3, 3, 3, 3, 3, 3, 3, 3, 3, 3, 3, 3, 3, 3, 3, 3, 3, 3, 3, 3, 3, 3, 3, 3, 3, 3, 3, 3, 3, 3, 3, 3, 3, 3, 3, 3, 3, 3, 3, 3, 3, 3, 3, 3, 3, 3, 3, 3, 3, 3, 3, 3, 3, 3, 3, 3, 3, 3, 3, 3, 3, 3, 3, 3, 3, 3, 3, 3, 3, 3, 3, 3, 3, 3, 3, 3, 3, 3, 3, 3, 3, 3, 3, 3, 3, 3, 3, 3, 3, 3, 3, 3, 3, 3, 3, 3, 3, 3, 3, 3, 3, 3, 3, 3, 3, 3, 3, 3, 3, 3, 3, 3, 3, 3, 3, 3, 3, 3, 3, 3, 3, 3, 3, 3, 3, 3, 3, 3, 3, 3, 3, 3, 3, 3, 3, 3, 3, 3, 3, 3, 3, 3, 3, 3, 3, 3, 3, 3, 3, 3, 3, 3, 3, 3, 3, 3, 3, 3, 3, 3, 3, 3, 3, 3, 3, 3, 3, 3, 3, 3, 3, 3, 3, 3, 3, 3, 3, 3, 3, 3, 3, 3, 3, 3, 3, 3, 3, 3, 3, 3, 3, 3, 3, 3, 3, 3, 3, 3, 3, 3, 3, 3, 3, 3, 3, 3, 3, 3, 3, 3, 3, 3, 3, 3, 3, 3, 3, 3, 3, 3, 3, 3, 3, 3, 3, 3, 3, 3, 3, 3, 3, 3, 3, 3, 3, 3, 3, 3, 3, 3, 3, 3, 3, 3, 3, 3, 3, 3, 3, 3, 3, 3, 3, 3, 3, 3, 3, 3, 3, 3, 3, 3, 3, 3, 3, 3, 3, 3, 3, 3, 3, 3, 3, 3, 3, 3, 3, 3, 3, 3, 3, 3, 3, 3, 3, 3, 3, 3, 3, 3, 3, 3, 3, 3, 3, 3, 3, 3, 3, 3, 3, 3, 3, 3, 3, 3, 3, 3, 3, 3, 3, 3, 3, 3, 3, 3, 3, 3, 3, 3, 3, 3, 3, 3, 3, 3, 3, 3, 3, 3, 3, 3, 3, 3, 3, 3, 3, 3, 3, 3, 3, 3, 3, 3, 3, 3, 3, 3, 3, 3, 3, 3, 3, 3, 3, 3, 3, 3, 3, 3, 3, 3, 3, 3, 3, 3, 3, 3, 3, 3, 3, 3, 3, 3, 3, 3, 3, 3, 3, 3, 3, 3, 3, 3, 3, 3, 3, 3, 3, 3, 3, 3, 3, 3, 3, 3, 3, 3, 3, 3, 3, 3, 3, 3, 3, 3, 3, 3, 3, 3, 3, 3, 3, 3, 3, 3, 3, 3, 3, 3, 3, 3, 3, 3, 3, 3, 3, 3, 3, 3, 3, 3, 3, 3, 3, 3, 3, 3, 3, 3, 3, 3, 3, 3, 3, 3, 3, 3, 3, 3, 3, 3, 3, 3, 3, 3, 3, 3, 3, 3, 3, 3, 3, 3, 3, 3, 3, 3, 3, 3, 3, 3, 3, 3, 3, 3, 3, 3, 3, 3, 3, 3, 3, 3, 3, 3, 3, 3, 3, 3, 3, 3, 3, 3, 3, 3, 3, 3, 3, 3, 3, 3, 3, 3, 3, 3, 3, 3, 3, 3, 3, 3, 3, 3, 3, 3, 3, 3, 3, 3, 3, 3, 3, 3, 3, 3, 3, 3, 3, 3, 3, 3, 3, 3, 3, 3, 3, 3, 3, 3, 3, 3, 3, 3, 3, 3, 3, 3, 3, 3, 3, 3, 3, 3, 3, 3, 3, 3, 3, 3, 3, 3, 3, 3, 3, 3, 3, 3, 3, 3, 3, 3, 3, 3, 3, 3, 3, 3, 3, 3, 3, 3, 3, 3, 3, 3, 3, 3, 3, 3, 3, 3, 3, 3, 3, 3, 3, 3, 3, 3, 3, 3, 3, 3, 3, 3, 3, 3, 3, 3, 3, 3, 3, 3, 3, 3, 3, 3, 3, 3, 3, 3, 3, 3, 3, 3, 3, 3, 3, 3, 3, 3, 3, 3, 3, 3, 3, 3, 3, 3, 3, 3, 3, 3, 3, 3, 3, 3, 3, 3, 3, 3, 3, 3, 3, 3, 3, 3, 3, 3, 3, 3, 3, 3, 3, 3, 3, 3, 3, 3, 3, 3, 3, 3, 3, 3, 3, 3, 3, 3, 3, 3, 3, 3, 3, 3, 3, 3, 3, 3, 3, 3, 3, 3, 3, 3, 3, 3, 3, 3, 3, 3, 3, 3, 3, 3, 3, 3, 3, 3, 3, 3, 3, 3, 3, 3, 3, 3, 3, 3, 3, 3, 3, 3, 3, 3, 3, 3, 3, 3, 3, 3, 3, 3, 3, 3, 3, 3, 3, 3, 3, 3, 3, 3, 3, 3, 3, 3, 3, 3, 3, 3, 3, 3, 3, 3, 3, 3, 3, 3, 3, 3, 3, 3, 3, 3, 3, 3, 3, 3, 3, 3, 3, 3, 3, 3, 3, 3, 3, 3, 3, 3, 3, 3, 3, 3, 3, 3, 3, 3, 3, 3, 3, 3, 3, 3, 3, 3, 3, 3, 3, 3, 3, 3, 3, 3, 3, 3, 3, 3, 3, 3, 3, 3, 3, 3, 3, 3, 3, 3, 3, 3, 3, 3, 3, 3, 3, 3, 3, 3, 3, 3, 3, 3, 3, 3, 3, 3, 3, 3, 3, 3, 3, 3, 3, 3, 3, 3, 3, 3, 3, 3, 3, 3, 3, 3, 3, 3, 3, 3, 3, 3, 3, 3, 3, 3, 3, 3, 3, 3, 3, 3, 3, 3, 3, 3, 3, 3, 3, 3, 3, 3, 3, 3, 3, 3, 3, 3, 3, 3, 3, 3, 3, 3, 3, 3, 3, 3, 3, 3, 3, 3, 3, 3, 3, 3, 3, 3, 3, 3, 3, 3, 3, 3, 3, 3, 3, 3, 3, 3, 3, 3, 3, 3, 3, 3, 3, 3, 3, 3, 3, 3, 3, 3, 3, 3, 3, 3, 3, 3, 3, 3, 3, 3, 3, 3, 3, 3, 3, 3, 3, 3, 3, 3, 3, 3, 3, 3, 3, 3, 3, 3, 3, 3, 3, 3, 3, 3, 3, 3, 3, 3, 3, 3, 3, 3, 3, 3, 3, 3, 3, 3, 3, 3, 3, 3, 3, 3, 3, 3, 3, 3, 3, 3, 3, 3, 3, 3, 3, 3, 3, 3, 3, 3, 3, 3, 3, 3, 3, 3, 3, 3, 3, 3, 3, 3, 3, 3, 3, 3, 3, 3, 3, 3, 3, 3, 3, 3, 3, 3, 3, 3, 3, 3, 3, 3, 3, 3, 3, 3, 3, 3, 3, 3, 3, 3, 3, 3, 3, 3, 3, 3, 3, 3, 3, 3, 3, 3, 3, 3, 3, 3, 3, 3, 3, 3, 3, 3, 3, 3, 3, 3, 3, 3, 3, 3, 3, 3, 3, 3, 3, 3, 3, 3, 3, 3, 3, 3, 3, 3, 3, 3, 3, 3, 3, 3, 3, 3, 3, 3, 3, 3, 3, 3, 3, 3, 3, 3, 3, 3, 3, 3, 3, 3, 3, 3, 3, 3, 3, 3, 3, 3, 3, 3, 3, 3, 3, 3, 3, 3, 3, 3, 3, 3, 3, 3, 3, 3, 3, 3, 3, 3, 3, 3, 3, 3, 3, 3, 3, 3, 3, 3, 3, 3, 3, 3, 3, 3, 3, 3, 3, 3, 3, 3, 3, 3, 3, 3, 3, 3, 3, 3, 3, 3, 3, 3, 3, 3, 3, 3, 3, 3, 3, 3, 3, 3, 3, 3, 3, 3, 3, 3, 3, 3, 3, 3, 3, 3, 3, 3, 3, 3, 3, 3, 3, 3, 3, 3, 3, 3, 3, 3, 3, 3, 3, 3, 3, 3, 3, 3, 3, 3, 3, 3, 3, 3, 3, 3, 3, 3, 3, 3, 3, 3, 3, 3, 3, 3, 3, 3, 3, 3, 3, 3, 3, 3, 3, 3, 3, 3, 3, 3, 3, 3, 3, 3, 3, 3, 3, 3, 3, 3, 3, 3, 3, 3, 3, 3, 3, 3, 3, 3, 3, 3, 3, 3, 3, 3, 3, 3, 3, 3, 3, 3, 3, 3, 3, 3, 3, 3, 3, 3, 3, 3, 3, 3, 3, 3, 3, 3, 3, 3, 3, 3, 3, 3, 3, 3, 3, 3, 3, 3, 3, 3, 3, 3, 3, 3, 3, 3, 3, 3, 3, 3, 3, 3, 3, 3, 3, 3, 3, 3, 3, 3, 3, 3, 3, 3, 3, 3, 3, 3, 3, 3, 3, 3, 3, 3, 3, 3, 3, 3, 3, 3, 3, 3, 3, 3, 3, 3, 3, 3, 3, 3, 3, 3, 3, 3, 3, 3, 3, 3, 3, 3, 3, 3, 3, 3, 3, 3, 3, 3, 3, 3, 3, 3, 3, 3, 3, 3, 3, 3, 3, 3, 3, 3, 3, 3, 3, 3, 3, 3, 3, 3, 3, 3, 3, 3, 3, 3, 3, 3, 3, 3, 3, 3, 3, 3, 3, 3, 3, 3, 3, 3, 3, 3, 3, 3, 3, 3, 3, 3, 3, 3, 3, 3, 3, 3, 3, 3, 3, 3, 3, 3, 3, 3, 3, 3, 3, 3, 3, 3, 3, 3, 3, 3, 3, 3, 3, 3, 3, 3, 3, 3, 3, 3, 3, 3, 3, 3, 3, 3, 3, 3, 3, 3, 3, 3, 3, 3, 3, 3, 3, 3, 3, 3, 3, 3, 3, 3, 3, 3, 3, 3, 3, 3, 3, 3, 3, 3, 3, 3, 3, 3, 3, 3, 3, 3, 3, 3, 3, 3, 3, 3, 3, 3, 3, 3, 3, 3, 3, 3, 3, 3, 3, 3, 3, 3, 3, 3, 3, 3, 3, 3, 3, 3, 3, 3, 3, 3, 3, 3, 3, 3, 3, 3, 3, 3, 3, 3, 3, 3, 3, 3, 3, 3, 3, 3, 3, 3, 3, 3, 3, 3, 3, 3, 3, 3, 3, 3, 3, 3, 3, 3, 3, 3, 3, 3, 3, 3, 3, 3, 3, 3, 3, 3, 3, 3, 3, 3, 3, 3, 3, 3, 3, 3, 3, 3, 3, 3, 3, 3, 3, 3, 3, 3, 3, 3, 3, 3, 3, 3, 3, 3, 3, 3, 3, 3, 3, 3, 3, 3, 3, 3, 3, 3, 3, 3, 3, 3, 3, 3, 3, 3, 3, 3, 3, 3, 3, 3, 3, 3, 3, 3, 3, 3, 3, 3, 3, 3, 3, 3, 3, 3, 3, 3, 3, 3, 3, 3, 3, 3, 3, 3, 3, 3, 3, 3, 3, 3, 3, 3, 3, 3, 3, 3, 3, 3, 3, 3, 3, 3, 3, 3, 3, 3, 3, 3, 3, 3, 3, 3, 3, 3, 3, 3, 3, 3, 3, 3, 3, 3, 3, 3, 3, 3, 3, 3, 3, 3, 3, 3, 3, 3, 3, 3, 3, 3, 3, 3, 3, 3, 3, 3, 3, 3, 3, 3, 3, 3, 3, 3, 3, 3, 3, 3, 3, 3, 3, 3, 3, 3, 3, 3, 3, 3, 3, 3, 3, 3, 3, 3, 3, 3, 3, 3, 3, 3, 3, 3, 3, 3, 3, 3, 3, 3, 3, 3, 3, 3, 3, 3, 3, 3, 3, 3, 3, 3, 3, 3, 3, 3, 3, 3, 3, 3, 3, 3, 3, 3, 3, 3, 3, 3, 3, 3, 3, 3, 3, 3, 3, 3, 3, 3, 3, 3, 3, 3, 3, 3, 3, 3, 3, 3, 3, 3, 3, 3, 3, 3, 3, 3, 3, 3, 3, 3, 3, 3, 3, 3, 3, 3, 3, 3, 3, 3, 3, 3, 3, 3, 3, 3, 3, 3, 3, 3, 3, 3, 3, 3, 3, 3, 3, 3, 3, 3, 3, 3, 3, 3, 3, 3, 3, 3, 3, 3, 3, 3, 3, 3, 3, 3, 3, 3, 3, 3, 3, 3, 3, 3, 3, 3, 3, 3, 3, 3, 3, 3, 3, 3, 3, 3, 3, 3, 3, 3, 3, 3, 3, 3, 3, 3, 3, 3, 3, 3, 3, 3, 3, 3, 3, 3, 3, 3, 3, 3, 3, 3, 3, 3, 3, 3, 3, 3, 3, 3, 3, 3, 3, 3, 3, 3, 3, 3, 3, 3, 3, 3, 3, 3, 3, 3, 3, 3, 3, 3, 3, 3, 3, 3, 3, 3, 3, 3, 3, 3, 3, 3, 3, 3, 3, 3, 3, 3, 3, 3, 3, 3, 3, 3, 3, 3, 3, 3, 3, 3, 3, 3, 3, 3, 3, 3, 3, 3, 3, 3, 3, 3, 3, 3, 3, 3, 3, 3, 3, 3, 3, 3, 3, 3, 3, 3, 3, 3, 3, 3, 3, 3, 3, 3, 3, 3, 3, 3, 3, 3, 3, 3, 3, 3, 3, 3, 3, 3, 3, 3, 3, 3, 3, 3, 3, 3, 3, 3, 3, 3, 3, 3, 3, 3, 3, 3, 3, 3, 3, 3, 3, 3, 3, 3, 3, 3, 3, 3, 3, 3, 3, 3, 3, 3, 3, 3, 3, 3, 3, 3, 3, 3, 3, 3, 3, 3, 3, 3, 3, 3, 3, 3, 3, 3, 3, 3, 3, 3, 3, 3, 3, 3, 3, 3, 3, 3, 3, 3, 3, 3, 3, 3, 3, 3, 3, 3, 3, 3, 3, 3, 3, 3, 3, 3, 3, 3, 3, 3, 3, 3, 3, 3, 3, 3, 3, 3, 3, 3, 3, 3, 3, 3, 3, 3, 3, 3, 3, 3, 3, 3, 3, 3, 3, 3, 3, 3, 3, 3, 3, 3, 3, 3, 3, 3, 3, 3, 3, 3, 3, 3, 3, 3, 3, 3, 3, 3, 3, 3, 3, 3, 3, 3, 3, 3, 3, 3, 3, 3, 3, 3, 3, 3, 3, 3, 3, 3, 3, 3, 3, 3, 3, 3, 3, 3, 3, 3, 3, 3, 3, 3, 3, 3, 3, 3, 3, 3, 3, 3, 3, 3, 3, 3, 3, 3, 3, 3, 3, 3, 3, 3, 3, 3, 3, 3, 3, 3, 3, 3, 3, 3, 3, 3, 3, 3, 3, 3, 3, 3, 3, 3, 3, 3, 3, 3, 3, 3, 3, 3, 3, 3, 3, 3, 3, 3, 3, 3, 3, 3, 3, 3, 3, 3, 3, 3, 3, 3, 3, 3, 3, 3, 3, 3, 3, 3, 3, 3, 3, 3, 3, 3, 3, 3, 3, 3, 3, 3, 3, 3, 3, 3, 3, 3, 3, 3, 3, 3, 3, 3, 3, 3, 3, 3, 3, 3, 3, 3, 3, 3, 3, 3, 3, 3, 3, 3, 3, 3, 3, 3, 3, 3, 3, 3, 3, 3, 3, 3, 3, 3, 3, 3, 3, 3, 3, 3, 3, 3, 3, 3, 3, 3, 3, 3, 3, 3, 3, 3, 3, 3, 3, 3, 3, 3, 3, 3, 3, 3, 3, 3, 3, 3, 3, 3, 3, 3, 3, 3, 3, 3, 3, 3, 3, 3, 3, 3, 3, 3, 3, 3, 3, 3, 3, 3, 3, 3, 3, 3, 3, 3, 3, 3, 3, 3, 3, 3, 3, 3, 3, 3, 3, 3, 3, 3, 3, 3, 3, 3, 3, 3, 3, 3, 3, 3, 3, 3, 3, 3, 3, 3, 3, 3, 3, 3, 3, 3, 3, 3, 3, 3, 3, 3, 3, 3, 3, 3, 3, 3, 3, 3, 3, 3, 3, 3, 3, 3, 3, 3, 3, 3, 3, 3, 3, 3, 3, 3, 3, 3, 3, 3, 3, 3, 3, 3, 3, 3, 3, 3, 3, 3, 3, 3, 3, 3, 3, 3, 3, 3, 3, 3, 3, 3, 3, 3, 3, 3, 3, 3, 3, 3, 3, 3, 3, 3, 3, 3, 3, 3, 3, 3, 3, 3, 3, 3, 3, 3, 3, 3, 3, 3, 3, 3, 3, 3, 3, 3, 3, 3, 3, 3, 3, 3, 3, 3, 3, 3, 3, 3, 3, 3, 3, 3, 3, 3, 3, 3, 3, 3, 3, 3, 3, 3, 3, 3, 3, 3, 3, 3, 3, 3, 3, 3, 3, 3, 3, 3, 3, 3, 3, 3, 3, 3, 3, 3, 3, 3, 3, 3, 3, 3, 3, 3, 3, 3, 3, 3, 3, 3, 3, 3, 3, 3, 3, 3, 3, 3, 3, 3, 3, 3, 3, 3, 3, 3, 3, 3, 3, 3, 3, 3, 3, 3, 3, 3, 3, 3, 3, 3, 3, 3, 3, 3, 3, 3, 3, 3, 3, 3, 3, 3, 3, 3, 3, 3, 3, 3, 3, 3, 3, 3, 3, 3, 3, 3, 3, 3, 3, 3, 3, 3, 3, 3, 3, 3, 3, 3, 3, 3, 3, 3, 3, 3, 3, 3, 3, 3, 3, 3, 3, 3, 3, 3, 3, 3, 3, 3, 3, 3, 3, 3, 3, 3, 3, 3, 3, 3, 3, 3, 3, 3, 3, 3, 3, 3, 3, 3, 3, 3, 3, 3, 3, 3, 3, 3, 3, 3, 3, 3, 3, 3, 3, 3, 3, 3, 3, 3, 3, 3, 3, 3, 3, 3, 3, 3, 3, 3, 3, 3, 3, 3, 3, 3, 3, 3, 3, 3, 3, 3, 3, 3, 3, 3, 3, 3, 3, 3, 3, 3, 3, 3, 3, 3, 3, 3, 3, 3, 3, 3, 3, 3, 3, 3, 3, 3, 3, 3, 3, 3, 3, 3, 3, 3, 3, 3, 3, 3, 3, 3, 3, 3, 3, 3, 3, 3, 3, 3, 3, 3, 3, 3, 3, 3, 3, 3, 3, 3, 3, 3, 3, 3, 3, 3, 3, 3, 3, 3, 3, 3, 3, 3, 3, 3, 3, 3, 3, 3, 3, 3, 3, 3, 3, 3, 3, 3, 3, 3, 3, 3, 3, 3, 3, 3, 3, 3, 3, 3, 3, 3, 3, 3, 3, 3, 3, 3, 3, 3, 3, 3, 3, 3, 3, 3, 3, 3, 3, 3, 3, 3, 3, 3, 3, 3, 3, 3, 3, 3, 3, 3, 3, 3, 3, 3, 3, 3, 3, 3, 3, 3, 3, 3, 3, 3, 3, 3, 3, 3, 3, 3, 3, 3, 3, 3, 3, 3, 3, 3, 3, 3, 3, 3, 3, 3, 3, 3, 3, 3, 3, 3, 3, 3, 3, 3, 3, 3, 3, 3, 3, 3, 3, 3, 3, 3, 3, 3, 3, 3, 3, 3, 3, 3, 3, 3, 3, 3, 3, 3, 3, 3, 3, 3, 3, 3, 3, 3, 3, 3, 3, 3, 3, 3, 3, 3, 3, 3, 3, 3, 3, 3, 3, 3, 3, 3, 3, 3, 3, 3, 3, 3, 3, 3, 3, 3, 3, 3, 3, 3, 3, 3, 3, 3, 3, 3, 3, 3, 3, 3, 3, 3, 3, 3, 3, 3, 3, 3, 3, 3, 3, 3, 3, 3, 3, 3, 3, 3, 3, 3, 3, 3, 3, 3, 3, 3, 3, 3, 3, 3, 3, 3, 3, 3, 3, 3, 3, 3, 3, 3, 3, 3, 3, 3, 3, 3, 3, 3, 3, 3, 3, 3, 3, 3, 3, 3, 3, 3, 3, 3, 3, 3, 3, 3, 3, 3, 3, 3, 3, 3, 3, 3, 3, 3, 3, 3, 3, 3, 3, 3, 3, 3, 3, 3, 3, 3, 3, 3, 3, 3, 3, 3, 3, 3, 3, 3, 3, 3, 3, 3, 3, 3, 3, 3, 3, 3, 3, 3, 3, 3, 3, 3, 3, 3, 3, 3, 3, 3, 3, 3, 3, 3, 3, 3, 3, 3, 3, 3, 3, 3, 3, 3, 3, 3, 3, 3, 3, 3, 3, 3, 3, 3, 3, 3, 3, 3, 3, 3, 3, 3, 3, 3, 3, 3, 3, 3, 3, 3, 3, 3, 3, 3, 3, 3, 3, 3, 3, 3, 3, 3, 3, 3, 3, 3, 3, 3, 3, 3, 3, 3, 3, 3, 3, 3, 3, 3, 3, 3, 3, 3, 3, 3, 3, 3, 3, 3, 3, 3, 3, 3, 3, 3, 3, 3, 3, 3, 3, 3, 3, 3, 3, 3, 3, 3, 3, 3, 3, 3, 3, 3, 3, 3, 3, 3, 3, 3, 3, 3, 3, 3, 3, 3, 3, 3, 3, 3, 3, 3, 3, 3, 3, 3, 3, 3, 3, 3, 3, 3, 3, 3, 3, 3, 3, 3, 3, 3, 3, 3, 3, 3, 3, 3, 3, 3, 3, 3, 3, 3, 3, 3, 3, 3, 3, 3, 3, 3, 3, 3, 3, 3, 3, 3, 3, 3, 3, 3, 3, 3, 3, 3, 3, 3, 3, 3, 3, 3, 3, 3, 3, 3, 3, 3, 3, 3, 3, 3, 3, 3, 3, 3, 3, 3, 3, 3, 3, 3, 3, 3, 3, 3, 3, 3, 3, 3, 3, 3, 3, 3, 3, 3, 3, 3, 3, 3, 3, 3, 3, 3, 3, 3, 3, 3, 3, 3, 3, 3, 3, 3, 3, 3, 3, 3, 3, 3, 3, 3, 3, 3, 3, 3, 3, 3, 3, 3, 3, 3, 3, 3, 3, 3, 3, 3, 3, 3, 3, 3, 3, 3, 3, 3, 3, 3, 3, 3, 3, 3, 3, 3, 3, 3, 3, 3, 3, 3, 3, 3, 3, 3, 3, 3, 3, 3, 3, 3, 3, 3, 3, 3, 3, 3, 3, 3, 3, 3, 3, 3, 3, 3, 3, 3, 3, 3, 3, 3, 3, 3, 3, 3, 3, 3, 3, 3, 3, 3, 3, 3, 3, 3, 3, 3, 3, 3, 3, 3, 3, 3, 3, 3, 3, 3, 3, 3, 3, 3, 3, 3, 3, 3, 3, 3, 3, 3, 3, 3, 3, 3, 3, 3, 3, 3, 3, 3, 3, 3, 3, 3, 3, 3, 3, 3, 3, 3, 3, 3, 3, 3, 3, 3, 3, 3, 3, 3, 3, 3, 3, 3, 3, 3, 3, 3, 3, 3, 3, 3, 3, 3, 3, 3, 3, 3, 3, 3, 3, 3, 3, 3, 3, 3, 3, 3, 3, 3, 3, 3, 3, 3, 3, 3, 3, 3, 3, 3, 3, 3, 3, 3, 3, 3, 3, 3, 3, 3, 3, 3, 3, 3, 3, 3, 3, 3, 3, 3, 3, 3, 3, 3, 3, 3, 3, 3, 3, 3, 3, 3, 3, 3, 3, 3, 3, 3, 3, 3, 3, 3, 3, 3, 3, 3, 3, 3, 3, 3, 3, 3, 3, 3, 3, 3, 3, 3, 3, 3, 3, 3, 3, 3, 3, 3, 3, 3, 3, 3, 3, 3, 3, 3, 3, 3, 3, 3, 3, 3, 3, 3, 3, 3, 3, 3, 3, 3, 3, 3, 3, 3, 3, 3, 3, 3, 3, 3, 3, 3, 3, 3, 3, 3, 3, 3, 3, 3, 3, 3, 3, 3, 3, 3, 3, 3, 3, 3, 3, 3, 3, 3, 3, 3, 3, 3, 3, 3, 3, 3, 3, 3, 3, 3, 3, 3, 3, 3, 3, 3, 3, 3, 3, 3, 3, 3, 3, 3, 3, 3, 3, 3, 3, 3, 3, 3, 3, 3, 3, 3, 3, 3, 3, 3, 3, 3, 3, 3, 3, 3, 3, 3, 3, 3, 3, 3, 3, 3, 3, 3, 3, 3, 3, 3, 3, 3, 3, 3, 3, 3, 3, 3, 3, 3, 3, 3, 3, 3, 3, 3, 3, 3, 3, 3, 3, 3, 3, 3, 3, 3, 3, 3, 3, 3, 3, 3, 3, 3, 3, 3, 3, 3, 3, 3, 3, 3, 3, 3, 3, 3, 3, 3, 3, 3, 3, 3, 3, 3, 3, 3, 3, 3, 3, 3, 3, 3, 3, 3, 3, 3, 3, 3, 3, 3, 3, 3, 3, 3, 3, 3, 3, 3, 3, 3, 3, 3, 3, 3, 3, 3, 3, 3, 3, 3, 3, 3, 3, 3, 3, 3, 3, 3, 3, 3, 3, 3, 3, 3, 3, 3, 3, 3, 3, 3, 3, 3, 3, 3, 3, 3, 3, 3, 3, 3, 3, 3, 3, 3, 3, 3, 3, 3, 3, 3, 3, 3, 3, 3, 3, 3, 3, 3, 3, 3, 3, 3, 3, 3, 3, 3, 3, 3, 3, 3, 3, 3, 3, 3, 3, 3, 3, 3, 3, 3, 3, 3, 3, 3, 3, 3, 3, 3, 3, 3, 3, 3, 3, 3, 3, 3, 3, 3, 3, 3, 3, 3, 3, 3, 3, 3, 3, 3, 3, 3, 3, 3, 3, 3, 3, 3, 3, 3, 3, 3, 3, 3, 3, 3, 3, 3, 3, 3, 3, 3, 3, 3, 3, 3, 3, 3, 3, 3, 3, 3, 3, 3, 3, 3, 3, 3, 3, 3, 3, 3, 3, 3, 3, 3, 3, 3, 3, 3, 3, 3, 3, 3, 3, 3, 3, 3, 3, 3, 3, 3, 3, 3, 3, 3, 3, 3, 3, 3, 3, 3, 3, 3, 3, 3, 3, 3, 3, 3, 3, 3, 3, 3, 3, 3, 3, 3, 3, 3, 3, 3, 3, 3, 3, 3, 3, 3, 3, 3, 3, 3, 3, 3, 3, 3, 3, 3, 3, 3, 3, 3, 3, 3, 3, 3, 3, 3, 3, 3, 3, 3, 3, 3, 3, 3, 3, 3, 3, 3, 3, 3, 3, 3, 3, 3, 3, 3, 3, 3, 3, 3, 3, 3, 3, 3, 3, 3, 3, 3, 3, 3, 3, 3, 3, 3, 3, 3, 3, 3, 3, 3, 3, 3, 3, 3, 3, 3, 3, 3, 3, 3, 3, 3, 3, 3, 3, 3, 3, 3, 3, 3, 3, 3, 3, 3, 3, 3, 3, 3, 3, 3, 3, 3, 3, 3, 3, 3, 3, 3, 3, 3, 3, 3, 3, 3, 3, 3, 3, 3, 3, 3, 3, 3, 3, 3, 3, 3, 3, 3, 3, 3, 3, 3, 3, 3, 3, 3, 3, 3, 3, 3, 3, 3, 3, 3, 3, 3, 3, 3, 3, 3, 3, 3, 3, 3, 3, 3, 3, 3, 3, 3, 3, 3, 3, 3, 3, 3, 3, 3, 3, 3, 3, 3, 3, 3, 3, 3, 3, 3, 3, 3, 3, 3, 3, 3, 3, 3, 3, 3, 3, 3, 3, 3, 3, 3, 3, 3, 3, 3, 3, 3, 3, 3, 3, 3, 3, 3, 3, 3, 3, 3, 3, 3, 3, 3, 3, 3, 3, 3, 3, 3, 3, 3, 3, 3, 3, 3, 3, 3, 3, 3, 3, 3, 3, 3, 3, 3, 3, 3, 3, 3, 3, 3, 3, 3, 3, 3, 3, 3, 3, 3, 3, 3, 3, 3, 3, 3, 3, 3, 3, 3, 3, 3, 3, 3, 3, 3, 3, 3, 3, 3, 3, 3, 3, 3, 3, 3, 3, 3, 3, 3, 3, 3, 3, 3, 3, 3, 3, 3, 3, 3, 3, 3, 3, 3, 3, 3, 3, 3, 3, 3, 3, 3, 3, 3, 3, 3, 3, 3, 3, 3, 3, 3, 3, 3, 3, 3, 3, 3, 3, 3, 3, 3, 3, 3, 3, 3, 3, 3, 3, 3, 3, 3, 3, 3, 3, 3, 3, 3, 3, 3, 3, 3, 3, 3, 3, 3, 3, 3, 3, 3, 3, 3, 3, 3, 3, 3, 3, 3, 3, 3, 3, 3, 3, 3, 3, 3, 3, 3, 3, 3, 3, 3, 3, 3, 3, 3, 3, 3, 3, 3, 3, 3, 3, 3, 3, 3, 3, 3, 3, 3, 3, 3, 3, 3, 3, 3, 3, 3, 3, 3, 3, 3, 3, 3, 3, 3, 3, 3, 3, 3, 3, 3, 3, 3, 3, 3, 3, 3, 3, 3, 3, 3, 3, 3, 3, 3, 3, 3, 3, 3, 3, 3, 3, 3, 3, 3, 3, 3, 3, 3, 3, 3, 3, 3, 3, 3, 3, 3, 3, 3, 3, 3, 3, 3, 3, 3, 3, 3, 3, 3, 3, 3, 3, 3, 3, 3, 3, 3, 3, 3, 3, 3, 3, 3, 3, 3, 3, 3, 3, 3, 3, 3, 3, 3, 3, 3, 3, 3, 3, 3, 3, 3, 3, 3, 3, 3, 3, 3, 3, 3, 3, 3, 3, 3, 3, 3, 3, 3, 3, 3, 3, 3, 3, 3, 3, 3, 3, 3, 3, 3, 3, 3, 3, 3, 3, 3, 3, 3, 3, 3, 3, 3, 3, 3, 3, 3, 3, 3, 3, 3, 3, 3, 3, 3, 3, 3, 3, 3, 3, 3, 3, 3, 3, 3, 3, 3, 3, 3, 3, 3, 3, 3, 3, 3, 3, 3, 3, 3, 3, 3, 3, 3, 3, 3, 3, 3, 3, 3, 3, 3, 3, 3, 3, 3, 3, 3, 3, 3, 3, 3, 3, 3, 3, 3, 3, 3, 3, 3, 3, 3, 3, 3, 3, 3, 3, 3, 3, 3, 3, 3, 3, 3, 3, 3, 3, 3, 3, 3, 3, 3, 3, 3, 3, 3, 3, 3, 3, 3, 3, 3, 3, 3, 3, 3, 3, 3, 3, 3, 3, 3, 3, 3, 3, 3, 3, 3, 3, 3, 3, 3, 3, 3, 3, 3, 3, 3, 3, 3, 3, 3, 3, 3, 3, 3, 3, 3, 3, 3, 3, 3, 3, 3, 3, 3, 3, 3, 3, 3, 3, 3, 3, 3, 3, 3, 3, 3, 3, 3, 3, 3, 3, 3, 3, 3, 3, 3, 3, 3, 3, 3, 3, 3, 3, 3, 3, 3, 3, 3, 3, 3, 3, 3, 3, 3, 3, 3, 3, 3, 3, 3, 3, 3, 3, 3, 3, 3, 3, 3, 3, 3, 3, 3, 3, 3, 3, 3, 3, 3, 3, 3, 3, 3, 3, 3, 3, 3, 3, 3, 3, 3, 3, 3, 3, 3, 3, 3, 3, 3, 3, 3, 3, 3, 3, 3, 3, 3, 3, 3, 3, 3, 3, 3, 3, 3, 3, 3, 3, 3, 3, 3, 3, 3, 3, 3, 3, 3, 3, 3, 3, 3, 3, 3, 3, 3, 3, 3, 3, 3, 3, 3, 3, 3, 3, 3, 3, 3, 3, 3, 3, 3, 3, 3, 3, 3, 3, 3, 3, 3, 3, 3, 3, 3, 3, 3, 3, 3, 3, 3, 3, 3, 3, 3, 3, 3, 3, 3, 3, 3, 3, 3, 3, 3, 3, 3, 3, 3, 3, 3, 3, 3, 3, 3, 3, 3, 3, 3, 3, 3, 3, 3, 3, 3, 3, 3, 3, 3, 3, 3, 3, 3, 3, 3, 3, 3, 3, 3, 3, 3, 3, 3, 3, 3, 3, 3, 3, 3, 3, 3, 3, 3, 3, 3, 3, 3, 3, 3, 3, 3, 3, 3, 3, 3, 3, 3, 3, 3, 3, 3, 3, 3, 3, 3, 3, 3, 3, 3, 3, 3, 3, 3, 3, 3, 3, 3, 3, 3, 3, 3, 3, 3, 3, 3, 3, 3, 3, 3, 3, 3, 3, 3, 3, 3, 3, 3, 3, 3, 3, 3, 3, 3, 3, 3, 3, 3, 3, 3, 3, 3, 3, 3, 3, 3, 3, 3, 3, 3, 3, 3, 3, 3, 3, 3, 3, 3, 3, 3, 3, 3, 3, 3, 3, 3, 3, 3, 3, 3, 3, 3, 3, 3, 3, 3, 3, 3, 3, 3, 3, 3, 3, 3, 3, 3, 3, 3, 3, 3, 3, 3, 3, 3, 3, 3, 3, 3, 3, 3, 3, 3, 3, 3, 3, 3, 3, 3, 3, 3, 3, 3, 3, 3, 3, 3, 3, 3, 3, 3, 3, 3, 3, 3, 3, 3, 3, 3, 3, 3, 3, 3, 3, 3, 3, 3, 3, 3, 3, 3, 3, 3, 3, 3, 3, 3, 3, 3, 3, 3, 3, 3, 3, 3, 3, 3, 3, 3, 3, 3, 3, 3, 3, 3, 3, 3, 3, 3, 3, 3, 3, 3, 3, 3, 3, 3, 3, 3, 3, 3, 3, 3, 3, 3, 3, 3, 3, 3, 3, 3, 3, 3, 3, 3, 3, 3, 3, 3, 3, 3, 3, 3, 3, 3, 3, 3, 3, 3, 3, 3, 3, 3, 3, 3, 3, 3, 3, 3, 3, 3, 3, 3, 3, 3, 3, 3, 3, 3, 3, 3, 3, 3, 3, 3, 3, 3, 3, 3, 3, 3, 3, 3, 3, 3, 3, 3, 3, 3, 3, 3, 3, 3, 3, 3, 3, 3, 3, 3, 3, 3, 3, 3, 3, 3, 3, 3, 3, 3, 3, 3, 3, 3, 3, 3, 3, 3, 3, 3, 3, 3, 3, 3, 3, 3, 3, 3, 3, 3, 3, 3, 3, 3, 3, 3, 3, 3, 3, 3, 3, 3, 3, 3, 3, 3, 3, 3, 3, 3, 3, 3, 3, 3, 3, 3, 3, 3, 3, 3, 3, 3, 3, 3, 3, 3, 3, 3, 3, 3, 3, 3, 3, 3, 3, 3, 3, 3, 3, 3, 3, 3, 3, 3, 3, 3, 3, 3, 3, 3, 3, 3, 3, 3, 3, 3, 3, 3, 3, 3, 3, 3, 3, 3, 3, 3, 3, 3, 3, 3, 3, 3, 3, 3, 3, 3, 3, 3, 3, 3, 3, 3, 3, 3, 3, 3, 3, 3, 3, 3, 3, 3, 3, 3, 3, 3, 3, 3, 3, 3, 3, 3, 3, 3, 3, 3, 3, 3, 3, 3, 3, 3, 3, 3, 3, 3, 3, 3, 3, 3, 3, 3, 3, 3, 3, 3, 3, 3, 3, 3, 3, 3, 3, 3, 3, 3, 3, 3, 3, 3, 3, 3, 3, 3, 3, 3, 3, 3, 3, 3, 3, 3, 3, 3, 3, 3, 3, 3, 3, 3, 3, 3, 3, 3, 3, 3, 3, 3, 3, 3, 3, 3, 3, 3, 3, 3, 3, 3, 3, 3, 3, 3, 3, 3, 3, 3, 3, 3, 3, 3, 3, 3, 3, 3, 3, 3, 3, 3, 3, 3, 3, 3, 3, 3, 3, 3, 3, 3, 3, 3, 3, 3, 3, 3, 3, 3, 3, 3, 3, 3, 3, 3, 3, 3, 3, 3, 3, 3, 3, 3, 3, 3, 3, 3, 3, 3, 3, 3, 3, 3, 3, 3, 3, 3, 3, 3, 3, 3, 3, 3, 3, 3, 3, 3, 3, 3, 3, 3, 3, 3, 3, 3, 3, 3, 3, 3, 3, 3, 3, 3, 3, 3, 3, 3, 3, 3, 3, 3, 3, 3, 3, 3, 3, 3, 3, 3, 3, 3, 3, 3, 3, 3, 3, 3, 3, 3, 3, 3, 3, 3, 3, 3, 3, 3, 3, 3, 3, 3, 3, 3, 3, 3, 3, 3, 3, 3, 3, 3, 3, 3, 3, 3, 3, 3, 3, 3, 3, 3, 3, 3, 3, 3, 3, 3, 3, 3, 3, 3, 3, 3, 3, 3, 3, 3, 3, 3, 3, 3, 3, 3, 3, 3, 3, 3, 3, 3, 3, 3, 3, 3, 3, 3, 3, 3, 3, 3, 3, 3, 3, 3, 3, 3, 3, 3, 3, 3, 3, 3, 3, 3, 3, 3, 3, 3, 3, 3, 3, 3, 3, 3, 3, 3, 3, 3, 3, 3, 3, 3, 3, 3, 3, 3, 3, 3, 3, 3, 3, 3, 3, 3, 3, 3, 3, 3, 3, 3, 3, 3, 3, 3, 3, 3, 3, 3, 3, 3, 3, 3, 3, 3, 3, 3, 3, 3, 3, 3, 3, 3, 3, 3, 3, 3, 3, 3, 3, 3, 3, 3, 3, 3, 3, 3, 3, 3, 3, 3, 3, 3, 3, 3, 3, 3, 3, 3, 3, 3, 3, 3, 3, 3, 3, 3, 3, 3, 3, 3, 3, 3, 3, 3, 3, 3, 3, 3, 3, 3, 3, 3, 3, 3, 3, 3, 3, 3, 3, 3, 3, 3, 3, 3, 3, 3, 3, 3, 3, 3, 3, 3, 3, 3, 3, 3, 3, 3, 3, 3, 3, 3, 3, 3, 3, 3, 3, 3, 3, 3, 3, 3, 3, 3, 3, 3, 3, 3, 3, 3, 3, 3, 3, 3, 3, 3, 3, 3, 3, 3, 3, 3, 3, 3, 3, 3, 3, 3, 3, 3, 3, 3, 3, 3, 3, 3, 3, 3, 3, 3, 3, 3, 3, 3, 3, 3, 3, 3, 3, 3, 3, 3, 3, 3, 3, 3, 3, 3, 3, 3, 3, 3, 3, 3, 3, 3, 3, 3, 3, 3, 3, 3, 3, 3, 3, 3, 3, 3, 3, 3, 3, 3, 3, 3, 3, 3, 3, 3, 3, 3, 3, 3, 3, 3, 3, 3, 3, 3, 3, 3, 3, 3, 3, 3, 3, 3, 3, 3, 3, 3, 3, 3, 3, 3, 3, 3, 3, 3, 3, 3, 3, 3, 3, 3, 3, 3, 3, 3, 3, 3, 3, 3, 3, 3, 3, 3, 3, 3, 3, 3, 3, 3, 3, 3, 3, 3, 3, 3, 3, 3, 3, 3, 3, 3, 3, 3, 3, 3, 3, 3, 3, 3, 3, 3, 3, 3, 3, 3, 3, 3, 3, 3, 3, 3, 3, 3, 3, 3, 3, 3, 3, 3, 3, 3, 3, 3, 3, 3, 3, 3, 3, 3, 3, 3, 3, 3, 3, 3, 3, 3, 3, 3, 3, 3, 3, 3, 3, 3, 3, 3, 3, 3, 3, 3, 3, 3, 3, 3, 3, 3, 3, 3, 3, 3, 3, 3, 3, 3, 3, 3, 3, 3, 3, 3, 3, 3, 3, 3, 3, 3, 3, 3, 3, 3, 3, 3, 3, 3, 3, 3, 3, 3, 3, 3, 3, 3, 3, 3, 3, 3, 3, 3, 3, 3, 3, 3, 3, 3, 3, 3, 3, 3, 3, 3, 3, 3, 3, 3, 3, 3, 3, 3, 3, 3, 3, 3, 3, 3, 3, 3, 3, 3, 3, 3, 3, 3, 3, 3, 3, 3, 3, 3, 3, 3, 3, 3, 3, 3, 3, 3, 3, 3, 3, 3, 3, 3, 3, 3, 3, 3, 3, 3, 3, 3, 3, 3, 3, 3, 3, 3, 3, 3, 3, 3, 3, 3, 3, 3, 3, 3, 3, 3, 3, 3, 3, 3, 3, 3, 3, 3, 3, 3, 3, 3, 3, 3, 3, 3, 3, 3, 3, 3, 3, 3, 3, 3, 3, 3, 3, 3, 3, 3, 3, 3, 3, 3, 3, 3, 3, 3, 3, 3, 3, 3, 3, 3, 3, 3, 3, 3, 3, 3, 3, 3, 3, 3, 3, 3, 3, 3, 3, 3, 3, 3, 3, 3, 3, 3, 3, 3, 3, 3, 3, 3, 3, 3, 3, 3, 3, 3, 3, 3, 3, 3, 3, 3, 3, 3, 3, 3, 3, 3, 3, 3, 3, 3, 3, 3, 3, 3, 3, 3, 3, 3, 3, 3, 3, 3, 3, 3, 3, 3, 3, 3, 3, 3, 3, 3, 3, 3, 3, 3, 3, 3, 3, 3, 3, 3, 3, 3, 3, 3, 3, 3, 3, 3, 3, 3, 3, 3, 3, 3, 3, 3, 3, 3, 3, 3, 3, 3, 3, 3, 3, 3, 3, 3, 3, 3, 3, 3, 3, 3, 3, 3, 3, 3, 3, 3, 3, 3, 3, 3, 3, 3, 3, 3, 3, 3, 3, 3, 3, 3, 3, 3, 3, 3, 3, 3, 3, 3, 3, 3, 3, 3, 3, 3, 3, 3, 3, 3, 3, 3, 3, 3, 3, 3, 3, 3, 3, 3, 3, 3, 3, 3, 3, 3, 3, 3, 3, 3, 3, 3, 3, 3, 3, 3, 3, 3, 3, 3, 3, 3, 3, 3, 3, 3, 3, 3, 3, 3, 3, 3, 3, 3, 3, 3, 3, 3, 3, 3, 3, 3, 3, 3, 3, 3, 3, 3, 3, 3, 3, 3, 3, 3, 3, 3, 3, 3, 3, 3, 3, 3, 3, 3, 3, 3, 3, 3, 3, 3, 3, 3, 3, 3, 3, 3, 3, 3, 3, 3, 3, 3, 3, 3, 3, 3, 3, 3, 3, 3, 3, 3, 3, 3, 3, 3, 3, 3, 3, 3, 3, 3, 3, 3, 3, 3, 3, 3, 3, 3, 3, 3, 3, 3, 3, 3, 3, 3, 3, 3, 3, 3, 3, 3, 3, 3, 3, 3, 3, 3, 3, 3, 3, 3, 3, 3, 3, 3, 3, 3, 3, 3, 3, 3, 3, 3, 3, 3, 3, 3, 3, 3, 3, 3, 3, 3, 3, 3, 3, 3, 3, 3, 3, 3, 3, 3, 3, 3, 3, 3, 3, 3, 3, 3, 3, 3, 3, 3, 3, 3, 3, 3, 3, 3, 3, 3, 3, 3, 3, 3, 3, 3, 3, 3, 3, 3, 3, 3, 3, 3, 3, 3, 3, 3, 3, 3, 3, 3, 3, 3, 3, 3, 3, 3, 3, 3, 3, 3, 3, 3, 3, 3, 3, 3, 3, 3, 3, 3, 3, 3, 3, 3, 3, 3, 3, 3, 3, 3, 3, 3, 3, 3, 3, 3, 3, 3, 3, 3, 3, 3, 3, 3, 3, 3, 3, 3, 3, 3, 3, 3, 3, 3, 3, 3, 3, 3, 3, 3, 3, 3, 3, 3, 3, 3, 3, 3, 3, 3, 3, 3, 3, 3, 3, 3, 3, 3, 3, 3, 3, 3, 3, 3, 3, 3, 3, 3, 3, 3, 3, 3, 3, 3, 3, 3, 3, 3, 3, 3, 3, 3, 3, 3, 3, 3, 3, 3, 3, 3, 3, 3, 3, 3, 3, 3, 3, 3, 3, 3, 3, 3, 3, 3, 3, 3, 3, 3, 3, 3, 3, 3, 3, 3, 3, 3, 3, 3, 3, 3, 3, 3, 3, 3, 3, 3, 3, 3, 3, 3, 3, 3, 3, 3, 3, 3, 3, 3, 3, 3, 3, 3, 3, 3, 3, 3, 3, 3, 3, 3, 3, 3, 3, 3, 3, 3, 3, 3, 3, 3, 3, 3, 3, 3, 3, 3, 3, 3, 3, 3, 3, 3, 3, 3, 3, 3, 3, 3, 3, 3, 3, 3, 3, 3, 3, 3, 3, 3, 3, 3, 3, 3, 3, 3, 3, 3, 3, 3, 3, 3, 3, 3, 3, 3, 3, 3, 3, 3, 3, 3, 3, 3, 3, 3, 3, 3, 3, 3, 3, 3, 3, 3, 3, 3, 3, 3, 3, 3, 3, 3, 3, 3, 3, 3, 3, 3, 3, 3, 3, 3, 3, 3, 3, 3, 3, 3, 3, 3, 3, 3, 3, 3, 3, 3, 3, 3, 3, 3, 3, 3, 3, 3, 3, 3, 3, 3, 3, 3, 3, 3, 3, 3, 3, 3, 3, 3, 3, 3, 3, 3, 3, 3, 3, 3, 3, 3, 3, 3, 3, 3, 3, 3, 3, 3, 3, 3, 3, 3, 3, 3, 3, 3, 3, 3, 3, 3, 3, 3, 3, 3, 3, 3, 3, 3, 3, 3, 3, 3, 3, 3, 3, 3, 3, 3, 3, 3, 3, 3, 3, 3, 3, 3, 3, 3, 3, 3, 3, 3, 3, 3, 3, 3, 3, 3, 3, 3, 3, 3, 3, 3, 3, 3, 3, 3, 3, 3, 3, 3, 3, 3, 3, 3, 3, 3, 3, 3, 3, 3, 3, 3, 3, 3, 3, 3, 3, 3, 3, 3, 3, 3, 3, 3, 3, 3, 3, 3, 3, 3, 3, 3, 3, 3, 3, 3, 3, 3, 3, 3, 3, 3, 3, 3, 3, 3, 3, 3, 3, 3, 3, 3, 3, 3, 3, 3, 3, 3, 3, 3, 3, 3, 3, 3, 3, 3, 3, 3, 3, 3, 3, 3, 3, 3, 3, 3, 3, 3, 3, 3, 3, 3, 3, 3, 3, 3, 3, 3, 3, 3, 3, 3, 3, 3, 3, 3, 3, 3, 3, 3, 3, 3, 3, 3, 3, 3, 3, 3, 3, 3, 3, 3, 3, 3, 3, 3, 3, 3, 3, 3, 3, 3, 3, 3, 3, 3, 3, 3, 3, 3, 3, 3, 3, 3, 3, 3, 3, 3, 3, 3, 3, 3, 3, 3, 3, 3, 3, 3, 3, 3, 3, 3, 3, 3, 3, 3, 3, 3, 3, 3, 3, 3, 3, 3, 3, 3, 3, 3, 3, 3, 3, 3, 3, 3, 3, 3, 3, 3, 3, 3, 3, 3, 3, 3, 3, 3, 3, 3, 3, 3, 3, 3, 3, 3, 3, 3, 3, 3, 3, 3, 3, 3, 3, 3, 3, 3, 3, 3, 3, 3, 3, 3, 3, 3, 3, 3, 3, 3, 3, 3, 3, 3, 3, 3, 3, 3, 3, 3, 3, 3, 3, 3, 3, 3, 3, 3, 3, 3, 3, 3, 3, 3, 3, 3, 3, 3, 3, 3, 3, 3, 3, 3, 3, 3, 3, 3, 3, 3, 3, 3, 3, 3, 3, 3, 3, 3, 3, 3, 3, 3, 3, 3, 3, 3, 3, 3, 3, 3, 3, 3, 3, 3, 3, 3, 3, 3, 3, 3, 3, 3, 3, 3, 3, 3, 3, 3, 3, 3, 3, 3, 3, 3, 3, 3, 3, 3, 3, 3, 3, 3, 3, 3, 3, 3, 3, 3, 3, 3, 3, 3, 3, 3, 3, 3, 3, 3, 3, 3, 3, 3, 3, 3, 3, 3, 3, 3, 3, 3, 3, 3, 3, 3, 3, 3, 3, 3, 3, 3, 3, 3, 3, 3, 3, 3, 3, 3, 3, 3, 3, 3, 3, 3, 3, 3, 3, 3, 3, 3, 3, 3, 3, 3, 3, 3, 3, 3, 3, 3, 3, 3, 3, 3, 3, 3, 3, 3, 3, 3, 3, 3, 3, 3, 3, 3, 3, 3, 3, 3, 3, 3, 3, 3, 3, 3, 3, 3, 3, 3, 3, 3, 3, 3, 3, 3, 3, 3, 3, 3, 3, 3, 3, 3, 3, 3, 3, 3, 3, 3, 3, 3, 3, 3, 3, 3, 3, 3, 3, 3, 3, 3, 3, 3, 3, 3, 3, 3, 3, 3, 3, 3, 3, 3, 3, 3, 3, 3, 3, 3, 3, 3, 3, 3, 3, 3, 3, 3, 3, 3, 3, 3, 3, 3, 3, 3, 3, 3, 3, 3, 3, 3, 3, 3, 3, 3, 3, 3, 3, 3, 3, 3, 3, 3, 3, 3, 3, 3, 3, 3, 3, 3, 3, 3, 3, 3, 3, 3, 3, 3, 3, 3, 3, 3, 3, 3, 3, 3, 3, 3, 3, 3, 3, 3, 3, 3, 3, 3, 3, 3, 3, 3, 3, 3, 3, 3, 3, 3, 3, 3, 3, 3, 3, 3, 3, 3, 3, 3, 3, 3, 3, 3, 3, 3, 3, 3, 3, 3, 3, 3, 3, 3, 3, 3, 3, 3, 3, 3, 3, 3, 3, 3, 3, 3, 3, 3, 3, 3, 3, 3, 3, 3, 3, 3, 3, 3, 3, 3, 3, 3, 3, 3, 3, 3, 3, 3, 3, 3, 3, 3, 3, 3, 3, 3, 3, 3, 3, 3, 3, 3, 3, 3, 3, 3, 3, 3, 3, 3, 3, 3, 3, 3, 3, 3, 3, 3, 3, 3, 3, 3, 3, 3, 3, 3, 3, 3, 3, 3, 3, 3, 3, 3, 3, 3, 3, 3, 3, 3, 3, 3, 3, 3, 3, 3, 3, 3, 3, 3, 3, 3, 3, 3, 3, 3, 3, 3, 3, 3, 3, 3, 3, 3, 3, 3, 3, 3, 3, 3, 3, 3, 3, 3, 3, 3, 3, 3, 3, 3, 3, 3, 3, 3, 3, 3, 3, 3, 3, 3, 3, 3, 3, 3, 3, 3, 3, 3, 3, 3, 3, 3, 3, 3, 3, 3, 3, 3, 3, 3, 3, 3, 3, 3, 3, 3, 3, 3, 3, 3, 3, 3, 3, 3, 3, 3, 3, 3, 3, 3, 3, 3, 3, 3, 3, 3, 3, 3, 3, 3, 3, 3, 3, 3, 3, 3, 3, 3, 3, 3, 3, 3, 3, 3, 3, 3, 3, 3, 3, 3, 3, 3, 3, 3, 3, 3, 3, 3, 3, 3, 3, 3, 3, 3, 3, 3, 3, 3, 3, 3, 3, 3, 3, 3, 3, 3, 3, 3, 3, 3, 3, 3, 3, 3, 3, 3, 3, 3, 3, 3, 3, 3, 3, 3, 3, 3, 3, 3, 3, 3, 3, 3, 3, 3, 3, 3, 3, 3, 3, 3, 3, 3, 3, 3, 3, 3, 3, 3, 3, 3, 3, 3, 3, 3, 3, 3, 3, 3, 3, 3, 3, 3, 3, 3, 3, 3, 3, 3, 3, 3, 3, 3, 3, 3, 3, 3, 3, 3, 3, 3, 3, 3, 3, 3, 3, 3, 3, 3, 3, 3, 3, 3, 3, 3, 3, 3, 3, 3, 3, 3, 3, 3, 3, 3, 3, 3, 3, 3, 3, 3, 3, 3, 3, 3, 3, 3, 3, 3, 3, 3, 3, 3, 3, 3, 3, 3, 3, 3, 3, 3, 3, 3, 3, 3, 3, 3, 3, 3, 3, 3, 3, 3, 3, 3, 3, 3, 3, 3, 3, 3, 3, 3, 3, 3, 3, 3, 3, 3, 3, 3, 3, 3, 3, 3, 3, 3, 3, 3, 3, 3, 3, 3, 3, 3, 3, 3, 3, 3, 3, 3, 3, 3, 3, 3, 3, 3, 3, 3, 3, 3, 3, 3, 3, 3, 3, 3, 3, 3, 3, 3, 3, 3, 3, 3, 3, 3, 3, 3, 3, 3, 3, 3, 3, 3, 3, 3, 3, 3, 3, 3, 3, 3, 3, 3, 3, 3, 3, 3, 3, 3, 3, 3, 3, 3, 3, 3, 3, 3, 3, 3, 3, 3, 3, 3, 3, 3, 3, 3, 3, 3, 3, 3, 3, 3, 3, 3, 3, 3, 3, 3, 3, 3, 3, 3, 3, 3, 3, 3, 3, 3, 3, 3, 3, 3, 3, 3, 3, 3, 3, 3, 3, 3, 3, 3, 3, 3, 3, 3, 3, 3, 3, 3, 3, 3, 3, 3, 3, 3, 3, 3, 3, 3, 3, 3, 3, 3, 3, 3, 3, 3, 3, 3, 3, 3, 3, 3, 3, 3, 3, 3, 3, 3, 3, 3, 3, 3, 3, 3, 3, 3, 3, 3, 3, 3, 3, 3, 3, 3, 3, 3, 3, 3, 3, 3, 3, 3, 3, 3, 3, 3, 3, 3, 3, 3, 3, 3, 3, 3, 3, 3, 3, 3, 3, 3, 3, 3, 3, 3, 3, 3, 3, 3, 3, 3, 3, 3, 3, 3, 3, 3, 3, 3, 3, 3, 3, 3, 3, 3, 3, 3, 3, 3, 3, 3, 3, 3, 3, 3, 3, 3, 3, 3, 3, 3, 3, 3, 3, 3, 3, 3, 3, 3, 3, 3, 3, 3, 3, 3, 3, 3, 3, 3, 3, 3, 3, 3, 3, 3, 3, 3, 3, 3, 3, 3, 3, 3, 3, 3, 3, 3, 3, 3, 3, 3, 3, 3, 3, 3, 3, 3, 3, 3, 3, 3, 3, 3, 3, 3, 3, 3, 3, 3, 3, 3, 3, 3, 3, 3, 3, 3, 3, 3, 3, 3, 3, 3, 3, 3, 3, 3, 3, 3, 3, 3, 3, 3, 3, 3, 3, 3, 3, 3, 3, 3, 3, 3, 3, 3, 3, 3, 3, 3, 3, 3, 3, 3, 3, 3, 3, 3, 3, 3, 3, 3, 3, 3, 3, 3, 3, 3, 3, 3, 3, 3, 3, 3, 3, 3, 3, 3, 3, 3, 3, 3, 3, 3, 3, 3, 3, 3, 3, 3, 3, 3, 3, 3, 3, 3, 3, 3, 3, 3, 3, 3, 3, 3, 3, 3, 3, 3, 3, 3, 3, 3, 3, 3, 3, 3, 3, 3, 3, 3, 3, 3, 3, 3, 3, 3, 3, 3, 3, 3, 3, 3, 3, 3, 3, 3, 3, 3, 3, 3, 3, 3, 3, 3, 3, 3, 3, 3, 3, 3, 3, 3, 3, 3, 3, 3, 3, 3, 3, 3, 3, 3, 3, 3, 3, 3, 3, 3, 3, 3, 3, 3, 3, 3, 3, 3, 3, 3, 3, 3, 3, 3, 3, 3, 3, 3, 3, 3, 3, 3, 3, 3, 3, 3, 3, 3, 3, 3, 3, 3, 3, 3, 3, 3, 3, 3, 3, 3, 3, 3, 3, 3, 3, 3, 3, 3, 3, 3, 3, 3, 3, 3, 3, 3, 3, 3, 3, 3, 3, 3, 3, 3, 3, 3, 3, 3, 3, 3, 3, 3, 3, 3, 3, 3, 3, 3, 3, 3, 3, 3, 3, 3, 3, 3, 3, 3, 3, 3, 3, 3, 3, 3, 3, 3, 3, 3, 3, 3, 3, 3, 3, 3, 3, 3, 3, 3, 3, 3, 3, 3, 3, 3, 3, 3, 3, 3, 3, 3, 3, 3, 3, 3, 3, 3, 3, 3, 3, 3, 3, 3, 3, 3, 3, 3, 3, 3, 3, 3, 3, 3, 3, 3, 3, 3, 3, 3, 3, 3, 3, 3, 3, 3, 3, 3, 3, 3, 3, 3, 3, 3, 3, 3, 3, 3, 3, 3, 3, 3, 3, 3, 3, 3, 3, 3, 3, 3, 3, 3, 3, 3, 3, 3, 3, 3, 3, 3, 3, 3, 3, 3, 3, 3, 3, 3, 3, 3, 3, 3, 3, 3, 3, 3, 3, 3, 3, 3, 3, 3, 3, 3, 3, 3, 3, 3, 3, 3, 3, 3, 3, 3, 3, 3, 3, 3, 3, 3, 3, 3, 3, 3, 3, 3, 3, 3, 3, 3, 3, 3, 3, 3, 3, 3, 3, 3, 3, 3, 3, 3, 3, 3, 3, 3, 3, 3, 3, 3, 3, 3, 3, 3, 3, 3, 3, 3, 3, 3, 3, 3, 3, 3, 3, 3, 3, 3, 3, 3, 3, 3, 3, 3, 3, 3, 3, 3, 3, 3, 3, 3, 3, 3, 3, 3, 3, 3, 3, 3, 3, 3, 3, 3, 3, 3, 3, 3, 3, 3, 3, 3, 3, 3, 3, 3, 3, 3, 3, 3, 3, 3, 3, 3, 3, 3, 3, 3, 3, 3, 3, 3, 3, 3, 3, 3, 3, 3, 3, 3, 3, 3, 3, 3, 3, 3, 3, 3, 3, 3, 3, 3, 3, 3, 3, 3, 3, 3, 3, 3, 3, 3, 3, 3, 3, 3, 3, 3, 3, 3, 3, 3, 3, 3, 3, 3, 3, 3, 3, 3, 3, 3, 3, 3, 3, 3, 3, 3, 3, 3, 3, 3, 3, 3, 3, 3, 3, 3, 3, 3, 3, 3, 3, 3, 3, 3, 3, 3, 3, 3, 3, 3, 3, 3, 3, 3, 3, 3, 3, 3, 3, 3, 3, 3, 3, 3, 3, 3, 3, 3, 3, 3, 3, 3, 3, 3, 3, 3, 3, 3, 3, 3, 3, 3, 3, 3, 3, 3, 3, 3, 3, 3, 3, 3, 3, 3, 3, 3, 3, 3, 3, 3, 3, 3, 3, 3, 3, 3, 3, 3, 3, 3, 3, 3, 3, 3, 3, 3, 3, 3, 3, 3, 3, 3, 3, 3, 3, 3, 3, 3, 3, 3, 3, 3, 3, 3, 3, 3, 3, 3, 3, 3, 3, 3, 3, 3, 3, 3, 3, 3, 3, 3, 3, 3, 3, 3, 3, 3, 3, 3, 3, 3, 3, 3, 3, 3, 3, 3, 3, 3, 3, 3, 3, 3, 3, 3, 3, 3, 3, 3, 3, 3, 3, 3, 3, 3, 3, 3, 3, 3, 3, 3, 3, 3, 3, 3, 3, 3, 3, 3, 3, 3, 3, 3, 3, 3, 3, 3, 3, 3, 3, 3, 3, 3, 3, 3, 3, 3, 3, 3, 3, 3, 3, 3, 3, 3, 3, 3, 3, 3, 3, 3, 3, 3, 3, 3, 3, 3, 3, 3, 3, 3, 3, 3, 3, 3, 3, 3, 3, 3, 3, 3, 3, 3, 3, 3, 3, 3, 3, 3, 3, 3, 3, 3, 3, 3, 3, 3, 3, 3, 3, 3, 3, 3, 3, 3, 3, 3, 3, 3, 3, 3, 3, 3, 3, 3, 3, 3, 3, 3, 3, 3, 3, 3, 3, 3, 3, 3, 3, 3, 3, 3, 3, 3, 3, 3, 3, 3, 3, 3, 3, 3, 3, 3, 3, 3, 3, 3, 3, 3, 3, 3, 3, 3, 3, 3, 3, 3, 3, 3, 3, 3, 3, 3, 3, 3, 3, 3, 3, 3, 3, 3, 3, 3, 3, 3, 3, 3, 3, 3, 3, 3, 3, 3, 3, 3, 3, 3, 3, 3, 3, 3, 3, 3, 3, 3, 3, 3, 3, 3, 3, 3, 3, 3, 3, 3, 3, 3, 3, 3, 3, 3, 3, 3, 3, 3, 3, 3, 3, 3, 3, 3, 3, 3, 3, 3, 3, 3, 3, 3, 3, 3, 3, 3, 3, 3, 3, 3, 3, 3, 3, 3, 3, 3, 3, 3, 3, 3, 3, 3, 3, 3, 3, 3, 3, 3, 3, 3, 3, 3, 3, 3, 3, 3, 3, 3, 3, 3, 3, 3, 3, 3, 3, 3, 3, 3, 3, 3, 3, 3, 3, 3, 3, 3, 3, 3, 3, 3, 3, 3, 3, 3, 3, 3, 3, 3, 3, 3, 3, 3, 3, 3, 3, 3, 3, 3, 3, 3, 3, 3, 3, 3, 3, 3, 3, 3, 3, 3, 3, 3, 3, 3, 3, 3, 3, 3, 3, 3, 3, 3, 3, 3, 3, 3, 3, 3, 3, 3, 3, 3, 3, 3, 3, 3, 3, 3, 3, 3, 3, 3, 3, 3, 3, 3, 3, 3, 3, 3, 3, 3, 3, 3, 3, 3, 3, 3, 3, 3, 3, 3, 3, 3, 3, 3, 3, 3, 3, 3, 3, 3, 3, 3, 3, 3, 3, 3, 3, 3, 3, 3, 3, 3, 3, 3, 3, 3, 3, 3, 3, 3, 3, 3, 3, 3, 3, 3, 3, 3, 3, 3, 3, 3, 3, 3, 3, 3, 3, 3, 3, 3, 3, 3, 3, 3, 3, 3, 3, 3, 3, 3, 3, 3, 3, 3, 3, 3, 3, 3, 3, 3, 3, 3, 3, 3, 3, 3, 3, 3, 3, 3, 3, 3, 3, 3, 3, 3, 3, 3, 3, 3, 3, 3, 3, 3, 3, 3, 3, 3, 3, 3, 3, 3, 3, 3, 3, 3, 3, 3, 3, 3, 3, 3, 3, 3, 3, 3, 3, 3, 3, 3, 3, 3, 3, 3, 3, 3, 3, 3, 3, 3, 3, 3, 3, 3, 3, 3, 3, 3, 3, 3, 3, 3, 3, 3, 3, 3, 3, 3, 3, 3, 3, 3, 3, 3, 3, 3, 3, 3, 3, 3, 3, 3, 3, 3, 3, 3, 3, 3, 3, 3, 3, 3, 3, 3, 3, 3, 3, 3, 3, 3, 3, 3, 3, 3, 3, 3, 3, 3, 3, 3, 3, 3, 3, 3, 3, 3, 3, 3, 3, 3, 3, 3, 3, 3, 3, 3, 3, 3, 3, 3, 3, 3, 3, 3, 3, 3, 3, 3, 3, 3, 3, 3, 3, 3, 3, 3, 3, 3, 3, 3, 3, 3, 3, 3, 3, 3, 3, 3, 3, 3, 3, 3, 3, 3, 3, 3, 3, 3, 3, 3, 3, 3, 3, 3, 3, 3, 3, 3, 3, 3, 3, 3, 3, 3, 3, 3, 3, 3, 3, 3, 3, 3, 3, 3, 3, 3, 3, 3, 3, 3, 3, 3, 3, 3, 3, 3, 3, 3, 3, 3, 3, 3, 3, 3, 3, 3, 3, 3, 3, 3, 3, 3, 3, 3, 3, 3, 3, 3, 3, 3, 3, 3, 3, 3, 3, 3, 3, 3, 3, 3, 3, 3, 3, 3, 3, 3, 3, 3, 3, 3, 3, 3, 3, 3, 3, 3, 3, 3, 3, 3, 3, 3, 3, 3, 3, 3, 3, 3, 3, 3, 3, 3, 3, 3, 3, 3, 3, 3, 3, 3, 3, 3, 3, 3, 3, 3, 3, 3, 3, 3, 3, 3, 3, 3, 3, 3, 3, 3, 3, 3, 3, 3, 3, 3, 3, 3, 3, 3, 3, 3, 3, 3, 3, 3, 3, 3, 3, 3, 3, 3, 3, 3, 3, 3, 3, 3, 3, 3, 3, 3, 3, 3, 3, 3, 3, 3, 3, 3, 3, 3, 3, 3, 3, 3, 3, 3, 3, 3, 3, 3, 3, 3, 3, 3, 3, 3, 3, 3, 3, 3, 3, 3, 3, 3, 3, 3, 3, 3, 3, 3, 3, 3, 3, 3, 3, 3, 3, 3, 3, 3, 3, 3, 3, 3, 3, 3, 3, 3, 3, 3, 3, 3, 3, 3, 3, 3, 3, 3, 3, 3, 3, 3, 3, 3, 3, 3, 3, 3, 3, 3, 3, 3, 3, 3, 3, 3, 3, 3, 3, 3, 3, 3, 3, 3, 3, 3, 3, 3, 3, 3, 3, 3, 3, 3, 3, 3, 3, 3, 3, 3, 3, 3, 3, 3, 3, 3, 3, 3, 3, 3, 3, 3, 3, 3, 3, 3, 3, 3, 3, 3, 3, 3, 3, 3, 3, 3, 3, 3, 3, 3, 3, 3, 3, 3, 3, 3, 3, 3, 3, 3, 3, 3, 3, 3, 3, 3, 3, 3, 3, 3, 3, 3, 3, 3, 3, 3, 3, 3, 3, 3, 3, 3, 3, 3, 3, 3, 3, 3, 3, 3, 3, 3, 3, 3, 3, 3, 3, 3, 3, 3, 3, 3, 3, 3, 3, 3, 3, 3, 3, 3, 3, 3, 3, 3, 3, 3, 3, 3, 3, 3, 3, 3, 3, 3, 3, 3, 3, 3, 3, 3, 3, 3, 3, 3, 3, 3, 3, 3, 3, 3, 3, 3, 3, 3, 3, 3, 3, 3, 3, 3, 3, 3, 3, 3, 3, 3, 3, 3, 3, 3, 3, 3, 3, 3, 3, 3, 3, 3, 3, 3, 3, 3, 3, 3, 3, 3, 3, 3, 3, 3, 3, 3, 3, 3, 3, 3, 3, 3, 3, 3, 3, 3, 3, 3, 3, 3, 3, 3, 3, 3, 3, 3, 3, 3, 3, 3, 3, 3, 3, 3, 3, 3, 3, 3, 3, 3, 3, 3, 3, 3, 3, 3, 3, 3, 3, 3, 3, 3, 3, 3, 3, 3, 3, 3, 3, 3, 3, 3, 3, 3, 3, 3, 3, 3, 3, 3, 3, 3, 3, 3, 3, 3, 3, 3, 3, 3, 3, 3, 3, 3, 3, 3, 3, 3, 3, 3, 3, 3, 3, 3, 3, 3, 3, 3, 3, 3, 3, 3, 3, 3, 3, 3, 3, 3, 3, 3, 3, 3, 3, 3, 3, 3, 3, 3, 3, 3, 3, 3, 3, 3, 3, 3, 3, 3, 3, 3, 3, 3, 3, 3, 3, 3, 3, 3, 3, 3, 3, 3, 3, 3, 3, 3, 3, 3, 3, 3, 3, 3, 3, 3, 3, 3, 3, 3, 3, 3, 3, 3, 3, 3, 3, 3, 3, 3, 3, 3, 3, 3, 3, 3, 3, 3, 3, 3, 3, 3, 3, 3, 3, 3, 3, 3, 3, 3, 3, 3, 3, 3, 3, 3, 3, 3, 3, 3, 3, 3, 3, 3, 3, 3, 3, 3, 3, 3, 3, 3, 3, 3, 3, 3, 3, 3, 3, 3, 3, 3, 3, 3, 3, 3, 3, 3, 3, 3, 3, 3, 3, 3, 3, 3, 3, 3, 3, 3, 3, 3, 3, 3, 3, 3, 3, 3, 3, 3, 3, 3, 3, 3, 3, 3, 3, 3, 3, 3, 3, 3, 3, 3, 3, 3, 3, 3, 3, 3, 3, 3, 3, 3, 3, 3, 3, 3, 3, 3, 3, 3, 3, 3, 3, 3, 3, 3, 3, 3, 3, 3, 3, 3, 3, 3, 3, 3, 3, 3, 3, 3, 3, 3, 3, 3, 3, 3, 3, 3, 3, 3, 3, 3, 3, 3, 3, 3, 3, 3, 3, 3, 3, 3, 3, 3, 3, 3, 3, 3, 3, 3, 3, 3, 3, 3, 3, 3, 3, 3, 3, 3, 3, 3, 3, 3, 3, 3, 3, 3, 3, 3, 3, 3, 3, 3, 3, 3, 3, 3, 3, 3, 3, 3, 3, 3, 3, 3, 3, 3, 3, 3, 3, 3, 3, 3, 3, 3, 3, 3, 3, 3, 3, 3, 3, 3, 3, 3, 3, 3, 3, 3, 3, 3, 3, 3, 3, 3, 3, 3, 3, 3, 3, 3, 3, 3, 3, 3, 3, 3, 3, 3, 3, 3, 3, 3, 3, 3, 3, 3, 3, 3, 3, 3, 3, 3, 3, 3, 3, 3, 3, 3, 3, 3, 3, 3, 3, 3, 3, 3, 3, 3, 3, 3, 3, 3, 3, 3, 3, 3, 3, 3, 3, 3, 3, 3, 3, 3, 3, 3, 3, 3, 3, 3, 3, 3, 3, 3, 3, 3, 3, 3, 3, 3, 3, 3, 3, 3, 3, 3, 3, 3, 3, 3, 3, 3, 3, 3, 3, 3, 3, 3, 3, 3, 3, 3, 3, 3, 3, 3, 3, 3, 3, 3, 3, 3, 3, 3, 3, 3, 3, 3, 3, 3, 3, 3, 3, 3, 3, 3, 3, 3, 3, 3, 3, 3, 3, 3, 3, 3, 3, 3, 3, 3, 3, 3, 3, 3, 3, 3, 3, 3, 3, 3, 3, 3, 3, 3, 3, 3, 3, 3, 3, 3, 3, 3, 3, 3, 3, 3, 3, 3, 3, 3, 3, 3, 3, 3, 3, 3, 3, 3, 3, 3, 3, 3, 3, 3, 3, 3, 3, 3, 3, 3, 3, 3, 3, 3, 3, 3, 3, 3, 3, 3, 3, 3, 3, 3, 3, 3, 3, 3, 3, 3, 3, 3, 3, 3, 3, 3, 3, 3, 3, 3, 3, 3, 3, 3, 3, 3, 3, 3, 3, 3, 3, 3, 3, 3, 3, 3, 3, 3, 3, 3, 3, 3, 3, 3, 3, 3, 3, 3, 3, 3, 3, 3, 3, 3, 3, 3, 3, 3, 3, 3, 3, 3, 3, 3, 3, 3, 3, 3, 3, 3, 3, 3, 3, 3, 3, 3, 3, 3, 3, 3, 3, 3, 3, 3, 3, 3, 3, 3, 3, 3, 3, 3, 3, 3, 3, 3, 3, 3, 3, 3, 3, 3, 3, 3, 3, 3, 3, 3, 3, 3, 3, 3, 3, 3, 3, 3, 3, 3, 3, 3, 3, 3, 3, 3, 3, 3, 3, 3, 3, 3, 3, 3, 3, 3, 3, 3, 3, 3, 3, 3, 3, 3, 3, 3, 3, 3, 3, 3, 3, 3, 3, 3, 3, 3, 3, 3, 3, 3, 3, 3, 3, 3, 3, 3, 3, 3, 3, 3, 3, 3, 3, 3, 3, 3, 3, 3, 3, 3, 3, 3, 3, 3, 3, 3, 3, 3, 3, 3, 3, 3, 3, 3, 3, 3, 3, 3, 3, 3, 3, 3, 3, 3, 3, 3, 3, 3, 3, 3, 3, 3, 3, 3, 3, 3, 3, 3, 3, 3, 3, 3, 3, 3, 3, 3, 3, 3, 3, 3, 3, 3, 3, 3, 3, 3, 3, 3, 3, 3, 3, 3, 3, 3, 3, 3, 3, 3, 3, 3, 3, 3, 3, 3, 3, 3, 3, 3, 3, 3, 3, 3, 3, 3, 3, 3, 3, 3, 3, 3, 3, 3, 3, 3, 3, 3, 3, 3, 3, 3, 3, 3, 3, 3, 3, 3, 3, 3, 3, 3, 3, 3, 3, 3, 3, 3, 3, 3, 3, 3, 3, 3, 3, 3, 3, 3, 3, 3, 3, 3, 3, 3, 3, 3, 3, 3, 3, 3, 3, 3, 3, 3, 3, 3, 3, 3, 3, 3, 3, 3, 3, 3, 3, 3, 3, 3, 3, 3, 3, 3, 3, 3, 3, 3, 3, 3, 3, 3, 3, 3, 3, 3, 3, 3, 3, 3, 3, 3, 3, 3, 3, 3, 3, 3, 3, 3, 3, 3, 3, 3, 3, 3, 3, 3, 3, 3, 3, 3, 3, 3, 3, 3, 3, 3, 3, 3, 3, 3, 3, 3, 3, 3, 3, 3, 3, 3, 3, 3, 3, 3, 3, 3, 3, 3, 3, 3, 3, 3, 3, 3, 3, 3, 3, 3, 3, 3, 3, 3, 3, 3, 3, 3, 3, 3, 3, 3, 3, 3, 3, 3, 3, 3, 3, 3, 3, 3, 3, 3, 3, 3, 3, 3, 3, 3, 3, 3, 3, 3, 3, 3, 3, 3, 3, 3, 3, 3, 3, 3, 3, 3, 3, 3, 3, 3, 3, 3, 3, 3, 3, 3, 3, 3, 3, 3, 3, 3, 3, 3, 3, 3, 3, 3, 3, 3, 3, 3, 3, 3, 3, 3, 3, 3, 3, 3, 3, 3, 3, 3, 3, 3, 3, 3, 3, 3, 3, 3, 3, 3, 3, 3, 3, 3, 3, 3, 3, 3, 3, 3, 3, 3, 3, 3, 3, 3, 3, 3, 3, 3, 3, 3, 3, 3, 3, 3, 3, 3, 3, 3, 3, 3, 3, 3, 3, 3, 3, 3, 3, 3, 3, 3, 3, 3, 3, 3, 3, 3, 3, 3, 3, 3, 3, 3, 3, 3, 3, 3, 3, 3, 3, 3, 3, 3, 3, 3, 3, 3, 3, 3, 3, 3, 3, 3, 3, 3, 3, 3, 3, 3, 3, 3, 3, 3, 3, 3, 3, 3, 3, 3, 3, 3, 3, 3, 3, 3, 3, 3, 3, 3, 3, 3, 3, 3, 3, 3, 3, 3, 3, 3, 3, 3, 3, 3, 3, 3, 3, 3, 3, 3, 3, 3, 3, 3, 3, 3, 3, 3, 3, 3, 3, 3, 3, 3, 3, 3, 3, 3, 3, 3, 3, 3, 3, 3, 3, 3, 3, 3, 3, 3, 3, 3, 3, 3, 3, 3, 3, 3, 3, 3, 3, 3, 3, 3, 3, 3, 3, 3, 3, 3, 3, 3, 3, 3, 3, 3, 3, 3, 3, 3, 3, 3, 3, 3, 3, 3, 3, 3, 3, 3, 3, 3, 3, 3, 3, 3, 3, 3, 3, 3, 3, 3, 3, 3, 3, 3, 3, 3, 3, 3, 3, 3, 3, 3, 3, 3, 3, 3, 3, 3, 3, 3, 3, 3, 3, 3, 3, 3, 3, 3, 3, 3, 3, 3, 3, 3, 3, 3, 3, 3, 3, 3, 3, 3, 3, 3, 3, 3, 3, 3, 3, 3, 3, 3, 3, 3, 3, 3, 3, 3, 3, 3, 3, 3, 3, 3, 3, 3, 3, 3, 3, 3, 3, 3, 3, 3, 3, 3, 3, 3, 3, 3, 3, 3, 3, 3, 3, 3, 3, 3, 3, 3, 3, 3, 3, 3, 3, 3, 3, 3, 3, 3, 3, 3, 3, 3, 3, 3, 3, 3, 3, 3, 3, 3, 3, 3, 3, 3, 3, 3, 3, 3, 3, 3, 3, 3, 3, 3, 3, 3, 3, 3, 3, 3, 3, 3, 3, 3, 3, 3, 3, 3, 3, 3, 3, 3, 3, 3, 3, 3, 3, 3, 3, 3, 3, 3, 3, 3, 3, 3, 3, 3, 3, 3, 3, 3, 3, 3, 3, 3, 3, 3, 3, 3, 3, 3, 3, 3, 3, 3, 3, 3, 3, 3, 3, 3, 3, 3, 3, 3, 3, 3, 3, 3, 3, 3, 3, 3, 3, 3, 3, 3, 3, 3, 3, 3, 3, 3, 3, 3, 3, 3, 3, 3, 3, 3, 3, 3, 3, 3, 3, 3, 3, 3, 3, 3, 3, 3, 3, 3, 3, 3, 3, 3, 3, 3, 3, 3, 3, 3, 3, 3, 3, 3, 3, 3, 3, 3, 3, 3, 3, 3, 3, 3, 3, 3, 3, 3, 3, 3, 3, 3, 3, 3, 3, 3, 3, 3, 3, 3, 3, 3, 3, 3, 3, 3, 3, 3, 3, 3, 3, 3, 3, 3, 3, 3, 3, 3, 3, 3, 3, 3, 3, 3, 3, 3, 3, 3, 3, 3, 3, 3, 3, 3, 3, 3, 3, 3, 3, 3, 3, 3, 3, 3, 3, 3, 3, 3, 3, 3, 3, 3, 3, 3, 3, 3, 3, 3, 3, 3, 3, 3, 3, 3, 3, 3, 3, 3, 3, 3, 3, 3, 3, 3, 3, 3, 3, 3, 3, 3, 3, 3, 3, 3, 3, 3, 3, 3, 3, 3, 3, 3, 3, 3, 3, 3, 3, 3, 3, 3, 3, 3, 3, 3, 3, 3, 3, 3, 3, 3, 3, 3, 3, 3, 3, 3, 3, 3, 3, 3, 3, 3, 3, 3, 3, 3, 3, 3, 3, 3, 3, 3, 3, 3, 3, 3, 3, 3, 3, 3, 3, 3, 3, 3, 3, 3, 3, 3, 3, 3, 3, 3, 3, 3, 3, 3, 3, 3, 3, 3, 3, 3, 3, 3, 3, 3, 3, 3, 3, 3, 3, 3, 3, 3, 3, 3, 3, 3, 3, 3, 3, 3, 3, 3, 3, 3, 3, 3, 3, 3, 3, 3, 3, 3, 3, 3, 3, 3, 3, 3, 3, 3, 3, 3, 3, 3, 3, 3, 3, 3, 3, 3, 3, 3, 3, 3, 3, 3, 3, 3, 3, 3, 3, 3, 3, 3, 3, 3, 3, 3, 3, 3, 3, 3, 3, 3, 3, 3, 3, 3, 3, 3, 3, 3, 3, 3, 3, 3, 3, 3, 3, 3, 3, 3, 3, 3, 3, 3, 3, 3, 3, 3, 3, 3, 3, 3, 3, 3, 3, 3, 3, 3, 3, 3, 3, 3, 3, 3, 3, 3, 3, 3, 3, 3, 3, 3, 3, 3, 3, 3, 3, 3, 3, 3, 3, 3, 3, 3, 3, 3, 3, 3, 3, 3, 3, 3, 3, 3, 3, 3, 3, 3, 3, 3, 3, 3, 3, 3, 3, 3, 3, 3, 3, 3, 3, 3, 3, 3, 3, 3, 3, 3, 3, 3, 3, 3, 3, 3, 3, 3, 3, 3, 3, 3, 3, 3, 3, 3, 3, 3, 3, 3, 3, 3, 3, 3, 3, 3, 3, 3, 3, 3, 3, 3, 3, 3, 3, 3, 3, 3, 3, 3, 3, 3, 3, 3, 3, 3, 3, 3, 3, 3, 3, 3, 3, 3, 3, 3, 3, 3, 3, 3, 3, 3, 3, 3, 3, 3, 3, 3, 3, 3, 3, 3, 3, 3, 3, 3, 3, 3, 3, 3, 3, 3, 3, 3, 3, 3, 3, 3, 3, 3, 3, 3, 3, 3, 3, 3, 3, 3, 3, 3, 3, 3, 3, 3, 3, 3, 3, 3, 3, 3, 3, 3, 3, 3, 3, 3, 3, 3, 3, 3, 3, 3, 3, 3, 3, 3, 3, 3, 3, 3, 3, 3, 3, 3, 3, 3, 3, 3, 3, 3, 3, 3, 3, 3, 3, 3, 3, 3, 3, 3, 3, 3, 3, 3, 3, 3, 3, 3, 3, 3, 3, 3, 3, 3, 3, 3, 3, 3, 3, 3, 3, 3, 3, 3, 3, 3, 3, 3, 3, 3, 3, 3, 3, 3, 3, 3, 3, 3, 3, 3, 3, 3, 3, 3, 3, 3, 3, 3, 3, 3, 3, 3, 3, 3, 3, 3, 3, 3, 3, 3, 3, 3, 3, 3, 3, 3, 3, 3, 3, 3, 3, 3, 3, 3, 3, 3, 3, 3, 3, 3, 3, 3, 3, 3, 3, 3, 3, 3, 3, 3, 3, 3, 3, 3, 3, 3, 3, 3, 3, 3, 3, 3, 3, 3, 3, 3, 3, 3, 3, 3, 3, 3, 3, 3, 3, 3, 3, 3, 3, 3, 3, 3, 3, 3, 3, 3, 3, 3, 3, 3, 3, 3, 3, 3, 3, 3, 3, 3, 3, 3, 3, 3, 3, 3, 3, 3, 3, 3, 3, 3, 3, 3, 3, 3, 3, 3, 3, 3, 3, 3, 3, 3, 3, 3, 3, 3, 3, 3, 3, 3, 3, 3, 3, 3, 3, 3, 3, 3, 3, 3, 3, 3, 3, 3, 3, 3, 3, 3, 3, 3, 3, 3, 3, 3, 3, 3, 3, 3, 3, 3, 3, 3, 3, 3, 3, 3, 3, 3, 3, 3, 3, 3, 3, 3, 3, 3, 3, 3, 3, 3, 3, 3, 3, 3, 3, 3, 3, 3, 3, 3, 3, 3, 3, 3, 3, 3, 3, 3, 3, 3, 3, 3, 3, 3, 3, 3, 3, 3, 3, 3, 3, 3, 3, 3, 3, 3, 3, 3, 3, 3, 3, 3, 3, 3, 3, 3, 3, 3, 3, 3, 3, 3, 3, 3, 3, 3, 3, 3, 3, 3, 3, 3, 3, 3, 3, 3, 3, 3, 3, 3, 3, 3, 3, 3, 3, 3, 3, 3, 3, 3, 3, 3, 3, 3, 3, 3, 3, 3, 3, 3, 3, 3, 3, 3, 3, 3, 3, 3, 3, 3, 3, 3, 3, 3, 3, 3, 3, 3, 3, 3, 3, 3, 3, 3, 3, 3, 3, 3, 3, 3, 3, 3, 3, 3, 3, 3, 3, 3, 3, 3, 3, 3, 3, 3, 3, 3, 3, 3, 3, 3, 3, 3, 3, 3, 3, 3, 3, 3, 3, 3, 3, 3, 3, 3, 3, 3, 3, 3, 3, 3, 3, 3, 3, 3, 3, 3, 3, 3, 3, 3, 3, 3, 3, 3, 3, 3, 3, 3, 3, 3, 3, 3, 3, 3, 3, 3, 3, 3, 3, 3, 3, 3, 3, 3, 3, 3, 3, 3, 3, 3, 3, 3, 3, 3, 3, 3, 3, 3, 3, 3, 3, 3, 3, 3, 3, 3, 3, 3, 3, 3, 3, 3, 3, 3, 3, 3, 3, 3, 3, 3, 3, 3, 3, 3, 3, 3, 3, 3, 3, 3, 3, 3, 3, 3, 3, 3, 3, 3, 3, 3, 3, 3, 3, 3, 3, 3, 3, 3, 3, 3, 3, 3, 3, 3, 3, 3, 3, 3, 3, 3, 3, 3, 3, 3, 3, 3, 3, 3, 3, 3, 3, 3, 3, 3, 3, 3, 3, 3, 3, 3, 3, 3, 3, 3, 3, 3, 3, 3, 3, 3, 3, 3, 3, 3, 3, 3, 3, 3, 3, 3, 3, 3, 3, 3, 3, 3, 3, 3, 3, 3, 3, 3, 3, 3, 3, 3, 3, 3, 3, 3, 3, 3, 3, 3, 3, 3, 3, 3, 3, 3, 3, 3, 3, 3, 3, 3, 3, 3, 3, 3, 3, 3, 3, 3, 3, 3, 3, 3, 3, 3, 3, 3, 3, 3, 3, 3, 3, 3, 3, 3, 3, 3, 3, 3, 3, 3, 3, 3, 3, 3, 3, 3, 3, 3, 3, 3, 3, 3, 3, 3, 3, 3, 3, 3, 3, 3, 3, 3, 3, 3, 3, 3, 3, 3, 3, 3, 3, 3, 3, 3, 3, 3, 3, 3, 3, 3, 3, 3, 3, 3, 3, 3, 3, 3, 3, 3, 3, 3, 3, 3, 3, 3, 3, 3, 3, 3, 3, 3, 3, 3, 3, 3, 3, 3, 3, 3, 3, 3, 3, 3, 3, 3, 3, 3, 3, 3, 3, 3, 3, 3, 3, 3, 3, 3, 3, 3, 3, 3, 3, 3, 3, 3, 3, 3, 3, 3, 3, 3, 3, 3, 3, 3, 3, 3, 3, 3, 3, 3, 3, 3, 3, 3, 3, 3, 3, 3, 3, 3, 3, 3, 3, 3, 3, 3, 3, 3, 3, 3, 3, 3, 3, 3, 3, 3, 3, 3, 3, 3, 3, 3, 3, 3, 3, 3, 3, 3, 3, 3, 3, 3, 3, 3, 3, 3, 3, 3, 3, 3, 3, 3, 3, 3, 3, 3, 3, 3, 3, 3, 3, 3, 3, 3, 3, 3, 3, 3, 3, 3, 3, 3, 3, 3, 3, 3, 3, 3, 3, 3, 3, 3, 3, 3, 3, 3, 3, 3, 3, 3, 3, 3, 3, 3, 3, 3, 3, 3, 3, 3, 3, 3, 3, 3, 3, 3, 3, 3, 3, 3, 3, 3, 3, 3, 3, 3, 3, 3, 3, 3, 3, 3, 3, 3, 3, 3, 3, 3, 3, 3, 3, 3, 3, 3, 3, 3, 3, 3, 3, 3, 3, 3, 3, 3, 3, 3, 3, 3, 3, 3, 3, 3, 3, 3, 3, 3, 3, 3, 3, 3, 3, 3, 3, 3, 3, 3, 3, 3, 3, 3, 3, 3, 3, 3, 3, 3, 3, 3, 3, 3, 3, 3, 3, 3, 3, 3, 3, 3, 3, 3, 3, 3, 3, 3, 3, 3, 3, 3, 3, 3, 3, 3, 3, 3, 3, 3, 3, 3, 3, 3, 3, 3, 3, 3, 3, 3, 3, 3, 3, 3, 3, 3, 3, 3, 3, 3, 3, 3, 3, 3, 3, 3, 3, 3, 3, 3, 3, 3, 3, 3, 3, 3, 3, 3, 3, 3, 3, 3, 3, 3, 3, 3, 3, 3, 3, 3, 3, 3, 3, 3, 3, 3, 3, 3, 3, 3, 3, 3, 3, 3, 3, 3, 3, 3, 3, 3, 3, 3, 3, 3, 3, 3, 3, 3, 3, 3, 3, 3, 3, 3, 3, 3, 3, 3, 3, 3, 3, 3, 3, 3, 3, 3, 3, 3, 3, 3, 3, 3, 3, 3, 3, 3, 3, 3, 3, 3, 3, 3, 3, 3, 3, 3, 3, 3, 3, 3, 3, 3, 3, 3, 3, 3, 3, 3, 3, 3, 3, 3, 3, 3, 3, 3, 3, 3, 3, 3, 3, 3, 3, 3, 3, 3, 3, 3, 3, 3, 3, 3, 3, 3, 3, 3, 3, 3, 3, 3, 3, 3, 3, 3, 3, 3, 3, 3, 3, 3, 3, 3, 3, 3, 3, 3, 3, 3, 3, 3, 3, 3, 3, 3, 3, 3, 3, 3, 3, 3, 3, 3, 3, 3, 3, 3, 3, 3, 3, 3, 3, 3, 3, 3, 3, 3, 3, 3, 3, 3, 3, 3, 3, 3, 3, 3, 3, 3, 3, 3, 3, 3, 3, 3, 3, 3, 3, 3, 3, 3, 3, 3, 3, 3, 3, 3, 3, 3, 3, 3, 3, 3, 3, 3, 3, 3, 3, 3, 3, 3, 3, 3, 3, 3, 3, 3, 3, 3, 3, 3, 3, 3, 3, 3, 3, 3, 3, 3, 3, 3, 3, 3, 3, 3, 3, 3, 3, 3, 3, 3, 3, 3, 3, 3, 3, 3, 3, 3, 3, 3, 3, 3, 3, 3, 3, 3, 3, 3, 3, 3, 3, 3, 3, 3, 3, 3, 3, 3, 3, 3, 3, 3, 3, 3, 3, 3, 3, 3, 3, 3, 3, 3, 3, 3, 3, 3, 3, 3, 3, 3, 3, 3, 3, 3, 3, 3, 3, 3, 3, 3, 3, 3, 3, 3, 3, 3, 3, 3, 3, 3, 3, 3, 3, 3, 3, 3, 3, 3, 3, 3, 3, 3, 3, 3, 3, 3, 3, 3, 3, 3, 3, 3, 3, 3, 3, 3, 3, 3, 3, 3, 3, 3, 3, 3, 3, 3, 3, 3, 3, 3, 3, 3, 3, 3, 3, 3, 3, 3, 3, 3, 3, 3, 3, 3, 3, 3, 3, 3, 3, 3, 3, 3, 3, 3, 3, 3, 3, 3, 3, 3, 3, 3, 3, 3, 3, 3, 3, 3, 3, 3, 3, 3, 3, 3, 3, 3, 3, 3, 3, 3, 3, 3, 3, 3, 3, 3, 3, 3, 3, 3, 3, 3, 3, 3, 3, 3, 3, 3, 3, 3, 3, 3, 3, 3, 3, 3, 3, 3, 3, 3, 3, 3, 3, 3, 3, 3, 3, 3, 3, 3, 3, 3, 3, 3, 3, 3, 3, 3, 3, 3, 3, 3, 3, 3, 3, 3, 3, 3, 3, 3, 3, 3, 3, 3, 3, 3, 3, 3, 3, 3, 3, 3, 3, 3, 3, 3, 3, 3, 3, 3, 3, 3, 3, 3, 3, 3, 3, 3, 3, 3, 3, 3, 3, 3, 3, 3, 3, 3, 3, 3, 3, 3, 3, 3, 3, 3, 3, 3, 3, 3, 3, 3, 3, 3, 3, 3, 3, 3, 3, 3, 3, 3, 3, 3, 3, 3, 3, 3, 3, 3, 3, 3, 3, 3, 3, 3, 3, 3, 3, 3, 3, 3, 3, 3, 3, 3, 3, 3, 3, 3, 3, 3, 3, 3, 3, 3, 3, 3, 3, 3, 3, 3, 3, 3, 3, 3, 3, 3, 3, 3, 3, 3, 3, 3, 3, 3, 3, 3, 3, 3, 3, 3, 3, 3, 3, 3, 3, 3, 3, 3, 3, 3, 3, 3, 3, 3, 3, 3, 3, 3, 3, 3, 3, 3, 3, 3, 3, 3, 3, 3, 3, 3, 3, 3, 3, 3, 3, 3, 3, 3, 3, 3, 3, 3, 3, 3, 3, 3, 3, 3, 3, 3, 3, 3, 3, 3, 3, 3, 3, 3, 3, 3, 3, 3, 3, 3, 3, 3, 3, 3, 3, 3, 3, 3, 3, 3, 3, 3, 3, 3, 3, 3, 3, 3, 3, 3, 3, 3, 3, 3, 3, 3, 3, 3, 3, 3, 3, 3, 3, 3, 3, 3, 3, 3, 3, 3, 3, 3, 3, 3, 3, 3, 3, 3, 3, 3, 3, 3, 3, 3, 3, 3, 3, 3, 3, 3, 3, 3, 3, 3, 3, 3, 3, 3, 3, 3, 3, 3, 3, 3, 3, 3, 3, 3, 3, 3, 3, 3, 3, 3, 3, 3, 3, 3, 3, 3, 3, 3, 3, 3, 3, 3, 3, 3, 3, 3, 3, 3, 3, 3, 3, 3, 3, 3, 3, 3, 3, 3, 3, 3, 3, 3, 3, 3, 3, 3, 3, 3, 3, 3, 3, 3, 3, 3, 3, 3, 3, 3, 3, 3, 3, 3, 3, 3, 3, 3, 3, 3, 3, 3, 3, 3, 3, 3, 3, 3, 3, 3, 3, 3, 3, 3, 3, 3, 3, 3, 3, 3, 3, 3, 3, 3, 3, 3, 3, 3, 3, 3, 3, 3, 3, 3, 3, 3, 3, 3, 3, 3, 3, 3, 3, 3, 3, 3, 3, 3, 3, 3, 3, 3, 3, 3, 3, 3, 3, 3, 3, 3, 3, 3, 3, 3, 3, 3, 3, 3, 3, 3, 3, 3, 3, 3, 3, 3, 3, 3, 3, 3, 3, 3, 3, 3, 3, 3, 3, 3, 3, 3, 3, 3, 3, 3, 3, 3, 3, 3, 3, 3, 3, 3, 3, 3, 3, 3, 3, 3, 3, 3, 3, 3, 3, 3, 3, 3, 3, 3, 3, 3, 3, 3, 3, 3, 3, 3, 3, 3, 3, 3, 3, 3, 3, 3, 3, 3, 3, 3, 3, 3, 3, 3, 3, 3, 3, 3, 3, 3, 3, 3, 3, 3, 3, 3, 3, 3, 3, 3, 3, 3, 3, 3, 3, 3, 3, 3, 3, 3, 3, 3, 3, 3, 3, 3, 3, 3, 3, 3, 3, 3, 3, 3, 3, 3, 3, 3, 3, 3, 3, 3, 3, 3, 3, 3, 3, 3, 3, 3, 3, 3, 3, 3, 3, 3, 3, 3, 3, 3, 3, 3, 3, 3, 3, 3, 3, 3, 3, 3, 3, 3, 3, 3, 3, 3, 3, 3, 3, 3, 3, 3, 3, 3, 3, 3, 3, 3, 3, 3, 3, 3, 3, 3, 3, 3, 3, 3, 3, 3, 3, 3, 3, 3, 3, 3, 3, 3, 3, 3, 3, 3, 3, 3, 3, 3, 3, 3, 3, 3, 3, 3, 3, 3, 3, 3, 3, 3, 3, 3, 3, 3, 3, 3, 3, 3, 3, 3, 3, 3, 3, 3, 3, 3, 3, 3, 3, 3, 3, 3, 3, 3, 3, 3, 3, 3, 3, 3, 3, 3, 3, 3, 3, 3, 3, 3, 3, 3, 3, 3, 3, 3, 3, 3, 3, 3, 3, 3, 3, 3, 3, 3, 3, 3, 3, 3, 3, 3, 3, 3, 3, 3, 3, 3, 3, 3, 3, 3, 3, 3, 3, 3, 3, 3, 3, 3, 3, 3, 3, 3, 3, 3, 3, 3, 3, 3, 3, 3, 3, 3, 3, 3, 3, 3, 3, 3, 3, 3, 3, 3, 3, 3, 3, 3, 3, 3, 3, 3, 3, 3, 3, 3, 3, 3, 3, 3, 3, 3, 3, 3, 3, 3, 3, 3, 3, 3, 3, 3, 3, 3, 3, 3, 3, 3, 3, 3, 3, 3, 3, 3, 3, 3, 3, 3, 3, 3, 3, 3, 3, 3, 3, 3, 3, 3, 3, 3, 3, 3, 3, 3, 3, 3, 3, 3, 3, 3, 3, 3, 3, 3, 3, 3, 3, 3, 3, 3, 3, 3, 3, 3, 3, 3, 3, 3, 3, 3, 3, 3, 3, 3, 3, 3, 3, 3, 3, 3, 3, 3, 3, 3, 3, 3, 3, 3, 3, 3, 3, 3, 3, 3, 3, 3, 3, 3, 3, 3, 3, 3, 3, 3, 3, 3, 3, 3, 3, 3, 3, 3, 3, 3, 3, 3, 3, 3, 3, 3, 3, 3, 3, 3, 3, 3, 3, 3, 3, 3, 3, 3, 3, 3, 3, 3, 3, 3, 3, 3, 3, 3, 3, 3, 3, 3, 3, 3, 3, 3, 3, 3, 3, 3, 3, 3, 3, 3, 3, 3, 3, 3, 3, 3, 3, 3, 3, 3, 3, 3, 3, 3, 3, 3, 3, 3, 3, 3, 3, 3, 3, 3, 3, 3, 3, 3, 3, 3, 3, 3, 3, 3, 3, 3, 3, 3, 3, 3, 3, 3, 3, 3, 3, 3, 3, 3, 3, 3, 3, 3, 3, 3, 3, 3, 3, 3, 3, 3, 3, 3, 3, 3, 3, 3, 3, 3, 3, 3, 3, 3, 3, 3, 3, 3, 3, 3, 3, 3, 3, 3, 3, 3, 3, 3, 3, 3, 3, 3, 3, 3, 3, 3, 3, 3, 3, 3, 3, 3, 3, 3, 3, 3, 3, 3, 3, 3, 3, 3, 3, 3, 3, 3, 3, 3, 3, 3, 3, 3, 3, 3, 3, 3, 3, 3, 3, 3, 3, 3, 3, 3, 3, 3, 3, 3, 3, 3, 3, 3, 3, 3, 3, 3, 3, 3, 3, 3, 3, 3, 3, 3, 3, 3, 3, 3, 3, 3, 3, 3, 3, 3, 3, 3, 3, 3, 3, 3, 3, 3, 3, 3, 3, 3, 3, 3, 3, 3, 3, 3, 3, 3, 3, 3, 3, 3, 3, 3, 3, 3, 3, 3, 3, 3, 3, 3, 3, 3, 3, 3, 3, 3, 3, 3, 3, 3, 3, 3, 3, 3, 3, 3, 3, 3, 3, 3, 3, 3, 3, 3, 3, 3, 3, 3, 3, 3, 3, 3, 3, 3, 3, 3, 3, 3, 3, 3, 3, 3, 3, 3, 3, 3, 3, 3, 3, 3, 3, 3, 3, 3, 3, 3, 3, 3, 3, 3, 3, 3, 3, 3, 3, 3, 3, 3, 3, 3, 3, 3, 3, 3, 3, 3, 3, 3, 3, 3, 3, 3, 3, 3, 3, 3, 3, 3, 3, 3, 3, 3, 3, 3, 3, 3, 3, 3, 3, 3, 3, 3, 3, 3, 3, 3, 3, 3, 3, 3, 3, 3, 3, 3, 3, 3, 3, 3, 3, 3, 3, 3, 3, 3, 3, 3, 3, 3, 3, 3, 3, 3, 3, 3, 3, 3, 3, 3, 3, 3, 3, 3, 3, 3, 3, 3, 3, 3, 3, 3, 3, 3, 3, 3, 3, 3, 3, 3, 3, 3, 3, 3, 3, 3, 3, 3, 3, 3, 3, 3, 3, 3, 3, 3, 3, 3, 3, 3, 3, 3, 3, 3, 3, 3, 3, 3, 3, 3, 3, 3, 3, 3, 3, 3, 3, 3, 3, 3, 3, 3, 3, 3, 3, 3, 3, 3, 3, 3, 3, 3, 3, 3, 3, 3, 3, 3]
            int[] faceVertexIndices = [4534, 4528, 4526, 4532, 4534, 4533, 4527, 4534, 4526, 9802, 9769, 9801, 4534, 4532, 4528, 9667, 9674, 9668, 9668, 9666, 9667, 9668, 9665, 9666, 9668, 9664, 9665, 9668, 9662, 9664, 9668, 9661, 9662, 9633, 9661, 9668, 9663, 9633, 9658, 9661, 9633, 9660, 9660, 9633, 9659, 9659, 9633, 9663, 9658, 9633, 9657, 9633, 9796, 9657, 9810, 9674, 9808, 9633, 9769, 9796, 9796, 9769, 9797, 9797, 9769, 9798, 9798, 9769, 9799, 9769, 9800, 9799, 9769, 9802, 9800, 9801, 9804, 9803, 9801, 9805, 9804, 9801, 9806, 9805, 9801, 9812, 9806, 4490, 9562, 4549, 4536, 9821, 4539, 9821, 4538, 4539, 9807, 9674, 9670, 9808, 9674, 9807, 4538, 9821, 9820, 9821, 4536, 9817, 9816, 9810, 9809, 9816, 9674, 9810, 9813, 9816, 9814, 9811, 9816, 9809, 9815, 9816, 9811, 9814, 9816, 9815, 9812, 9816, 9813, 9812, 9801, 9816, 4420, 9673, 4423, 4418, 9673, 4420, 4546, 9559, 4545, 4545, 9558, 4330, 4514, 4344, 4405, 4344, 4406, 4405, 9674, 9667, 9669, 9674, 9669, 9670, 9801, 9803, 9802, 4527, 4421, 4534, 4330, 4329, 4545, 9771, 4490, 9772, 4490, 9771, 9562, 4547, 9562, 9560, 4411, 4344, 4404, 4344, 4411, 4406, 4404, 4407, 4411, 9675, 4423, 9673, 9673, 4418, 9671, 9562, 4547, 4549, 9619, 4330, 9618, 9558, 4545, 9559, 9558, 9618, 4330, 4404, 4408, 4407, 4404, 4409, 4408, 4404, 4410, 4409, 4404, 4412, 4410, 4412, 4404, 4421, 4412, 4421, 4413, 4413, 4421, 4414, 4414, 4421, 4415, 4415, 4421, 4416, 4416, 4421, 4417, 4421, 4524, 4417, 4421, 4525, 4524, 4421, 4527, 4525, 4514, 4481, 4344, 4481, 4514, 4515, 4481, 4515, 4516, 4481, 4516, 4517, 4518, 4481, 4517, 4549, 4489, 4490, 4519, 4481, 4518, 4520, 4481, 4519, 4521, 4481, 4520, 4522, 4481, 4521, 4481, 4522, 4533, 4533, 4522, 4523, 4533, 4523, 4529, 4533, 4531, 4532, 4533, 4529, 4530, 4533, 4530, 4531, 9770, 4490, 4482, 4482, 4537, 9819, 4490, 9770, 9772, 9770, 4482, 9819, 9819, 4537, 9820, 4537, 4538, 9820, 4546, 4340, 9633, 9633, 9625, 9559, 9769, 4481, 9760, 9560, 9760, 4481, 4481, 9769, 4344, 4547, 9560, 4481, 9633, 4344, 9769, 9559, 4546, 9633, 4344, 9633, 4340, 4481, 4477, 4547, 4330, 9619, 4331, 4419, 4331, 9620, 9671, 4418, 9672, 9620, 9672, 4419, 9620, 4331, 9619, 4418, 4419, 9672, 9816, 4536, 4534, 4421, 9675, 9674, 4421, 9674, 4534, 9675, 4421, 4423, 9816, 4534, 9674, 4536, 9816, 9817, 4417, 4524, 9807, 9804, 4521, 9803, 4521, 4520, 9803, 4522, 9805, 4523, 4528, 4532, 9815, 4520, 4519, 9802, 9815, 4532, 9814, 9814, 4531, 9813, 9813, 4530, 9812, 9812, 4529, 9806, 9809, 4526, 9811, 9811, 4528, 9815, 9810, 4527, 9809, 9808, 4525, 9810, 9807, 4524, 9808, 9670, 4417, 9807, 9806, 4523, 9805, 9805, 4522, 9804, 4519, 4518, 9800, 9803, 4520, 9802, 9802, 4519, 9800, 9800, 4518, 9799, 9799, 4517, 9798, 9798, 4516, 9797, 9797, 4515, 9796, 4532, 4531, 9814, 4531, 4530, 9813, 4530, 4529, 9812, 4416, 4417, 9670, 4529, 4523, 9806, 4518, 4517, 9799, 4517, 4516, 9798, 4526, 4528, 9811, 9658, 4406, 9663, 4415, 4416, 9669, 4516, 4515, 9797, 4515, 4514, 9796, 9661, 4409, 9662, 9663, 4411, 9659, 9662, 4410, 9664, 9664, 4412, 9665, 9665, 4413, 9666, 9666, 4414, 9667, 9667, 4415, 9669, 9669, 4416, 9670, 4527, 4526, 9809, 4414, 4415, 9667, 4413, 4414, 9666, 4412, 4413, 9665, 4410, 4412, 9664, 4411, 4407, 9659, 4409, 4410, 9662, 4408, 4409, 9661, 4407, 4408, 9660, 4405, 4406, 9658, 4411, 9663, 4406, 4525, 4527, 9810, 4514, 4405, 9657, 4524, 4525, 9808, 9796, 4514, 9657, 9660, 4408, 9661, 9657, 4405, 9658, 9659, 4407, 9660, 4522, 4521, 9804, 6237, 1247, 6233, 1234, 1245, 1240, 6083, 6153, 6085, 6085, 6153, 6086, 6086, 6153, 6214, 6153, 6215, 6214, 6153, 6217, 6215, 6096, 6098, 6095, 6095, 6098, 6094, 5938, 1254, 1255, 1249, 6237, 6236, 1133, 5938, 1255, 1228, 1130, 1227, 1130, 1072, 1227, 1130, 1071, 1072, 1130, 1069, 1071, 1061, 6076, 1085, 6094, 6098, 6093, 6217, 6153, 6216, 6098, 6092, 6093, 6098, 6090, 6092, 6090, 6098, 6091, 6091, 6089, 6090, 6091, 6088, 6089, 1081, 1083, 1245, 1083, 1081, 1080, 1083, 1080, 1079, 1247, 6237, 1250, 6237, 1249, 1250, 6091, 6087, 6088, 6091, 6081, 6087, 6091, 6080, 6081, 6050, 6080, 6091, 6079, 6050, 6078, 6216, 6218, 6217, 6216, 6219, 6218, 6078, 6050, 6082, 5935, 6006, 992, 6154, 1133, 6156, 1060, 6076, 1061, 6007, 992, 6006, 5936, 5935, 1252, 1133, 6154, 5938, 6216, 6220, 6219, 1254, 5938, 5937, 1255, 1131, 1133, 6216, 6221, 6220, 6216, 6223, 6221, 6223, 6216, 6232, 6222, 6232, 6226, 6226, 6232, 6227, 6223, 6232, 6224, 6224, 6232, 6225, 6099, 1085, 6076, 1083, 1079, 1078, 6076, 1060, 6075, 1077, 1083, 1078, 6080, 6050, 6077, 6077, 6050, 6079, 6050, 6153, 6083, 6050, 6083, 6084, 6082, 6050, 6084, 1064, 1029, 1062, 1029, 1064, 1068, 1062, 1063, 1065, 1062, 1066, 1063, 1062, 1067, 1066, 1062, 1065, 1064, 1062, 1073, 1067, 1073, 1062, 1083, 1073, 1083, 1074, 1074, 1083, 1075, 1075, 1083, 1076, 6225, 6232, 6222, 6232, 6096, 6227, 1076, 1083, 1077, 1253, 5936, 1252, 992, 991, 1252, 1029, 1068, 1070, 1081, 1245, 1239, 1252, 5935, 992, 1069, 1130, 1029, 1069, 1029, 1070, 1229, 1130, 1228, 1230, 1130, 1229, 1231, 1130, 1230, 1232, 1130, 1231, 1130, 1232, 1240, 1240, 1232, 1233, 1240, 1233, 1235, 1240, 1235, 1236, 1240, 1236, 1237, 1240, 1237, 1234, 1245, 1234, 1238, 1245, 1238, 1239, 6232, 6098, 6096, 6235, 6155, 1132, 6235, 1248, 6236, 1132, 6155, 1133, 6155, 6156, 1133, 1248, 1249, 6236, 1132, 1248, 6235, 1254, 5937, 1130, 1029, 6050, 1022, 1030, 1022, 6050, 1253, 1030, 6050, 6050, 1029, 6153, 5936, 1253, 6050, 5937, 6144, 1130, 1130, 1126, 1254, 6050, 6034, 5936, 6153, 1130, 6144, 6050, 6038, 6034, 1130, 6153, 1029, 6007, 1012, 992, 1082, 1012, 6033, 1012, 6007, 6033, 6075, 1060, 6097, 6097, 1082, 6033, 1060, 1082, 6097, 6099, 1083, 1085, 1083, 6098, 1245, 6232, 1247, 1245, 1083, 6099, 6098, 6232, 1245, 6098, 1247, 6232, 6233, 1232, 6220, 1233, 1238, 1234, 6222, 1065, 1063, 6077, 1063, 1066, 6080, 1066, 1067, 6081, 1070, 1068, 6082, 1064, 6078, 1068, 1069, 1070, 6084, 1071, 1069, 6083, 1072, 1071, 6085, 1227, 1072, 6086, 1067, 1073, 6087, 1073, 1074, 6088, 1074, 1075, 6089, 1075, 1076, 6090, 1076, 1077, 6092, 1077, 1078, 6093, 1078, 1079, 6094, 1079, 1080, 6095, 1081, 1239, 6227, 1080, 1081, 6096, 1228, 1227, 6214, 1229, 1228, 6215, 1230, 1229, 6217, 1231, 1230, 6218, 1232, 1231, 6219, 1235, 1233, 6221, 1236, 1235, 6223, 1237, 1236, 6224, 1239, 1238, 6226, 6078, 1064, 6079, 6079, 1065, 6077, 6077, 1063, 6080, 6080, 1066, 6081, 6084, 1070, 6082, 6082, 1068, 6078, 6083, 1069, 6084, 6085, 1071, 6083, 6086, 1072, 6085, 6214, 1227, 6086, 6081, 1067, 6087, 6087, 1073, 6088, 6088, 1074, 6089, 6089, 1075, 6090, 6090, 1076, 6092, 6092, 1077, 6093, 6093, 1078, 6094, 6094, 1079, 6095, 6095, 1080, 6096, 6096, 1081, 6227, 6215, 1228, 6214, 6217, 1229, 6215, 6218, 1230, 6217, 6219, 1231, 6218, 6220, 1232, 6219, 6221, 1233, 6220, 6222, 1234, 6225, 6223, 1235, 6221, 6224, 1236, 6223, 6225, 1237, 6224, 6227, 1239, 6226, 1234, 1237, 6225, 6226, 1238, 6222, 1064, 1065, 6079, 1178, 1094, 1182, 4217, 4046, 4220, 1451, 1452, 1453, 1449, 1448, 1503, 1216, 4382, 966, 4222, 962, 966, 1390, 1384, 1418, 1386, 1387, 1388, 1386, 1388, 1389, 1356, 1357, 1165, 1355, 1163, 1354, 1356, 1164, 1355, 959, 960, 4220, 1156, 1158, 1351, 1351, 1158, 1159, 1159, 1160, 1161, 1163, 1157, 1353, 1157, 1156, 1353, 1159, 1161, 1162, 1353, 1156, 1352, 1352, 1156, 1351, 1351, 1159, 1162, 1353, 1354, 1163, 1164, 1163, 1355, 1165, 1164, 1356, 1094, 1104, 1191, 4420, 1250, 4418, 4391, 1250, 4420, 4418, 1250, 4403, 1418, 1383, 1417, 1417, 1383, 1416, 1416, 1386, 1389, 1418, 1419, 1390, 1391, 1390, 1420, 1392, 1391, 1421, 1421, 1391, 1420, 1420, 1390, 1419, 1094, 1178, 1179, 4401, 1507, 1511, 4401, 1457, 1507, 1392, 1421, 1422, 4401, 1422, 1457, 4401, 1392, 1422, 1511, 1487, 3936, 4401, 1357, 1392, 4401, 1165, 1357, 1485, 1296, 4220, 1486, 1485, 3934, 1296, 959, 4220, 4391, 1226, 1250, 4403, 1250, 1249, 1249, 1244, 4403, 1133, 4401, 1242, 3951, 3953, 4069, 3955, 3952, 4071, 3952, 3951, 4071, 3957, 3956, 4072, 3956, 3955, 4072, 4046, 3934, 4220, 4069, 3953, 3954, 3954, 4066, 4067, 3954, 4067, 4068, 4071, 3951, 4070, 4070, 3951, 4069, 4069, 3954, 4068, 4072, 3955, 4071, 4073, 4074, 3957, 4401, 1511, 3950, 4073, 3957, 4072, 4074, 4075, 3957, 4401, 3950, 3957, 4224, 966, 4382, 1094, 1175, 1182, 1094, 1177, 1176, 1175, 1094, 1176, 1094, 1179, 1180, 1094, 1180, 1181, 1094, 1181, 1183, 1177, 1094, 1190, 1190, 1094, 1191, 4222, 966, 4224, 4098, 4100, 4133, 4103, 4099, 4135, 4099, 4098, 4135, 1094, 1183, 1184, 3934, 1485, 4220, 1511, 3936, 3950, 4401, 3957, 4075, 3935, 1486, 3934, 1214, 1094, 1184, 1214, 1184, 1185, 1214, 1185, 1186, 1214, 1186, 1187, 1214, 1187, 1188, 1214, 1188, 1189, 4104, 4102, 4136, 1191, 1104, 1192, 1192, 1104, 1193, 1193, 1104, 1194, 4136, 4102, 4103, 1131, 1165, 4401, 1133, 1131, 4401, 1194, 1104, 1207, 4390, 4379, 4381, 1194, 1207, 1195, 1195, 1207, 1196, 1189, 1203, 1224, 1224, 1203, 1205, 1224, 1205, 1204, 1224, 1204, 1206, 1196, 1207, 1197, 1197, 1207, 1198, 1198, 1207, 1199, 1199, 1207, 1200, 1200, 1207, 1202, 1202, 1224, 1201, 1224, 1206, 1201, 1224, 1202, 1207, 1457, 1506, 1507, 1505, 1455, 1504, 1506, 1456, 1505, 1457, 1456, 1506, 4390, 4375, 4380, 1456, 1455, 1505, 4376, 4375, 4390, 4390, 4374, 4376, 4390, 4270, 4374, 4380, 4378, 4390, 4378, 4379, 4390, 4270, 4373, 4374, 1503, 1504, 1455, 4270, 4372, 4373, 4270, 4371, 4372, 4270, 4370, 4371, 4270, 4369, 4370, 4270, 4368, 4369, 4270, 4367, 4368, 1214, 1189, 1224, 4270, 4366, 4367, 4270, 4365, 4366, 4270, 4364, 4365, 4270, 4350, 4364, 1501, 1451, 1454, 1502, 1448, 1501, 1503, 1448, 1502, 1451, 1453, 1454, 1384, 1383, 1418, 1383, 1385, 1416, 1416, 1385, 1386, 1455, 1449, 1503, 1448, 1450, 1501, 4133, 4100, 4101, 4101, 4130, 4131, 4101, 4131, 4132, 4379, 4377, 4381, 4377, 4363, 4381, 4363, 4362, 4381, 4362, 4361, 4381, 4361, 4360, 4381, 4360, 4359, 4356, 4359, 4358, 4356, 4358, 4357, 4356, 4357, 4354, 4356, 4354, 4353, 4356, 4353, 4352, 4356, 4356, 4381, 4360, 4135, 4098, 4134, 4352, 4351, 4356, 4349, 4261, 4348, 4350, 4261, 4349, 4355, 4261, 4351, 4355, 4348, 4261, 4134, 4098, 4133, 4261, 4356, 4351, 4133, 4101, 4132, 4136, 4103, 4135, 4137, 4138, 4104, 4137, 4104, 4136, 4138, 4139, 4104, 4401, 4306, 4330, 4306, 4329, 4330, 4401, 4075, 4104, 4401, 4168, 4306, 4305, 4306, 4168, 4304, 4168, 4303, 4304, 4305, 4168, 4303, 4167, 4302, 4302, 4165, 4301, 4300, 4164, 4299, 4300, 4301, 4165, 4164, 4298, 4299, 4164, 4297, 4298, 4300, 4163, 4164, 4270, 4261, 4350, 4401, 4104, 4139, 4165, 4163, 4300, 4167, 4162, 4302, 4302, 4162, 4165, 4401, 4139, 4168, 4168, 4166, 4303, 4303, 4166, 4167, 1501, 1450, 1451, 1226, 4391, 1224, 1214, 1224, 4390, 4390, 1224, 4391, 4382, 1216, 4381, 4381, 1214, 4390, 1216, 1214, 4381, 1244, 1243, 4402, 1242, 4401, 1241, 1243, 1241, 4400, 4403, 1244, 4402, 4402, 1243, 4400, 4400, 1241, 4401, 4268, 3936, 4270, 1487, 1103, 4270, 1486, 3935, 1094, 1104, 1094, 4261, 4270, 1104, 4261, 3936, 1487, 4270, 4261, 1094, 4259, 3935, 4259, 1094, 1094, 1093, 1486, 1103, 1104, 4270, 961, 4221, 960, 963, 4223, 961, 963, 962, 4222, 4223, 963, 4222, 4221, 961, 4223, 4220, 960, 4221, 4355, 1182, 4348, 1194, 1195, 4369, 1180, 1179, 4352, 1179, 1178, 4351, 1178, 1182, 4355, 1175, 1176, 4349, 1176, 1177, 4350, 1182, 1175, 4348, 1183, 1181, 4354, 1184, 1183, 4357, 1185, 1184, 4358, 1186, 1185, 4359, 1187, 1186, 4360, 1188, 1187, 4361, 1189, 1188, 4362, 1177, 1190, 4364, 1190, 1191, 4365, 1191, 1192, 4366, 1192, 1193, 4367, 4348, 1175, 4349, 4349, 1176, 4350, 4351, 1178, 4355, 1193, 1194, 4368, 4352, 1179, 4351, 4353, 1180, 4352, 4354, 1181, 4353, 4357, 1183, 4354, 4358, 1184, 4357, 4359, 1185, 4358, 4360, 1186, 4359, 4361, 1187, 4360, 4362, 1188, 4361, 4363, 1189, 4362, 4350, 1177, 4364, 1201, 1206, 4380, 4364, 1190, 4365, 4365, 1191, 4366, 4366, 1192, 4367, 4367, 1193, 4368, 4368, 1194, 4369, 4369, 1195, 4370, 1204, 1205, 4379, 4370, 1196, 4371, 4371, 1197, 4372, 4372, 1198, 4373, 4373, 1199, 4374, 4375, 1201, 4380, 4374, 1200, 4376, 4376, 1202, 4375, 4377, 1203, 4363, 4379, 1205, 4377, 4378, 1204, 4379, 4380, 1206, 4378, 1206, 1204, 4378, 1205, 1203, 4377, 1203, 1189, 4363, 1200, 1202, 4376, 1202, 1201, 4375, 1199, 1200, 4374, 1198, 1199, 4373, 1197, 1198, 4372, 1196, 1197, 4371, 1195, 1196, 4370, 1181, 1180, 4353, 9683, 9636, 9681, 9653, 6154, 6156, 9673, 6237, 9711, 6603, 6491, 9653, 6492, 6491, 6603, 9708, 9694, 9710, 9694, 9693, 9710, 9693, 9692, 9710, 9692, 9691, 9710, 9691, 9690, 9710, 9690, 9689, 9710, 9689, 9686, 9710, 9471, 9470, 9592, 9689, 9688, 9686, 6365, 6323, 9889, 9688, 9687, 9686, 9687, 9685, 9686, 9685, 9684, 9686, 6370, 6367, 9891, 9721, 6289, 6370, 9405, 9376, 9653, 9408, 9441, 9442, 6392, 6185, 9653, 6427, 6392, 9653, 9408, 9440, 9441, 9408, 9407, 9440, 9407, 9406, 9440, 9406, 9405, 9440, 9376, 9320, 9653, 9320, 9316, 9653, 9385, 9383, 9326, 9385, 9324, 9384, 9324, 9378, 9384, 9380, 9379, 9382, 9472, 9471, 9592, 6431, 6430, 6457, 9409, 9408, 9442, 9684, 9682, 9686, 9472, 9592, 9593, 9472, 9593, 9594, 6494, 6493, 6605, 9592, 9469, 9653, 6495, 6494, 6605, 9678, 9636, 9677, 6460, 6433, 6462, 6462, 6431, 6461, 9381, 9380, 9382, 9383, 9382, 9326, 9379, 9326, 9382, 9326, 9325, 9385, 9325, 9324, 9385, 9324, 9323, 9378, 9323, 9377, 9378, 9323, 9376, 9377, 9323, 9322, 9376, 9322, 9321, 9376, 6431, 6457, 6461, 6457, 6429, 6458, 9321, 9320, 9376, 9683, 9677, 9636, 6458, 6428, 6456, 6278, 6253, 6287, 9892, 6370, 9891, 9721, 6370, 9892, 6186, 6185, 6392, 6187, 6186, 6394, 6287, 6266, 6270, 6287, 6269, 6263, 6266, 6287, 6263, 6287, 6267, 6269, 6287, 6268, 6267, 6287, 6254, 6268, 6253, 6254, 6287, 6265, 6270, 6266, 6264, 6270, 6265, 6188, 6187, 6393, 6189, 6188, 6393, 6262, 6270, 6264, 6261, 6270, 6262, 6260, 6270, 6261, 6258, 6213, 6270, 6259, 6270, 6260, 6258, 6270, 6259, 6496, 6495, 6609, 6257, 6213, 6258, 6256, 6213, 6257, 6255, 6213, 6256, 9889, 6613, 9329, 6497, 6496, 6609, 6190, 6189, 6395, 6498, 6497, 6606, 6606, 6497, 6607, 6500, 6499, 6606, 6499, 6498, 6606, 9473, 9472, 9594, 9474, 9473, 9600, 9475, 9474, 9600, 9595, 9475, 9598, 9596, 9595, 9598, 9473, 9594, 9601, 6191, 6190, 6395, 9601, 9600, 9473, 6192, 6191, 6396, 6396, 6191, 6397, 6194, 6193, 6396, 6193, 6192, 6396, 6204, 6213, 6255, 9600, 9599, 9475, 9599, 9598, 9475, 9597, 9596, 9598, 9681, 9636, 9686, 6278, 6252, 6253, 6278, 6251, 6252, 6278, 6250, 6251, 6456, 6427, 9653, 6278, 6249, 6250, 6278, 6248, 6249, 6278, 6204, 6248, 6241, 6204, 6255, 6240, 6204, 6241, 6238, 6204, 6239, 6611, 6610, 9316, 6607, 6497, 6609, 6609, 6495, 6608, 6495, 6605, 6608, 6605, 6493, 6604, 6604, 6492, 6603, 6204, 6240, 6239, 6429, 6428, 6458, 6204, 6247, 6248, 6428, 6427, 6456, 9470, 9469, 9592, 9618, 9592, 9619, 9592, 9653, 9619, 6397, 6191, 6395, 6395, 6189, 6398, 9469, 9440, 9653, 6432, 6431, 6462, 6430, 6429, 6457, 6433, 6432, 6462, 6189, 6393, 6398, 9646, 9679, 9680, 9646, 9680, 9695, 9646, 9695, 9696, 9679, 9636, 9678, 9682, 9681, 9686, 6493, 6492, 6604, 9889, 9329, 9845, 9655, 6237, 9671, 6204, 6238, 6244, 6204, 6244, 6242, 6204, 6242, 6243, 9889, 6502, 6613, 9646, 9696, 9697, 6204, 6243, 6245, 9316, 6610, 9653, 6613, 9328, 9329, 6204, 6245, 6246, 9327, 6611, 9316, 6204, 6246, 6247, 6613, 6612, 9328, 9889, 6323, 6502, 6280, 9711, 6237, 9655, 6236, 6237, 6610, 6603, 9653, 9646, 9697, 9698, 6236, 9655, 6230, 9646, 9698, 9699, 9653, 6156, 6228, 9646, 9699, 9700, 9646, 9700, 9701, 9410, 9409, 9449, 6394, 6186, 6392, 6185, 6154, 9653, 6435, 6434, 6459, 9646, 9636, 9679, 9720, 9708, 9710, 9720, 9646, 9705, 9720, 9703, 9709, 9706, 9703, 9720, 9709, 9707, 9720, 9411, 9410, 9449, 6491, 6456, 9653, 9443, 9411, 9446, 9447, 9446, 9411, 9445, 9444, 9446, 9444, 9443, 9446, 9409, 9442, 9448, 9449, 9409, 9448, 9449, 9447, 9411, 9707, 9708, 9720, 6393, 6187, 6394, 6436, 6435, 6459, 6459, 6433, 6460, 6434, 6433, 6459, 9705, 9706, 9720, 9646, 9704, 9705, 9646, 9702, 9704, 9440, 9405, 9653, 9646, 9701, 9702, 6237, 9673, 9671, 9710, 6278, 9720, 6280, 6278, 9710, 6278, 6287, 9720, 6289, 9721, 6287, 9720, 6287, 9721, 9711, 6280, 9710, 6365, 9889, 6364, 6366, 6364, 9888, 6367, 6366, 9890, 9891, 6367, 9890, 9890, 6366, 9888, 9888, 6364, 9889, 9644, 9328, 9646, 6612, 6212, 9646, 9328, 6612, 9646, 9646, 6213, 9636, 6204, 6203, 6611, 6213, 6204, 9636, 6212, 6213, 9646, 9327, 9634, 6204, 9636, 6204, 9634, 6611, 9327, 6204, 9653, 6228, 9654, 9654, 6229, 9656, 9656, 6231, 9655, 6229, 9654, 6228, 6231, 6230, 9655, 6231, 9656, 6229, 9706, 6266, 9703, 9700, 6260, 9701, 6240, 6241, 9680, 6241, 6255, 9695, 9689, 6249, 9688, 9690, 6250, 9689, 9691, 6251, 9690, 9687, 6247, 9685, 6243, 6242, 9681, 9692, 6252, 9691, 9693, 6253, 9692, 9694, 6254, 9693, 9708, 6268, 9694, 9695, 6255, 9696, 9696, 6256, 9697, 9697, 6257, 9698, 9698, 6258, 9699, 9699, 6259, 9700, 9685, 6246, 9684, 9701, 6261, 9702, 9703, 6263, 9709, 9702, 6262, 9704, 9704, 6264, 9705, 9705, 6265, 9706, 9684, 6245, 9682, 9707, 6267, 9708, 9709, 6269, 9707, 9682, 6243, 9681, 6238, 6239, 9678, 6239, 6240, 9679, 6244, 6238, 9677, 6242, 6244, 9683, 6245, 6243, 9682, 9681, 6242, 9683, 9680, 6241, 9695, 6246, 6245, 9684, 6247, 6246, 9685, 6248, 6247, 9687, 6249, 6248, 9688, 6250, 6249, 9689, 6251, 6250, 9690, 6252, 6251, 9691, 6253, 6252, 9692, 6254, 6253, 9693, 6268, 6254, 9694, 6255, 6256, 9696, 6256, 6257, 9697, 6257, 6258, 9698, 6258, 6259, 9699, 6259, 6260, 9700, 6261, 6262, 9702, 9679, 6240, 9680, 9678, 6239, 9679, 9677, 6238, 9678, 9683, 6244, 9677, 6263, 6269, 9709, 6267, 6268, 9708, 6269, 6267, 9707, 6266, 6263, 9703, 6265, 6266, 9706, 6264, 6265, 9705, 6262, 6264, 9704, 6260, 6261, 9701, 9688, 6248, 9687, 4482, 4490, 4538, 4218, 4222, 4224, 4401, 4330, 4331, 4401, 4419, 4403, 4403, 4402, 4401, 4401, 4331, 4419, 4402, 4400, 4401, 4445, 4258, 4512, 4445, 4255, 4258, 4258, 4252, 4256, 4537, 4482, 4538, 4490, 4446, 4538, 4446, 4539, 4538, 4255, 4252, 4258, 4489, 4446, 4490, 4539, 4446, 4513, 4218, 4217, 4220, 4218, 4220, 4222, 4220, 4221, 4223, 4225, 4218, 4224, 4223, 4222, 4220, 4419, 4418, 4403, 4444, 4433, 4500, 4433, 4445, 4512, 4500, 4433, 4512, 4446, 4444, 4511, 4511, 4444, 4500, 4446, 4511, 4513, 4422, 4421, 4404, 4422, 4332, 4535, 4534, 4471, 4533, 4344, 4340, 4422, 4534, 4536, 4471, 4535, 4471, 4536, 4340, 4332, 4422, 4471, 4481, 4533, 4422, 4423, 4421, 4344, 4422, 4404, 4471, 4477, 4481, 4535, 4332, 4471, 4392, 4269, 4391, 4383, 4260, 4392, 4381, 4356, 4383, 4382, 4381, 4383, 4269, 4268, 4270, 4261, 4259, 4383, 4383, 4259, 4260, 4356, 4261, 4383, 4392, 4260, 4269, 4270, 4390, 4269, 4390, 4391, 4269, 4252, 4257, 4256, 4253, 4226, 4257, 4253, 4257, 4252, 4219, 4218, 4225, 4226, 4219, 4225, 4253, 4219, 4226, 4434, 4277, 4399, 4267, 4262, 4384, 4497, 4430, 4498, 4496, 4429, 4497, 4389, 4267, 4384, 4435, 4434, 4501, 4436, 4435, 4502, 4437, 4436, 4504, 4442, 4438, 4505, 4438, 4437, 4503, 4439, 4506, 4431, 4440, 4508, 4439, 4440, 4441, 4507, 4441, 4443, 4510, 4443, 4442, 4509, 4434, 4399, 4501, 4502, 4435, 4501, 4504, 4436, 4502, 4509, 4442, 4505, 4503, 4437, 4504, 4505, 4438, 4503, 4499, 4431, 4506, 4267, 4389, 4264, 4266, 4265, 4387, 4265, 4264, 4386, 4262, 4263, 4385, 4495, 4428, 4496, 4494, 4426, 4495, 4493, 4427, 4494, 4492, 4425, 4493, 4491, 4424, 4492, 4385, 4263, 4491, 4432, 4431, 4499, 4430, 4432, 4498, 4506, 4439, 4508, 4507, 4441, 4510, 4508, 4440, 4507, 4510, 4443, 4509, 4429, 4430, 4497, 4428, 4429, 4496, 4426, 4428, 4495, 4427, 4426, 4494, 4425, 4427, 4493, 4424, 4425, 4492, 4263, 4424, 4491, 4384, 4262, 4385, 4387, 4265, 4386, 4266, 4387, 4388, 4386, 4264, 4389, 4271, 4266, 4388, 4272, 4271, 4393, 4273, 4272, 4394, 4274, 4273, 4395, 4275, 4274, 4396, 4276, 4275, 4397, 4277, 4276, 4398, 4393, 4271, 4388, 4394, 4272, 4393, 4395, 4273, 4394, 4396, 4274, 4395, 4397, 4275, 4396, 4398, 4276, 4397, 4277, 4398, 4399, 4498, 4432, 4499, 9655, 9671, 9672, 9898, 9795, 9926, 9656, 9655, 9653, 9772, 9770, 9819, 9889, 9845, 9847, 9820, 9772, 9819, 9892, 9891, 9847, 9892, 9847, 9894, 9620, 9619, 9653, 9891, 9890, 9889, 9653, 9654, 9656, 9820, 9794, 9772, 9820, 9821, 9794, 9794, 9821, 9843, 9889, 9847, 9891, 9655, 9620, 9653, 9890, 9888, 9889, 9794, 9771, 9772, 9896, 9898, 9926, 9925, 9896, 9926, 9926, 9795, 9844, 9655, 9672, 9620, 9795, 9793, 9842, 9842, 9793, 9832, 9795, 9842, 9844, 9783, 9794, 9843, 9793, 9783, 9832, 9832, 9783, 9843, 9924, 9895, 9925, 9895, 9896, 9925, 9924, 9846, 9895, 9847, 9893, 9894, 9893, 9846, 9924, 9847, 9846, 9893, 9712, 9634, 9635, 9645, 9644, 9646, 9636, 9634, 9712, 9711, 9710, 9712, 9710, 9686, 9712, 9722, 9645, 9721, 9720, 9721, 9645, 9646, 9720, 9645, 9722, 9635, 9645, 9712, 9635, 9722, 9686, 9636, 9712, 9676, 9632, 9675, 9674, 9632, 9668, 9676, 9768, 9632, 9768, 9676, 9818, 9769, 9818, 9801, 9674, 9675, 9632, 9818, 9816, 9801, 9818, 9817, 9816, 9632, 9625, 9633, 9632, 9633, 9668, 9769, 9760, 9818, 9760, 9768, 9818, 9648, 9647, 9723, 9825, 9775, 9826, 9717, 9641, 9713, 9716, 9640, 9714, 9787, 9786, 9836, 9789, 9792, 9841, 9786, 9785, 9834, 9775, 9777, 9826, 9777, 9778, 9827, 9778, 9779, 9828, 9779, 9780, 9829, 9780, 9781, 9830, 9782, 9831, 9781, 9790, 9839, 9782, 9715, 9639, 9822, 9822, 9773, 9823, 9823, 9774, 9824, 9792, 9791, 9840, 9785, 9784, 9833, 9824, 9776, 9825, 9652, 9727, 9728, 9727, 9651, 9726, 9726, 9650, 9725, 9641, 9637, 9713, 9640, 9638, 9714, 9638, 9639, 9715, 9725, 9649, 9724, 9724, 9648, 9723, 9652, 9651, 9727, 9651, 9650, 9726, 9640, 9716, 9637, 9642, 9641, 9717, 9643, 9642, 9718, 9647, 9643, 9719, 9714, 9638, 9715, 9639, 9773, 9822, 9713, 9637, 9716, 9650, 9649, 9725, 9718, 9642, 9717, 9719, 9643, 9718, 9647, 9719, 9723, 9791, 9788, 9837, 9788, 9787, 9835, 9773, 9774, 9823, 9774, 9776, 9824, 9784, 9652, 9728, 9831, 9782, 9839, 9830, 9781, 9831, 9790, 9789, 9838, 9829, 9780, 9830, 9841, 9792, 9840, 9839, 9790, 9838, 9838, 9789, 9841, 9828, 9779, 9829, 9827, 9778, 9828, 9840, 9791, 9837, 9837, 9788, 9835, 9835, 9787, 9836, 9836, 9786, 9834, 9834, 9785, 9833, 9776, 9775, 9825, 9784, 9728, 9833, 9826, 9777, 9827, 9649, 9648, 9724, 1244, 1242, 1243, 1244, 1249, 1248, 1244, 1248, 1132, 1244, 1132, 1242, 1241, 1243, 1242, 1060, 969, 992, 959, 957, 960, 1060, 1061, 969, 957, 964, 966, 1038, 969, 1061, 960, 957, 962, 960, 963, 961, 962, 957, 966, 912, 914, 915, 912, 911, 914, 963, 960, 962, 914, 968, 1037, 911, 968, 914, 969, 991, 992, 992, 1012, 1082, 1060, 992, 1082, 1132, 1133, 1242, 1092, 1093, 1094, 1225, 1226, 1224, 1224, 1207, 1225, 1207, 1104, 1225, 1216, 1092, 1214, 1215, 1092, 1216, 1102, 1092, 1215, 1103, 1102, 1225, 1092, 1094, 1214, 1103, 1225, 1104, 1225, 1102, 1215, 1118, 1130, 1240, 1246, 1118, 1247, 1118, 1126, 1130, 1084, 1085, 1083, 1084, 1083, 1062, 1029, 1084, 1062, 1084, 1013, 1246, 1029, 1022, 1084, 1013, 1014, 1246, 1022, 1013, 1084, 1245, 1247, 1118, 1245, 1118, 1240, 1246, 1014, 1118, 1049, 980, 1038, 980, 969, 1038, 1049, 970, 980, 1039, 970, 1049, 1037, 968, 1039, 968, 970, 1039, 916, 913, 915, 958, 965, 957, 964, 957, 965, 958, 913, 916, 913, 912, 915, 958, 916, 965, 1212, 1090, 1213, 1054, 985, 1053, 1220, 1098, 1222, 1223, 1101, 1220, 1218, 1097, 1223, 1222, 1100, 1221, 987, 986, 1055, 1087, 1088, 1210, 1086, 1087, 1209, 1099, 1059, 1221, 1088, 1089, 1211, 1059, 990, 1058, 1090, 1212, 1089, 971, 972, 1040, 973, 971, 1041, 974, 973, 1042, 975, 976, 1045, 1096, 1219, 1095, 985, 984, 1053, 1096, 1097, 1218, 1101, 1098, 1220, 972, 975, 1044, 976, 977, 1046, 977, 978, 1047, 978, 979, 1048, 979, 1086, 1208, 1100, 1099, 1221, 1041, 971, 1040, 974, 1042, 1043, 1042, 973, 1041, 1098, 1100, 1222, 1040, 972, 1044, 1044, 975, 1045, 1045, 976, 1046, 1046, 977, 1047, 1047, 978, 1048, 1048, 979, 1208, 1058, 989, 1057, 1057, 988, 1056, 1091, 1213, 1090, 1208, 1086, 1209, 981, 974, 1043, 982, 981, 1050, 1219, 1096, 1218, 983, 982, 1051, 1097, 1101, 1223, 1056, 987, 1055, 984, 983, 1052, 1213, 1091, 1217, 1217, 1095, 1219, 1095, 1217, 1091, 1211, 1089, 1212, 988, 987, 1056, 989, 988, 1057, 990, 989, 1058, 1099, 990, 1059, 1050, 981, 1043, 1051, 982, 1050, 1052, 983, 1051, 1210, 1088, 1211, 1209, 1087, 1210, 986, 985, 1054, 1055, 986, 1054, 1053, 984, 1052, 6235, 6236, 6230, 6318, 6291, 6293, 6102, 6053, 6318, 6291, 6318, 6053, 6097, 6033, 6075, 6318, 6293, 6320, 6033, 6007, 6075, 6076, 6052, 6101, 6052, 6076, 6075, 6007, 6052, 6075, 6369, 6322, 6370, 6322, 6323, 6365, 6364, 6366, 6365, 6322, 6365, 6367, 6367, 6365, 6366, 6370, 6322, 6367, 6156, 6155, 6228, 6052, 6007, 6006, 6228, 6155, 6235, 6228, 6231, 6229, 6228, 6235, 6230, 6231, 6228, 6230, 6288, 6289, 6287, 6287, 6270, 6288, 6212, 6288, 6213, 6288, 6211, 6279, 6202, 6203, 6204, 6202, 6204, 6278, 6211, 6202, 6279, 6280, 6202, 6278, 6279, 6202, 6280, 6270, 6213, 6288, 6212, 6211, 6288, 6368, 6321, 6369, 6319, 6292, 6368, 6320, 6293, 6319, 6293, 6292, 6319, 6321, 6322, 6369, 6368, 6292, 6321, 6101, 6052, 6103, 6052, 6054, 6103, 6114, 6054, 6065, 6103, 6054, 6114, 6065, 6053, 6102, 6114, 6065, 6102, 6234, 6233, 6232, 6044, 6050, 6091, 6153, 6144, 6234, 6098, 6044, 6091, 6151, 6100, 6152, 6098, 6099, 6044, 6152, 6100, 6234, 6234, 6232, 6216, 6144, 6152, 6234, 6044, 6038, 6050, 6100, 6044, 6099, 6153, 6234, 6216, 6151, 6044, 6100, 6117, 6068, 6116, 6104, 6056, 6109, 6118, 6069, 6117, 6208, 6205, 6281, 6209, 6210, 6285, 6210, 6123, 6285, 6123, 6074, 6122, 6122, 6073, 6121, 6121, 6072, 6120, 6120, 6071, 6119, 6119, 6070, 6118, 6206, 6207, 6282, 6207, 6208, 6284, 6116, 6067, 6115, 6210, 6074, 6123, 6074, 6073, 6122, 6073, 6072, 6121, 6072, 6071, 6120, 6071, 6070, 6119, 6055, 6056, 6104, 6205, 6209, 6286, 6057, 6055, 6105, 6058, 6057, 6107, 6059, 6058, 6106, 6066, 6059, 6108, 6060, 6061, 6110, 6284, 6208, 6281, 6056, 6060, 6109, 6061, 6062, 6111, 6277, 6201, 6283, 6283, 6206, 6282, 6282, 6207, 6284, 6062, 6063, 6112, 6063, 6064, 6113, 6064, 6195, 6271, 6286, 6209, 6285, 6105, 6055, 6104, 6106, 6058, 6107, 6281, 6205, 6286, 6276, 6200, 6277, 6275, 6199, 6276, 6274, 6198, 6275, 6273, 6197, 6274, 6272, 6196, 6273, 6271, 6195, 6272, 6206, 6283, 6201, 6201, 6277, 6200, 6200, 6276, 6199, 6199, 6275, 6198, 6197, 6198, 6274, 6196, 6197, 6273, 6195, 6196, 6272, 6070, 6069, 6118, 6069, 6068, 6117, 6068, 6067, 6116, 6067, 6066, 6115, 6107, 6057, 6105, 6108, 6059, 6106, 6066, 6108, 6115, 6109, 6060, 6110, 6110, 6061, 6111, 6113, 6064, 6271, 6112, 6063, 6113, 6111, 6062, 6112, 10606, 10545, 10604, 5059, 5061, 5060, 4886, 10542, 4884, 10542, 4886, 10543, 10555, 10552, 10545, 10545, 10552, 10553, 10545, 10553, 10554, 10555, 10545, 10550, 4897, 4892, 4899, 10666, 5064, 10665, 10660, 10545, 10554, 10613, 10612, 10611, 10660, 10554, 10556, 5094, 4942, 4941, 5091, 5095, 5090, 5094, 4941, 5093, 5094, 4940, 4942, 10660, 10559, 10661, 5089, 5061, 5091, 5088, 5061, 5089, 4896, 4892, 4897, 4895, 4892, 4896, 5091, 5061, 5095, 4927, 4929, 10605, 10665, 5056, 10657, 10664, 10660, 10661, 10664, 10661, 10662, 10664, 10662, 10663, 10664, 10663, 10696, 10664, 10696, 10697, 10664, 10697, 10699, 5094, 4939, 4940, 5094, 4938, 4939, 5094, 4928, 4938, 5062, 5056, 10665, 4900, 4892, 5061, 10602, 4927, 10605, 10612, 10610, 10604, 10607, 10606, 10604, 10608, 10607, 10604, 10609, 10608, 10604, 5064, 5062, 10665, 10610, 10609, 10604, 4928, 4937, 4938, 10551, 10550, 10545, 4887, 4892, 4898, 10606, 10551, 10545, 4887, 4898, 4893, 4887, 4893, 4894, 5058, 5061, 5059, 4887, 4894, 4930, 10614, 10613, 10611, 10615, 10614, 10611, 10616, 10615, 10611, 10617, 10616, 10611, 10702, 10664, 10699, 10702, 10698, 10700, 10701, 10702, 10700, 10702, 10618, 10619, 10619, 10617, 10702, 4900, 5061, 4901, 4901, 5061, 4902, 4902, 5061, 5058, 5092, 5095, 5093, 10701, 10618, 10702, 10617, 10611, 10702, 10699, 10698, 10702, 4887, 4930, 4928, 5095, 5092, 5090, 4899, 4892, 4900, 4928, 4936, 4937, 4928, 4930, 4931, 4928, 4931, 4932, 5100, 5099, 10705, 4928, 4932, 4933, 10612, 10604, 10611, 4898, 4892, 4895, 4928, 4933, 4934, 4928, 4934, 4935, 10660, 10558, 10559, 10546, 4889, 10542, 10660, 10557, 10558, 5061, 5088, 5060, 10660, 10556, 10557, 4928, 4935, 4936, 10705, 10707, 5100, 5095, 5094, 5093, 4889, 4884, 10542, 10703, 5096, 10704, 5096, 5097, 10704, 4944, 10620, 10621, 4943, 5096, 10703, 4944, 4943, 10620, 10620, 4943, 10703, 10543, 4886, 10545, 10604, 4928, 10602, 10545, 4887, 10604, 4887, 10545, 4886, 4928, 4927, 10602, 4928, 10604, 4887, 5056, 5057, 10658, 10658, 5057, 10548, 10548, 4891, 10546, 5057, 4891, 10548, 4891, 4889, 10546, 5056, 10658, 10657, 10705, 5099, 10702, 10702, 5095, 10664, 5095, 5061, 10664, 10664, 5061, 10666, 5061, 5064, 10666, 5099, 5095, 10702, 4895, 4896, 10553, 10618, 4941, 10619, 10700, 5092, 10701, 10698, 5090, 10700, 10697, 5089, 10699, 4894, 4893, 10550, 10661, 5058, 10662, 4896, 4897, 10554, 10699, 5091, 10698, 10557, 4900, 10558, 10696, 5088, 10697, 5093, 10701, 5092, 5090, 5092, 10700, 5091, 5090, 10698, 5089, 5091, 10699, 5088, 5089, 10697, 5060, 5088, 10696, 10663, 5060, 10696, 10662, 5059, 10663, 5059, 5060, 10663, 10551, 4894, 10550, 10552, 4895, 10553, 10553, 4896, 10554, 10554, 4897, 10556, 10550, 4893, 10555, 10555, 4898, 10552, 5058, 5059, 10662, 5093, 4941, 10618, 4941, 4942, 10619, 4942, 4940, 10617, 4940, 4939, 10616, 4939, 4938, 10615, 4938, 4937, 10614, 4937, 4936, 10613, 4936, 4935, 10612, 4935, 4934, 10610, 4934, 4933, 10609, 4933, 4932, 10608, 10556, 4899, 10557, 4932, 4931, 10607, 4931, 4930, 10606, 4930, 4894, 10551, 4902, 5058, 10661, 4901, 4902, 10559, 4900, 4901, 10558, 4899, 4900, 10557, 4897, 4899, 10556, 4898, 4895, 10552, 4898, 10555, 4893, 10619, 4942, 10617, 10701, 5093, 10618, 10559, 4902, 10661, 10606, 4930, 10551, 10607, 4931, 10606, 10608, 4932, 10607, 10609, 4933, 10608, 10610, 4934, 10609, 10612, 4935, 10610, 10613, 4936, 10612, 10614, 4937, 10613, 10615, 4938, 10614, 10616, 4939, 10615, 10617, 4940, 10616, 10558, 4901, 10559, 7934, 7927, 7928, 7860, 7859, 7857, 7927, 7827, 7928, 1985, 1984, 7970, 1982, 1985, 7970, 1945, 1935, 7925, 7925, 1934, 7924, 1935, 1934, 7925, 7934, 7929, 7930, 7934, 7930, 7931, 1978, 1977, 1976, 1942, 1978, 1975, 1769, 1761, 1770, 1770, 1761, 1771, 1942, 1943, 1978, 7863, 7857, 7963, 1978, 1974, 1975, 1759, 1762, 1763, 7935, 1945, 7925, 1764, 1819, 1759, 1764, 1759, 1763, 1761, 1769, 1768, 7854, 1820, 1833, 1977, 1830, 1976, 1767, 1761, 1768, 1771, 1761, 1772, 1820, 7854, 1818, 7963, 7933, 7961, 1974, 1978, 1976, 7864, 7863, 7963, 7865, 7864, 7963, 7962, 7865, 7963, 7970, 1984, 7968, 7966, 1982, 7970, 7809, 1755, 1758, 1756, 1755, 7809, 7934, 7931, 7932, 7934, 7932, 7933, 7963, 7934, 7933, 7813, 7821, 7822, 1759, 1767, 1762, 7962, 7963, 7960, 7961, 7960, 7963, 7813, 7815, 7820, 7816, 7815, 7813, 7821, 7813, 7820, 7863, 7862, 7857, 7809, 1758, 7811, 7810, 1756, 7809, 7818, 7817, 7853, 7819, 7818, 7853, 7855, 7819, 7853, 7856, 7855, 7853, 7862, 7861, 7857, 1759, 1761, 1767, 7854, 1833, 7867, 7927, 7826, 7827, 7927, 7825, 7826, 7927, 7824, 7825, 7927, 7823, 7824, 7927, 7813, 7823, 1819, 1764, 1765, 1819, 1765, 1766, 7861, 7860, 7857, 7851, 1818, 7854, 7817, 7816, 7813, 1819, 1766, 1821, 1819, 1821, 1822, 1819, 1822, 1823, 1819, 1823, 1824, 1819, 1824, 1825, 1819, 1825, 1826, 1977, 1819, 1826, 1977, 1826, 1827, 1977, 1827, 1828, 1977, 1828, 1829, 1977, 1829, 1830, 1772, 1761, 1943, 1772, 1943, 1773, 1773, 1943, 1774, 1774, 1943, 1937, 1937, 1943, 1938, 1938, 1943, 1939, 1939, 1943, 1940, 1940, 1943, 1941, 1941, 1943, 1942, 7813, 7853, 7817, 7813, 7822, 7823, 7858, 7856, 7853, 7858, 7853, 7857, 7859, 7858, 7857, 7934, 7928, 7929, 7867, 1833, 7866, 7964, 1980, 7966, 7866, 1832, 7964, 1833, 1832, 7866, 1832, 1980, 7964, 1980, 1982, 7966, 7853, 1819, 7851, 7811, 1758, 7813, 7813, 1759, 7853, 1759, 7813, 1758, 1819, 1818, 7851, 1819, 7853, 1759, 7814, 1760, 7810, 7926, 1936, 7814, 1760, 1756, 7810, 1936, 1760, 7814, 7924, 1934, 7926, 1934, 1936, 7926, 1984, 7963, 7968, 7934, 1943, 7935, 1984, 1978, 7963, 1978, 1943, 7934, 1943, 1945, 7935, 7963, 1978, 7934, 1773, 1774, 7827, 7933, 1942, 7961, 7862, 1827, 7861, 7863, 1828, 7862, 7864, 1829, 7863, 7865, 1830, 7864, 7816, 1763, 7815, 7817, 1764, 7816, 7818, 1765, 7817, 7819, 1766, 7818, 7855, 1821, 7819, 7820, 1767, 7821, 7821, 1768, 7822, 7822, 1769, 7823, 7823, 1770, 7824, 7824, 1771, 7825, 7825, 1772, 7826, 7826, 1773, 7827, 1763, 1762, 7815, 1764, 1763, 7816, 1765, 1764, 7817, 1766, 1765, 7818, 1821, 1766, 7819, 1767, 1768, 7821, 1769, 1770, 7823, 1768, 1769, 7822, 1770, 1771, 7824, 1771, 1772, 7825, 1772, 1773, 7826, 7861, 1826, 7860, 1774, 1937, 7928, 1762, 1767, 7820, 7827, 1774, 7928, 7815, 1762, 7820, 1822, 1821, 7855, 7860, 1825, 7859, 7960, 1974, 7962, 7961, 1975, 7960, 1823, 1822, 7856, 1824, 1823, 7858, 1825, 1824, 7859, 1826, 1825, 7860, 1827, 1826, 7861, 1976, 1830, 7865, 1828, 1827, 7862, 1829, 1828, 7863, 1830, 1829, 7864, 1937, 1938, 7929, 1938, 1939, 7930, 1939, 1940, 7931, 1940, 1941, 7932, 1941, 1942, 7933, 1942, 1975, 7961, 7859, 1824, 7858, 7858, 1823, 7856, 1975, 1974, 7960, 1976, 7962, 1974, 7856, 1822, 7855, 7928, 1937, 7929, 7929, 1938, 7930, 7930, 1939, 7931, 7931, 1940, 7932, 7932, 1941, 7933, 7962, 1976, 7865, 5056, 5062, 1985, 5026, 4871, 5030, 2021, 1729, 2020, 1986, 1729, 1987, 1783, 1794, 1800, 1953, 1954, 1956, 1950, 1949, 1956, 1803, 1783, 1802, 1783, 1801, 1802, 1950, 1783, 1803, 1805, 1783, 1806, 1796, 1783, 1805, 1783, 1799, 1801, 1783, 1798, 1799, 4955, 1910, 5037, 1783, 1797, 1798, 1794, 1783, 1795, 4953, 1910, 4955, 1956, 1949, 1951, 1783, 1796, 1795, 1910, 1964, 2097, 1956, 1951, 1952, 1910, 2096, 2070, 1783, 1800, 1797, 2096, 1910, 2097, 2099, 1985, 2098, 1910, 2070, 2074, 2098, 1985, 2109, 1956, 1952, 1953, 1812, 1956, 1813, 2109, 1985, 2113, 1730, 4837, 1729, 1820, 4890, 1833, 1834, 1833, 4890, 1820, 1792, 2023, 1813, 1956, 1814, 1814, 1956, 1815, 1815, 1956, 1816, 1816, 1956, 1955, 1956, 1954, 1955, 1950, 1947, 1948, 1950, 1946, 1947, 4867, 4844, 4864, 1820, 2023, 2022, 4867, 4861, 4844, 1950, 1804, 1946, 4890, 1820, 4889, 1820, 4884, 4889, 1820, 4851, 4884, 1950, 1803, 1804, 1982, 1981, 5055, 4834, 1729, 4837, 4842, 1729, 4834, 1982, 5055, 1985, 4844, 4862, 4863, 4862, 4844, 4861, 5045, 1985, 5062, 1950, 1948, 1949, 1985, 5055, 5056, 4865, 4864, 4844, 2034, 2035, 4851, 2099, 1973, 1985, 1987, 1729, 4842, 4866, 4865, 4844, 5045, 2107, 2114, 2108, 2107, 5045, 5035, 5034, 5036, 5036, 4883, 5035, 1820, 2025, 4851, 5036, 4882, 4883, 1806, 1793, 1807, 1807, 1793, 1808, 1808, 1793, 1809, 1809, 1793, 1810, 5036, 4881, 4882, 1810, 1793, 1811, 1811, 1793, 1956, 1988, 1987, 4842, 5036, 4880, 4881, 5033, 5032, 5036, 1782, 1729, 2021, 5032, 5030, 5036, 5034, 5033, 5036, 4868, 4866, 4844, 4851, 2025, 2026, 4851, 2026, 2034, 4868, 4844, 5030, 1820, 2022, 2024, 1820, 2024, 2025, 1910, 2074, 5037, 4869, 4868, 5030, 5037, 2074, 2075, 1806, 1783, 1793, 4853, 4875, 4876, 5031, 5029, 5030, 4870, 4869, 5030, 2113, 1985, 5045, 1910, 4953, 1906, 2114, 2113, 5045, 4853, 4876, 4877, 4853, 4877, 4878, 4853, 4878, 4879, 1811, 1956, 1812, 4853, 4874, 4875, 2030, 1988, 4842, 4853, 4879, 4880, 4853, 4873, 4874, 5037, 2075, 2105, 5037, 2105, 2106, 1986, 2020, 1729, 2031, 2030, 4842, 4853, 4872, 4873, 4853, 4863, 4872, 4853, 4844, 4863, 5036, 4853, 4880, 5029, 5028, 5030, 5028, 5027, 5030, 5027, 5026, 5030, 4871, 4870, 5030, 5032, 5031, 5030, 5030, 2101, 5036, 1964, 1950, 2087, 1950, 1956, 2089, 2082, 1950, 2089, 2100, 2101, 5030, 2106, 2100, 5030, 2108, 5045, 2104, 2089, 1956, 2090, 2090, 1956, 2095, 5036, 2102, 2103, 1973, 2099, 1956, 2095, 1956, 2099, 2101, 2102, 5036, 2087, 1950, 2082, 2097, 1964, 2087, 5036, 2104, 5045, 5037, 2106, 5030, 5036, 2103, 2104, 4888, 2029, 4890, 1979, 1831, 2027, 2029, 2028, 4890, 2028, 1834, 4890, 1981, 2110, 2111, 2112, 2029, 4888, 5055, 1981, 5054, 5054, 2112, 4888, 2027, 1831, 2028, 1831, 1834, 2028, 1979, 2027, 2110, 1981, 2111, 5054, 5054, 2111, 2112, 1981, 1979, 2110, 2038, 2037, 4853, 4844, 2032, 4842, 4853, 2037, 4844, 4851, 2035, 4853, 1996, 1793, 1995, 2023, 1792, 1996, 1994, 1995, 1793, 1994, 1783, 1993, 2033, 2032, 4844, 1783, 1992, 1993, 1783, 2021, 1992, 2032, 2031, 4842, 2037, 2036, 4844, 1792, 1793, 1996, 2036, 2033, 4844, 1783, 1782, 2021, 2038, 4853, 2035, 1793, 1783, 1994, 4838, 1991, 4954, 1731, 1907, 2071, 2071, 1907, 2072, 4837, 1730, 4838, 1907, 1906, 2072, 1730, 1990, 4838, 2072, 1906, 4953, 1989, 1731, 2071, 1730, 1989, 1990, 2073, 2072, 4953, 4838, 1990, 1991, 2073, 4954, 1991, 1730, 1731, 1989, 4954, 2073, 4953, 2094, 1955, 2093, 2041, 2040, 4863, 2133, 2049, 4871, 2050, 2051, 4873, 5032, 2138, 5031, 5031, 2137, 5029, 5029, 2136, 5028, 5028, 2135, 5027, 5027, 2134, 5026, 4878, 2055, 4879, 4877, 2054, 4878, 4876, 2057, 4877, 1795, 1796, 1998, 1795, 1999, 1794, 1800, 2003, 1797, 1798, 1797, 2000, 1799, 1798, 2001, 1801, 1799, 2002, 1800, 1794, 1997, 1802, 1801, 2004, 1803, 1802, 2005, 1804, 1803, 2006, 1946, 1804, 2007, 1796, 1805, 2008, 1805, 1806, 2009, 1806, 1807, 2010, 1807, 1808, 2011, 1808, 1809, 2012, 1809, 1810, 2013, 2091, 1952, 2088, 2088, 1951, 2086, 2086, 1949, 2085, 2085, 1948, 2084, 2084, 1947, 2083, 1955, 1954, 2093, 1954, 1953, 2092, 1953, 1952, 2091, 1952, 1951, 2088, 1951, 1949, 2086, 1949, 1948, 2085, 1948, 1947, 2084, 1947, 1946, 2083, 1810, 1811, 2014, 1811, 1812, 2015, 1812, 1813, 2016, 1813, 1814, 2017, 1816, 1955, 2094, 1814, 1815, 2018, 1816, 2019, 1815, 4875, 2053, 4876, 4883, 2061, 5035, 4882, 2060, 4883, 4881, 2058, 4882, 4880, 2059, 4881, 4879, 2056, 4880, 4874, 2052, 4875, 4873, 2051, 4874, 4872, 2050, 4873, 1997, 1794, 1999, 4863, 2040, 4872, 4867, 2045, 4861, 4865, 2043, 4864, 4864, 2042, 4867, 5026, 2133, 4871, 4871, 2049, 4870, 4870, 2048, 4869, 4869, 2046, 4868, 4868, 2047, 4866, 2018, 1815, 2019, 2019, 1816, 2094, 4866, 2044, 4865, 4862, 2041, 4863, 4861, 2039, 4862, 1999, 1795, 1998, 2000, 1797, 2003, 2001, 1798, 2000, 2002, 1799, 2001, 2003, 1800, 1997, 2004, 1801, 2002, 2005, 1802, 2004, 1946, 2007, 2083, 2006, 1803, 2005, 2007, 1804, 2006, 1998, 1796, 2008, 2008, 1805, 2009, 2009, 1806, 2010, 2010, 1807, 2011, 2011, 1808, 2012, 2141, 2140, 5034, 2140, 2139, 5033, 2139, 2138, 5032, 2138, 2137, 5031, 2137, 2136, 5029, 2136, 2135, 5028, 2135, 2134, 5027, 2134, 2133, 5026, 2012, 1809, 2013, 2013, 1810, 2014, 2014, 1811, 2015, 2060, 2061, 4883, 2058, 2060, 4882, 2061, 2141, 5035, 2059, 2058, 4881, 2056, 2059, 4880, 2055, 2056, 4879, 2054, 2055, 4878, 2057, 2054, 4877, 2053, 2057, 4876, 2092, 1953, 2091, 2093, 1954, 2092, 2052, 2053, 4875, 2051, 2052, 4874, 5033, 2139, 5032, 2050, 4872, 2040, 5034, 2140, 5033, 2049, 2048, 4870, 2048, 2046, 4869, 2046, 2047, 4868, 2045, 2039, 4861, 2047, 2044, 4866, 2044, 2043, 4865, 2042, 2045, 4867, 2043, 2042, 4864, 2017, 1814, 2018, 2016, 1813, 2017, 2015, 1812, 2016, 2039, 2041, 4862, 5035, 2141, 5034, 7879, 7895, 7896, 7917, 7887, 8108, 7903, 7888, 7904, 7904, 7888, 7905, 7905, 7888, 7906, 7976, 7879, 7899, 7879, 7898, 7899, 7879, 7897, 7898, 7892, 7879, 7901, 7891, 7879, 7892, 10570, 8142, 8143, 7981, 7977, 7978, 10546, 10542, 7854, 10678, 10598, 10599, 10678, 10599, 10600, 10676, 10675, 10678, 10678, 10600, 10601, 7981, 7975, 7977, 7970, 8159, 10679, 7981, 7974, 7975, 10679, 8159, 8160, 7981, 7979, 7980, 8219, 8070, 10688, 10674, 10673, 10678, 8220, 8219, 10688, 10679, 8160, 8184, 8143, 8114, 10570, 8114, 8115, 10570, 7911, 7981, 7980, 7910, 7981, 7911, 7978, 7979, 7981, 7909, 7981, 7910, 10674, 10672, 10673, 10672, 10671, 10673, 8110, 8109, 10560, 10671, 10670, 10673, 10670, 10669, 10673, 10669, 10668, 10673, 10668, 10590, 10673, 10679, 8184, 8185, 8187, 8186, 10688, 10688, 8186, 8220, 10590, 10589, 10673, 8109, 8073, 10560, 8073, 8072, 10560, 10589, 10588, 10673, 7917, 8142, 10570, 10588, 10587, 10673, 8072, 7854, 10560, 8070, 8067, 10732, 10656, 7966, 7970, 7906, 7981, 7907, 7906, 7888, 7981, 7965, 7966, 10656, 7919, 7917, 10649, 10547, 7867, 7868, 7908, 7981, 7909, 7907, 7981, 7908, 8070, 10732, 10733, 10688, 8070, 10733, 10584, 10579, 10562, 10584, 10562, 10583, 10585, 10583, 10562, 10586, 10585, 10562, 10587, 10586, 10562, 10572, 10562, 10581, 10581, 10562, 10580, 10580, 10562, 10579, 10587, 10562, 10673, 10572, 10581, 10582, 10572, 10582, 10591, 10572, 10591, 10592, 7867, 10547, 7854, 10678, 10572, 10598, 8215, 8070, 8219, 10572, 10592, 10593, 10572, 10593, 10594, 8177, 8070, 8215, 8178, 8070, 8177, 8178, 7998, 8070, 10572, 10597, 10598, 10572, 10596, 10597, 10572, 10594, 10595, 7976, 7899, 7900, 10572, 10595, 10596, 7976, 7974, 7981, 7889, 7879, 7890, 7879, 7891, 7890, 7879, 7888, 7901, 7976, 7973, 7974, 7976, 7972, 7973, 7879, 7896, 7897, 7902, 7888, 7903, 10560, 7854, 10542, 7879, 7893, 7895, 7879, 7894, 7893, 7879, 7889, 7894, 7976, 7971, 7972, 7970, 8155, 8159, 8175, 7970, 8176, 7970, 8175, 8155, 7976, 7900, 7971, 10678, 10601, 10677, 10677, 10676, 10678, 10675, 10674, 10678, 10665, 7970, 10679, 10665, 10657, 7970, 10656, 7970, 10657, 7878, 7854, 8106, 10546, 7854, 10547, 8071, 8105, 7854, 7970, 7990, 8176, 8106, 7854, 8105, 8071, 7854, 8072, 7917, 8141, 8142, 7917, 8107, 8141, 7917, 8108, 8107, 7917, 10570, 10645, 10649, 7917, 10645, 7901, 7888, 7902, 10673, 8180, 10678, 7998, 8178, 7981, 7976, 7981, 8163, 8180, 8181, 10678, 8168, 7976, 8162, 10679, 8185, 10673, 8179, 8180, 10673, 8185, 8179, 10673, 10678, 8181, 8182, 10678, 8182, 8183, 8187, 10688, 8183, 10678, 8183, 10688, 8174, 7981, 8178, 8169, 7981, 8174, 8163, 7981, 8169, 8162, 7976, 8163, 8176, 7990, 8168, 7990, 7976, 8168, 8067, 8066, 8216, 8066, 7918, 8144, 8144, 7918, 8145, 10731, 8218, 10648, 10648, 8146, 10649, 7918, 7919, 8145, 8146, 8145, 10649, 8218, 8146, 10648, 8066, 8144, 8216, 8145, 7919, 10649, 10731, 8217, 8218, 8067, 8217, 10731, 10732, 8067, 10731, 8067, 8216, 8217, 8113, 8112, 10562, 10572, 8116, 10562, 10570, 8115, 10572, 10562, 8111, 10560, 8081, 7888, 8080, 7887, 8081, 8108, 7887, 7888, 8081, 8079, 8080, 7888, 8117, 8116, 10572, 8079, 7879, 8078, 7888, 7879, 8079, 7879, 7878, 8106, 8117, 10572, 8115, 8116, 8113, 10562, 8111, 8110, 10560, 7879, 8106, 8077, 7879, 8077, 8078, 8112, 8111, 10562, 10549, 8075, 8076, 8158, 10659, 8076, 7868, 8075, 10549, 8156, 7967, 8157, 8158, 8157, 10656, 8157, 7965, 10656, 10659, 8158, 10656, 7869, 7967, 8156, 10547, 7868, 10549, 10549, 8076, 10659, 7967, 7965, 8157, 7868, 8074, 8075, 8074, 7869, 8156, 7868, 7869, 8074, 8214, 8213, 10676, 7975, 7974, 8167, 8118, 8120, 10580, 8121, 10582, 8119, 7907, 7908, 8101, 7908, 7909, 8102, 7909, 7910, 8103, 7911, 8104, 7910, 7911, 7980, 8173, 8082, 7889, 8084, 8084, 7890, 8083, 8083, 7891, 8085, 10579, 8118, 10580, 10580, 8120, 10581, 8085, 7892, 8094, 8121, 8130, 10591, 8086, 7893, 8087, 10581, 8119, 10582, 10582, 8121, 10591, 8123, 8122, 10583, 10672, 8210, 10671, 10674, 8211, 10672, 8125, 8118, 10579, 8122, 8125, 10584, 10586, 8124, 10585, 8087, 7894, 8082, 8088, 7895, 8086, 8124, 8123, 10585, 8127, 8124, 10586, 8126, 8127, 10587, 10675, 8212, 10674, 8128, 8126, 10588, 8213, 8212, 10675, 7905, 7906, 8099, 7906, 7907, 8100, 8089, 7896, 8088, 10587, 8127, 10586, 10588, 8126, 10587, 10589, 8128, 10588, 10590, 8129, 10589, 8090, 7897, 8089, 8091, 7898, 8090, 8092, 7899, 8091, 8093, 7900, 8092, 8129, 8128, 10589, 8206, 8129, 10590, 7971, 8093, 8164, 10668, 8206, 10590, 8094, 7901, 8095, 8095, 7902, 8096, 8096, 7903, 8097, 10583, 8122, 10584, 10584, 8125, 10579, 10585, 8123, 10583, 10591, 8130, 10592, 7904, 7905, 8098, 7903, 7904, 8097, 8130, 8131, 10592, 10592, 8131, 10593, 10597, 8136, 10598, 7902, 7903, 8096, 7901, 7902, 8095, 8131, 8132, 10593, 8132, 8133, 10594, 8133, 8134, 10595, 7971, 7900, 8093, 8134, 8135, 10596, 8135, 8136, 10597, 8136, 8138, 10598, 7900, 7899, 8092, 10598, 8138, 10599, 8138, 8137, 10599, 8137, 8139, 10600, 8139, 8140, 10601, 10599, 8137, 10600, 10600, 8139, 10601, 10601, 8140, 10677, 10593, 8132, 10594, 10594, 8133, 10595, 10595, 8134, 10596, 10596, 8135, 10597, 7899, 7898, 8091, 7898, 7897, 8090, 7897, 7896, 8089, 7896, 7895, 8088, 7894, 8087, 7893, 7894, 7889, 8082, 7895, 7893, 8086, 8097, 7904, 8098, 8098, 7905, 8099, 8099, 7906, 8100, 8140, 8214, 10677, 8207, 8206, 10668, 8208, 8207, 10669, 8209, 8208, 10670, 8210, 8209, 10671, 8211, 8210, 10672, 8212, 8211, 10674, 8172, 7979, 8171, 8171, 7978, 8170, 8120, 8119, 10581, 8173, 7980, 8172, 10676, 8213, 10675, 10677, 8214, 10676, 10671, 8209, 10670, 8170, 7977, 8161, 8167, 8161, 7975, 8167, 7974, 8166, 8166, 7973, 8165, 8165, 7972, 8164, 10670, 8208, 10669, 7892, 7901, 8094, 7891, 7892, 8085, 7890, 8084, 7889, 7980, 7979, 8172, 7979, 7978, 8171, 10669, 8207, 10668, 8100, 7907, 8101, 7890, 7891, 8083, 8101, 7908, 8102, 8102, 7909, 8103, 8104, 7911, 8173, 8103, 7910, 8104, 7972, 7971, 8164, 7973, 7972, 8165, 7974, 7973, 8166, 7978, 7977, 8170, 7977, 7975, 8161, 5074, 5071, 5072, 4835, 4953, 4955, 5064, 5063, 5062, 5063, 5051, 5062, 5046, 5045, 5062, 5056, 5055, 5057, 5053, 5063, 5076, 5053, 5052, 5063, 5052, 5051, 5063, 5051, 5050, 5046, 5041, 5044, 5038, 5046, 5062, 5051, 4959, 4957, 5067, 5067, 5068, 4959, 4960, 4959, 5070, 5068, 5069, 4959, 5070, 4959, 5069, 5070, 5071, 5074, 5050, 5049, 5046, 5074, 5072, 5073, 5049, 5048, 5046, 5073, 5081, 5086, 5086, 5081, 5082, 5083, 5084, 5086, 5086, 5082, 5083, 5048, 5038, 5046, 5077, 5076, 5098, 5078, 5077, 5098, 5079, 5078, 5098, 5076, 5063, 5098, 5080, 5079, 5098, 5074, 4960, 5070, 5085, 5080, 5086, 5086, 5084, 5085, 5086, 5080, 5098, 5086, 5074, 5073, 5048, 5047, 5038, 5047, 5043, 5038, 5098, 5099, 5086, 5099, 5100, 5086, 5087, 5086, 5100, 5043, 5042, 5038, 5042, 5041, 5038, 4957, 5066, 5067, 5065, 5066, 4957, 5039, 5065, 4957, 5040, 5039, 4957, 4957, 5038, 5040, 5075, 4960, 5074, 4960, 4958, 4959, 4958, 4960, 4841, 4957, 4956, 5038, 4956, 4955, 5038, 4955, 5037, 5038, 4956, 4835, 4955, 5097, 4943, 4944, 4943, 5097, 5096, 4841, 4839, 4958, 4954, 4953, 4837, 4837, 4838, 4954, 5057, 4889, 4891, 5055, 4890, 5057, 5055, 5054, 4890, 4890, 4889, 5057, 5054, 4888, 4890, 4835, 4834, 4837, 4835, 4837, 4953, 5044, 5040, 5038, 4912, 4913, 5075, 4924, 4912, 5074, 4925, 4924, 5086, 5087, 4925, 5086, 5086, 4924, 5074, 5074, 4912, 5075, 4886, 5063, 4887, 5063, 5064, 5061, 5098, 4926, 5099, 4886, 4885, 5063, 4892, 4887, 5063, 4926, 4927, 4928, 4885, 4926, 5098, 4926, 4928, 5094, 4926, 5094, 5095, 5099, 4926, 5095, 5063, 4885, 5098, 5061, 4892, 5063, 4852, 4853, 5036, 4843, 4852, 5046, 4844, 4842, 5038, 4842, 4843, 5038, 4852, 4851, 4853, 5030, 4844, 5038, 5038, 4843, 5046, 5037, 5030, 5038, 5036, 5045, 4852, 5046, 4852, 5045, 4959, 4840, 4957, 4958, 4839, 4959, 4840, 4959, 4839, 4840, 4836, 4957, 4836, 4835, 4956, 4957, 4836, 4956, 5065, 4903, 5066, 4857, 4856, 5049, 5051, 4858, 5050, 5050, 4857, 5049, 5049, 4856, 5048, 5048, 4855, 5047, 5047, 4854, 5043, 5069, 4907, 5070, 5070, 4908, 5071, 5041, 4847, 5044, 5043, 4849, 5042, 5042, 4848, 5041, 5040, 4845, 5039, 5044, 4850, 5040, 5071, 4909, 5072, 5072, 4910, 5073, 5076, 4914, 5053, 5053, 4860, 5052, 5077, 4915, 5076, 5068, 4906, 5069, 5078, 4916, 5077, 5085, 4922, 5080, 5079, 4917, 5078, 5080, 4918, 5079, 4923, 4922, 5085, 4923, 5084, 4920, 4921, 4920, 5083, 4919, 4921, 5082, 4911, 4919, 5081, 4918, 4917, 5079, 4922, 4918, 5080, 4917, 4916, 5078, 4916, 4915, 5077, 4915, 4914, 5076, 4914, 4860, 5053, 4910, 4911, 5073, 4909, 4910, 5072, 4908, 4909, 5071, 4908, 5070, 4907, 4906, 4907, 5069, 4905, 4906, 5068, 4905, 5067, 4904, 4904, 5066, 4903, 4846, 4903, 5065, 4860, 4859, 5052, 4859, 4858, 5051, 4858, 4857, 5050, 5067, 4905, 5068, 5066, 4904, 5067, 5039, 4846, 5065, 5073, 4911, 5081, 5081, 4919, 5082, 5083, 4920, 5084, 4850, 4845, 5040, 4845, 4846, 5039, 4848, 4847, 5041, 4849, 4848, 5042, 4847, 4850, 5044, 5082, 4921, 5083, 5084, 4923, 5085, 4854, 4849, 5043, 4855, 4854, 5047, 4856, 4855, 5048, 5052, 4859, 5051, 10687, 10686, 10680, 10689, 10688, 10733, 10729, 10717, 10725, 10707, 10718, 10719, 10729, 10725, 10726, 10728, 10724, 10729, 10707, 10705, 10706, 10706, 10713, 10707, 10729, 10727, 10728, 10721, 10720, 10736, 10732, 10731, 10649, 10695, 10734, 10720, 10695, 10694, 10734, 10694, 10693, 10734, 10693, 10733, 10734, 10693, 10692, 10689, 10692, 10691, 10689, 10691, 10690, 10689, 10689, 10733, 10693, 10690, 10680, 10689, 10690, 10687, 10680, 10686, 10685, 10680, 10731, 10648, 10649, 10548, 10546, 10547, 10549, 10656, 10547, 10548, 10547, 10656, 10548, 10656, 10657, 10658, 10548, 10657, 10659, 10656, 10549, 10649, 10647, 10732, 10649, 10645, 10647, 10729, 10716, 10717, 10729, 10718, 10716, 10621, 10620, 10703, 10704, 10621, 10703, 10685, 10681, 10680, 10667, 10709, 10710, 10708, 10709, 10667, 10683, 10708, 10667, 10682, 10683, 10667, 10684, 10682, 10680, 10680, 10681, 10684, 10667, 10680, 10682, 10718, 10707, 10713, 10722, 10721, 10736, 10723, 10722, 10736, 10736, 10720, 10734, 10724, 10723, 10736, 10729, 10724, 10736, 10733, 10647, 10735, 10667, 10666, 10680, 10666, 10665, 10680, 10665, 10679, 10680, 10718, 10715, 10716, 10718, 10714, 10715, 10651, 10652, 10738, 10713, 10714, 10718, 10713, 10706, 10712, 10711, 10712, 10706, 10733, 10732, 10647, 10730, 10729, 10738, 10737, 10738, 10729, 10736, 10737, 10729, 10737, 10651, 10738, 10710, 10711, 10706, 10734, 10733, 10735, 10706, 10667, 10710, 10726, 10727, 10729, 10729, 10643, 10718, 10730, 10644, 10729, 10632, 10633, 10719, 10643, 10632, 10718, 10644, 10643, 10729, 10718, 10632, 10719, 10734, 10646, 10736, 10736, 10650, 10737, 10647, 10646, 10734, 10646, 10650, 10736, 10651, 10737, 10650, 10647, 10734, 10735, 10678, 10688, 10571, 10561, 10571, 10689, 10673, 10562, 10680, 10680, 10561, 10689, 10679, 10673, 10680, 10571, 10572, 10678, 10689, 10571, 10688, 10562, 10560, 10680, 10560, 10561, 10680, 10571, 10570, 10572, 10611, 10604, 10706, 10544, 10660, 10664, 10667, 10544, 10666, 10603, 10544, 10667, 10544, 10545, 10660, 10544, 10543, 10545, 10702, 10611, 10706, 10706, 10603, 10667, 10705, 10702, 10706, 10664, 10666, 10544, 10604, 10602, 10706, 10706, 10602, 10603, 10686, 10568, 10685, 10685, 10567, 10681, 10567, 10563, 10681, 10724, 10638, 10723, 10728, 10641, 10724, 10723, 10637, 10722, 10642, 10641, 10728, 10642, 10727, 10639, 10640, 10639, 10726, 10638, 10637, 10723, 10641, 10638, 10724, 10565, 10622, 10708, 10623, 10709, 10622, 10624, 10710, 10623, 10624, 10625, 10711, 10625, 10626, 10712, 10627, 10713, 10626, 10627, 10628, 10714, 10722, 10636, 10721, 10721, 10635, 10720, 10637, 10636, 10722, 10713, 10627, 10714, 10712, 10626, 10713, 10711, 10625, 10712, 10720, 10634, 10695, 10684, 10566, 10682, 10710, 10624, 10711, 10717, 10631, 10725, 10709, 10623, 10710, 10716, 10630, 10717, 10708, 10622, 10709, 10683, 10565, 10708, 10631, 10640, 10725, 10630, 10631, 10717, 10629, 10630, 10716, 10628, 10629, 10715, 10715, 10629, 10716, 10714, 10628, 10715, 10726, 10639, 10727, 10566, 10564, 10682, 10564, 10565, 10683, 10563, 10566, 10684, 10568, 10567, 10685, 10695, 10578, 10694, 10694, 10577, 10693, 10693, 10576, 10692, 10692, 10575, 10691, 10691, 10574, 10690, 10634, 10578, 10695, 10635, 10634, 10720, 10578, 10577, 10694, 10577, 10576, 10693, 10576, 10575, 10692, 10575, 10574, 10691, 10690, 10573, 10687, 10687, 10569, 10686, 10574, 10573, 10690, 10573, 10569, 10687, 10569, 10568, 10686, 10636, 10635, 10721, 10727, 10642, 10728, 10682, 10564, 10683, 10725, 10640, 10726, 10681, 10563, 10684, 1933, 1932, 1983, 1934, 1935, 1733, 1972, 1984, 1985, 1973, 1972, 1985, 1910, 1727, 1908, 1839, 1911, 1913, 1840, 1725, 1839, 1839, 1732, 1911, 1982, 1832, 1981, 1930, 1929, 1944, 1931, 1930, 1944, 1972, 1970, 1983, 1971, 1968, 1972, 1968, 1970, 1972, 1970, 1969, 1983, 1969, 1933, 1983, 1929, 1928, 1944, 1932, 1931, 1983, 1972, 1967, 1971, 1972, 1966, 1967, 1972, 1965, 1966, 1972, 1962, 1965, 1972, 1963, 1962, 1963, 1910, 1959, 1963, 1961, 1962, 1963, 1960, 1961, 1959, 1960, 1963, 1910, 1909, 1959, 1909, 1958, 1959, 1957, 1958, 1909, 1922, 1957, 1909, 1931, 1944, 1983, 1912, 1733, 1935, 1981, 1834, 1831, 1832, 1834, 1981, 1832, 1982, 1980, 1831, 1979, 1981, 1907, 1730, 1906, 1730, 1907, 1731, 1906, 1727, 1910, 1730, 1727, 1906, 1928, 1927, 1923, 1927, 1926, 1923, 1934, 1756, 1936, 1926, 1925, 1923, 1841, 1840, 1913, 1840, 1839, 1913, 1910, 1908, 1909, 1910, 1963, 1964, 1841, 1913, 1918, 1918, 1919, 1841, 1909, 1841, 1922, 1832, 1833, 1834, 1923, 1935, 1928, 1729, 1727, 1730, 1919, 1920, 1841, 1920, 1921, 1841, 1925, 1913, 1923, 1925, 1924, 1913, 1725, 1724, 1839, 1724, 1732, 1839, 1733, 1755, 1756, 1922, 1841, 1921, 1915, 1914, 1913, 1945, 1944, 1935, 1944, 1928, 1935, 1923, 1912, 1935, 1918, 1913, 1914, 1733, 1756, 1934, 1917, 1916, 1913, 1916, 1915, 1913, 1924, 1917, 1913, 1756, 1760, 1936, 1983, 1984, 1972, 1963, 1781, 1964, 1964, 1781, 1950, 1972, 1791, 1963, 1781, 1782, 1783, 1792, 1972, 1793, 1792, 1791, 1972, 1781, 1783, 1950, 1791, 1781, 1963, 1956, 1793, 1972, 1972, 1973, 1956, 1944, 1945, 1943, 1761, 1759, 1944, 1817, 1819, 1977, 1758, 1757, 1944, 1758, 1944, 1759, 1757, 1817, 1983, 1817, 1818, 1819, 1943, 1761, 1944, 1817, 1977, 1978, 1944, 1757, 1983, 1983, 1817, 1984, 1984, 1817, 1978, 1744, 1733, 1912, 1923, 1744, 1912, 1732, 1734, 1913, 1734, 1744, 1923, 1911, 1732, 1913, 1913, 1734, 1923, 1726, 1725, 1840, 1728, 1726, 1841, 1728, 1909, 1727, 1841, 1726, 1840, 1908, 1727, 1909, 1909, 1728, 1841, 1750, 1749, 1928, 1786, 1785, 1967, 1960, 1778, 1961, 1961, 1779, 1962, 1745, 1738, 1917, 1789, 1788, 1969, 1962, 1780, 1965, 1965, 1784, 1966, 1966, 1786, 1967, 1969, 1788, 1933, 1933, 1754, 1932, 1932, 1753, 1931, 1931, 1752, 1930, 1930, 1751, 1929, 1929, 1750, 1928, 1928, 1749, 1927, 1927, 1748, 1926, 1926, 1747, 1925, 1925, 1746, 1924, 1924, 1745, 1917, 1958, 1776, 1959, 1922, 1743, 1957, 1921, 1742, 1922, 1920, 1741, 1921, 1919, 1740, 1920, 1914, 1735, 1918, 1918, 1739, 1919, 1916, 1737, 1915, 1917, 1738, 1916, 1915, 1736, 1914, 1957, 1775, 1958, 1746, 1745, 1924, 1967, 1785, 1971, 1968, 1787, 1970, 1747, 1746, 1925, 1748, 1747, 1926, 1971, 1790, 1968, 1970, 1789, 1969, 1738, 1737, 1916, 1749, 1748, 1927, 1788, 1754, 1933, 1743, 1775, 1957, 1743, 1922, 1742, 1735, 1739, 1918, 1742, 1921, 1741, 1740, 1741, 1920, 1737, 1736, 1915, 1736, 1735, 1914, 1754, 1753, 1932, 1753, 1752, 1931, 1752, 1751, 1930, 1751, 1750, 1929, 1775, 1776, 1958, 1777, 1959, 1776, 1777, 1778, 1960, 1778, 1779, 1961, 1779, 1780, 1962, 1785, 1790, 1971, 1789, 1970, 1787, 1780, 1784, 1965, 1784, 1786, 1966, 1739, 1740, 1919, 1790, 1787, 1968, 1959, 1777, 1960, 7936, 7949, 7969, 7984, 7969, 7983, 7916, 7917, 7919, 7946, 7947, 7936, 7999, 7912, 7914, 7829, 7912, 7999, 7926, 7814, 7924, 7814, 7810, 7924, 7947, 7948, 7936, 7949, 7936, 7948, 7943, 7942, 7939, 7942, 7941, 7939, 7944, 7943, 7939, 7925, 7924, 7828, 7810, 7828, 7924, 7951, 7944, 7939, 7950, 7999, 7954, 7954, 7999, 8000, 7952, 7951, 7950, 7953, 7952, 7950, 7954, 7953, 7950, 7955, 7954, 8000, 7810, 7809, 7828, 7868, 7967, 7869, 7868, 7965, 7967, 7868, 7964, 7965, 7867, 7964, 7868, 7867, 7866, 7964, 7941, 7940, 7939, 7936, 7939, 7945, 7939, 7950, 7951, 7994, 7991, 7997, 7997, 7987, 7988, 7997, 7988, 7992, 7997, 7992, 7993, 7997, 7993, 7994, 7958, 7957, 8068, 7956, 7955, 8000, 7957, 7956, 8000, 7957, 8000, 8068, 7936, 7935, 7939, 7935, 7925, 7939, 7925, 7937, 7939, 7925, 7828, 7937, 7916, 8067, 8070, 8067, 7919, 8066, 7918, 8066, 7919, 7916, 7919, 8067, 7965, 7964, 7966, 7970, 7968, 7969, 7959, 7958, 8068, 7996, 7959, 8068, 7995, 7996, 8068, 7997, 7995, 8068, 7938, 7829, 7999, 7999, 7914, 8001, 7970, 7969, 7984, 7970, 7989, 7990, 7950, 7938, 7999, 8000, 7999, 8001, 7936, 7945, 7946, 8069, 7916, 8070, 8068, 8069, 7997, 7991, 7995, 7997, 7989, 7970, 7984, 7997, 7989, 7987, 7997, 8069, 8070, 7998, 7997, 8070, 7969, 7949, 7982, 7945, 7939, 7940, 7989, 7986, 7987, 7989, 7985, 7986, 7984, 7985, 7989, 7982, 7983, 7969, 7997, 7998, 7981, 7990, 7877, 7976, 7989, 7877, 7990, 7877, 7878, 7879, 7877, 7879, 7976, 7997, 7886, 7989, 7886, 7877, 7989, 7887, 7886, 7997, 7887, 7997, 7888, 7981, 7888, 7997, 7914, 7913, 8000, 7916, 8069, 7915, 7913, 7915, 8068, 8001, 7914, 8000, 8000, 7913, 8068, 8068, 7915, 8069, 7950, 7841, 7938, 7830, 7841, 7950, 7841, 7829, 7938, 7937, 7828, 7939, 7939, 7830, 7950, 7828, 7830, 7939, 7934, 7935, 7812, 7936, 7812, 7935, 7963, 7857, 7969, 7969, 7852, 7936, 7968, 7963, 7969, 7857, 7853, 7969, 7969, 7851, 7852, 7812, 7811, 7813, 7853, 7851, 7969, 7812, 7813, 7927, 7852, 7812, 7936, 7812, 7927, 7934, 7847, 7846, 7955, 7844, 7843, 7952, 7957, 7848, 7956, 7956, 7847, 7955, 7955, 7846, 7954, 7954, 7845, 7953, 7953, 7844, 7952, 7836, 7838, 7946, 7952, 7843, 7951, 7959, 7850, 7958, 7949, 7840, 7982, 7948, 7839, 7949, 7884, 7850, 7959, 7848, 7847, 7956, 7846, 7845, 7954, 7838, 7837, 7947, 7996, 7884, 7959, 7850, 7849, 7958, 7839, 7948, 7837, 7840, 7949, 7839, 7885, 7884, 7996, 7881, 7883, 7994, 7840, 7870, 7982, 7882, 7881, 7993, 7883, 7880, 7991, 7876, 7882, 7992, 7875, 7876, 7988, 7941, 7832, 7940, 7943, 7834, 7942, 7991, 7880, 7995, 7942, 7833, 7941, 7995, 7885, 7996, 7944, 7835, 7943, 7951, 7842, 7944, 7833, 7832, 7941, 7849, 7848, 7957, 7994, 7883, 7991, 7834, 7833, 7942, 7832, 7831, 7940, 7988, 7876, 7992, 7987, 7875, 7988, 7986, 7874, 7987, 7985, 7873, 7986, 7880, 7885, 7995, 7831, 7836, 7945, 7992, 7882, 7993, 7945, 7836, 7946, 7993, 7881, 7994, 7984, 7872, 7985, 7983, 7871, 7984, 7982, 7870, 7983, 7870, 7871, 7983, 7872, 7984, 7871, 7835, 7834, 7943, 7842, 7835, 7944, 7872, 7873, 7985, 7873, 7874, 7986, 7946, 7838, 7947, 7940, 7831, 7945, 7947, 7837, 7948, 7843, 7842, 7951, 7845, 7844, 7953, 7874, 7875, 7987, 7958, 7849, 7957, 4826, 4256, 4839, 4258, 4256, 4827, 4512, 4258, 4830, 4851, 4391, 4884, 4830, 4258, 4827, 4827, 4256, 4826, 4884, 4423, 4886, 4834, 4224, 4382, 4539, 4513, 4833, 4832, 4539, 4833, 4536, 4539, 4832, 4225, 4224, 4834, 4884, 4420, 4423, 4927, 4536, 4832, 4420, 4884, 4391, 4833, 4513, 4831, 4927, 4832, 4929, 4835, 4225, 4834, 4834, 4382, 4842, 4841, 4826, 4839, 4828, 4512, 4830, 4912, 4828, 4913, 4925, 4829, 4924, 4829, 4513, 4924, 4500, 4512, 4828, 4912, 4500, 4828, 4829, 4831, 4513, 4924, 4511, 4912, 4513, 4511, 4924, 4511, 4500, 4912, 4926, 4535, 4927, 4423, 4422, 4885, 4535, 4926, 4422, 4535, 4536, 4927, 4885, 4422, 4926, 4886, 4423, 4885, 4852, 4392, 4851, 4392, 4391, 4851, 4392, 4852, 4383, 4842, 4382, 4843, 4843, 4383, 4852, 4383, 4843, 4382, 4836, 4226, 4835, 4839, 4256, 4840, 4840, 4257, 4836, 4226, 4225, 4835, 4257, 4840, 4256, 4257, 4226, 4836, 4919, 4506, 4921, 4388, 4387, 4848, 4507, 4510, 4923, 4508, 4507, 4920, 4508, 4921, 4506, 4506, 4919, 4499, 4399, 4398, 4859, 4509, 4505, 4918, 4398, 4397, 4858, 4505, 4503, 4917, 4397, 4396, 4857, 4396, 4395, 4856, 4395, 4394, 4855, 4394, 4393, 4854, 4503, 4504, 4916, 4393, 4388, 4849, 4918, 4505, 4917, 4504, 4502, 4915, 4387, 4386, 4847, 4384, 4385, 4846, 4389, 4384, 4845, 4502, 4501, 4914, 4501, 4399, 4860, 4499, 4911, 4498, 4498, 4910, 4497, 4497, 4909, 4496, 4496, 4908, 4495, 4495, 4907, 4494, 4493, 4494, 4906, 4493, 4905, 4492, 4492, 4904, 4491, 4385, 4491, 4903, 4923, 4510, 4922, 4850, 4389, 4845, 4845, 4384, 4846, 4848, 4387, 4847, 4849, 4388, 4848, 4847, 4386, 4850, 4854, 4393, 4849, 4855, 4394, 4854, 4856, 4395, 4855, 4857, 4396, 4856, 4858, 4397, 4857, 4859, 4398, 4858, 4860, 4399, 4859, 4921, 4508, 4920, 4920, 4507, 4923, 4846, 4385, 4903, 4903, 4491, 4904, 4905, 4493, 4906, 4904, 4492, 4905, 4907, 4495, 4908, 4908, 4496, 4909, 4909, 4497, 4910, 4910, 4498, 4911, 4914, 4501, 4860, 4915, 4502, 4914, 4916, 4504, 4915, 4922, 4509, 4918, 4917, 4503, 4916, 4911, 4499, 4919, 4386, 4389, 4850, 4906, 4494, 4907, 4510, 4509, 4922, 10539, 9926, 10540, 9892, 10645, 9721, 10540, 9844, 10538, 10651, 9925, 10652, 10645, 9894, 10647, 10533, 9817, 10602, 10570, 9721, 10645, 10543, 9675, 10542, 10537, 9821, 10534, 9925, 10539, 10652, 10534, 9817, 10533, 10542, 9711, 10560, 9675, 9673, 10542, 9926, 9844, 10540, 9925, 9926, 10539, 10542, 9673, 9711, 9821, 9817, 10534, 9843, 9821, 10537, 10645, 9892, 9894, 10605, 10533, 10602, 10536, 9844, 10643, 9842, 9832, 10632, 9832, 9843, 10535, 10632, 9832, 10633, 9844, 9842, 10643, 9832, 10535, 10633, 10536, 10538, 9844, 10535, 9843, 10537, 10643, 9842, 10632, 10644, 10536, 10643, 9924, 10650, 9893, 9924, 9925, 10651, 10646, 9893, 10650, 9894, 10646, 10647, 9894, 9893, 10646, 10650, 9924, 10651, 9712, 10561, 9711, 10571, 9722, 10570, 10561, 9712, 10571, 9722, 10571, 9712, 10560, 9711, 10561, 9722, 9721, 10570, 9818, 10603, 9817, 10603, 9818, 10544, 9818, 9676, 10544, 10602, 9817, 10603, 10544, 9676, 10543, 9676, 9675, 10543, 9719, 9718, 10568, 10641, 9840, 10638, 9823, 10623, 9822, 10642, 9841, 10641, 10640, 9839, 10639, 10564, 9714, 10565, 10563, 9713, 10566, 10566, 9716, 10564, 10573, 9723, 10569, 10574, 9724, 10573, 10575, 9725, 10574, 10576, 9726, 10575, 10577, 9727, 10576, 10578, 9728, 10577, 10565, 9715, 10622, 10622, 9822, 10623, 10623, 9823, 10624, 10624, 9824, 10625, 9841, 9840, 10641, 9838, 9841, 10642, 10639, 9838, 10642, 9839, 9838, 10639, 9840, 9837, 10638, 9837, 9835, 10637, 9835, 9836, 10636, 9836, 9834, 10635, 9834, 9833, 10634, 9833, 9728, 10578, 10625, 9825, 10626, 9839, 10640, 9831, 9831, 10631, 9830, 9830, 10630, 9829, 9829, 10629, 9828, 9828, 10628, 9827, 9827, 10627, 9826, 9826, 10626, 9825, 9824, 9825, 10625, 9824, 10624, 9823, 9715, 9822, 10622, 10626, 9826, 10627, 10627, 9827, 10628, 10628, 9828, 10629, 10569, 9719, 10568, 10629, 9829, 10630, 9727, 9726, 10576, 9726, 9725, 10575, 9725, 9724, 10574, 9724, 9723, 10573, 10630, 9830, 10631, 10631, 9831, 10640, 9723, 9719, 10569, 10634, 9833, 10578, 9718, 9717, 10567, 9713, 9716, 10566, 9714, 9715, 10565, 10568, 9718, 10567, 10567, 9717, 10563, 9716, 9714, 10564, 9717, 9713, 10563, 10635, 9834, 10634, 10636, 9836, 10635, 10637, 9835, 10636, 10638, 9837, 10637, 9728, 9727, 10577, 1755, 1061, 1085, 1226, 1820, 1250, 1818, 1247, 1820, 1250, 1820, 1247, 1733, 1038, 1755, 1755, 1085, 1758, 1782, 1216, 1729, 1037, 1724, 914, 915, 914, 1724, 1729, 964, 1727, 1725, 915, 1724, 1724, 1037, 1732, 966, 964, 1729, 966, 1729, 1216, 1820, 1226, 1792, 1061, 1755, 1038, 1226, 1225, 1791, 1791, 1225, 1781, 1781, 1215, 1782, 1225, 1215, 1781, 1215, 1216, 1782, 1226, 1791, 1792, 1085, 1084, 1757, 1758, 1085, 1757, 1757, 1084, 1817, 1817, 1246, 1818, 1246, 1817, 1084, 1246, 1247, 1818, 1039, 1734, 1037, 1732, 1037, 1734, 1744, 1049, 1733, 1734, 1039, 1744, 1049, 1744, 1039, 1049, 1038, 1733, 965, 1728, 964, 965, 916, 1726, 1726, 916, 1725, 916, 915, 1725, 1727, 964, 1728, 1728, 965, 1726, 1208, 1775, 1048, 1741, 1046, 1742, 1054, 1053, 1748, 1053, 1052, 1747, 1052, 1051, 1746, 1738, 1043, 1737, 1051, 1050, 1745, 1737, 1042, 1736, 1050, 1043, 1738, 1056, 1055, 1750, 1057, 1056, 1751, 1736, 1041, 1735, 1058, 1057, 1752, 1048, 1743, 1047, 1059, 1058, 1753, 1789, 1222, 1788, 1790, 1223, 1787, 1787, 1220, 1789, 1785, 1218, 1790, 1047, 1742, 1046, 1045, 1046, 1741, 1044, 1045, 1740, 1040, 1044, 1739, 1735, 1040, 1739, 1786, 1219, 1785, 1784, 1217, 1786, 1780, 1213, 1784, 1043, 1042, 1737, 1221, 1059, 1754, 1779, 1212, 1780, 1042, 1041, 1736, 1041, 1040, 1735, 1740, 1045, 1741, 1209, 1776, 1208, 1210, 1777, 1209, 1211, 1778, 1210, 1778, 1211, 1779, 1212, 1779, 1211, 1213, 1780, 1212, 1217, 1784, 1213, 1219, 1786, 1217, 1739, 1044, 1740, 1777, 1210, 1778, 1776, 1209, 1777, 1775, 1208, 1776, 1219, 1218, 1785, 1223, 1220, 1787, 1222, 1221, 1788, 1220, 1222, 1789, 1788, 1221, 1754, 1754, 1059, 1753, 1753, 1058, 1752, 1752, 1057, 1751, 1751, 1056, 1750, 1750, 1055, 1749, 1749, 1054, 1748, 1748, 1053, 1747, 1747, 1052, 1746, 1746, 1051, 1745, 1745, 1050, 1738, 1218, 1223, 1790, 1743, 1048, 1775, 1742, 1047, 1743, 1055, 1054, 1749, 7809, 6101, 7828, 6237, 6233, 7854, 6369, 6370, 7917, 7854, 6233, 7851, 7878, 6280, 7854, 6289, 7917, 6370, 7811, 6099, 7809, 7912, 6318, 6320, 6318, 7912, 6102, 7829, 6102, 7912, 7912, 6320, 7914, 6099, 6076, 7809, 6101, 7809, 6076, 7917, 6289, 7887, 7916, 6369, 7917, 6237, 7854, 6280, 7877, 6279, 7878, 6279, 6280, 7878, 6288, 6279, 7877, 6289, 6288, 7886, 6289, 7886, 7887, 7886, 6288, 7877, 7915, 6368, 7916, 7913, 6319, 7915, 7914, 6320, 7913, 6320, 6319, 7913, 6368, 7915, 6319, 6368, 6369, 7916, 6114, 6102, 7829, 6114, 7841, 6103, 7828, 6101, 7830, 7841, 6114, 7829, 6103, 7830, 6101, 7830, 6103, 7841, 7812, 6100, 7811, 6234, 7852, 6233, 6100, 6099, 7811, 6234, 6100, 7812, 7852, 6234, 7812, 6233, 7852, 7851, 7874, 6275, 7875, 7875, 6276, 7876, 6115, 6108, 7835, 6104, 6109, 7836, 6109, 6110, 7838, 7880, 6281, 7885, 7885, 6286, 7884, 7881, 6282, 7883, 7882, 6283, 7881, 7883, 6284, 7880, 7876, 6277, 7882, 7832, 6105, 7831, 6281, 6286, 7885, 6286, 6285, 7884, 6282, 6284, 7883, 6283, 6282, 7881, 6284, 6281, 7880, 7834, 6106, 7833, 7833, 6107, 7832, 6283, 7882, 6277, 6277, 7876, 6276, 6276, 7875, 6275, 6275, 7874, 6274, 6274, 7873, 6273, 6273, 7872, 6272, 6272, 7871, 6271, 7835, 6108, 7834, 7842, 6115, 7835, 6106, 6107, 7833, 6285, 6123, 7850, 6123, 6122, 7849, 6122, 6121, 7848, 6121, 6120, 7847, 6120, 6119, 7846, 6119, 6118, 7845, 6118, 6117, 7844, 6117, 6116, 7843, 6116, 6115, 7842, 7836, 6109, 7838, 7838, 6110, 7837, 6271, 7870, 6113, 6113, 7840, 6112, 6112, 7839, 6111, 6110, 6111, 7837, 7831, 6104, 7836, 7837, 6111, 7839, 7839, 6112, 7840, 7840, 6113, 7870, 7843, 6116, 7842, 7844, 6117, 7843, 7845, 6118, 7844, 7846, 6119, 7845, 7847, 6120, 7846, 7848, 6121, 7847, 7849, 6122, 7848, 7850, 6123, 7849, 7884, 6285, 7850, 6107, 6105, 7832, 6105, 6104, 7831, 7870, 6271, 7871, 7871, 6272, 7872, 7872, 6273, 7873, 7873, 6274, 7874, 6108, 6106, 7834, 6787, 6777, 6838, 6329, 6328, 6346, 6377, 6375, 6413, 6376, 6377, 6413, 6378, 6376, 6413, 6379, 6378, 6413, 6381, 6379, 6413, 6383, 6414, 6175, 6175, 6415, 6174, 6382, 6385, 6413, 6381, 6413, 6380, 6385, 6380, 6413, 6384, 6413, 6383, 6384, 6382, 6413, 6181, 6427, 5938, 6426, 5938, 6427, 6418, 6420, 5938, 6419, 5938, 6420, 6419, 6421, 5938, 6421, 6422, 5938, 6418, 5938, 6425, 6424, 6425, 5938, 6424, 5938, 6426, 6427, 6181, 6386, 6427, 6386, 6387, 6427, 6387, 6388, 6427, 6388, 6390, 6390, 6389, 6427, 6427, 6389, 6391, 6427, 6391, 6392, 6374, 6373, 6413, 6373, 6162, 6413, 6413, 5934, 6412, 5934, 6411, 6412, 5934, 6410, 6411, 5934, 6409, 6410, 5934, 6408, 6409, 6407, 5934, 6405, 6210, 6064, 6074, 6074, 6063, 6073, 6073, 6062, 6072, 6414, 6383, 6413, 6174, 6415, 6416, 6415, 6175, 6414, 6072, 6061, 6071, 6834, 6805, 6838, 6805, 6804, 6838, 6804, 6803, 6838, 6803, 6802, 6838, 6838, 6836, 6831, 6838, 6832, 6833, 6833, 6835, 6838, 6831, 6830, 6838, 6830, 6832, 6838, 6835, 6834, 6838, 6802, 6801, 6838, 6801, 6800, 6838, 6838, 6837, 6836, 6837, 6796, 6828, 6837, 6795, 6796, 6837, 6794, 6795, 6837, 6793, 6794, 6837, 6631, 6836, 6827, 6826, 6837, 6829, 6827, 6837, 6825, 6621, 6837, 6621, 6620, 6837, 6071, 6060, 6070, 6826, 6825, 6837, 6501, 6134, 6173, 6203, 6202, 6612, 6612, 6202, 6212, 6501, 6173, 6174, 6501, 6174, 6416, 6070, 6056, 6069, 6069, 6055, 6068, 6068, 6057, 6067, 6065, 6052, 6053, 6063, 6074, 6064, 6064, 6210, 6195, 6062, 6073, 6063, 6403, 6402, 6371, 6400, 6371, 6402, 6404, 6403, 6466, 6437, 6404, 6466, 6438, 6437, 6464, 6439, 6438, 6463, 6829, 6837, 6828, 6620, 6619, 6837, 6619, 6618, 6837, 6837, 6792, 6793, 6061, 6072, 6062, 6060, 6071, 6061, 6056, 6070, 6060, 6441, 6471, 6472, 6441, 6469, 6471, 6469, 6440, 6470, 6057, 6068, 6055, 6066, 6058, 6059, 6066, 6057, 6058, 6066, 6067, 6057, 6055, 6069, 6056, 6052, 6065, 6054, 6051, 6024, 6025, 6051, 6023, 6024, 6291, 5934, 6294, 5934, 6051, 6673, 6053, 5934, 6291, 6403, 6371, 6466, 6464, 6437, 6466, 6470, 6439, 6463, 6463, 6438, 6465, 6438, 6464, 6465, 6456, 6491, 6455, 6454, 6455, 6490, 6453, 6454, 6488, 6012, 5934, 6161, 6048, 6047, 6151, 6047, 6044, 6151, 6161, 5934, 6162, 6124, 6013, 6159, 6013, 6012, 6161, 6125, 6124, 6158, 6126, 6125, 6160, 6128, 6126, 6157, 6047, 6046, 6044, 6046, 6045, 6044, 6045, 6043, 6044, 6043, 6042, 6044, 6042, 6041, 6044, 6041, 6040, 6044, 6040, 6038, 6044, 6034, 6038, 6040, 6039, 6034, 6040, 6037, 6034, 6039, 6035, 6034, 6037, 6035, 6036, 6034, 6138, 6139, 5936, 6137, 6138, 5936, 6032, 6137, 5936, 6031, 6032, 5936, 6029, 6031, 5936, 6028, 6029, 5936, 5934, 6407, 6408, 5934, 6406, 6405, 5934, 6399, 6406, 5934, 6401, 6399, 5934, 6400, 6401, 5938, 6372, 6371, 6372, 5938, 6422, 6127, 6128, 6164, 6371, 5936, 5937, 6129, 6127, 6163, 6130, 6129, 6165, 6132, 6130, 6166, 6131, 6132, 6167, 6136, 6131, 6168, 6134, 6135, 6171, 6133, 6136, 6169, 6135, 6133, 6170, 6139, 6141, 5937, 6140, 5937, 6141, 6140, 6142, 5937, 6142, 6144, 5937, 6142, 6143, 6144, 6144, 6143, 6146, 6144, 6146, 6152, 6148, 6049, 6151, 6149, 6148, 6151, 6149, 6151, 6147, 6145, 6150, 6152, 6146, 6145, 6152, 6150, 6147, 6152, 6152, 6147, 6151, 6049, 6048, 6151, 6452, 6453, 6489, 6451, 6452, 6482, 6450, 6451, 6484, 6372, 6423, 6450, 6372, 6422, 6423, 6158, 6124, 6159, 6160, 6125, 6158, 6157, 6126, 6160, 6159, 6013, 6161, 6162, 5934, 6413, 5936, 6034, 6036, 6027, 5936, 6036, 6027, 6030, 5936, 6028, 5936, 6030, 6051, 6022, 6023, 6051, 6021, 6022, 6051, 6020, 6021, 6051, 6019, 6020, 6051, 6018, 6019, 6051, 6017, 6018, 6051, 6016, 6017, 6163, 6127, 6164, 6164, 6128, 6157, 6165, 6129, 6163, 6166, 6130, 6165, 6167, 6132, 6166, 6168, 6131, 6167, 6169, 6136, 6168, 6170, 6133, 6169, 6171, 6135, 6170, 6134, 6171, 6172, 6134, 6172, 6173, 6051, 6014, 6016, 6051, 6015, 6014, 6010, 5934, 6012, 6009, 5934, 6010, 6015, 6051, 5934, 5934, 6008, 6015, 5934, 6011, 6008, 5934, 6009, 6011, 6052, 5934, 6053, 6838, 6672, 6837, 6800, 6784, 6838, 6838, 6785, 6786, 6786, 6788, 6838, 6788, 6787, 6838, 6838, 6783, 6785, 6784, 6783, 6838, 6006, 5934, 6052, 5938, 6154, 6183, 6176, 6179, 5938, 6176, 5938, 6183, 6177, 6178, 5938, 6177, 5938, 6179, 6178, 6180, 5938, 6180, 6181, 5938, 6182, 6154, 6184, 6182, 6183, 6154, 6184, 6154, 6185, 6448, 6444, 6501, 6445, 6501, 6444, 6445, 6443, 6501, 6800, 6799, 6784, 6799, 6797, 6784, 6797, 6798, 6784, 6837, 6782, 6792, 6837, 6781, 6782, 6782, 6791, 6792, 6791, 6780, 6790, 6790, 6779, 6789, 6778, 6570, 6789, 6673, 6672, 6838, 6777, 6776, 6838, 6837, 6768, 6781, 6837, 6767, 6768, 6782, 6780, 6791, 6443, 6442, 6501, 6442, 6441, 6501, 6501, 6447, 6449, 6449, 6448, 6501, 6446, 6447, 6501, 6441, 6440, 6469, 6195, 6209, 6196, 6196, 6205, 6197, 6197, 6208, 6198, 6198, 6208, 6199, 6199, 6208, 6200, 6200, 6207, 6201, 6209, 6195, 6210, 6205, 6196, 6209, 6208, 6197, 6205, 6207, 6200, 6208, 6201, 6207, 6206, 6211, 6212, 6202, 6501, 6051, 6025, 6501, 6025, 6026, 6501, 6026, 6134, 6441, 6472, 6473, 6441, 6473, 6474, 6441, 6474, 6475, 6501, 6441, 6475, 6780, 6779, 6790, 6779, 6778, 6789, 6778, 6551, 6570, 6776, 6673, 6838, 6775, 6701, 6776, 6375, 6374, 6413, 6773, 6760, 6774, 6772, 6755, 6773, 6771, 6758, 6772, 6770, 6757, 6769, 6769, 6756, 6771, 6501, 6475, 6476, 6672, 6767, 6837, 6767, 6692, 6766, 6766, 6753, 6765, 6765, 6750, 6764, 6764, 6752, 6763, 6759, 6701, 6775, 6440, 6439, 6470, 6501, 6476, 6477, 6501, 6477, 6478, 6484, 6483, 6450, 6484, 6451, 6482, 6482, 6452, 6489, 6372, 6450, 6483, 6489, 6453, 6488, 6488, 6454, 6490, 6371, 5935, 5936, 5934, 5935, 6371, 6139, 5937, 5936, 5934, 6006, 5935, 6490, 6455, 6491, 6501, 6416, 6417, 6501, 6417, 6446, 6611, 6203, 6612, 6755, 6760, 6773, 6760, 6759, 6774, 6501, 6478, 6479, 6294, 5934, 6654, 6673, 6051, 6290, 6654, 5934, 6673, 6701, 6700, 6776, 6291, 6313, 6293, 6292, 6293, 6313, 6292, 6334, 6322, 6501, 6479, 6480, 6290, 6295, 6305, 6290, 6299, 6301, 6299, 6290, 6305, 6290, 6301, 6300, 6290, 6297, 6296, 6758, 6755, 6772, 6295, 6290, 6296, 6300, 6672, 6290, 6481, 6593, 6501, 6501, 6480, 6481, 6290, 6543, 6524, 6323, 6533, 6502, 6290, 6524, 6526, 6290, 6526, 6525, 6290, 6525, 6527, 6290, 6527, 6528, 6290, 6528, 6529, 6290, 6529, 6761, 6290, 6761, 6762, 6763, 6290, 6762, 5934, 6371, 6400, 6505, 6504, 6763, 6506, 6505, 6763, 6507, 6506, 6763, 6508, 6507, 6763, 6509, 6508, 6763, 6513, 6535, 6323, 6533, 6323, 6532, 6535, 6542, 6323, 6323, 6542, 6531, 6291, 6294, 6312, 6313, 6291, 6311, 6312, 6311, 6291, 6317, 6306, 6292, 6313, 6310, 6292, 6317, 6292, 6310, 6306, 6307, 6292, 6292, 6307, 6308, 6308, 6309, 6292, 6309, 6332, 6292, 6332, 6333, 6292, 6334, 6292, 6333, 6292, 6322, 6321, 6323, 6322, 6334, 6297, 6290, 6343, 6532, 6323, 6531, 6513, 6514, 6538, 6514, 6515, 6536, 6515, 6516, 6537, 6533, 6534, 6502, 6756, 6758, 6771, 6757, 6756, 6769, 6534, 6552, 6502, 6552, 6553, 6502, 6553, 6554, 6502, 6535, 6513, 6538, 6538, 6514, 6536, 6536, 6515, 6537, 6502, 6622, 6613, 6530, 6524, 6543, 6523, 6522, 6543, 6522, 6521, 6543, 6520, 6530, 6543, 6521, 6520, 6543, 6543, 6545, 6544, 6523, 6543, 6544, 6545, 6543, 6546, 6753, 6766, 6692, 6546, 6543, 6547, 6547, 6543, 6548, 6754, 6750, 6765, 6754, 6765, 6753, 6767, 6691, 6692, 6752, 6751, 6763, 6752, 6764, 6750, 6510, 6509, 6763, 6751, 6510, 6763, 6549, 6548, 6566, 6550, 6549, 6568, 6551, 6550, 6569, 6502, 6554, 6578, 6573, 6574, 6502, 6574, 6575, 6502, 6502, 6579, 6576, 6576, 6583, 6502, 6502, 6583, 6572, 6579, 6502, 6577, 6577, 6502, 6578, 6573, 6502, 6572, 6622, 6502, 6575, 6578, 6554, 6555, 6578, 6555, 6556, 6578, 6556, 6557, 6548, 6543, 6561, 6543, 6563, 6562, 6563, 6543, 6564, 6561, 6543, 6562, 6564, 6543, 6614, 6548, 6571, 6565, 6566, 6548, 6567, 6567, 6548, 6565, 6568, 6549, 6566, 6569, 6550, 6568, 6551, 6569, 6570, 6571, 6548, 6561, 6466, 6371, 6467, 6468, 6467, 6371, 6468, 6371, 6584, 6584, 6371, 6585, 6585, 6371, 6586, 6586, 6371, 6587, 6587, 6371, 6588, 6588, 6371, 6589, 6589, 6371, 6590, 6590, 6371, 6591, 6591, 6371, 6592, 6592, 6371, 6501, 6592, 6501, 6595, 6501, 6594, 6596, 6594, 6501, 6593, 6595, 6501, 6596, 6483, 6485, 6372, 6372, 6485, 6486, 6372, 6486, 6487, 6487, 6597, 6372, 6372, 6597, 6598, 6372, 6598, 6599, 6372, 6599, 6600, 6372, 6600, 6601, 6372, 6601, 6602, 6372, 6602, 6603, 6372, 6603, 6610, 6371, 6372, 6837, 6501, 6371, 6837, 6837, 6372, 6610, 6837, 6610, 6611, 6543, 6501, 6837, 6371, 5937, 5938, 6837, 6611, 6612, 6614, 6543, 6615, 6615, 6543, 6616, 6616, 6543, 6617, 6617, 6543, 6618, 6837, 6612, 6613, 6618, 6543, 6837, 6837, 6613, 6631, 6622, 6623, 6613, 6623, 6624, 6613, 6624, 6625, 6613, 6625, 6626, 6613, 6631, 6613, 6626, 6631, 6626, 6627, 6673, 6290, 6672, 6672, 6300, 6302, 6672, 6302, 6303, 6672, 6303, 6304, 6672, 6304, 6655, 6672, 6655, 6656, 6672, 6656, 6657, 6659, 6672, 6658, 6672, 6657, 6658, 6672, 6659, 6660, 6672, 6660, 6661, 6672, 6661, 6662, 6672, 6662, 6677, 6663, 6664, 6654, 6663, 6654, 6673, 6665, 6663, 6673, 6666, 6665, 6673, 6668, 6667, 6673, 6667, 6666, 6673, 6669, 6668, 6673, 6670, 6669, 6673, 6675, 6331, 6350, 6676, 6675, 6685, 6674, 6676, 6686, 6678, 6674, 6687, 6677, 6678, 6688, 6672, 6677, 6689, 6672, 6689, 6690, 6672, 6690, 6691, 6681, 6680, 6693, 6680, 6682, 6695, 6357, 6336, 6358, 6359, 6335, 6357, 6356, 6334, 6359, 6512, 6513, 6323, 6323, 6511, 6512, 6355, 6511, 6323, 6353, 6323, 6352, 6363, 6352, 6323, 6354, 6323, 6353, 6354, 6355, 6323, 6323, 6356, 6363, 6682, 6679, 6696, 6683, 6671, 6699, 6671, 6670, 6700, 6679, 6684, 6697, 6684, 6683, 6698, 6700, 6670, 6673, 6675, 6350, 6685, 6686, 6676, 6685, 6687, 6674, 6686, 6688, 6678, 6687, 6689, 6677, 6688, 6691, 6767, 6672, 6693, 6680, 6695, 6693, 6694, 6681, 6695, 6682, 6696, 6343, 6290, 6344, 6344, 6290, 6503, 6696, 6679, 6697, 6697, 6684, 6698, 6698, 6683, 6699, 6699, 6671, 6700, 6700, 6673, 6776, 6331, 6349, 6350, 6349, 6330, 6348, 6348, 6329, 6346, 6346, 6328, 6347, 6347, 6327, 6345, 6345, 6326, 6351, 6351, 6325, 6341, 6342, 6298, 6343, 6341, 6324, 6342, 6504, 6290, 6763, 6503, 6290, 6504, 6336, 6337, 6358, 6335, 6336, 6357, 6334, 6335, 6359, 6324, 6298, 6342, 6298, 6297, 6343, 6325, 6324, 6341, 6326, 6325, 6351, 6327, 6326, 6345, 6323, 6334, 6356, 6331, 6330, 6349, 6330, 6329, 6348, 6328, 6327, 6347, 6774, 6759, 6775, 756, 755, 765, 1120, 1121, 1118, 753, 752, 802, 763, 753, 766, 764, 754, 763, 765, 755, 764, 1314, 756, 765, 766, 753, 802, 755, 754, 764, 754, 753, 763, 803, 757, 758, 803, 758, 759, 803, 759, 760, 762, 803, 761, 803, 760, 761, 772, 771, 762, 774, 773, 762, 773, 772, 762, 803, 762, 771, 1515, 1516, 1255, 1400, 1255, 1516, 1345, 1344, 1366, 1344, 1343, 1366, 1343, 1342, 1366, 1342, 1341, 1366, 1515, 1251, 1379, 1254, 1515, 1255, 1341, 1340, 1366, 1340, 1339, 1366, 1339, 1338, 1366, 1143, 1142, 1368, 1338, 1143, 1367, 1254, 1253, 1515, 1516, 1511, 1507, 1514, 1512, 1516, 1512, 1513, 1516, 1513, 1466, 1516, 742, 802, 752, 742, 741, 802, 802, 626, 803, 750, 673, 749, 1466, 1465, 1516, 1465, 1464, 1516, 1510, 1509, 1516, 1509, 1514, 1516, 1507, 1508, 1516, 1508, 1510, 1516, 1464, 1463, 1516, 1515, 1498, 1500, 1499, 1498, 1515, 1515, 1447, 1499, 1515, 1446, 1447, 743, 733, 745, 746, 745, 733, 1515, 1445, 1446, 1515, 1496, 1497, 1500, 1496, 1515, 1495, 1494, 1515, 1142, 1402, 1369, 1142, 1140, 1402, 1093, 1103, 1487, 1140, 1105, 1402, 1334, 1296, 1485, 1334, 1333, 1296, 1497, 1495, 1515, 1494, 1493, 1515, 1493, 1492, 1515, 1492, 1402, 1515, 744, 732, 743, 747, 731, 744, 748, 730, 747, 749, 729, 748, 803, 627, 750, 740, 664, 741, 736, 727, 738, 738, 726, 739, 739, 724, 740, 741, 626, 802, 733, 734, 746, 732, 733, 743, 731, 732, 744, 730, 731, 747, 729, 730, 748, 673, 729, 749, 750, 672, 673, 1490, 1402, 1492, 1491, 1402, 1490, 1488, 1402, 1489, 1402, 1491, 1489, 1515, 802, 1516, 1511, 1516, 802, 768, 767, 802, 1402, 802, 1515, 1487, 1511, 802, 1486, 1487, 802, 1402, 1337, 802, 1485, 1484, 1481, 1336, 1335, 1485, 769, 768, 802, 770, 769, 802, 1335, 1334, 1485, 1485, 1479, 1482, 1482, 1478, 1485, 1481, 1480, 1485, 1480, 1479, 1485, 1478, 1483, 1485, 1483, 1336, 1485, 802, 1485, 1486, 1473, 1471, 1337, 770, 802, 804, 802, 803, 815, 767, 766, 802, 804, 802, 805, 805, 802, 806, 806, 802, 807, 807, 802, 808, 808, 802, 1467, 1467, 802, 1468, 802, 1472, 1469, 1468, 802, 1469, 1256, 736, 1257, 1256, 728, 736, 728, 727, 736, 727, 726, 738, 726, 725, 739, 725, 724, 739, 724, 664, 740, 664, 663, 741, 1474, 1470, 1337, 1470, 1473, 1337, 1472, 1337, 1471, 1484, 1485, 802, 1472, 802, 1337, 802, 815, 1484, 776, 777, 803, 803, 777, 778, 803, 778, 779, 803, 779, 809, 803, 771, 775, 803, 775, 776, 803, 809, 810, 803, 810, 811, 803, 811, 812, 803, 812, 813, 813, 814, 815, 815, 803, 813, 1463, 1427, 1516, 910, 626, 890, 1462, 1427, 1463, 1460, 1428, 1461, 1461, 1426, 1462, 1459, 1424, 1460, 1346, 1345, 1366, 1347, 1346, 1366, 1366, 1155, 1350, 1347, 1366, 1348, 1366, 1350, 1349, 1458, 1425, 1459, 1457, 1423, 1458, 1515, 1381, 1445, 910, 890, 891, 910, 891, 892, 910, 892, 893, 910, 893, 894, 910, 894, 895, 910, 895, 896, 901, 902, 886, 901, 886, 911, 903, 901, 911, 904, 903, 958, 905, 904, 958, 906, 905, 958, 907, 906, 958, 627, 910, 967, 628, 627, 1251, 886, 628, 1251, 903, 911, 912, 958, 903, 912, 958, 912, 913, 1445, 1414, 1444, 1444, 1413, 1443, 1442, 1415, 1441, 1442, 1443, 1413, 1431, 1402, 1432, 1430, 1402, 1431, 1429, 1402, 1430, 1441, 1411, 1440, 1439, 1412, 1438, 1440, 1412, 1439, 1436, 1412, 1429, 1437, 1412, 1436, 1437, 1438, 1412, 1412, 1402, 1429, 1333, 1332, 1296, 1332, 1331, 1296, 1331, 1330, 1296, 1427, 1401, 1516, 1401, 1400, 1516, 1426, 1427, 1462, 1428, 1426, 1461, 1424, 1428, 1460, 1425, 1424, 1459, 1423, 1425, 1458, 1423, 1457, 1422, 1379, 1380, 1515, 1380, 1381, 1515, 1445, 1382, 1414, 1414, 1413, 1444, 918, 917, 935, 919, 918, 936, 922, 919, 937, 923, 922, 938, 920, 921, 940, 1330, 1328, 1296, 1329, 1296, 1328, 1337, 1323, 1324, 1337, 1322, 1323, 1324, 1474, 1337, 1337, 1321, 1322, 1337, 1302, 1321, 921, 923, 939, 897, 924, 942, 896, 897, 943, 924, 920, 941, 910, 896, 943, 1413, 1415, 1442, 944, 1263, 910, 1381, 1382, 1445, 672, 645, 671, 666, 655, 667, 668, 667, 655, 665, 654, 666, 669, 653, 665, 671, 651, 670, 670, 652, 669, 627, 672, 750, 944, 910, 943, 930, 931, 948, 932, 930, 948, 934, 650, 659, 659, 649, 658, 1320, 1321, 1302, 1319, 1320, 1302, 1318, 1319, 1302, 1317, 1318, 1302, 1317, 1299, 1316, 1316, 1298, 1315, 1315, 1297, 1314, 1312, 1296, 1329, 1311, 1310, 1329, 1310, 1309, 1329, 1309, 1312, 1329, 1337, 1281, 1282, 1282, 1283, 1337, 1337, 1301, 1302, 1303, 1301, 1337, 1337, 1300, 1303, 1283, 1304, 1337, 1304, 1300, 1337, 1337, 1280, 1281, 1337, 1279, 1280, 1337, 1278, 1279, 1302, 1299, 1317, 1299, 1298, 1316, 1298, 1297, 1315, 658, 648, 657, 660, 646, 661, 657, 647, 660, 931, 929, 950, 908, 907, 958, 909, 908, 958, 928, 933, 958, 933, 909, 958, 929, 928, 958, 929, 959, 951, 935, 917, 934, 936, 918, 935, 937, 919, 936, 938, 922, 937, 939, 923, 938, 663, 626, 741, 1121, 1122, 1118, 1296, 951, 959, 654, 655, 666, 1337, 910, 1278, 1295, 1294, 1296, 653, 654, 665, 651, 652, 670, 652, 653, 669, 672, 644, 645, 645, 651, 671, 627, 644, 672, 650, 649, 659, 917, 650, 934, 649, 648, 658, 648, 647, 657, 647, 646, 660, 662, 626, 663, 661, 626, 662, 646, 626, 661, 627, 803, 626, 639, 638, 627, 640, 639, 627, 641, 627, 637, 642, 627, 641, 638, 637, 627, 627, 628, 640, 627, 643, 644, 627, 642, 643, 889, 626, 888, 626, 889, 890, 940, 921, 939, 1294, 1293, 1296, 1308, 1296, 1312, 1313, 1296, 1308, 1295, 1296, 1313, 1293, 1292, 1296, 1292, 1291, 1296, 1291, 1290, 1296, 1290, 1267, 1296, 1289, 1267, 1290, 1287, 1270, 1289, 1287, 1288, 1271, 941, 920, 940, 942, 924, 941, 943, 897, 942, 887, 888, 626, 631, 626, 630, 631, 887, 626, 629, 626, 632, 626, 633, 632, 629, 630, 626, 636, 626, 646, 635, 626, 636, 634, 626, 635, 626, 634, 633, 626, 910, 627, 1411, 1441, 1415, 1411, 1412, 1440, 1410, 1409, 1402, 1412, 1410, 1402, 1409, 1408, 1402, 1407, 1405, 1402, 1408, 1407, 1402, 956, 955, 1296, 955, 954, 1296, 1267, 1268, 1296, 1272, 1296, 1268, 1272, 956, 1296, 954, 953, 1296, 953, 952, 1296, 952, 951, 1296, 1270, 1267, 1289, 1271, 1269, 1287, 1269, 1270, 1287, 910, 1277, 1278, 1276, 910, 1275, 910, 1276, 1277, 1274, 910, 1273, 910, 1274, 1275, 1406, 1404, 1402, 1405, 1406, 1402, 1403, 1402, 1404, 1434, 1402, 1435, 1402, 1488, 1435, 1433, 1402, 1434, 1402, 1433, 1432, 1486, 1093, 1487, 1370, 1402, 1403, 1370, 1369, 1402, 1366, 1338, 1367, 1367, 1143, 1368, 1368, 1142, 1369, 1399, 1255, 1400, 1398, 1255, 1399, 1397, 1255, 1398, 1396, 1255, 1397, 1394, 1255, 1395, 1395, 1255, 1396, 1393, 1255, 1394, 910, 1263, 1260, 910, 737, 1273, 736, 735, 910, 735, 737, 910, 1262, 1261, 736, 736, 1259, 1262, 1260, 1259, 736, 1257, 736, 1258, 1261, 1258, 736, 736, 910, 1260, 948, 949, 932, 948, 931, 950, 950, 929, 951, 959, 929, 957, 957, 929, 958, 1251, 627, 967, 911, 886, 1251, 968, 911, 1251, 967, 996, 997, 996, 967, 998, 968, 980, 970, 971, 985, 972, 972, 986, 975, 975, 987, 976, 976, 988, 977, 977, 989, 978, 978, 990, 979, 980, 968, 969, 1392, 1255, 1393, 1174, 1255, 1392, 1392, 1360, 1361, 1392, 1358, 1359, 1359, 1360, 1392, 1362, 1392, 1361, 1363, 1392, 1362, 973, 974, 983, 983, 974, 982, 982, 974, 981, 973, 984, 971, 984, 973, 983, 985, 971, 984, 986, 972, 985, 987, 975, 986, 988, 976, 987, 989, 977, 988, 990, 978, 989, 1363, 1174, 1392, 1358, 1392, 1357, 1378, 1251, 1377, 1251, 1378, 1379, 1376, 1251, 1375, 1251, 1376, 1377, 979, 990, 1099, 1253, 1252, 1515, 1251, 1515, 1252, 1134, 1253, 1254, 1252, 991, 1251, 1173, 1255, 1174, 1172, 1255, 1173, 969, 968, 1251, 969, 1251, 991, 967, 994, 993, 994, 967, 995, 995, 967, 997, 1000, 1001, 967, 1001, 1002, 967, 1000, 967, 993, 1003, 1004, 967, 1003, 967, 1002, 967, 1004, 1005, 1251, 1374, 1375, 1251, 1373, 1374, 1251, 1372, 1373, 1365, 1251, 1366, 1371, 1251, 1364, 1371, 1372, 1251, 1251, 1365, 1364, 1366, 1349, 1348, 1251, 967, 1005, 1251, 1005, 1006, 1007, 1008, 1251, 1251, 1006, 1007, 1251, 1008, 1009, 1251, 1009, 1010, 1013, 1023, 1014, 1014, 1015, 1016, 1014, 1016, 1017, 1014, 1017, 1019, 1023, 1015, 1014, 1023, 1013, 1022, 1018, 1020, 1014, 1020, 1021, 1014, 1014, 1021, 1118, 1019, 1018, 1014, 1024, 1023, 1022, 1030, 1024, 1022, 1024, 1030, 1025, 1025, 1030, 1026, 1026, 1030, 1027, 1027, 1030, 1028, 1030, 1253, 1028, 1028, 1253, 1031, 1032, 1253, 1033, 1031, 1253, 1032, 1033, 1253, 1034, 1034, 1253, 1035, 1035, 1253, 1036, 1036, 1253, 1136, 1135, 1136, 1253, 1134, 1135, 1253, 1170, 1255, 1171, 1171, 1255, 1172, 1169, 1255, 1170, 1168, 1255, 1169, 1167, 1255, 1168, 1165, 1255, 1166, 1166, 1255, 1167, 1255, 1165, 1131, 1086, 979, 1100, 1086, 1100, 1087, 1088, 1101, 1089, 1087, 1098, 1088, 1093, 1092, 1102, 1100, 979, 1099, 1251, 1155, 1366, 1098, 1087, 1100, 1101, 1088, 1098, 1089, 1101, 1090, 1090, 1101, 1091, 1091, 1097, 1095, 1097, 1091, 1101, 1154, 1011, 1153, 1153, 1117, 1152, 1152, 1116, 1151, 1151, 1115, 1150, 1095, 1097, 1096, 1093, 1102, 1103, 998, 967, 1402, 999, 998, 1402, 999, 1402, 1105, 1106, 1105, 1139, 1107, 1106, 1138, 1108, 1107, 1137, 1109, 1108, 1144, 1110, 1109, 1145, 1111, 1110, 1146, 1112, 1111, 1147, 1113, 1112, 1148, 1114, 1113, 1149, 1251, 1010, 1154, 1011, 1117, 1153, 1154, 1010, 1011, 1116, 1115, 1151, 803, 751, 757, 1297, 756, 1314, 803, 750, 751, 1115, 1114, 1150, 1117, 1116, 1152, 1251, 1154, 1155, 1118, 1021, 1119, 1119, 1120, 1118, 1150, 1114, 1149, 1149, 1113, 1148, 1148, 1112, 1147, 1147, 1111, 1146, 1146, 1110, 1145, 1145, 1109, 1144, 1144, 1108, 1137, 1137, 1107, 1138, 1139, 1105, 1141, 1138, 1106, 1139, 1140, 1141, 1105, 1129, 1134, 1254, 1128, 1129, 1254, 1254, 1126, 1128, 1127, 1128, 1126, 1126, 1125, 1127, 1125, 1126, 1118, 1124, 1125, 1118, 1123, 1124, 1118, 1122, 1123, 1118, 655, 656, 668, 9579, 9578, 9614, 9481, 9477, 9482, 9922, 9897, 9562, 9794, 9793, 9795, 9792, 9778, 9791, 9788, 9775, 9787, 9791, 9777, 9788, 9787, 9776, 9786, 9786, 9774, 9785, 9785, 9773, 9784, 9784, 9639, 9652, 9783, 9793, 9794, 9782, 9780, 9790, 9780, 9789, 9790, 9789, 9779, 9792, 9780, 9782, 9781, 9779, 9789, 9780, 9778, 9792, 9779, 9777, 9791, 9778, 9775, 9788, 9777, 9775, 9776, 9787, 9774, 9786, 9776, 9773, 9785, 9774, 9639, 9784, 9773, 9897, 9743, 9745, 9747, 9740, 9897, 9745, 9746, 9897, 9747, 9897, 9746, 9744, 9743, 9897, 9897, 9742, 9744, 9755, 9756, 9560, 9897, 9561, 9562, 10007, 10010, 10121, 10009, 10006, 10121, 10006, 10005, 10121, 10082, 10021, 10008, 10021, 10020, 10008, 9767, 9766, 9768, 9766, 9765, 9768, 9765, 9763, 9768, 9760, 9759, 9768, 9759, 9767, 9768, 9764, 9762, 9768, 9762, 9632, 9768, 9763, 9764, 9768, 9760, 9758, 9759, 9760, 9756, 9757, 9757, 9758, 9760, 9760, 9560, 9756, 10020, 10019, 10008, 10019, 10018, 10008, 10018, 10016, 10008, 9752, 9753, 9560, 9751, 9752, 9560, 9750, 9751, 9560, 9749, 9750, 9560, 9740, 9561, 9897, 10017, 10008, 10016, 10120, 10000, 10001, 9999, 9528, 10120, 10001, 9999, 10120, 9528, 9527, 10120, 10120, 9998, 10000, 10120, 9997, 9998, 9527, 9526, 10120, 9526, 9525, 10120, 9524, 9523, 10120, 9525, 9524, 10120, 10121, 10120, 10119, 10120, 9923, 10119, 10113, 10112, 10121, 10112, 10111, 10121, 10111, 10110, 10121, 10110, 10101, 10121, 10119, 10116, 10121, 10121, 10117, 10118, 10118, 10114, 10121, 10114, 10113, 10121, 10116, 10115, 10121, 10117, 10121, 10115, 10101, 10100, 10121, 10100, 10099, 10121, 10120, 10104, 10105, 9739, 9561, 9740, 9738, 9561, 9739, 9736, 9561, 9737, 9561, 9738, 9737, 9735, 9561, 9736, 9735, 9734, 9561, 9734, 9733, 9561, 9732, 9561, 9733, 10120, 10103, 10104, 10109, 10108, 10120, 10120, 10106, 10109, 10106, 10120, 10105, 10108, 9922, 10120, 9523, 9522, 10120, 10121, 9950, 10120, 10085, 10084, 10121, 10084, 10083, 10121, 10083, 10082, 10121, 10099, 10088, 10121, 10121, 10089, 10090, 9731, 9561, 9732, 9730, 9561, 9731, 9729, 9561, 9730, 9602, 9561, 9729, 10090, 10086, 10121, 10086, 10085, 10121, 10088, 10087, 10121, 10087, 10089, 10121, 10099, 10098, 10088, 10098, 10096, 10088, 10097, 10088, 10096, 10120, 10075, 10103, 10120, 10074, 10075, 9522, 10015, 10074, 10075, 10102, 10103, 9522, 10014, 10015, 9522, 10013, 10014, 10003, 9951, 10121, 9950, 9997, 10120, 10102, 10076, 10095, 10094, 10078, 10093, 10095, 10077, 10094, 10093, 10081, 10092, 10092, 10080, 10091, 10091, 10079, 9878, 10082, 10008, 10121, 10078, 10094, 10077, 10077, 10095, 10076, 10081, 10093, 10078, 10081, 10080, 10092, 10079, 9858, 9878, 10080, 10079, 10091, 9951, 9950, 10121, 10002, 9951, 10003, 9993, 9951, 10002, 9992, 9978, 9993, 9991, 9982, 9992, 9990, 9981, 9991, 9988, 9979, 9990, 9989, 9980, 9988, 9950, 9996, 9997, 9950, 9995, 9996, 9995, 9968, 9994, 9968, 9987, 9994, 9987, 9969, 9986, 9986, 9973, 9985, 9985, 9972, 9984, 9984, 9971, 9983, 9977, 9951, 9993, 9982, 9978, 9992, 9978, 9977, 9993, 9982, 9991, 9981, 9981, 9990, 9979, 9980, 9979, 9988, 9968, 9995, 9950, 9986, 9970, 9973, 9970, 9986, 9969, 9973, 9972, 9985, 9972, 9971, 9984, 9971, 9488, 9983, 9846, 9847, 9883, 9847, 9845, 9883, 9477, 9922, 9900, 9871, 9477, 9899, 9899, 9477, 9900, 9969, 9987, 9968, 10010, 10009, 10121, 10004, 10003, 10121, 10005, 10004, 10121, 9976, 9951, 9977, 9975, 9951, 9976, 9974, 9951, 9975, 9974, 9949, 9951, 9949, 9948, 9951, 9948, 9947, 9951, 9947, 9946, 9951, 9946, 9944, 9951, 9945, 9943, 9944, 9943, 9951, 9944, 9950, 9967, 9968, 9950, 9966, 9967, 9950, 9942, 9966, 9950, 9941, 9942, 9950, 9940, 9941, 9950, 9939, 9940, 9950, 9938, 9939, 9950, 9337, 9938, 9950, 9336, 9337, 9950, 9332, 9335, 9335, 9336, 9950, 9950, 9477, 9332, 10076, 10102, 10075, 9298, 9316, 9299, 9851, 9850, 9871, 9299, 9561, 9298, 9298, 9561, 9413, 9299, 9432, 9558, 9561, 9299, 9558, 9327, 9316, 9298, 9652, 9638, 9651, 9650, 9637, 9649, 9651, 9640, 9650, 9298, 9302, 9300, 9635, 9644, 9645, 9638, 9652, 9639, 9640, 9651, 9638, 9637, 9650, 9640, 9647, 9641, 9643, 9648, 9637, 9647, 9648, 9649, 9637, 9641, 9642, 9643, 9637, 9641, 9647, 9852, 9851, 9871, 9634, 9644, 9635, 9897, 9577, 9742, 9897, 9576, 9577, 9897, 9462, 9576, 9897, 9461, 9462, 9897, 9417, 9461, 9853, 9852, 9875, 9854, 9853, 9874, 9855, 9854, 9872, 9761, 9632, 9762, 9761, 9631, 9632, 9631, 9630, 9632, 9630, 9629, 9632, 9629, 9628, 9632, 9628, 9627, 9632, 9627, 9626, 9632, 9302, 9298, 9301, 9626, 9624, 9632, 9624, 9625, 9632, 9623, 9625, 9624, 9301, 9298, 9348, 9348, 9298, 9349, 9559, 9625, 9623, 9621, 9559, 9623, 9621, 9622, 9559, 9617, 9559, 9622, 9748, 9749, 9559, 9615, 9748, 9559, 9615, 9559, 9616, 9616, 9559, 9617, 9349, 9298, 9350, 9298, 9304, 9303, 9304, 9298, 9300, 9298, 9305, 9306, 9305, 9298, 9303, 9298, 9306, 9307, 9350, 9298, 9351, 9351, 9298, 9352, 9298, 9307, 9308, 9327, 9298, 9328, 9298, 9308, 9476, 9299, 9316, 9319, 9299, 9313, 9315, 9315, 9314, 9299, 9299, 9314, 9367, 9299, 9367, 9368, 9299, 9368, 9369, 9299, 9317, 9318, 9318, 9313, 9299, 9319, 9317, 9299, 9299, 9369, 9370, 9299, 9370, 9371, 9856, 9855, 9873, 9857, 9856, 9876, 9858, 9857, 9877, 9859, 9860, 9845, 9860, 9861, 9845, 9299, 9371, 9372, 9320, 9319, 9316, 9329, 9328, 9298, 9845, 9550, 9554, 9554, 9553, 9845, 9553, 9549, 9845, 9859, 9845, 9549, 9861, 9862, 9845, 9862, 9863, 9845, 9863, 9864, 9882, 9882, 9864, 9865, 9882, 9865, 9866, 9882, 9866, 9867, 9874, 9853, 9875, 9872, 9854, 9874, 9873, 9855, 9872, 9875, 9852, 9871, 9310, 9309, 9476, 9476, 9308, 9310, 9476, 9309, 9311, 9476, 9311, 9312, 9329, 9298, 9338, 9298, 9476, 9477, 9943, 9338, 9298, 9298, 9477, 9950, 9943, 9298, 9951, 9951, 9298, 9950, 9331, 9477, 9334, 9334, 9477, 9330, 9332, 9477, 9333, 9477, 9331, 9333, 9329, 9338, 9341, 9876, 9856, 9873, 9877, 9857, 9876, 9858, 9877, 9878, 9489, 9490, 9329, 9490, 9491, 9329, 9343, 9340, 9329, 9340, 9344, 9329, 9577, 9741, 9742, 9741, 9579, 9614, 9613, 9580, 9612, 9614, 9578, 9613, 9612, 9581, 9611, 9611, 9582, 9610, 9610, 9575, 9609, 9609, 9574, 9608, 9608, 9573, 9607, 9607, 9572, 9605, 9606, 9570, 9604, 9605, 9571, 9606, 9343, 9329, 9341, 9344, 9339, 9329, 9489, 9329, 9339, 9491, 9492, 9329, 9342, 9341, 9338, 9352, 9298, 9388, 9602, 9567, 9561, 9603, 9568, 9602, 9388, 9298, 9387, 9354, 9353, 9386, 9353, 9352, 9388, 9355, 9354, 9390, 9356, 9355, 9389, 9357, 9356, 9391, 9604, 9569, 9603, 9567, 9566, 9561, 9565, 9561, 9566, 9845, 9863, 9882, 9883, 9884, 9846, 9618, 9591, 9592, 9884, 9879, 9846, 9879, 9910, 9846, 9846, 9910, 9911, 9911, 9912, 9846, 9883, 9845, 9880, 9882, 9881, 9845, 9881, 9880, 9845, 9358, 9357, 9392, 9366, 9359, 9394, 9359, 9358, 9393, 9364, 9394, 9363, 9846, 9896, 9895, 9896, 9846, 9917, 9896, 9923, 9898, 9558, 9591, 9618, 9590, 9591, 9558, 9589, 9590, 9558, 9588, 9589, 9558, 9587, 9588, 9558, 9586, 9587, 9558, 9585, 9586, 9558, 9584, 9585, 9558, 10008, 10007, 10121, 9581, 9612, 9580, 9580, 9613, 9578, 9582, 9611, 9581, 9579, 9741, 9577, 9582, 9575, 9610, 9575, 9574, 9609, 9574, 9573, 9608, 9573, 9572, 9607, 9572, 9571, 9605, 9571, 9570, 9606, 10120, 9771, 9794, 9922, 9562, 10120, 10120, 9794, 9795, 9394, 9364, 9365, 9394, 9365, 9366, 9299, 9372, 9405, 9299, 9399, 9401, 9901, 9900, 9922, 9299, 9401, 9400, 9299, 9402, 9403, 9399, 9299, 9403, 9299, 9405, 9404, 9402, 9299, 9404, 9405, 9372, 9373, 9405, 9373, 9374, 9405, 9374, 9375, 9405, 9375, 9376, 9387, 9298, 9412, 9412, 9298, 9413, 9386, 9353, 9388, 10120, 9898, 9923, 10120, 9795, 9898, 9923, 9917, 9918, 9923, 9896, 9917, 9917, 9846, 9916, 10120, 9522, 10074, 9570, 9569, 9604, 9569, 9568, 9603, 9568, 9567, 9602, 9390, 9354, 9386, 9389, 9355, 9390, 9391, 9356, 9389, 9392, 9357, 9391, 9393, 9358, 9392, 9394, 9359, 9393, 9915, 9846, 9914, 9915, 9916, 9846, 9913, 9914, 9846, 9912, 9913, 9846, 9909, 9922, 10107, 9922, 10108, 10107, 9565, 9413, 9561, 9749, 9560, 9559, 9560, 9562, 9561, 9559, 9560, 9561, 9561, 9558, 9559, 9551, 9550, 9534, 9552, 9551, 9534, 9845, 9534, 9550, 9845, 9533, 9534, 9908, 9907, 9922, 9909, 9908, 9922, 9907, 9906, 9922, 9906, 9905, 9922, 9905, 9904, 9922, 9903, 9902, 9922, 9904, 9903, 9922, 9299, 9400, 9431, 9432, 9299, 9431, 9476, 9312, 9360, 9476, 9360, 9361, 9476, 9361, 9362, 9476, 9362, 9363, 9476, 9363, 9394, 9476, 9394, 9396, 9396, 9395, 9476, 9522, 10012, 10013, 9522, 10011, 10012, 9522, 9548, 10011, 9522, 9547, 9548, 9543, 9522, 9542, 9522, 9546, 9547, 9522, 9543, 9546, 9545, 9522, 9544, 9522, 9545, 9542, 9522, 9541, 9544, 9848, 9520, 9849, 9541, 9521, 9848, 9850, 9477, 9871, 9552, 9536, 9537, 9552, 9535, 9536, 9534, 9535, 9552, 9522, 9521, 9541, 9521, 9520, 9848, 9520, 9519, 9849, 9849, 9477, 9850, 9476, 9395, 9397, 9476, 9397, 9398, 9476, 9398, 9424, 9476, 9424, 9425, 9476, 9425, 9426, 9476, 9426, 9427, 9476, 9427, 9428, 9476, 9428, 9429, 9328, 9644, 9327, 9414, 9413, 9564, 9415, 9414, 9450, 9416, 9415, 9452, 9417, 9416, 9454, 9753, 9754, 9560, 9771, 10120, 9562, 9433, 9583, 9432, 9434, 9463, 9433, 9435, 9464, 9434, 9436, 9465, 9435, 9902, 9901, 9922, 9437, 9467, 9436, 9519, 9477, 9849, 9438, 9466, 9437, 9329, 9533, 9845, 9511, 9496, 9513, 9512, 9495, 9511, 9510, 9494, 9512, 9329, 9532, 9533, 9531, 9532, 9329, 9529, 9329, 9509, 9530, 9531, 9329, 9529, 9530, 9329, 9439, 9468, 9438, 9440, 9469, 9439, 9450, 9414, 9564, 9452, 9415, 9451, 9451, 9415, 9450, 9454, 9416, 9452, 9564, 9413, 9565, 9417, 9453, 9455, 9453, 9417, 9454, 9417, 9456, 9457, 9456, 9417, 9455, 9417, 9457, 9458, 9417, 9458, 9459, 9417, 9459, 9460, 9417, 9460, 9461, 9583, 9433, 9463, 9463, 9434, 9464, 9983, 9477, 9508, 9504, 9477, 9502, 9518, 9477, 9519, 9501, 9477, 9518, 9505, 9477, 9501, 9477, 9505, 9502, 9507, 9477, 9506, 9477, 9507, 9508, 9477, 9503, 9506, 9477, 9504, 9503, 9496, 9497, 9513, 9496, 9511, 9495, 9495, 9512, 9494, 9510, 9492, 9493, 9494, 9510, 9493, 9329, 9514, 9509, 9510, 9514, 9329, 9492, 9510, 9329, 9487, 9486, 9983, 9488, 9487, 9983, 9486, 9485, 9983, 9485, 9484, 9983, 9484, 9477, 9983, 9465, 9436, 9467, 9464, 9435, 9465, 9432, 9583, 9584, 9432, 9584, 9558, 9467, 9437, 9466, 9466, 9438, 9468, 9468, 9439, 9469, 9418, 9417, 9897, 9419, 9418, 9897, 9420, 9419, 9897, 9421, 9420, 9897, 9423, 9422, 9897, 9422, 9421, 9897, 9429, 9430, 9897, 9430, 9423, 9897, 9897, 9476, 9429, 9634, 9327, 9644, 9478, 9330, 9477, 9478, 9477, 9479, 9479, 9477, 9480, 9480, 9477, 9481, 9483, 9477, 9484, 9482, 9477, 9483, 9754, 9755, 9560, 4289, 4290, 4325, 3875, 3874, 3865, 4196, 4046, 4197, 4273, 4274, 4264, 4273, 4264, 4272, 4272, 4265, 4271, 4275, 4264, 4274, 4276, 4267, 4275, 4277, 4262, 4276, 4280, 4279, 4447, 4281, 4280, 4318, 3850, 3877, 3880, 3866, 3852, 3867, 3870, 3853, 3866, 3867, 3851, 3879, 3879, 3850, 3880, 3868, 3854, 3870, 3869, 3855, 3868, 4200, 3856, 3869, 4484, 4546, 4547, 4548, 4549, 4547, 4548, 4547, 4546, 4545, 4548, 4546, 4548, 4254, 4549, 4485, 4547, 4488, 4485, 4487, 4547, 4479, 4547, 4480, 4479, 4488, 4547, 4547, 4477, 4480, 4486, 4547, 4487, 4484, 4547, 4486, 4478, 4480, 4477, 4477, 4476, 4478, 4476, 4477, 4471, 3878, 3787, 3857, 4183, 4206, 4177, 4181, 4182, 4204, 4182, 4180, 4203, 4180, 4179, 4202, 4179, 4178, 4201, 4234, 4235, 3975, 4207, 4234, 3975, 4178, 3856, 4200, 4475, 4476, 4471, 4474, 4475, 4471, 4473, 4474, 4471, 4471, 4472, 4473, 4471, 4470, 4472, 4471, 4469, 4470, 4471, 4468, 4469, 4471, 4467, 4468, 4467, 4471, 4332, 4548, 4462, 4465, 4464, 4462, 4548, 4548, 4458, 4459, 4465, 4458, 4548, 4459, 4457, 4548, 3856, 3855, 3869, 3855, 3854, 3868, 3854, 3853, 3870, 4282, 4281, 4317, 4283, 4282, 4319, 3853, 3852, 3866, 4545, 4176, 4548, 4144, 4176, 4545, 4175, 4125, 4548, 4176, 4175, 4548, 4176, 3950, 4175, 4144, 4545, 4311, 4310, 4144, 4311, 4174, 4145, 4310, 3852, 3851, 3867, 3975, 3923, 3971, 3975, 3971, 3972, 3975, 3972, 3973, 3975, 3973, 3974, 3975, 3974, 3964, 3975, 3964, 3970, 4284, 4283, 4316, 4285, 4284, 4321, 4286, 4285, 4320, 4287, 4286, 4322, 4288, 4287, 4323, 4290, 4288, 4324, 3851, 3850, 3879, 4006, 3877, 3849, 3877, 3718, 3878, 3878, 3786, 3787, 4173, 4147, 4174, 4172, 4146, 4173, 4296, 4327, 4293, 4295, 4293, 4328, 4296, 4289, 4326, 4312, 4314, 4329, 4313, 4329, 4314, 3965, 3764, 3966, 3967, 3966, 3764, 3764, 3968, 3969, 3969, 3967, 3764, 3975, 3968, 3764, 3981, 3980, 3999, 3982, 3981, 3999, 3980, 3983, 4000, 3983, 3976, 4002, 4002, 3976, 3987, 4307, 4329, 4306, 4307, 4309, 4329, 4308, 4329, 4309, 4308, 4315, 4329, 4312, 4329, 4315, 4311, 4545, 4313, 4313, 4545, 4329, 4317, 4281, 4318, 4171, 4148, 4172, 4457, 4456, 4548, 4456, 4455, 4548, 4455, 4454, 4548, 4319, 4282, 4317, 3975, 3764, 3988, 3975, 3988, 3989, 3975, 3989, 3990, 3975, 3990, 3991, 3975, 3991, 3992, 3992, 3993, 3975, 3993, 3994, 3975, 3975, 3994, 3995, 3975, 3995, 4013, 3975, 4013, 4014, 4170, 4141, 4171, 4169, 4142, 4170, 4168, 4140, 4169, 4291, 4292, 4125, 4291, 4126, 4161, 4161, 4128, 4160, 4128, 4159, 4160, 4159, 4127, 4158, 4158, 4129, 4157, 4156, 4157, 4129, 4155, 4156, 4129, 4153, 4155, 4129, 4149, 4129, 4152, 4129, 4154, 4153, 4548, 4463, 4464, 4268, 4269, 4260, 3999, 4001, 3982, 3999, 3980, 4000, 4000, 3983, 4002, 3987, 3986, 4046, 3986, 3985, 4046, 4262, 4277, 4263, 4264, 4275, 4267, 4002, 3987, 4046, 3985, 3934, 4046, 3975, 4014, 4185, 4185, 4014, 4015, 4015, 4016, 4184, 4016, 4006, 4036, 4185, 4186, 3975, 4021, 4024, 4042, 4267, 4276, 4262, 4265, 4266, 4271, 4264, 4265, 4272, 4259, 4268, 4260, 4279, 4254, 4448, 4278, 4254, 4279, 4151, 4254, 4278, 4151, 4150, 4254, 4150, 4129, 4254, 3877, 4446, 4489, 3877, 4445, 4446, 4250, 3877, 4549, 4255, 4243, 4252, 4243, 4253, 4252, 4253, 4214, 4218, 3877, 4255, 4445, 4251, 4255, 3877, 4244, 4255, 4251, 4244, 4243, 4255, 4253, 4238, 4249, 4253, 4242, 4245, 4243, 4242, 4253, 4245, 4238, 4253, 4249, 4248, 4253, 4022, 4021, 4042, 4023, 4022, 4042, 4248, 4247, 4253, 4247, 4246, 4253, 4246, 4216, 4253, 4216, 4215, 4253, 4215, 4214, 4253, 4237, 4227, 4250, 4227, 4233, 4250, 4003, 4002, 4046, 4004, 4003, 4046, 4025, 4004, 4046, 4028, 4027, 4046, 4017, 4028, 4046, 4024, 4017, 4046, 4026, 4025, 4046, 4027, 4026, 4046, 3791, 4006, 3790, 4006, 3792, 3790, 4006, 3791, 4029, 4006, 4029, 4030, 4232, 4230, 4250, 4250, 4231, 4232, 4233, 4231, 4250, 4230, 4229, 4250, 4229, 4228, 4250, 3970, 3968, 3975, 4082, 4176, 4084, 4083, 4176, 4082, 4081, 4176, 4083, 4080, 4176, 4081, 4079, 4176, 4080, 4079, 3963, 4176, 3963, 3962, 4176, 3962, 3961, 4176, 3961, 3960, 4176, 3960, 3959, 4176, 4006, 4030, 4031, 4006, 4031, 4032, 4006, 4032, 4033, 4006, 4033, 4034, 4006, 4034, 4035, 4548, 4461, 4463, 4548, 4460, 4461, 4548, 4328, 4460, 4454, 4254, 4548, 3878, 3785, 3786, 3878, 3784, 3785, 3878, 3783, 3784, 3878, 3782, 3783, 3794, 3857, 3787, 3793, 3794, 3787, 3798, 3793, 3787, 3797, 3796, 3787, 3796, 3795, 3787, 3795, 3798, 3787, 3878, 3781, 3782, 3878, 3780, 3781, 4012, 3877, 4006, 4010, 3877, 4012, 4011, 3877, 4010, 4549, 3877, 4489, 3959, 3958, 4176, 3958, 3950, 4176, 4188, 4199, 4046, 4254, 4250, 4549, 4446, 4445, 4444, 4443, 4429, 4442, 4440, 4432, 4441, 4431, 4440, 4439, 4008, 3877, 4009, 3877, 4011, 4009, 4007, 3877, 4008, 4007, 3778, 3877, 3778, 3777, 3877, 4431, 4432, 4440, 4198, 4046, 4199, 3958, 3957, 3950, 4213, 4188, 4046, 4175, 4064, 4063, 4175, 4062, 4064, 4175, 4061, 4062, 4175, 4060, 4061, 4175, 3949, 4060, 4175, 3948, 3949, 4175, 3947, 3948, 4175, 3946, 3947, 4441, 4430, 4443, 4442, 4428, 4438, 4438, 4427, 4437, 4427, 4436, 4437, 4436, 4425, 4435, 4435, 4424, 4434, 3777, 3776, 3877, 4434, 4263, 4277, 4433, 4444, 4445, 4429, 4443, 4430, 4430, 4441, 4432, 4428, 4442, 4429, 4426, 4438, 4428, 4426, 4427, 4438, 4425, 4436, 4427, 4424, 4435, 4425, 4263, 4434, 4424, 4175, 3945, 3946, 4175, 3944, 3945, 4175, 3943, 3944, 4175, 3942, 3943, 4175, 3941, 3942, 3950, 3936, 4175, 4228, 3886, 4250, 3886, 3885, 4250, 4250, 4236, 4237, 4175, 4005, 3941, 3935, 4175, 3936, 4005, 3939, 3937, 4005, 3938, 3941, 3937, 3938, 4005, 4250, 4235, 4236, 4036, 4006, 4035, 4184, 4016, 4036, 4185, 4015, 4184, 4218, 4219, 4253, 4214, 4217, 4218, 4213, 4046, 4217, 4214, 4212, 4217, 4212, 4211, 4217, 4213, 4217, 4211, 3718, 3743, 3721, 3743, 3718, 3744, 3744, 3718, 3745, 3718, 3722, 3723, 3722, 3718, 3720, 3718, 3724, 3916, 3718, 3916, 3917, 4453, 4254, 4454, 3776, 3775, 3877, 3775, 3774, 3877, 3789, 4006, 3849, 4006, 3788, 3792, 3788, 4006, 3789, 3878, 3719, 3780, 3878, 3857, 3858, 3878, 3858, 3859, 3878, 3859, 3860, 3774, 3718, 3877, 3768, 3758, 3769, 3770, 3769, 3758, 3878, 3860, 3861, 3767, 3757, 3768, 3724, 3718, 3723, 3765, 3756, 3767, 4452, 4254, 4453, 4451, 4254, 4452, 4450, 4254, 4451, 4186, 4207, 3975, 4042, 4024, 4040, 3720, 3718, 3721, 4041, 4040, 4024, 4041, 4024, 4046, 4043, 4041, 4046, 4044, 4043, 4046, 4045, 4044, 4046, 4045, 4046, 4196, 4316, 4283, 4319, 3718, 3917, 3918, 3718, 3918, 3919, 3919, 3975, 3718, 3719, 3727, 3751, 3719, 3751, 3752, 3719, 3752, 3753, 3719, 3753, 3754, 3719, 3725, 3731, 3729, 3728, 3719, 3728, 3726, 3719, 3731, 3730, 3719, 3730, 3729, 3719, 3727, 3719, 3726, 4207, 4177, 4206, 4206, 4183, 4205, 4205, 4181, 4204, 4204, 4182, 4203, 4203, 4180, 4202, 3850, 3849, 3877, 3939, 4005, 3940, 4548, 4125, 4292, 4197, 4046, 4198, 4195, 4188, 4213, 4047, 3940, 4005, 4047, 4005, 4048, 4048, 4005, 4049, 4049, 4005, 4050, 4050, 4005, 4090, 4201, 4178, 4200, 4090, 4005, 4086, 4005, 4088, 4087, 4088, 4005, 4111, 4005, 4087, 4085, 4086, 4005, 4085, 4111, 4005, 4112, 3719, 3878, 3718, 3745, 3718, 3772, 3746, 3745, 3761, 3747, 3746, 3760, 3935, 3934, 4175, 4175, 3975, 4005, 3934, 3924, 4175, 3924, 3725, 4175, 4112, 4005, 4113, 4113, 4005, 4114, 4114, 4005, 4115, 4115, 4005, 4116, 3935, 3936, 4268, 4051, 4050, 4090, 4052, 4051, 4090, 3725, 3719, 4175, 4175, 3718, 3975, 4321, 4284, 4316, 4318, 4280, 4447, 3984, 3934, 3985, 3984, 3933, 3934, 3933, 3932, 3934, 4447, 4279, 4448, 4320, 4285, 4321, 4322, 4286, 4320, 4323, 4287, 4322, 4324, 4288, 4323, 4325, 4290, 4324, 4326, 4289, 4325, 4327, 4296, 4326, 4328, 4293, 4327, 4548, 4292, 4294, 4548, 4294, 4295, 4548, 4295, 4328, 4466, 4467, 4332, 4336, 4334, 4332, 4336, 4332, 4333, 4332, 4340, 4338, 4338, 4333, 4332, 4332, 4334, 4335, 4466, 4332, 4335, 4337, 4338, 4340, 4339, 4337, 4340, 3932, 3931, 3934, 3931, 3930, 3934, 3930, 3928, 3934, 3928, 3924, 3934, 4449, 4254, 4450, 3766, 3755, 3765, 4448, 4254, 4449, 3878, 3861, 3862, 3878, 3862, 3863, 3878, 3863, 3864, 3878, 3864, 3865, 3873, 3876, 3865, 4149, 4154, 4129, 4129, 4150, 4152, 4147, 4145, 4174, 4146, 4147, 4173, 4148, 4146, 4172, 4145, 4144, 4310, 3928, 3929, 3924, 3719, 3718, 4175, 3975, 3922, 3923, 3975, 3921, 3922, 4194, 4193, 4213, 4193, 4192, 4213, 4053, 4052, 4090, 4054, 4053, 4090, 4055, 4054, 4089, 4056, 4055, 4091, 4057, 4056, 4092, 4059, 4057, 4093, 4058, 4059, 4094, 4175, 4063, 4096, 4065, 4058, 4095, 4096, 4063, 4065, 4175, 4096, 4097, 4192, 4195, 4213, 4250, 3975, 4235, 4142, 4141, 4170, 4141, 4148, 4171, 4140, 4142, 4169, 4140, 4168, 4139, 4126, 4128, 4161, 3874, 3873, 3865, 4546, 4339, 4340, 4339, 4546, 4341, 4341, 4546, 4342, 4187, 4177, 4207, 4342, 4546, 4343, 4343, 4546, 4345, 4345, 4546, 4346, 4346, 4546, 4347, 4347, 4546, 4483, 4483, 4546, 4484, 4207, 4186, 4187, 4183, 4181, 4205, 3975, 3920, 3921, 3975, 3919, 3920, 3877, 3896, 4251, 4075, 4076, 4104, 4078, 4077, 4104, 4104, 4076, 4078, 4104, 4077, 4084, 4104, 4084, 4176, 4104, 4176, 4105, 4105, 4176, 4106, 4106, 4176, 4107, 4107, 4176, 4108, 4108, 4176, 4109, 4109, 4176, 4110, 4089, 4054, 4090, 4091, 4055, 4089, 4092, 4056, 4091, 4093, 4057, 4092, 4094, 4059, 4093, 3877, 3878, 3896, 3896, 3894, 3895, 3878, 3894, 3896, 3893, 3894, 3878, 3892, 3893, 3878, 3891, 3892, 3878, 3890, 3891, 3878, 3878, 3871, 3872, 3876, 3871, 3878, 3889, 3890, 3878, 3888, 3889, 3878, 3887, 3888, 3878, 3872, 3887, 3878, 3885, 3877, 4250, 3885, 3884, 3877, 3884, 3883, 3877, 3882, 3877, 3883, 3881, 3877, 3882, 3748, 3747, 3760, 4095, 4058, 4094, 4096, 4065, 4095, 4175, 4097, 4124, 4175, 4124, 4125, 4143, 4110, 4176, 4143, 4176, 4144, 4116, 4005, 4254, 4116, 4254, 4117, 4117, 4254, 4118, 4118, 4254, 4119, 4119, 4254, 4120, 4120, 4254, 4121, 4121, 4254, 4123, 3749, 3748, 3762, 3750, 3749, 3763, 3965, 3750, 3764, 3719, 3754, 3766, 3766, 3754, 3755, 3755, 3756, 3765, 3756, 3757, 3767, 3757, 3758, 3768, 3758, 3759, 3770, 3772, 3718, 3773, 4123, 4254, 4122, 4122, 4254, 4129, 4259, 3935, 4268, 4125, 4126, 4291, 4127, 4129, 4158, 4128, 4127, 4159, 3773, 3718, 3774, 3760, 3746, 3761, 3761, 3745, 3771, 3771, 3745, 3772, 3762, 3748, 3760, 3763, 3749, 3762, 3764, 3750, 3763, 3719, 3766, 3779, 3719, 3779, 3780, 3880, 3877, 3881, 3878, 3865, 3876, 4202, 4179, 4201, 6543, 5476, 5477, 5477, 5475, 6543, 6290, 5501, 6543, 6543, 5504, 5505, 6543, 5503, 5504, 6543, 5502, 5503, 5506, 5476, 6543, 5505, 5506, 6543, 5501, 5502, 6543, 6501, 5495, 5498, 5498, 5497, 6501, 6543, 5413, 6501, 5496, 5495, 6501, 5500, 5496, 6501, 6501, 5459, 5500, 5497, 5494, 6501, 5494, 5493, 6501, 5493, 5492, 6501, 5492, 5408, 6501, 5408, 6051, 6501, 5475, 5416, 6543, 5475, 5474, 5416, 5474, 5473, 5416, 5473, 5472, 5416, 5472, 5471, 5416, 5471, 5470, 5416, 5470, 5469, 5416, 5469, 5468, 5416, 5468, 5467, 5416, 5461, 5416, 5467, 5467, 5466, 5461, 5466, 5465, 5460, 5465, 5464, 5460, 5464, 5463, 5460, 5463, 5387, 5460, 5460, 5461, 5466, 5413, 5459, 6501, 5416, 5413, 6543, 5458, 5459, 5413, 5457, 5458, 5413, 5413, 5456, 5457, 5413, 5436, 5456, 5413, 5435, 5436, 5430, 5412, 5429, 5461, 5415, 5416, 5415, 5414, 5416, 5414, 5359, 5416, 5413, 5434, 5435, 5413, 5433, 5434, 5413, 5430, 5433, 5413, 5412, 5430, 5413, 5411, 5412, 5416, 5358, 5413, 5411, 5413, 5358, 6290, 5409, 5501, 6290, 5396, 5409, 6290, 5395, 5396, 6290, 5394, 5395, 6290, 5393, 5394, 6290, 5392, 5393, 6290, 5391, 5392, 6290, 5390, 5391, 6290, 5389, 5390, 5408, 5407, 6051, 5407, 5406, 6051, 5405, 6051, 5406, 5405, 5404, 6051, 5404, 5385, 6051, 6051, 5359, 6290, 5388, 5359, 5387, 5389, 5359, 5388, 5359, 5460, 5387, 5359, 5389, 6290, 5384, 5358, 5385, 5383, 5358, 5384, 5382, 5358, 5383, 5366, 5358, 5364, 5358, 5382, 5364, 5358, 6051, 5385, 5359, 6051, 5358, 5359, 5414, 5460, 5427, 5358, 5426, 5358, 5427, 5411, 5358, 5365, 5426, 5358, 5367, 5365, 5358, 5366, 5367, 5358, 5416, 5359, 426, 486, 479, 426, 481, 427, 427, 443, 442, 443, 427, 441, 441, 427, 504, 482, 505, 427, 504, 427, 505, 426, 910, 432, 486, 426, 430, 426, 432, 431, 430, 426, 431, 426, 427, 967, 967, 427, 451, 427, 440, 448, 440, 427, 442, 427, 448, 449, 449, 450, 427, 451, 427, 450, 433, 432, 910, 434, 433, 910, 435, 434, 910, 436, 435, 910, 437, 436, 910, 438, 437, 910, 439, 438, 910, 439, 910, 467, 467, 910, 548, 910, 426, 967, 967, 451, 468, 967, 468, 469, 967, 469, 470, 967, 470, 471, 967, 471, 472, 481, 426, 479, 481, 479, 480, 481, 480, 487, 482, 427, 484, 484, 427, 481, 483, 482, 484, 483, 484, 509, 509, 484, 513, 513, 484, 514, 514, 484, 515, 560, 557, 1402, 1402, 559, 560, 1402, 484, 1337, 557, 558, 1402, 558, 574, 1402, 574, 542, 1402, 1402, 556, 559, 1402, 555, 556, 1402, 554, 555, 1402, 472, 554, 967, 472, 1402, 503, 502, 1337, 1337, 501, 503, 1337, 548, 910, 1337, 552, 551, 550, 1337, 551, 549, 1337, 550, 486, 492, 487, 486, 430, 489, 486, 489, 490, 490, 491, 486, 492, 486, 491, 487, 492, 493, 502, 553, 1337, 481, 487, 493, 481, 493, 494, 481, 494, 495, 552, 1337, 553, 548, 1337, 549, 542, 484, 1402, 481, 495, 496, 481, 496, 497, 481, 497, 498, 481, 498, 499, 481, 499, 500, 481, 500, 501, 481, 501, 1337, 508, 483, 509, 515, 484, 516, 484, 481, 1337, 539, 516, 484, 539, 484, 540, 540, 484, 541, 541, 484, 542, 8865, 8860, 9922, 9477, 8815, 8864, 8736, 8769, 8770, 8737, 8770, 8771, 8860, 8869, 9922, 8868, 8855, 9922, 8820, 8722, 8819, 8819, 8725, 8737, 8751, 8727, 8820, 8753, 8751, 8820, 8753, 8820, 8821, 8821, 8820, 8823, 8823, 8820, 8824, 8819, 8737, 8830, 8819, 8830, 8831, 8819, 8831, 8832, 9477, 8804, 8813, 8797, 9476, 9897, 9922, 8819, 9897, 9897, 8836, 8838, 8839, 8837, 9897, 8837, 8859, 9897, 8859, 8797, 9897, 8838, 8839, 9897, 9897, 8835, 8836, 9897, 8834, 8835, 9897, 8833, 8834, 9897, 8832, 8833, 8796, 9476, 8797, 8855, 8820, 9922, 8819, 8832, 9897, 8820, 8819, 9922, 8795, 9476, 8796, 8794, 9476, 8795, 8793, 9476, 8794, 8792, 9476, 8793, 8767, 9476, 8792, 8824, 8820, 8828, 8828, 8820, 8850, 8850, 8820, 8851, 8851, 8820, 8854, 8854, 8820, 8855, 9477, 8803, 8804, 9477, 8799, 8803, 9477, 8798, 8799, 8869, 8868, 9922, 9922, 8864, 8865, 9477, 8790, 8798, 9477, 8733, 8790, 8767, 8766, 9476, 8766, 8765, 9476, 9476, 8723, 9477, 8723, 8742, 8740, 8742, 8723, 8738, 8722, 8820, 8723, 8724, 8722, 8736, 8727, 8726, 8723, 8723, 8726, 8747, 8738, 8723, 8747, 8722, 8723, 9476, 8725, 8722, 8724, 8723, 8820, 8727, 8722, 8725, 8819, 8747, 8726, 8748, 8737, 8773, 8830, 8737, 8772, 8773, 8737, 8771, 8772, 8736, 8770, 8737, 8769, 8722, 8768, 8722, 8759, 8768, 8736, 8722, 8769, 8723, 8733, 9477, 8765, 8722, 9476, 8732, 8733, 8723, 8729, 8732, 8723, 8723, 8728, 8729, 8723, 8741, 8728, 8723, 8740, 8741, 8764, 8722, 8765, 8763, 8722, 8764, 8760, 8722, 8763, 8761, 8722, 8762, 8722, 8760, 8762, 8722, 8761, 8759, 9477, 8864, 9922, 9477, 8813, 8814, 9477, 8814, 8815, 4254, 3620, 3673, 3660, 3659, 4254, 3668, 3667, 4250, 4250, 3664, 3668, 4254, 3622, 4250, 3657, 3656, 4254, 3656, 3655, 4254, 3655, 3654, 4254, 3654, 3653, 4254, 3537, 3524, 3975, 4250, 3671, 3672, 3672, 3664, 4250, 4250, 3650, 3671, 4005, 3525, 3583, 3550, 3552, 3526, 3525, 3559, 3587, 3577, 3525, 3586, 3586, 3525, 3587, 3587, 3559, 3588, 3588, 3559, 3560, 3588, 3560, 3589, 3589, 3560, 3590, 3590, 3560, 3591, 3591, 3560, 3651, 3653, 3622, 4254, 4250, 3621, 3650, 3525, 3582, 3583, 3581, 3582, 3525, 3525, 3578, 3581, 3580, 3525, 3579, 3525, 3580, 3578, 3525, 3577, 3579, 3525, 4005, 3524, 3536, 3524, 3537, 3533, 3524, 3536, 3532, 3524, 3533, 3545, 3524, 3532, 3544, 3524, 3545, 3525, 3528, 3559, 3525, 3529, 3528, 3550, 3524, 3539, 3526, 3524, 3550, 3527, 3524, 3526, 3525, 3622, 3529, 3524, 3621, 3525, 3524, 3527, 3621, 3524, 3546, 3539, 3524, 3544, 3546, 3622, 3621, 4250, 3652, 3622, 3653, 3651, 3622, 3652, 3651, 3560, 3622, 3621, 3649, 3650, 3621, 3645, 3649, 3621, 3644, 3645, 3621, 3631, 3644, 3621, 3629, 3631, 3593, 3537, 3975, 3597, 3593, 3975, 3597, 3975, 3598, 3975, 3524, 4005, 4005, 3583, 3584, 4005, 3584, 3585, 3598, 3975, 3601, 3601, 3975, 3602, 3560, 3529, 3622, 3621, 3628, 3629, 3621, 3624, 3628, 3621, 3556, 3624, 3621, 3555, 3556, 3621, 3527, 3555, 3622, 3525, 3621, 4005, 3620, 4254, 3667, 3975, 4250, 3614, 3975, 3667, 3614, 3613, 3975, 3613, 3612, 3975, 3612, 3602, 3975, 4005, 3619, 3620, 4005, 3618, 3619, 4005, 3617, 3618, 4005, 3616, 3617, 4005, 3615, 3616, 4005, 3585, 3615, 3659, 3657, 4254, 3673, 3658, 4254, 4254, 3658, 3660, 5454, 5447, 5455, 5363, 5362, 5422, 5454, 5446, 5447, 5447, 5448, 5455, 5499, 5451, 5450, 5449, 5451, 5499, 5453, 5446, 5454, 5452, 5444, 5453, 5453, 5445, 5446, 5445, 5453, 5444, 5452, 5443, 5444, 5452, 5442, 5443, 5452, 5441, 5442, 5452, 5440, 5441, 5456, 5423, 5452, 5453, 5457, 5452, 5454, 5458, 5453, 5455, 5459, 5454, 5407, 5402, 5406, 5406, 5400, 5405, 5405, 5399, 5404, 5403, 5408, 5485, 5402, 5407, 5403, 5399, 5400, 5488, 5398, 5399, 5489, 5455, 5499, 5500, 5457, 5456, 5452, 5458, 5457, 5453, 5459, 5458, 5454, 5459, 5455, 5500, 5452, 5439, 5440, 5480, 5398, 5481, 5479, 5398, 5480, 5452, 5360, 5439, 5436, 5423, 5456, 5435, 5422, 5436, 5401, 5398, 5479, 5381, 5398, 5401, 5400, 5406, 5402, 5399, 5405, 5400, 5493, 5486, 5492, 5494, 5487, 5493, 5495, 5488, 5498, 5435, 5434, 5421, 5434, 5433, 5420, 5430, 5429, 5428, 5433, 5430, 5419, 5481, 5398, 5489, 5481, 5489, 5482, 5489, 5399, 5488, 5488, 5400, 5491, 5398, 5404, 5399, 5496, 5489, 5495, 5497, 5490, 5494, 5491, 5400, 5402, 5498, 5491, 5497, 5398, 5385, 5404, 5385, 5371, 5384, 5384, 5370, 5383, 5383, 5369, 5382, 5368, 5364, 5382, 5500, 5499, 5496, 5380, 5398, 5381, 5379, 5371, 5380, 5378, 5371, 5379, 5402, 5403, 5490, 5408, 5403, 5407, 5377, 5370, 5378, 5438, 5360, 5437, 5360, 5372, 5437, 5360, 5373, 5372, 5403, 5485, 5487, 5487, 5485, 5486, 5486, 5485, 5492, 5376, 5369, 5377, 5375, 5369, 5376, 5374, 5368, 5375, 5368, 5369, 5375, 5373, 5368, 5374, 5360, 5368, 5373, 5371, 5385, 5398, 5371, 5370, 5384, 5371, 5378, 5370, 5369, 5370, 5377, 5369, 5383, 5370, 5491, 5402, 5490, 5490, 5403, 5487, 5368, 5382, 5369, 5367, 5363, 5365, 5367, 5366, 5362, 5426, 5365, 5361, 5364, 5360, 5366, 5490, 5487, 5494, 5487, 5486, 5493, 5482, 5489, 5483, 5483, 5489, 5484, 5484, 5489, 5450, 5360, 5438, 5439, 5455, 5449, 5499, 5455, 5448, 5449, 5361, 5365, 5363, 5360, 5362, 5366, 5363, 5367, 5362, 5361, 5417, 5426, 5360, 5364, 5368, 5485, 5408, 5492, 5417, 5361, 5420, 5417, 5419, 5418, 5417, 5418, 5425, 5419, 5417, 5420, 5418, 5419, 5430, 5499, 5450, 5489, 5499, 5489, 5496, 5489, 5488, 5495, 5491, 5490, 5497, 5488, 5491, 5498, 5428, 5418, 5430, 5425, 5418, 5428, 5427, 5426, 5424, 5424, 5417, 5425, 5426, 5417, 5424, 5422, 5423, 5436, 5363, 5421, 5361, 5421, 5422, 5435, 5420, 5421, 5434, 5420, 5433, 5419, 5423, 5360, 5452, 5422, 5362, 5423, 5421, 5363, 5422, 5420, 5361, 5421, 5362, 5360, 5423, 5371, 5398, 5380, 573, 559, 572, 533, 532, 544, 571, 537, 575, 558, 571, 575, 566, 537, 571, 571, 565, 566, 526, 444, 543, 527, 526, 543, 570, 560, 573, 514, 515, 521, 513, 514, 520, 509, 513, 519, 510, 509, 518, 507, 510, 518, 575, 574, 558, 528, 527, 543, 529, 528, 543, 530, 529, 543, 571, 564, 565, 569, 555, 568, 569, 478, 572, 572, 477, 573, 572, 556, 569, 568, 567, 569, 568, 554, 567, 567, 478, 569, 478, 477, 572, 477, 475, 573, 475, 570, 573, 570, 474, 571, 571, 563, 564, 571, 473, 563, 559, 573, 560, 556, 572, 559, 557, 571, 558, 560, 570, 557, 555, 569, 556, 554, 568, 555, 515, 516, 522, 516, 539, 523, 517, 507, 518, 445, 517, 520, 517, 518, 519, 518, 509, 519, 520, 517, 519, 447, 445, 521, 446, 447, 522, 575, 546, 574, 546, 545, 542, 545, 544, 541, 544, 543, 540, 543, 523, 539, 531, 530, 543, 508, 509, 510, 532, 531, 544, 444, 446, 523, 542, 574, 546, 541, 542, 545, 517, 506, 507, 517, 504, 506, 504, 505, 506, 540, 541, 544, 539, 540, 543, 521, 445, 520, 567, 472, 478, 478, 471, 477, 571, 557, 570, 522, 447, 521, 523, 446, 522, 474, 473, 571, 562, 563, 473, 473, 561, 562, 473, 476, 561, 473, 465, 476, 477, 470, 475, 475, 469, 474, 474, 468, 473, 472, 567, 554, 471, 478, 472, 470, 477, 471, 470, 469, 475, 440, 442, 444, 441, 504, 445, 442, 443, 446, 443, 441, 447, 440, 444, 452, 445, 504, 517, 446, 443, 447, 444, 442, 446, 447, 441, 445, 444, 526, 525, 448, 440, 452, 444, 523, 543, 519, 513, 520, 520, 514, 521, 575, 536, 546, 449, 448, 453, 450, 449, 454, 451, 450, 455, 451, 473, 468, 453, 448, 452, 468, 474, 469, 473, 464, 465, 464, 455, 463, 455, 462, 463, 473, 455, 464, 536, 535, 546, 546, 534, 545, 462, 454, 461, 454, 449, 453, 455, 450, 454, 454, 453, 461, 455, 454, 462, 473, 451, 455, 452, 444, 457, 452, 457, 458, 522, 516, 523, 521, 515, 522, 453, 452, 459, 459, 452, 458, 453, 459, 460, 461, 453, 460, 457, 444, 456, 535, 534, 546, 534, 533, 545, 538, 575, 537, 538, 536, 575, 456, 444, 524, 524, 444, 525, 533, 544, 545, 544, 531, 543, 475, 474, 570, 8853, 8852, 8850, 8739, 8756, 8822, 8753, 8821, 8822, 8852, 8828, 8850, 8728, 8744, 8730, 8729, 8728, 8730, 8729, 8730, 8731, 8853, 8851, 8857, 8857, 8851, 8854, 8855, 8858, 8854, 8857, 8854, 8858, 8856, 8853, 8857, 8732, 8729, 8731, 8731, 8730, 8778, 8732, 8731, 8734, 8733, 8732, 8734, 8733, 8734, 8735, 8734, 8731, 8778, 8735, 8734, 8778, 8856, 8857, 8858, 8855, 8868, 8870, 8858, 8855, 8870, 8856, 8858, 8870, 8856, 8870, 8871, 8733, 8735, 8790, 8790, 8735, 8791, 8863, 8862, 8856, 8863, 8856, 8871, 8860, 8863, 8869, 8867, 8863, 8860, 8864, 8815, 8818, 8738, 8754, 8739, 8740, 8742, 8745, 8740, 8745, 8743, 8741, 8740, 8743, 8741, 8743, 8744, 8744, 8728, 8741, 8745, 8742, 8739, 8742, 8738, 8739, 8747, 8748, 8749, 8752, 8751, 8753, 8754, 8738, 8747, 8749, 8755, 8747, 8755, 8749, 8750, 8754, 8747, 8755, 8739, 8754, 8756, 8750, 8752, 8756, 8756, 8752, 8753, 8755, 8750, 8756, 8756, 8754, 8755, 8743, 8745, 8826, 8743, 8827, 8746, 8826, 8745, 8822, 8827, 8743, 8826, 8746, 8827, 8825, 8825, 8853, 8856, 8825, 8852, 8853, 8744, 8743, 8778, 8778, 8730, 8744, 8778, 8743, 8746, 8778, 8802, 8735, 8790, 8791, 8798, 8852, 8829, 8828, 8829, 8824, 8828, 8825, 8829, 8852, 8827, 8829, 8825, 8864, 8818, 8866, 8827, 8824, 8829, 8827, 8823, 8824, 8827, 8826, 8823, 8826, 8822, 8821, 8798, 8791, 8800, 8791, 8735, 8802, 8800, 8791, 8802, 8865, 8866, 8867, 8866, 8865, 8864, 8867, 8860, 8865, 8870, 8868, 8871, 8871, 8868, 8869, 8869, 8863, 8871, 8799, 8798, 8800, 8799, 8800, 8801, 8803, 8799, 8801, 8801, 8800, 8802, 8803, 8801, 8805, 8804, 8803, 8805, 8804, 8806, 8813, 8806, 8804, 8805, 8802, 8862, 8801, 8805, 8801, 8863, 8863, 8801, 8862, 8813, 8806, 8816, 8806, 8805, 8867, 8816, 8806, 8866, 8813, 8816, 8814, 8814, 8816, 8817, 8867, 8805, 8863, 8821, 8823, 8826, 8816, 8866, 8818, 8866, 8806, 8867, 8814, 8817, 8815, 8815, 8817, 8818, 8756, 8753, 8822, 8853, 8850, 8851, 8745, 8739, 8822, 8817, 8816, 8818, 3611, 3610, 3614, 3631, 3629, 3630, 3545, 3540, 3544, 3541, 3530, 3543, 3530, 3541, 3532, 3532, 3533, 3530, 3530, 3533, 3531, 3531, 3533, 3536, 3535, 3565, 3534, 3531, 3536, 3534, 3535, 3534, 3537, 3537, 3534, 3536, 3565, 3535, 3592, 3592, 3535, 3593, 3593, 3535, 3537, 3670, 3663, 3672, 3538, 3547, 3539, 3542, 3544, 3540, 3546, 3544, 3542, 3540, 3541, 3543, 3541, 3540, 3545, 3610, 3613, 3614, 3545, 3532, 3541, 3546, 3542, 3538, 3546, 3538, 3539, 3547, 3538, 3549, 3550, 3539, 3547, 3550, 3547, 3548, 3550, 3548, 3551, 3551, 3548, 3553, 3548, 3547, 3549, 3609, 3600, 3612, 3609, 3613, 3610, 3613, 3609, 3612, 3663, 3599, 3666, 3665, 3609, 3611, 3666, 3600, 3665, 3611, 3609, 3610, 3549, 3538, 3623, 3553, 3548, 3549, 3553, 3549, 3554, 3554, 3549, 3556, 3671, 3670, 3672, 3600, 3609, 3665, 3599, 3600, 3666, 3552, 3550, 3551, 3555, 3554, 3556, 3623, 3538, 3542, 3542, 3540, 3626, 3540, 3543, 3627, 3623, 3542, 3626, 3626, 3540, 3627, 3627, 3543, 3625, 3671, 3669, 3670, 3664, 3666, 3668, 3668, 3665, 3667, 3662, 3595, 3663, 3595, 3599, 3663, 3666, 3665, 3668, 3662, 3596, 3595, 3667, 3611, 3614, 3665, 3611, 3667, 3664, 3663, 3666, 3663, 3664, 3672, 3543, 3530, 3531, 3543, 3531, 3534, 3565, 3543, 3534, 3565, 3592, 3594, 3670, 3662, 3663, 3669, 3662, 3670, 3669, 3648, 3662, 3556, 3549, 3623, 3624, 3556, 3623, 3624, 3623, 3626, 3650, 3669, 3671, 3650, 3648, 3669, 3648, 3647, 3662, 3650, 3649, 3648, 3600, 3602, 3612, 3599, 3602, 3600, 3599, 3601, 3602, 3595, 3601, 3599, 3595, 3598, 3601, 3598, 3594, 3597, 3595, 3594, 3598, 3594, 3592, 3597, 3596, 3565, 3595, 3594, 3595, 3565, 3649, 3647, 3648, 3649, 3645, 3647, 3647, 3643, 3646, 3645, 3643, 3647, 3645, 3644, 3643, 3628, 3624, 3626, 3628, 3626, 3627, 3629, 3628, 3627, 3592, 3593, 3597, 3643, 3642, 3646, 3644, 3642, 3643, 3644, 3631, 3642, 3642, 3630, 3646, 3646, 3662, 3647, 3630, 3627, 3646, 3627, 3625, 3646, 3629, 3627, 3630, 3631, 3630, 3642, 5472, 5445, 5471, 5505, 5484, 5506, 5396, 5401, 5409, 5396, 5381, 5401, 5447, 5446, 5473, 5470, 5443, 5469, 5446, 5445, 5472, 5445, 5444, 5471, 5444, 5443, 5470, 5469, 5442, 5468, 5468, 5441, 5467, 5467, 5440, 5466, 5466, 5439, 5465, 5465, 5438, 5464, 5464, 5437, 5463, 5463, 5372, 5387, 5443, 5442, 5469, 5442, 5441, 5468, 5441, 5440, 5467, 5440, 5439, 5466, 5439, 5438, 5465, 5471, 5444, 5470, 5438, 5437, 5464, 5395, 5381, 5396, 5394, 5380, 5395, 5393, 5379, 5394, 5392, 5378, 5393, 5391, 5377, 5392, 5380, 5381, 5395, 5380, 5394, 5379, 5378, 5379, 5393, 5377, 5378, 5392, 5391, 5376, 5377, 5390, 5376, 5391, 5389, 5375, 5390, 5388, 5374, 5389, 5387, 5373, 5388, 5375, 5376, 5390, 5374, 5375, 5389, 5372, 5373, 5387, 5373, 5374, 5388, 5437, 5372, 5463, 5448, 5447, 5474, 5449, 5448, 5475, 5451, 5449, 5477, 5450, 5451, 5476, 5475, 5448, 5474, 5473, 5446, 5472, 5474, 5447, 5473, 5477, 5449, 5475, 5476, 5451, 5477, 5409, 5401, 5479, 5479, 5480, 5501, 5480, 5481, 5502, 5481, 5482, 5503, 5482, 5483, 5504, 5483, 5484, 5505, 5484, 5450, 5506, 5501, 5409, 5479, 5501, 5480, 5502, 5502, 5481, 5503, 5504, 5483, 5505, 5503, 5482, 5504, 5506, 5450, 5476, 489, 430, 456, 430, 431, 457, 464, 438, 465, 491, 490, 525, 492, 491, 526, 493, 492, 527, 494, 493, 528, 495, 494, 529, 489, 456, 524, 525, 490, 524, 526, 491, 525, 527, 492, 526, 528, 493, 527, 529, 494, 528, 495, 529, 530, 496, 495, 530, 497, 496, 531, 498, 497, 532, 531, 496, 530, 532, 497, 531, 498, 532, 533, 501, 500, 535, 499, 498, 533, 500, 499, 534, 501, 536, 503, 502, 503, 538, 534, 499, 533, 535, 500, 534, 536, 501, 535, 538, 503, 536, 502, 538, 537, 467, 548, 561, 548, 549, 562, 549, 550, 563, 551, 552, 565, 550, 551, 564, 552, 553, 566, 553, 502, 537, 476, 467, 561, 562, 561, 548, 563, 562, 549, 563, 550, 564, 564, 551, 565, 565, 552, 566, 566, 553, 537, 465, 439, 476, 439, 467, 476, 463, 437, 464, 462, 436, 463, 461, 435, 462, 460, 434, 461, 438, 439, 465, 438, 464, 437, 436, 437, 463, 435, 436, 462, 434, 435, 461, 459, 433, 460, 458, 432, 459, 430, 457, 456, 457, 431, 458, 433, 434, 460, 432, 433, 459, 431, 432, 458, 490, 489, 524, 8774, 8761, 8776, 8772, 8771, 8788, 8846, 8835, 8845, 8783, 8767, 8792, 8861, 8837, 8847, 8861, 8859, 8837, 8849, 8838, 8848, 8847, 8839, 8849, 8848, 8836, 8846, 8845, 8834, 8844, 8844, 8833, 8843, 8843, 8832, 8842, 8842, 8831, 8841, 8841, 8830, 8840, 8836, 8848, 8838, 8838, 8849, 8839, 8839, 8847, 8837, 8835, 8846, 8836, 8834, 8845, 8835, 8833, 8844, 8834, 8832, 8843, 8833, 8832, 8831, 8842, 8831, 8830, 8841, 8861, 8812, 8859, 8812, 8811, 8797, 8811, 8810, 8796, 8810, 8809, 8795, 8809, 8808, 8794, 8808, 8807, 8793, 8807, 8783, 8792, 8797, 8811, 8796, 8797, 8859, 8812, 8796, 8810, 8795, 8795, 8809, 8794, 8794, 8808, 8793, 8793, 8807, 8792, 8840, 8773, 8789, 8830, 8773, 8840, 8789, 8772, 8788, 8788, 8771, 8787, 8787, 8770, 8786, 8786, 8769, 8785, 8784, 8759, 8774, 8785, 8768, 8784, 8761, 8774, 8759, 8762, 8776, 8761, 8762, 8760, 8777, 8763, 8775, 8760, 8764, 8779, 8763, 8765, 8780, 8764, 8766, 8781, 8765, 8767, 8782, 8766, 8769, 8768, 8785, 8768, 8759, 8784, 8782, 8767, 8783, 8781, 8766, 8782, 8780, 8765, 8781, 8779, 8764, 8780, 8775, 8763, 8779, 8777, 8760, 8775, 8776, 8762, 8777, 8770, 8769, 8786, 8771, 8770, 8787, 8773, 8772, 8789, 3615, 3603, 3616, 3633, 3632, 3651, 3616, 3604, 3617, 3640, 3638, 3657, 3654, 3635, 3653, 3655, 3636, 3654, 3579, 3577, 3561, 3656, 3637, 3655, 3657, 3638, 3656, 3632, 3576, 3591, 3576, 3575, 3590, 3639, 3660, 3658, 3660, 3641, 3659, 3659, 3640, 3657, 3575, 3574, 3589, 3574, 3573, 3588, 3617, 3605, 3618, 3618, 3606, 3619, 3661, 3673, 3608, 3608, 3620, 3607, 3606, 3607, 3619, 3606, 3618, 3605, 3605, 3617, 3604, 3604, 3616, 3603, 3620, 3608, 3673, 3619, 3607, 3620, 3603, 3615, 3570, 3641, 3660, 3639, 3641, 3640, 3659, 3589, 3574, 3588, 3590, 3575, 3589, 3591, 3576, 3590, 3661, 3639, 3658, 3573, 3572, 3587, 3571, 3561, 3577, 3653, 3634, 3652, 3572, 3571, 3586, 3570, 3585, 3569, 3569, 3584, 3568, 3568, 3583, 3567, 3673, 3661, 3658, 3583, 3568, 3584, 3566, 3567, 3582, 3566, 3581, 3562, 3638, 3637, 3656, 3637, 3636, 3655, 3588, 3573, 3587, 3636, 3635, 3654, 3562, 3578, 3564, 3564, 3580, 3563, 3563, 3579, 3561, 3584, 3569, 3585, 3652, 3633, 3651, 3587, 3572, 3586, 3583, 3582, 3567, 3632, 3591, 3651, 3582, 3581, 3566, 3635, 3634, 3653, 3581, 3578, 3562, 3580, 3564, 3578, 3580, 3579, 3563, 3585, 3570, 3615, 3586, 3571, 3577, 3634, 3633, 3652, 6310, 6305, 6317, 6300, 6314, 6302, 6307, 6297, 6308, 6295, 6296, 6306, 6325, 6326, 6333, 6326, 6327, 6334, 6327, 6328, 6335, 6328, 6329, 6336, 6330, 6338, 6329, 6331, 6339, 6330, 6655, 6304, 6663, 6656, 6655, 6665, 6657, 6656, 6666, 6659, 6658, 6668, 6658, 6657, 6667, 6659, 6669, 6660, 6660, 6670, 6661, 6679, 6678, 6684, 6684, 6677, 6683, 6680, 6676, 6682, 6340, 6675, 6681, 6316, 6303, 6315, 6332, 6309, 6324, 6333, 6332, 6325, 6334, 6333, 6326, 6334, 6327, 6335, 6335, 6328, 6336, 6329, 6338, 6337, 6336, 6329, 6337, 6338, 6330, 6339, 6339, 6331, 6340, 6315, 6302, 6314, 6314, 6300, 6312, 6296, 6297, 6307, 6297, 6298, 6308, 6324, 6325, 6332, 6675, 6680, 6681, 6682, 6674, 6679, 6677, 6662, 6683, 6677, 6684, 6678, 6674, 6682, 6676, 6662, 6671, 6683, 6671, 6661, 6670, 6670, 6660, 6669, 6669, 6659, 6668, 6308, 6298, 6309, 6313, 6299, 6310, 6311, 6301, 6313, 6661, 6671, 6662, 6298, 6324, 6309, 6299, 6305, 6310, 6301, 6299, 6313, 6300, 6311, 6312, 6665, 6655, 6663, 6304, 6316, 6664, 6663, 6304, 6664, 6666, 6656, 6665, 6667, 6657, 6666, 6668, 6658, 6667, 6675, 6676, 6680, 6340, 6331, 6675, 6678, 6679, 6674, 6317, 6295, 6306, 6305, 6295, 6317, 6303, 6316, 6304, 6302, 6315, 6303, 6306, 6296, 6307, 6300, 6301, 6311, 6046, 6022, 6045, 6017, 6016, 6039, 6026, 6049, 6148, 6048, 6024, 6047, 6047, 6023, 6046, 6145, 6136, 6150, 6147, 6135, 6149, 6149, 6134, 6148, 6150, 6133, 6147, 6146, 6131, 6145, 6143, 6132, 6146, 6142, 6130, 6143, 6140, 6129, 6142, 6141, 6127, 6140, 6139, 6128, 6141, 6133, 6150, 6136, 6135, 6147, 6133, 6026, 6148, 6134, 6134, 6149, 6135, 6131, 6136, 6145, 6131, 6146, 6132, 6130, 6132, 6143, 6129, 6130, 6142, 6127, 6129, 6140, 6127, 6141, 6128, 6139, 6138, 6126, 6138, 6137, 6125, 6137, 6032, 6124, 6126, 6128, 6139, 6125, 6126, 6138, 6124, 6125, 6137, 6045, 6021, 6043, 6043, 6020, 6042, 6042, 6019, 6041, 6041, 6018, 6040, 6040, 6017, 6039, 6039, 6016, 6037, 6037, 6014, 6035, 6035, 6015, 6036, 6025, 6049, 6026, 6024, 6048, 6025, 6023, 6047, 6024, 6022, 6021, 6045, 6023, 6022, 6046, 6021, 6020, 6043, 6020, 6019, 6042, 6019, 6018, 6041, 6015, 6008, 6036, 6014, 6015, 6035, 6031, 6013, 6032, 6029, 6012, 6031, 6027, 6011, 6030, 6030, 6009, 6028, 6028, 6010, 6029, 6008, 6027, 6036, 6013, 6124, 6032, 6012, 6013, 6031, 6010, 6012, 6029, 6011, 6009, 6030, 6009, 6010, 6028, 6008, 6011, 6027, 6018, 6017, 6040, 6016, 6014, 6037, 6049, 6025, 6048, 6514, 6507, 6515, 6692, 6701, 6759, 6519, 6510, 6751, 6515, 6508, 6516, 6751, 6752, 6756, 6750, 6758, 6752, 6513, 6506, 6514, 6692, 6759, 6753, 6753, 6760, 6754, 6751, 6756, 6757, 6519, 6751, 6757, 6756, 6752, 6758, 6758, 6750, 6755, 6760, 6753, 6759, 6755, 6754, 6760, 6700, 6690, 6699, 6699, 6689, 6698, 6698, 6688, 6697, 6697, 6687, 6696, 6696, 6686, 6695, 6693, 6350, 6694, 6350, 6362, 6694, 6695, 6685, 6693, 6691, 6701, 6692, 6691, 6690, 6700, 6690, 6689, 6699, 6689, 6688, 6698, 6688, 6687, 6697, 6687, 6686, 6696, 6686, 6685, 6695, 6685, 6350, 6693, 6356, 6351, 6363, 6362, 6349, 6361, 6361, 6348, 6360, 6360, 6346, 6358, 6518, 6510, 6519, 6517, 6509, 6518, 6516, 6508, 6517, 6513, 6512, 6505, 6512, 6511, 6504, 6511, 6355, 6503, 6510, 6518, 6509, 6509, 6517, 6508, 6346, 6357, 6358, 6750, 6754, 6755, 6359, 6345, 6356, 6354, 6344, 6355, 6353, 6343, 6354, 6352, 6342, 6353, 6363, 6341, 6352, 6351, 6341, 6363, 6507, 6508, 6515, 6506, 6507, 6514, 6505, 6506, 6513, 6504, 6505, 6512, 6503, 6504, 6511, 6350, 6349, 6362, 6349, 6348, 6361, 6348, 6346, 6360, 6346, 6347, 6357, 6347, 6345, 6359, 6345, 6351, 6356, 6344, 6503, 6355, 6343, 6344, 6354, 6342, 6343, 6353, 6341, 6342, 6352, 6701, 6691, 6700, 6357, 6347, 6359, 6181, 6373, 6386, 6188, 6168, 6187, 6190, 6170, 6189, 6390, 6376, 6389, 6389, 6378, 6391, 6391, 6379, 6392, 6392, 6381, 6394, 6394, 6380, 6393, 6397, 6383, 6396, 6172, 6171, 6191, 6170, 6169, 6189, 6171, 6170, 6190, 6173, 6172, 6192, 6382, 6398, 6385, 6384, 6395, 6382, 6175, 6396, 6383, 6395, 6384, 6397, 6398, 6382, 6395, 6393, 6385, 6398, 6173, 6193, 6174, 6169, 6168, 6188, 6168, 6167, 6187, 6167, 6166, 6186, 6166, 6165, 6185, 6383, 6397, 6384, 6165, 6163, 6184, 6164, 6157, 6183, 6158, 6159, 6177, 6157, 6160, 6176, 6163, 6164, 6182, 6181, 6180, 6162, 6160, 6158, 6179, 6159, 6161, 6178, 6161, 6162, 6180, 6180, 6178, 6161, 6179, 6176, 6160, 6179, 6158, 6177, 6178, 6177, 6159, 6380, 6394, 6381, 6385, 6393, 6380, 6381, 6392, 6379, 6378, 6379, 6391, 6376, 6378, 6389, 6376, 6390, 6377, 6387, 6375, 6388, 6175, 6194, 6396, 6194, 6174, 6193, 6193, 6173, 6192, 6192, 6172, 6191, 6191, 6171, 6190, 6189, 6169, 6188, 6388, 6377, 6390, 6187, 6167, 6186, 6186, 6166, 6185, 6185, 6165, 6184, 6184, 6163, 6182, 6157, 6176, 6183, 6162, 6373, 6181, 6174, 6194, 6175, 6183, 6182, 6164, 6373, 6374, 6386, 6374, 6375, 6387, 6375, 6377, 6388, 6386, 6374, 6387, 6534, 6523, 6544, 6765, 6764, 6774, 6544, 6545, 6552, 6545, 6546, 6553, 6546, 6547, 6554, 6533, 6523, 6534, 6533, 6532, 6522, 6532, 6531, 6521, 6782, 6786, 6780, 6779, 6783, 6778, 6560, 6551, 6778, 6779, 6780, 6785, 6768, 6787, 6781, 6781, 6788, 6782, 6783, 6779, 6785, 6778, 6783, 6784, 6560, 6778, 6784, 6547, 6548, 6555, 6542, 6535, 6530, 6541, 6528, 6540, 6540, 6527, 6539, 6539, 6525, 6537, 6536, 6526, 6538, 6525, 6536, 6537, 6538, 6524, 6535, 6548, 6549, 6556, 6550, 6558, 6549, 6551, 6559, 6550, 6552, 6534, 6544, 6553, 6552, 6545, 6554, 6553, 6546, 6554, 6547, 6555, 6777, 6767, 6776, 6555, 6548, 6556, 6549, 6558, 6557, 6785, 6780, 6786, 6556, 6549, 6557, 6558, 6550, 6559, 6559, 6551, 6560, 6542, 6520, 6531, 6786, 6782, 6788, 6776, 6766, 6775, 6775, 6765, 6774, 6774, 6764, 6773, 6773, 6763, 6772, 6772, 6762, 6771, 6771, 6761, 6769, 6769, 6529, 6770, 6529, 6541, 6770, 6767, 6777, 6768, 6767, 6766, 6776, 6520, 6542, 6530, 6529, 6528, 6541, 6528, 6527, 6540, 6527, 6525, 6539, 6525, 6526, 6536, 6524, 6530, 6535, 6526, 6524, 6538, 6522, 6523, 6533, 6521, 6522, 6532, 6520, 6521, 6531, 6787, 6768, 6777, 6761, 6529, 6769, 6762, 6761, 6771, 6763, 6762, 6772, 6764, 6763, 6773, 6788, 6781, 6787, 6766, 6765, 6775, 6408, 6407, 6427, 6449, 6461, 6448, 6458, 6444, 6457, 6407, 6405, 6426, 6409, 6408, 6428, 6410, 6409, 6429, 6411, 6410, 6430, 6412, 6411, 6431, 6431, 6411, 6430, 6456, 6445, 6458, 6455, 6443, 6456, 6454, 6442, 6455, 6432, 6412, 6431, 6433, 6413, 6432, 6434, 6414, 6433, 6435, 6415, 6434, 6436, 6416, 6435, 6423, 6404, 6437, 6437, 6438, 6450, 6438, 6439, 6451, 6405, 6406, 6424, 6422, 6404, 6423, 6422, 6421, 6403, 6420, 6418, 6401, 6420, 6400, 6419, 6421, 6419, 6402, 6418, 6425, 6399, 6403, 6404, 6422, 6402, 6403, 6421, 6401, 6400, 6420, 6400, 6402, 6419, 6399, 6401, 6418, 6439, 6440, 6452, 6423, 6437, 6450, 6450, 6438, 6451, 6451, 6439, 6452, 6440, 6441, 6453, 6441, 6442, 6454, 6413, 6412, 6432, 6414, 6413, 6433, 6415, 6414, 6434, 6416, 6415, 6435, 6416, 6436, 6417, 6425, 6424, 6406, 6426, 6405, 6424, 6427, 6407, 6426, 6428, 6408, 6427, 6429, 6409, 6428, 6430, 6410, 6429, 6460, 6446, 6459, 6442, 6443, 6455, 6445, 6456, 6443, 6453, 6441, 6454, 6452, 6440, 6453, 6459, 6417, 6436, 6461, 6449, 6462, 6457, 6448, 6461, 6462, 6447, 6460, 6448, 6457, 6444, 6444, 6458, 6445, 6417, 6459, 6446, 6447, 6462, 6449, 6446, 6460, 6447, 6406, 6399, 6425, 6800, 6790, 6799, 6583, 6576, 6571, 6620, 6628, 6619, 6621, 6629, 6620, 6803, 6793, 6802, 6622, 6575, 6614, 6622, 6615, 6623, 6623, 6616, 6624, 6624, 6617, 6625, 6625, 6618, 6626, 6619, 6628, 6627, 6626, 6619, 6627, 6628, 6620, 6629, 6629, 6621, 6630, 6804, 6794, 6803, 6805, 6795, 6804, 6797, 6570, 6798, 6570, 6582, 6798, 6617, 6618, 6625, 6616, 6617, 6624, 6615, 6616, 6623, 6614, 6615, 6622, 6575, 6564, 6614, 6795, 6805, 6796, 6794, 6804, 6795, 6793, 6803, 6794, 6792, 6802, 6793, 6792, 6791, 6801, 6802, 6792, 6801, 6791, 6790, 6800, 6790, 6789, 6799, 6789, 6570, 6797, 6827, 6829, 6833, 6825, 6826, 6830, 6630, 6621, 6825, 6561, 6562, 6572, 6562, 6563, 6573, 6826, 6827, 6832, 6796, 6834, 6828, 6828, 6835, 6829, 6830, 6826, 6832, 6825, 6830, 6831, 6630, 6825, 6831, 6832, 6827, 6833, 6835, 6828, 6834, 6834, 6796, 6805, 6563, 6564, 6574, 6567, 6565, 6579, 6566, 6567, 6577, 6568, 6566, 6580, 6569, 6568, 6581, 6570, 6569, 6582, 6565, 6571, 6576, 6571, 6561, 6583, 6833, 6829, 6835, 6583, 6561, 6572, 6573, 6572, 6562, 6574, 6573, 6563, 6575, 6574, 6564, 6579, 6565, 6576, 6566, 6577, 6578, 6579, 6577, 6567, 6580, 6566, 6578, 6581, 6568, 6580, 6582, 6569, 6581, 6801, 6791, 6800, 6799, 6789, 6797, 6618, 6619, 6626, 6473, 6472, 6492, 6484, 6464, 6483, 6475, 6495, 6476, 6472, 6471, 6491, 6474, 6473, 6493, 6471, 6469, 6490, 6469, 6470, 6488, 6470, 6463, 6489, 6603, 6591, 6604, 6604, 6592, 6605, 6607, 6593, 6606, 6606, 6481, 6500, 6609, 6594, 6607, 6605, 6595, 6608, 6608, 6596, 6609, 6475, 6474, 6494, 6466, 6467, 6485, 6463, 6465, 6482, 6465, 6464, 6484, 6487, 6468, 6584, 6584, 6585, 6597, 6585, 6586, 6598, 6586, 6587, 6599, 6477, 6476, 6496, 6478, 6477, 6497, 6478, 6498, 6479, 6479, 6499, 6480, 6480, 6500, 6481, 6488, 6470, 6489, 6490, 6469, 6488, 6491, 6471, 6490, 6492, 6472, 6491, 6493, 6473, 6492, 6467, 6468, 6486, 6487, 6584, 6597, 6597, 6585, 6598, 6598, 6586, 6599, 6587, 6588, 6600, 6588, 6589, 6601, 6589, 6590, 6602, 6591, 6603, 6590, 6602, 6590, 6603, 6601, 6589, 6602, 6600, 6588, 6601, 6599, 6587, 6600, 6595, 6605, 6592, 6592, 6604, 6591, 6463, 6482, 6489, 6486, 6468, 6487, 6494, 6474, 6493, 6495, 6475, 6494, 6496, 6476, 6495, 6596, 6608, 6595, 6596, 6594, 6609, 6497, 6477, 6496, 6498, 6478, 6497, 6499, 6479, 6498, 6594, 6593, 6607, 6593, 6481, 6606, 6482, 6465, 6484, 6483, 6466, 6485, 6464, 6466, 6483, 6500, 6480, 6499, 6485, 6467, 6486, 890, 901, 891, 890, 889, 900, 655, 650, 656, 630, 629, 637, 894, 906, 895, 895, 907, 896, 896, 908, 897, 897, 909, 924, 899, 888, 898, 900, 889, 899, 890, 900, 902, 650, 925, 656, 904, 892, 903, 905, 893, 904, 906, 894, 905, 907, 895, 906, 908, 896, 907, 909, 897, 908, 917, 918, 926, 922, 930, 919, 918, 919, 927, 920, 928, 921, 921, 929, 923, 901, 890, 902, 903, 891, 901, 922, 923, 931, 654, 649, 655, 653, 648, 654, 652, 647, 653, 651, 646, 652, 649, 650, 655, 650, 917, 925, 648, 649, 654, 647, 648, 653, 646, 647, 652, 924, 933, 920, 925, 917, 926, 651, 636, 646, 919, 930, 932, 927, 919, 932, 926, 918, 927, 928, 920, 933, 929, 921, 928, 930, 922, 931, 931, 923, 929, 889, 888, 899, 888, 887, 898, 645, 636, 651, 644, 635, 645, 924, 909, 933, 643, 634, 644, 642, 633, 643, 641, 632, 642, 887, 639, 640, 640, 898, 887, 639, 631, 638, 638, 630, 637, 637, 629, 641, 635, 636, 645, 634, 635, 644, 633, 634, 643, 629, 632, 641, 632, 633, 642, 887, 631, 639, 631, 630, 638, 893, 905, 894, 891, 903, 892, 892, 904, 893, 1106, 1107, 1121, 1127, 1112, 1128, 1035, 1010, 1034, 1000, 993, 1015, 1119, 999, 1105, 1105, 1106, 1120, 995, 997, 1019, 994, 995, 1017, 997, 996, 1018, 996, 998, 1020, 998, 999, 1021, 1001, 1000, 1023, 1002, 1001, 1024, 1003, 1002, 1025, 1108, 1109, 1123, 1004, 1003, 1026, 1109, 1110, 1124, 1110, 1111, 1125, 1112, 1113, 1128, 1111, 1112, 1127, 1113, 1114, 1129, 1119, 1105, 1120, 1120, 1106, 1121, 1121, 1107, 1122, 1122, 1108, 1123, 1005, 1004, 1027, 1005, 1028, 1006, 1016, 994, 1017, 1015, 993, 1016, 1017, 995, 1019, 1019, 997, 1018, 1107, 1108, 1122, 1123, 1109, 1124, 993, 994, 1016, 1018, 996, 1020, 1020, 998, 1021, 1021, 999, 1119, 1034, 1009, 1033, 1033, 1008, 1032, 1023, 1000, 1015, 1024, 1001, 1023, 1025, 1002, 1024, 1026, 1003, 1025, 1027, 1004, 1026, 1036, 1011, 1035, 1117, 1036, 1136, 1135, 1134, 1115, 1136, 1135, 1116, 1134, 1114, 1115, 1115, 1116, 1135, 1117, 1136, 1116, 1032, 1007, 1031, 1031, 1006, 1028, 1011, 1036, 1117, 1010, 1035, 1011, 1009, 1034, 1010, 1008, 1033, 1009, 1008, 1007, 1032, 1007, 1006, 1031, 1028, 1005, 1027, 1124, 1110, 1125, 1129, 1114, 1134, 1128, 1113, 1129, 1125, 1111, 1127, 934, 659, 667, 733, 728, 734, 1259, 1260, 1268, 1257, 1258, 1266, 936, 935, 946, 937, 936, 947, 938, 937, 948, 939, 938, 950, 940, 939, 951, 953, 941, 952, 1258, 1261, 1269, 729, 664, 724, 955, 943, 954, 724, 725, 730, 1256, 1257, 1265, 673, 664, 729, 672, 663, 673, 671, 662, 672, 670, 661, 671, 669, 660, 670, 952, 940, 951, 934, 667, 668, 951, 939, 950, 950, 938, 948, 668, 945, 934, 667, 659, 666, 666, 658, 665, 665, 657, 669, 663, 664, 673, 662, 663, 672, 661, 662, 671, 660, 661, 670, 657, 660, 669, 659, 658, 666, 948, 937, 949, 658, 657, 665, 935, 934, 945, 941, 940, 952, 725, 726, 731, 954, 942, 953, 942, 941, 953, 1259, 1267, 1262, 1260, 1263, 1272, 943, 942, 954, 944, 943, 955, 1263, 944, 956, 946, 935, 945, 947, 936, 946, 937, 947, 949, 1264, 1256, 1265, 1258, 1269, 1271, 1265, 1257, 1266, 1266, 1258, 1271, 1268, 1260, 1272, 726, 727, 732, 727, 728, 733, 728, 1256, 1264, 1267, 1259, 1268, 1269, 1261, 1270, 1270, 1262, 1267, 1263, 956, 1272, 729, 724, 730, 730, 725, 731, 731, 726, 732, 728, 1264, 734, 732, 727, 733, 1261, 1262, 1270, 956, 944, 955, 1356, 1343, 1357, 1151, 1150, 1169, 1354, 1353, 1340, 1353, 1352, 1339, 1352, 1351, 1338, 1346, 1347, 1360, 1348, 1349, 1362, 1361, 1347, 1348, 1344, 1345, 1358, 1345, 1346, 1359, 1344, 1357, 1343, 1342, 1343, 1356, 1341, 1342, 1355, 1340, 1341, 1354, 1339, 1340, 1353, 1338, 1339, 1352, 1351, 1143, 1338, 1362, 1349, 1363, 1361, 1348, 1362, 1350, 1174, 1363, 1168, 1149, 1167, 1355, 1342, 1356, 1357, 1344, 1358, 1153, 1152, 1171, 1154, 1153, 1172, 1138, 1139, 1158, 1137, 1138, 1156, 1144, 1137, 1157, 1155, 1154, 1173, 1174, 1155, 1173, 1358, 1345, 1359, 1359, 1346, 1360, 1360, 1347, 1361, 1142, 1143, 1162, 1140, 1142, 1161, 1141, 1140, 1160, 1169, 1150, 1168, 1139, 1141, 1159, 1349, 1350, 1363, 1170, 1151, 1169, 1171, 1152, 1170, 1172, 1153, 1171, 1165, 1146, 1164, 1166, 1147, 1165, 1167, 1148, 1166, 1164, 1145, 1163, 1163, 1144, 1157, 1162, 1143, 1351, 1173, 1154, 1172, 1161, 1142, 1162, 1160, 1140, 1161, 1159, 1141, 1160, 1158, 1139, 1159, 1157, 1137, 1156, 1156, 1138, 1158, 1150, 1149, 1168, 1155, 1174, 1350, 1146, 1145, 1164, 1147, 1146, 1165, 1148, 1147, 1166, 1149, 1148, 1167, 1354, 1341, 1355, 1152, 1151, 1170, 1145, 1144, 1163, 762, 756, 1305, 1276, 1286, 1288, 761, 756, 762, 735, 736, 744, 737, 745, 1273, 735, 743, 737, 736, 738, 747, 738, 739, 748, 739, 740, 749, 740, 741, 750, 741, 742, 751, 743, 735, 744, 744, 736, 747, 1274, 1273, 1284, 1275, 1274, 1285, 760, 755, 761, 746, 1284, 1273, 1273, 745, 746, 759, 754, 760, 758, 753, 759, 757, 752, 758, 751, 742, 757, 756, 1297, 1305, 745, 737, 743, 1276, 1275, 1286, 1277, 1276, 1287, 1278, 1277, 1289, 1278, 1290, 1279, 1279, 1291, 1280, 1280, 1292, 1281, 1281, 1293, 1282, 1282, 1294, 1283, 1304, 1295, 1313, 1285, 1274, 1284, 1309, 1301, 1312, 1310, 1302, 1309, 1313, 1308, 1300, 1312, 1303, 1308, 1307, 1299, 1311, 1299, 1310, 1311, 1306, 1298, 1307, 1305, 1297, 1306, 1304, 1313, 1300, 1283, 1295, 1304, 1301, 1303, 1312, 1301, 1309, 1302, 1300, 1308, 1303, 1299, 1302, 1310, 1298, 1299, 1307, 1297, 1298, 1306, 755, 756, 761, 754, 755, 760, 750, 741, 751, 1283, 1294, 1295, 749, 740, 750, 748, 739, 749, 747, 738, 748, 1294, 1282, 1293, 1293, 1281, 1292, 1292, 1280, 1291, 753, 754, 759, 753, 758, 752, 742, 752, 757, 1291, 1279, 1290, 1290, 1278, 1289, 1289, 1277, 1287, 1287, 1276, 1288, 1286, 1275, 1285, 1426, 1413, 1427, 1374, 1373, 1392, 1372, 1371, 1390, 1373, 1372, 1391, 1382, 1401, 1414, 1413, 1426, 1415, 1414, 1427, 1413, 1424, 1411, 1428, 1425, 1412, 1424, 1423, 1410, 1425, 1422, 1409, 1423, 1421, 1408, 1422, 1420, 1407, 1421, 1419, 1405, 1420, 1419, 1418, 1406, 1418, 1417, 1404, 1417, 1416, 1403, 1389, 1370, 1416, 1411, 1424, 1412, 1410, 1412, 1425, 1409, 1410, 1423, 1409, 1422, 1408, 1407, 1408, 1421, 1405, 1407, 1420, 1405, 1419, 1406, 1403, 1404, 1417, 1404, 1406, 1418, 1370, 1403, 1416, 1364, 1365, 1383, 1382, 1400, 1401, 1400, 1381, 1399, 1428, 1415, 1426, 1427, 1414, 1401, 1399, 1380, 1398, 1371, 1364, 1384, 1365, 1366, 1385, 1366, 1367, 1386, 1367, 1368, 1387, 1368, 1369, 1388, 1398, 1379, 1397, 1397, 1378, 1396, 1396, 1377, 1395, 1381, 1400, 1382, 1380, 1399, 1381, 1379, 1398, 1380, 1379, 1378, 1397, 1378, 1377, 1396, 1395, 1376, 1394, 1394, 1375, 1393, 1393, 1374, 1392, 1392, 1373, 1391, 1391, 1372, 1390, 1390, 1371, 1384, 1388, 1369, 1389, 1387, 1368, 1388, 1428, 1411, 1415, 1386, 1367, 1387, 1385, 1366, 1386, 1384, 1364, 1383, 1383, 1365, 1385, 1377, 1376, 1395, 1376, 1375, 1394, 1375, 1374, 1393, 1369, 1370, 1389, 810, 805, 811, 1474, 1324, 1336, 1478, 1470, 1483, 1469, 1480, 1481, 1324, 1335, 1336, 809, 804, 810, 779, 770, 809, 808, 1467, 1475, 1471, 1479, 1472, 1470, 1478, 1473, 1469, 1472, 1480, 1468, 1469, 1477, 1467, 1468, 1476, 807, 808, 813, 806, 807, 812, 811, 806, 812, 812, 807, 813, 805, 806, 811, 804, 805, 810, 770, 804, 809, 769, 770, 779, 772, 764, 771, 774, 1325, 1314, 1314, 773, 774, 773, 765, 772, 775, 766, 776, 776, 767, 777, 777, 768, 778, 778, 769, 779, 771, 763, 775, 1334, 1322, 1333, 808, 1475, 814, 813, 808, 814, 1333, 1321, 1332, 1332, 1320, 1331, 1331, 1319, 1330, 1330, 1318, 1328, 1328, 1317, 1329, 1335, 1323, 1334, 1475, 1467, 1476, 1476, 1468, 1477, 1317, 1327, 1329, 1327, 1316, 1326, 1326, 1315, 1325, 764, 763, 771, 768, 769, 778, 766, 767, 776, 767, 768, 777, 763, 766, 775, 765, 764, 772, 1323, 1335, 1324, 1322, 1334, 1323, 1321, 1333, 1322, 1321, 1320, 1332, 1320, 1319, 1331, 1319, 1318, 1330, 1318, 1317, 1328, 1474, 1336, 1483, 1479, 1471, 1482, 1480, 1472, 1479, 1317, 1316, 1327, 1316, 1315, 1326, 1315, 1314, 1325, 1314, 765, 773, 1482, 1473, 1478, 1471, 1473, 1482, 1470, 1474, 1483, 1477, 1469, 1481, 1502, 1501, 1488, 1453, 1434, 1454, 1503, 1502, 1489, 1463, 1444, 1462, 1462, 1443, 1461, 1461, 1442, 1460, 1446, 1465, 1447, 1506, 1493, 1507, 1505, 1492, 1506, 1445, 1464, 1446, 1445, 1444, 1463, 1444, 1443, 1462, 1507, 1494, 1508, 1443, 1442, 1461, 1504, 1490, 1505, 1504, 1503, 1491, 1513, 1499, 1466, 1512, 1498, 1513, 1454, 1435, 1501, 1431, 1432, 1451, 1508, 1495, 1510, 1464, 1445, 1463, 1432, 1433, 1452, 1430, 1431, 1450, 1436, 1429, 1449, 1429, 1430, 1448, 1510, 1497, 1509, 1509, 1496, 1514, 1498, 1499, 1513, 1496, 1509, 1497, 1495, 1497, 1510, 1433, 1434, 1453, 1434, 1435, 1454, 1437, 1436, 1455, 1438, 1437, 1456, 1439, 1438, 1457, 1440, 1439, 1458, 1441, 1440, 1459, 1441, 1460, 1442, 1449, 1429, 1448, 1448, 1430, 1450, 1450, 1431, 1451, 1498, 1512, 1500, 1447, 1466, 1499, 1514, 1496, 1500, 1514, 1500, 1512, 1465, 1446, 1464, 1447, 1465, 1466, 1435, 1488, 1501, 1494, 1495, 1508, 1494, 1507, 1493, 1488, 1489, 1502, 1489, 1491, 1503, 1491, 1490, 1504, 1490, 1492, 1505, 1460, 1441, 1459, 1459, 1440, 1458, 1458, 1439, 1457, 1457, 1438, 1456, 1492, 1493, 1506, 1455, 1436, 1449, 1451, 1432, 1452, 1452, 1433, 1453, 1456, 1437, 1455, 9611, 9610, 9628, 9610, 9609, 9627, 9730, 9731, 9749, 9731, 9732, 9750, 9732, 9733, 9751, 9733, 9734, 9752, 9612, 9611, 9629, 9613, 9612, 9630, 9614, 9613, 9631, 9628, 9610, 9627, 9734, 9735, 9753, 9748, 9615, 9729, 9749, 9748, 9730, 9749, 9731, 9750, 9616, 9602, 9615, 9750, 9732, 9751, 9751, 9733, 9752, 9627, 9609, 9626, 9752, 9734, 9753, 9735, 9736, 9754, 9736, 9737, 9755, 9737, 9738, 9756, 9602, 9729, 9615, 9604, 9603, 9617, 9603, 9602, 9616, 9604, 9617, 9622, 9617, 9603, 9616, 9629, 9611, 9628, 9630, 9612, 9629, 9631, 9613, 9630, 9606, 9604, 9622, 9605, 9606, 9621, 9759, 9747, 9767, 9738, 9739, 9757, 9614, 9631, 9761, 9767, 9746, 9766, 9766, 9745, 9765, 9765, 9743, 9763, 9755, 9737, 9756, 9754, 9736, 9755, 9763, 9744, 9764, 9764, 9742, 9762, 9762, 9741, 9761, 9758, 9740, 9759, 9753, 9735, 9754, 9626, 9608, 9624, 9623, 9605, 9621, 9624, 9607, 9623, 9745, 9766, 9746, 9756, 9738, 9757, 9757, 9739, 9758, 9746, 9767, 9747, 9743, 9765, 9745, 9743, 9744, 9763, 9742, 9764, 9744, 9742, 9741, 9762, 9741, 9614, 9761, 9740, 9747, 9759, 9739, 9740, 9758, 9621, 9606, 9622, 9607, 9605, 9623, 9608, 9607, 9624, 9609, 9608, 9626, 9729, 9730, 9748, 10107, 10115, 10116, 9921, 10107, 10116, 9913, 9903, 9914, 9914, 9904, 9915, 9915, 9905, 9916, 9916, 9906, 9917, 9907, 9919, 9918, 9917, 9907, 9918, 9919, 9908, 9920, 10117, 10109, 10118, 10115, 10108, 10117, 9920, 9909, 9921, 10118, 10106, 10114, 10114, 10105, 10113, 10113, 10104, 10112, 10112, 10103, 10111, 10111, 10102, 10110, 10106, 10118, 10109, 10108, 10109, 10117, 9921, 9909, 10107, 10107, 10108, 10115, 10105, 10114, 10106, 10104, 10113, 10105, 10103, 10112, 10104, 10103, 10102, 10111, 10102, 10095, 10110, 10095, 10101, 10110, 10101, 10094, 10100, 10100, 10093, 10099, 10099, 10092, 10098, 10098, 10091, 10096, 10096, 9878, 10097, 9878, 9887, 10097, 10095, 10094, 10101, 10094, 10093, 10100, 10093, 10092, 10099, 10092, 10091, 10098, 10091, 9878, 10096, 9912, 9911, 9901, 9911, 9910, 9900, 9910, 9879, 9899, 9909, 9920, 9908, 9908, 9919, 9907, 9906, 9907, 9917, 9905, 9906, 9916, 9904, 9905, 9915, 9903, 9904, 9914, 9902, 9903, 9913, 9901, 9902, 9912, 9900, 9901, 9911, 9899, 9900, 9910, 9887, 9877, 9886, 9885, 9873, 9882, 9886, 9876, 9885, 9883, 9875, 9884, 9880, 9874, 9883, 9873, 9881, 9882, 9881, 9872, 9880, 9884, 9871, 9879, 9878, 9877, 9887, 9876, 9873, 9885, 9877, 9876, 9886, 9875, 9871, 9884, 9874, 9875, 9883, 9873, 9872, 9881, 9872, 9874, 9880, 9871, 9899, 9879, 9912, 9902, 9913, 9597, 9577, 9596, 9596, 9576, 9595, 9570, 9571, 9589, 9587, 9569, 9588, 9586, 9568, 9587, 9585, 9567, 9586, 9584, 9566, 9585, 9584, 9583, 9565, 9583, 9463, 9564, 9569, 9570, 9588, 9568, 9569, 9587, 9567, 9568, 9586, 9566, 9567, 9585, 9565, 9566, 9584, 9564, 9565, 9583, 9462, 9475, 9595, 9475, 9461, 9474, 9474, 9460, 9473, 9473, 9459, 9472, 9472, 9458, 9471, 9471, 9457, 9470, 9470, 9456, 9469, 9468, 9453, 9466, 9469, 9455, 9468, 9466, 9454, 9467, 9461, 9475, 9462, 9461, 9460, 9474, 9460, 9459, 9473, 9459, 9458, 9472, 9594, 9582, 9601, 9601, 9581, 9600, 9600, 9580, 9599, 9599, 9578, 9598, 9598, 9579, 9597, 9593, 9575, 9594, 9592, 9574, 9593, 9591, 9573, 9592, 9590, 9572, 9591, 9589, 9571, 9590, 9458, 9457, 9471, 9588, 9570, 9589, 9580, 9600, 9581, 9581, 9601, 9582, 9578, 9599, 9580, 9579, 9598, 9578, 9577, 9597, 9579, 9571, 9572, 9590, 9576, 9596, 9577, 9462, 9595, 9576, 9457, 9456, 9470, 9456, 9455, 9469, 9455, 9453, 9468, 9582, 9594, 9575, 9575, 9593, 9574, 9574, 9592, 9573, 9453, 9454, 9466, 9454, 9452, 9467, 9464, 9450, 9463, 9465, 9451, 9464, 9465, 9467, 9452, 9451, 9450, 9464, 9452, 9451, 9465, 9450, 9564, 9463, 9572, 9573, 9591, 9548, 9557, 10017, 10074, 10015, 10082, 9851, 9852, 9862, 10089, 10081, 10090, 9870, 10079, 10088, 10079, 10087, 10088, 9543, 9542, 9551, 9542, 9545, 9550, 9544, 9541, 9553, 9546, 9543, 9555, 9547, 9546, 9556, 10014, 10013, 10020, 10013, 10012, 10019, 10015, 10014, 10021, 9854, 9855, 9865, 9855, 9856, 9866, 10087, 10080, 10089, 10090, 10078, 10086, 9557, 9547, 9556, 9857, 9868, 9856, 9858, 9869, 9857, 9549, 9848, 9859, 9859, 9849, 9860, 9860, 9850, 9861, 9861, 9851, 9862, 9862, 9852, 9863, 9863, 9853, 9864, 9864, 9854, 9865, 9865, 9855, 9866, 9856, 9868, 9867, 9866, 9856, 9867, 9868, 9857, 9869, 9869, 9858, 9870, 10012, 10011, 10018, 10011, 9548, 10016, 9541, 9848, 9549, 9853, 9854, 9864, 10016, 9548, 10017, 10018, 10011, 10016, 10086, 10077, 10085, 10085, 10076, 10084, 10084, 10075, 10083, 10083, 10074, 10082, 10078, 10090, 10081, 9555, 9543, 9552, 10080, 10081, 10089, 9870, 9858, 10079, 10079, 10080, 10087, 10077, 10086, 10078, 9848, 9849, 9859, 9849, 9850, 9860, 9556, 9546, 9555, 9554, 9544, 9553, 9543, 9551, 9552, 9551, 9542, 9550, 9550, 9545, 9554, 9553, 9541, 9549, 9548, 9547, 9557, 10076, 10085, 10077, 10019, 10012, 10018, 10020, 10013, 10019, 10021, 10014, 10020, 10015, 10021, 10082, 10075, 10084, 10076, 10074, 10083, 10075, 9545, 9544, 9554, 9850, 9851, 9861, 9852, 9853, 9863, 9392, 9391, 9405, 9393, 9392, 9406, 9394, 9393, 9407, 9394, 9408, 9396, 9396, 9409, 9395, 9391, 9389, 9404, 9401, 9387, 9400, 9401, 9399, 9388, 9400, 9412, 9431, 9386, 9399, 9403, 9386, 9388, 9399, 9388, 9387, 9401, 9395, 9410, 9397, 9397, 9411, 9398, 9387, 9412, 9400, 9448, 9429, 9449, 9442, 9430, 9448, 9449, 9428, 9447, 9447, 9427, 9446, 9446, 9426, 9445, 9445, 9425, 9444, 9444, 9424, 9443, 9441, 9423, 9442, 9398, 9443, 9424, 9403, 9402, 9390, 9404, 9389, 9402, 9405, 9391, 9404, 9440, 9422, 9441, 9406, 9392, 9405, 9407, 9393, 9406, 9439, 9421, 9440, 9438, 9420, 9439, 9408, 9394, 9407, 9437, 9419, 9438, 9409, 9396, 9408, 9411, 9397, 9410, 9410, 9395, 9409, 9443, 9398, 9411, 9431, 9412, 9413, 9413, 9414, 9432, 9414, 9415, 9433, 9415, 9416, 9434, 9436, 9418, 9437, 9416, 9417, 9435, 9417, 9418, 9436, 9432, 9431, 9413, 9432, 9414, 9433, 9433, 9415, 9434, 9434, 9416, 9435, 9429, 9428, 9449, 9429, 9448, 9430, 9428, 9427, 9447, 9427, 9426, 9446, 9426, 9425, 9445, 9425, 9424, 9444, 9430, 9442, 9423, 9423, 9441, 9422, 9422, 9440, 9421, 9420, 9421, 9439, 9435, 9417, 9436, 9418, 9419, 9437, 9419, 9420, 9438, 9390, 9386, 9403, 9389, 9390, 9402, 9512, 9502, 9510, 9514, 9501, 9509, 9985, 9984, 9991, 9526, 9538, 9537, 9531, 9530, 9520, 9530, 9529, 9519, 9528, 9539, 9527, 9527, 9538, 9526, 9525, 9526, 9536, 9524, 9525, 9535, 9523, 9524, 9534, 9522, 9523, 9533, 9521, 9522, 9532, 9520, 9521, 9531, 9519, 9520, 9530, 9529, 9518, 9519, 9983, 9508, 9988, 9984, 9983, 9990, 9517, 9507, 9516, 9516, 9506, 9515, 9515, 9503, 9513, 9532, 9531, 9521, 9514, 9510, 9505, 9503, 9511, 9513, 9511, 9504, 9512, 9501, 9518, 9509, 9504, 9502, 9512, 10010, 10000, 10009, 9540, 9999, 10008, 9999, 10007, 10008, 10007, 10001, 10010, 10009, 9998, 10006, 10006, 9997, 10005, 10005, 9996, 10004, 9503, 9504, 9511, 9505, 9501, 9514, 9533, 9532, 9522, 9533, 9523, 9534, 9534, 9524, 9535, 9502, 9505, 9510, 9506, 9503, 9515, 9507, 9506, 9516, 9508, 9507, 9517, 9539, 9528, 9540, 10004, 9995, 10003, 10003, 9994, 10002, 10000, 10010, 10001, 9998, 10009, 10000, 9540, 9528, 9999, 9999, 10001, 10007, 9538, 9527, 9539, 9997, 10006, 9998, 9997, 9996, 10005, 9996, 9995, 10004, 9995, 9994, 10003, 10002, 9987, 9993, 9993, 9986, 9992, 9992, 9985, 9991, 9991, 9984, 9990, 9990, 9983, 9988, 9988, 9508, 9989, 9508, 9517, 9989, 9994, 9987, 10002, 9987, 9986, 9993, 9986, 9985, 9992, 9509, 9518, 9529, 9536, 9526, 9537, 9535, 9525, 9536, 9371, 9370, 9352, 9300, 9313, 9318, 9301, 9348, 9314, 9302, 9301, 9315, 9363, 9383, 9364, 9362, 9382, 9363, 9361, 9381, 9362, 9307, 9306, 9321, 9306, 9305, 9320, 9305, 9303, 9319, 9360, 9380, 9361, 9367, 9348, 9349, 9379, 9312, 9326, 9372, 9371, 9353, 9326, 9311, 9325, 9325, 9309, 9324, 9324, 9310, 9323, 9323, 9308, 9322, 9322, 9307, 9321, 9321, 9306, 9320, 9320, 9305, 9319, 9319, 9303, 9317, 9317, 9304, 9318, 9312, 9379, 9360, 9311, 9326, 9312, 9303, 9304, 9317, 9304, 9300, 9318, 9349, 9350, 9368, 9384, 9365, 9385, 9350, 9351, 9369, 9315, 9301, 9314, 9313, 9302, 9315, 9370, 9369, 9351, 9369, 9368, 9350, 9378, 9366, 9384, 9385, 9364, 9383, 9382, 9362, 9381, 9383, 9363, 9382, 9381, 9361, 9380, 9368, 9367, 9349, 9353, 9354, 9372, 9359, 9377, 9358, 9366, 9378, 9359, 9358, 9376, 9357, 9356, 9357, 9375, 9380, 9360, 9379, 9364, 9385, 9365, 9308, 9307, 9322, 9308, 9323, 9310, 9377, 9359, 9378, 9376, 9358, 9377, 9310, 9324, 9309, 9309, 9325, 9311, 9355, 9356, 9374, 9352, 9353, 9371, 9351, 9352, 9370, 9375, 9357, 9376, 9374, 9356, 9375, 9373, 9355, 9374, 9372, 9354, 9373, 9365, 9384, 9366, 9300, 9302, 9313, 9314, 9348, 9367, 9354, 9355, 9373, 9482, 9483, 9493, 9968, 9967, 9976, 9940, 9948, 9941, 9941, 9949, 9942, 9942, 9974, 9966, 9337, 9347, 9945, 9944, 9337, 9945, 9946, 9938, 9944, 9947, 9939, 9946, 9948, 9940, 9947, 9479, 9480, 9490, 9489, 9478, 9479, 9483, 9484, 9494, 9484, 9485, 9495, 9485, 9486, 9496, 9487, 9498, 9486, 9488, 9499, 9487, 9490, 9489, 9479, 9491, 9490, 9480, 9492, 9491, 9481, 9492, 9482, 9493, 9493, 9483, 9494, 9494, 9484, 9495, 9495, 9485, 9496, 9486, 9498, 9497, 9496, 9486, 9497, 9498, 9487, 9499, 9499, 9488, 9500, 9347, 9336, 9346, 9346, 9335, 9345, 9345, 9332, 9342, 9340, 9334, 9344, 9341, 9333, 9343, 9332, 9341, 9342, 9343, 9331, 9340, 9949, 9941, 9948, 9974, 9942, 9949, 9938, 9946, 9939, 9337, 9944, 9938, 9339, 9478, 9489, 9344, 9330, 9339, 9336, 9347, 9337, 9335, 9346, 9336, 9332, 9345, 9335, 9334, 9330, 9344, 9331, 9334, 9340, 9332, 9333, 9341, 9333, 9331, 9343, 9330, 9478, 9339, 9939, 9947, 9940, 9480, 9481, 9491, 9481, 9482, 9492, 9981, 9973, 9982, 9500, 9971, 9980, 9971, 9979, 9980, 9979, 9972, 9981, 9982, 9970, 9978, 9977, 9968, 9976, 9978, 9969, 9977, 9976, 9967, 9975, 9975, 9966, 9974, 9972, 9973, 9981, 9500, 9488, 9971, 9971, 9972, 9979, 9970, 9982, 9973, 9969, 9978, 9970, 9968, 9977, 9969, 9967, 9966, 9975, 4450, 4451, 4470, 4473, 4453, 4474, 4474, 4454, 4475, 4475, 4455, 4476, 4476, 4456, 4478, 4478, 4457, 4480, 4479, 4458, 4488, 4480, 4459, 4479, 4460, 4483, 4461, 4461, 4484, 4463, 4462, 4485, 4465, 4462, 4464, 4487, 4463, 4486, 4464, 4488, 4458, 4465, 4460, 4347, 4483, 4484, 4461, 4483, 4486, 4463, 4484, 4472, 4452, 4473, 4470, 4451, 4472, 4469, 4450, 4470, 4468, 4449, 4469, 4467, 4448, 4468, 4467, 4466, 4447, 4458, 4479, 4459, 4457, 4459, 4480, 4456, 4457, 4478, 4455, 4456, 4476, 4454, 4455, 4475, 4453, 4454, 4474, 4452, 4453, 4473, 4451, 4452, 4472, 4485, 4462, 4487, 4487, 4464, 4486, 4448, 4449, 4468, 4447, 4448, 4467, 4466, 4318, 4447, 4347, 4328, 4346, 4346, 4327, 4345, 4345, 4326, 4343, 4328, 4347, 4460, 4328, 4327, 4346, 4327, 4326, 4345, 4343, 4325, 4342, 4342, 4324, 4341, 4341, 4323, 4339, 4339, 4322, 4337, 4337, 4320, 4338, 4338, 4321, 4333, 4334, 4317, 4335, 4335, 4318, 4466, 4336, 4319, 4334, 4333, 4316, 4336, 4326, 4325, 4343, 4325, 4324, 4342, 4324, 4323, 4341, 4323, 4322, 4339, 4322, 4320, 4337, 4320, 4321, 4338, 4316, 4319, 4336, 4317, 4318, 4335, 4319, 4317, 4334, 4321, 4316, 4333, 4488, 4465, 4485, 4449, 4450, 4469, 3869, 3868, 3873, 4200, 3869, 3874, 3870, 3866, 3871, 3868, 3870, 3876, 3872, 3867, 3887, 3871, 3866, 3872, 3873, 3868, 3876, 4200, 3874, 3875, 4200, 3875, 4208, 3874, 3869, 3873, 3876, 3870, 3871, 3887, 3867, 3879, 3879, 3880, 3888, 3880, 3881, 3889, 3881, 3882, 3890, 3882, 3883, 3891, 3883, 3884, 3892, 3884, 3885, 3893, 3885, 3886, 3894, 3886, 4228, 4239, 3887, 3879, 3888, 3888, 3880, 3889, 3889, 3881, 3890, 3890, 3882, 3891, 3891, 3883, 3892, 3892, 3884, 3893, 3893, 3885, 3894, 3894, 3886, 3895, 3895, 3886, 4239, 4249, 4237, 4248, 4248, 4236, 4247, 4247, 4235, 4246, 4234, 4216, 4246, 4245, 4233, 4238, 4242, 4231, 4245, 4243, 4232, 4242, 4244, 4230, 4243, 4241, 4230, 4244, 4240, 4229, 4241, 4239, 4228, 4240, 4238, 4227, 4249, 4227, 4237, 4249, 4236, 4248, 4237, 4235, 4247, 4236, 4235, 4234, 4246, 4231, 4233, 4245, 4231, 4242, 4232, 4230, 4232, 4243, 4229, 4230, 4241, 4228, 4229, 4240, 4227, 4238, 4233, 4216, 4207, 4215, 4215, 4206, 4214, 4214, 4205, 4212, 4212, 4204, 4211, 4211, 4203, 4213, 4203, 4210, 4213, 4210, 4202, 4209, 4209, 4201, 4208, 4234, 4207, 4216, 4207, 4206, 4215, 4206, 4205, 4214, 4205, 4204, 4212, 4204, 4203, 4211, 4203, 4202, 4210, 4202, 4201, 4209, 4201, 4200, 4208, 3866, 3867, 3872, 4311, 4292, 4310, 4287, 4288, 4307, 4289, 4308, 4290, 4297, 4278, 4298, 4154, 4149, 4162, 4149, 4152, 4165, 4152, 4150, 4163, 4150, 4151, 4164, 4153, 4154, 4167, 4155, 4153, 4166, 4156, 4155, 4168, 4157, 4156, 4169, 4158, 4157, 4170, 4158, 4171, 4159, 4162, 4149, 4165, 4165, 4152, 4163, 4164, 4151, 4297, 4163, 4150, 4164, 4166, 4153, 4167, 4167, 4154, 4162, 4168, 4155, 4166, 4169, 4156, 4168, 4170, 4157, 4169, 4171, 4158, 4170, 4298, 4279, 4299, 4299, 4280, 4300, 4300, 4281, 4301, 4301, 4282, 4302, 4302, 4283, 4303, 4160, 4159, 4172, 4161, 4160, 4173, 4291, 4161, 4174, 4172, 4159, 4171, 4173, 4160, 4172, 4174, 4161, 4173, 4303, 4284, 4304, 4304, 4285, 4305, 4305, 4286, 4306, 4306, 4287, 4307, 4307, 4288, 4309, 4308, 4289, 4315, 4309, 4290, 4308, 4292, 4291, 4310, 4292, 4311, 4294, 4293, 4312, 4296, 4293, 4295, 4314, 4294, 4313, 4295, 4315, 4289, 4296, 4291, 4174, 4310, 4313, 4294, 4311, 4312, 4293, 4314, 4314, 4295, 4313, 4315, 4296, 4312, 4287, 4306, 4286, 4285, 4286, 4305, 4284, 4285, 4304, 4283, 4284, 4303, 4282, 4283, 4302, 4281, 4282, 4301, 4280, 4281, 4300, 4279, 4280, 4299, 4278, 4279, 4298, 4297, 4151, 4278, 4288, 4290, 4309, 4045, 4036, 4044, 3857, 3789, 3849, 4181, 4192, 4182, 4044, 4035, 4043, 4186, 4185, 4197, 4186, 4198, 4187, 4177, 4187, 4199, 4188, 4177, 4199, 4189, 4178, 4190, 4190, 4179, 4191, 4191, 4180, 4194, 4194, 4180, 4193, 4193, 4182, 4192, 4192, 4181, 4195, 4195, 4183, 4188, 4184, 4045, 4196, 4197, 4185, 4196, 4198, 4186, 4197, 4199, 4187, 4198, 3792, 3788, 3793, 3788, 3789, 3794, 4180, 4182, 4193, 4179, 4180, 4191, 4178, 4179, 4190, 3790, 3792, 3798, 4030, 4029, 4037, 3790, 3795, 3791, 3791, 3796, 4029, 3793, 3788, 3794, 3794, 3789, 3857, 4177, 4188, 4183, 3850, 3851, 3859, 3851, 3852, 3860, 3852, 3853, 3861, 3853, 3854, 3862, 3854, 3855, 3863, 3855, 3856, 3864, 3795, 3790, 3798, 3797, 4037, 4029, 4029, 3796, 3797, 3796, 3791, 3795, 3798, 3792, 3793, 3856, 4178, 4189, 3857, 3849, 3858, 3858, 3850, 3859, 3859, 3851, 3860, 3860, 3852, 3861, 3861, 3853, 3862, 3862, 3854, 3863, 3863, 3855, 3864, 3864, 3856, 3865, 3865, 3856, 4189, 4031, 4030, 4038, 4032, 4031, 4039, 4033, 4032, 4040, 4034, 4033, 4041, 4035, 4034, 4043, 4036, 4035, 4044, 4184, 4036, 4045, 4038, 4030, 4037, 4039, 4031, 4038, 4032, 4039, 4042, 4040, 4032, 4042, 4041, 4033, 4040, 4043, 4034, 4041, 4185, 4184, 4196, 3849, 3850, 3858, 4181, 4183, 4195, 4109, 4096, 4108, 4115, 4116, 4135, 4110, 4097, 4109, 4114, 4115, 4134, 4108, 4095, 4107, 4124, 4097, 4110, 4097, 4096, 4109, 4096, 4095, 4108, 4107, 4094, 4106, 4106, 4093, 4105, 4105, 4092, 4104, 4104, 4091, 4102, 4103, 4090, 4099, 4102, 4089, 4103, 4101, 4088, 4130, 4098, 4085, 4100, 4100, 4087, 4101, 4099, 4086, 4098, 4095, 4094, 4107, 4094, 4093, 4106, 4093, 4092, 4105, 4092, 4091, 4104, 4091, 4089, 4102, 4089, 4090, 4103, 4148, 4129, 4146, 4147, 4128, 4145, 4146, 4127, 4147, 4145, 4126, 4144, 4144, 4125, 4143, 4148, 4122, 4129, 4126, 4145, 4128, 4127, 4128, 4147, 4127, 4146, 4129, 4125, 4144, 4126, 4125, 4124, 4143, 4142, 4123, 4141, 4087, 4088, 4101, 4088, 4111, 4130, 4085, 4087, 4100, 4090, 4086, 4099, 4086, 4085, 4098, 4111, 4112, 4131, 4112, 4113, 4132, 4113, 4114, 4133, 4141, 4122, 4148, 4140, 4121, 4142, 4139, 4120, 4140, 4138, 4119, 4139, 4137, 4118, 4138, 4136, 4117, 4137, 4135, 4116, 4136, 4134, 4115, 4135, 4133, 4114, 4134, 4132, 4113, 4133, 4131, 4112, 4132, 4130, 4111, 4131, 4123, 4122, 4141, 4123, 4142, 4121, 4120, 4121, 4140, 4120, 4139, 4119, 4118, 4119, 4138, 4117, 4118, 4137, 4116, 4117, 4136, 4124, 4110, 4143, 3764, 3763, 3768, 4013, 4004, 4025, 3995, 3994, 4003, 3766, 3761, 3779, 4026, 4014, 4025, 4014, 4026, 4015, 4015, 4027, 4016, 4006, 4016, 4028, 4017, 4006, 4028, 4018, 4007, 4019, 4021, 4010, 4024, 4024, 4012, 4017, 4022, 4011, 4021, 4023, 4009, 4022, 4020, 4009, 4023, 4013, 3995, 4004, 3997, 3989, 3996, 4014, 4013, 4025, 4010, 4012, 4024, 4011, 4010, 4021, 4009, 4011, 4022, 4027, 4015, 4026, 4028, 4016, 4027, 3787, 3778, 4018, 3786, 3778, 3787, 3785, 3777, 3786, 3784, 3776, 3785, 3783, 3775, 3784, 3782, 3774, 3783, 3781, 3773, 3782, 3780, 3772, 3781, 3779, 3771, 3780, 3778, 4007, 4018, 3777, 3778, 3786, 3776, 3777, 3785, 3775, 3776, 3784, 3774, 3775, 3783, 3994, 3993, 4002, 3993, 3992, 4000, 3992, 3991, 3999, 3991, 3990, 3998, 3990, 3989, 3997, 3773, 3774, 3782, 3772, 3773, 3781, 3771, 3772, 3780, 3767, 3762, 3765, 3769, 3764, 3768, 3988, 3770, 3996, 3988, 3769, 3770, 3998, 3990, 3997, 3989, 3988, 3996, 4019, 4008, 4020, 3991, 3998, 4001, 3999, 3991, 4001, 4000, 3992, 3999, 4008, 4009, 4020, 4007, 4008, 4019, 4012, 4006, 4017, 4002, 3993, 4000, 4003, 3994, 4002, 3762, 3760, 3765, 3761, 3771, 3779, 3760, 3761, 3766, 3763, 3762, 3767, 3764, 3769, 3988, 4004, 3995, 4003, 3765, 3760, 3766, 3768, 3763, 3767, 3952, 3938, 3951, 3951, 3937, 3953, 4047, 4048, 4067, 3942, 3956, 3943, 4083, 4064, 4081, 4083, 4082, 4063, 4084, 4065, 4082, 4081, 4062, 4080, 4080, 4061, 4079, 3941, 3955, 3942, 3941, 3938, 3952, 3937, 3939, 3953, 3940, 4047, 4066, 3939, 3940, 3954, 3938, 3937, 3951, 4084, 4058, 4065, 4064, 4062, 4081, 4063, 4082, 4065, 4063, 4064, 4083, 4062, 4061, 4080, 4061, 4060, 4079, 4077, 4058, 4084, 4078, 4059, 4077, 4076, 4057, 4078, 4075, 4056, 4076, 4074, 4055, 4075, 4073, 4054, 4074, 4072, 4053, 4073, 4071, 4052, 4072, 4070, 4051, 4071, 4069, 4050, 4070, 4068, 4049, 4069, 4067, 4048, 4068, 4066, 4047, 4067, 4058, 4077, 4059, 4060, 3963, 4079, 3963, 3949, 3962, 3962, 3948, 3961, 3961, 3947, 3960, 3949, 3963, 4060, 3948, 3962, 3949, 4057, 4059, 4078, 4056, 4057, 4076, 3947, 3961, 3948, 3960, 3946, 3959, 3959, 3945, 3958, 4056, 4075, 4055, 4054, 4055, 4074, 3944, 3958, 3945, 3945, 3959, 3946, 3946, 3960, 3947, 4053, 4054, 4073, 4052, 4053, 4072, 4051, 4052, 4071, 4050, 4051, 4070, 4049, 4050, 4069, 4048, 4049, 4068, 3958, 3944, 3957, 3957, 3943, 3956, 3955, 3941, 3952, 3956, 3942, 3955, 3954, 3940, 4066, 3953, 3939, 3954, 3943, 3957, 3944, 3919, 3918, 3927, 3728, 3722, 3726, 3918, 3917, 3926, 3965, 3966, 3978, 3966, 3967, 3979, 3967, 3969, 3981, 3968, 3980, 3969, 3968, 3970, 3983, 3972, 3971, 3984, 3973, 3972, 3985, 3974, 3973, 3986, 3964, 3974, 3987, 3919, 3928, 3920, 3976, 3964, 3987, 3983, 3970, 3976, 3977, 3965, 3978, 3978, 3966, 3979, 3920, 3930, 3921, 3921, 3931, 3922, 3964, 3976, 3970, 3922, 3932, 3923, 3923, 3933, 3971, 3926, 3917, 3925, 3927, 3918, 3926, 3979, 3967, 3982, 3982, 3967, 3981, 3981, 3969, 3980, 3980, 3968, 3983, 3985, 3972, 3984, 3986, 3973, 3985, 3987, 3974, 3986, 3971, 3933, 3984, 3933, 3923, 3932, 3932, 3922, 3931, 3931, 3921, 3930, 3930, 3920, 3928, 3722, 3720, 3726, 3721, 3743, 3751, 3720, 3721, 3727, 3723, 3722, 3728, 3916, 3724, 3730, 3724, 3723, 3729, 3726, 3720, 3727, 3727, 3721, 3751, 3729, 3723, 3728, 3916, 3730, 3731, 3916, 3731, 3925, 3919, 3927, 3929, 3928, 3919, 3929, 3730, 3724, 3729, 3759, 3750, 3977, 3758, 3750, 3759, 3757, 3749, 3758, 3756, 3748, 3757, 3755, 3747, 3756, 3754, 3746, 3755, 3754, 3753, 3745, 3753, 3752, 3744, 3751, 3743, 3752, 3750, 3965, 3977, 3749, 3750, 3758, 3748, 3749, 3757, 3747, 3748, 3756, 3746, 3747, 3755, 3745, 3746, 3754, 3744, 3745, 3753, 3743, 3744, 3752, 3917, 3916, 3925, 5460, 5414, 5427, 5412, 5415, 5461, 5414, 5411, 5427, 5411, 5415, 5412, 5411, 5414, 5415, 5424, 5425, 5431, 5460, 5432, 5461, 5432, 5429, 5461, 5460, 5431, 5432, 5460, 5427, 5431, 5431, 5425, 5432, 5429, 5412, 5461, 5427, 5424, 5431, 5425, 5428, 5432, 5432, 5428, 5429, 512, 507, 511, 506, 511, 507, 512, 487, 508, 512, 486, 487, 487, 483, 508, 505, 479, 486, 511, 486, 512, 505, 486, 511, 512, 510, 507, 487, 480, 483, 505, 482, 479, 480, 482, 483, 480, 479, 482, 508, 510, 512, 506, 505, 511, 8725, 8727, 8751, 8737, 8751, 8758, 8758, 8750, 8757, 8726, 8724, 8736, 8758, 8751, 8752, 8750, 8758, 8752, 8749, 8757, 8750, 8749, 8748, 8757, 8725, 8724, 8727, 8724, 8726, 8727, 8736, 8737, 8757, 8757, 8737, 8758, 8725, 8751, 8737, 8726, 8736, 8748, 8748, 8736, 8757, 3557, 3553, 3558, 3527, 3526, 3528, 3527, 3528, 3529, 3559, 3528, 3526, 3558, 3555, 3560, 3552, 3551, 3557, 3557, 3551, 3553, 3553, 3554, 3558, 3558, 3554, 3555, 3559, 3557, 3560, 3559, 3552, 3557, 3555, 3529, 3560, 3559, 3526, 3552, 3557, 3558, 3560, 3527, 3529, 3555, 6716, 6710, 6717, 5645, 5581, 5640, 6822, 6818, 6823, 6822, 6823, 6824, 6812, 6822, 6824, 6851, 6812, 6824, 6721, 5547, 5646, 5645, 5640, 5648, 5639, 5548, 5654, 5640, 5639, 5653, 5643, 5646, 5547, 5547, 5641, 5643, 5548, 5547, 6721, 6818, 6819, 6820, 5922, 5760, 5924, 5586, 5645, 5648, 5640, 5580, 5639, 5581, 5580, 5640, 5600, 5596, 6645, 6645, 5593, 6644, 5596, 5593, 6645, 5593, 5589, 6644, 6644, 5512, 5598, 5598, 5580, 5597, 5597, 5581, 5591, 5589, 5511, 6644, 5581, 5586, 5591, 5512, 5580, 5598, 5580, 5581, 5597, 5585, 5511, 5589, 5583, 5511, 5585, 5511, 5512, 6644, 5575, 5572, 5573, 5572, 5729, 5573, 5567, 5571, 5575, 5571, 5572, 5575, 5565, 5562, 5567, 5563, 5562, 5565, 6818, 6816, 6819, 6816, 6719, 6819, 6814, 6812, 6851, 5591, 5586, 5648, 5597, 5591, 5653, 5653, 5591, 5648, 5598, 5597, 5654, 5654, 5597, 5653, 5598, 5654, 6721, 5648, 5640, 5653, 5653, 5639, 5654, 5654, 5548, 6721, 6721, 5646, 5649, 6721, 5649, 5651, 5655, 6722, 5651, 5690, 5536, 5692, 6743, 6713, 6742, 6717, 6714, 6746, 6714, 6713, 6743, 6714, 6717, 6710, 6710, 6706, 6714, 6713, 6714, 6706, 6704, 6713, 6706, 6742, 6734, 6738, 6742, 6732, 6734, 6742, 6653, 6730, 5563, 5561, 5562, 5692, 5693, 5690, 5695, 5698, 5693, 5693, 5692, 5695, 6713, 6653, 6742, 5698, 5695, 5701, 5924, 5760, 6880, 5562, 5571, 5567, 5571, 5536, 5572, 5536, 5690, 5572, 5571, 5535, 5536, 6730, 6732, 6742, 6730, 6726, 6732, 6730, 6729, 6726, 6729, 6723, 6726, 6729, 6722, 6723, 5698, 5701, 5705, 5562, 5535, 5571, 5561, 5526, 5562, 5535, 5562, 5526, 5561, 5525, 5526, 5549, 5546, 5557, 5551, 5545, 5553, 5557, 5544, 5551, 5546, 5544, 5557, 5641, 5546, 5549, 5547, 5546, 5641, 5639, 5512, 5548, 5548, 5511, 5547, 5512, 5639, 5580, 5511, 5548, 5512, 5547, 5510, 5546, 5511, 5510, 5547, 5510, 5508, 5546, 5553, 5561, 5563, 5545, 5561, 5553, 5544, 5545, 5551, 5544, 5509, 5545, 5544, 5546, 5508, 5525, 5545, 5509, 5509, 5544, 5508, 5525, 5561, 5545, 5536, 5538, 5692, 5535, 5538, 5536, 5535, 5540, 5538, 5526, 5540, 5535, 5530, 5509, 5528, 5532, 5525, 5530, 5509, 5530, 5525, 5526, 5532, 5540, 5525, 5532, 5526, 5522, 5510, 5514, 5516, 5510, 5522, 5518, 5508, 5516, 5508, 5510, 5516, 5514, 5511, 5583, 5510, 5511, 5514, 5509, 5518, 5528, 5508, 5518, 5509, 5698, 5705, 5699, 5699, 5705, 5707, 5699, 5707, 5709, 5709, 5707, 5711, 5711, 5716, 5709, 5709, 5716, 5712, 5712, 5720, 5713, 5720, 5712, 5716, 5713, 5725, 5721, 5725, 5713, 5720, 5725, 5728, 5721, 5728, 5836, 5721, 5721, 5838, 5722, 5838, 5721, 5836, 5693, 5729, 5690, 5698, 5732, 5693, 5729, 5572, 5690, 6746, 6714, 6743, 5729, 5693, 5732, 5920, 5760, 5922, 6848, 5847, 5850, 6818, 6820, 6823, 6848, 5845, 5847, 6844, 6850, 6841, 6847, 6814, 6852, 6844, 6847, 6852, 6850, 6844, 6852, 5853, 6849, 5850, 6849, 5853, 6841, 6849, 6841, 6850, 6848, 5850, 6849, 6852, 6814, 6851, 6819, 6720, 6866, 6820, 6819, 6867, 6867, 6819, 6866, 6820, 6867, 6870, 6824, 6823, 6871, 6871, 6823, 6870, 6824, 6871, 6883, 6823, 6820, 6870, 6866, 6749, 6862, 6867, 6866, 6862, 6864, 6868, 6867, 6867, 6862, 6864, 6868, 6858, 6870, 6870, 6867, 6868, 6858, 6860, 6871, 6871, 6870, 6858, 6852, 6884, 6882, 6849, 6880, 6848, 6880, 6898, 6848, 6880, 6849, 6881, 6881, 6849, 6850, 6850, 6852, 6882, 6881, 6850, 6882, 6871, 6860, 6878, 6878, 6875, 6883, 6875, 6872, 6884, 6884, 6872, 6882, 6883, 6875, 6884, 5932, 5930, 6881, 6882, 6872, 5932, 6882, 5932, 6881, 6881, 5928, 6880, 6851, 6824, 6883, 6852, 6851, 6884, 6749, 6717, 6746, 6749, 6866, 6720, 6742, 6738, 6743, 6743, 6738, 6744, 6744, 6747, 6746, 6848, 5841, 5845, 6848, 6892, 5722, 5722, 5841, 6848, 5722, 5838, 5841, 6746, 6743, 6744, 6749, 6746, 6747, 6880, 5760, 6898, 5926, 5924, 6880, 5763, 5759, 5920, 5759, 5760, 5920, 5757, 5759, 5761, 5757, 5752, 5759, 6884, 6851, 6883, 6883, 6871, 6878, 6885, 6887, 6886, 5760, 6885, 6886, 6886, 6887, 6893, 6885, 5722, 6892, 6887, 6885, 6891, 6887, 6890, 6888, 6888, 6890, 6889, 6890, 6887, 6891, 6891, 6885, 6892, 6893, 6887, 6888, 6893, 6888, 6894, 6894, 6888, 6889, 6889, 6890, 6895, 6894, 6889, 6895, 6898, 5760, 6886, 6886, 6893, 6897, 6893, 6894, 6896, 6896, 6894, 6895, 6897, 6893, 6896, 6891, 6896, 6890, 6895, 6890, 6896, 6897, 6896, 6891, 6897, 6891, 6892, 6892, 6848, 6898, 6897, 6892, 6898, 6898, 6886, 6897, 5754, 5752, 5757, 5760, 5722, 6885, 5759, 5722, 5760, 5752, 5721, 5759, 5722, 5759, 5721, 5754, 5751, 5752, 5749, 5751, 5754, 5749, 5745, 5751, 5745, 5748, 5751, 5751, 5713, 5752, 5713, 5721, 5752, 6713, 6650, 6653, 6704, 6650, 6713, 6650, 6647, 6653, 6647, 6652, 6653, 6647, 5604, 6652, 5604, 6645, 6652, 5604, 5600, 6645, 5748, 5712, 5751, 5713, 5751, 5712, 5738, 5709, 5748, 5712, 5748, 5709, 5928, 5926, 6880, 5930, 5928, 6881, 6749, 6747, 6862, 6722, 5657, 6723, 6722, 5655, 5657, 6721, 5651, 6722, 6730, 6652, 6729, 6653, 6652, 6730, 6652, 6645, 6729, 5743, 5748, 5745, 5743, 5738, 5748, 5739, 5738, 5743, 5739, 5737, 5738, 5739, 5733, 5737, 5730, 5732, 5733, 5732, 5737, 5733, 5573, 5729, 5730, 5729, 5732, 5730, 5737, 5699, 5738, 5732, 5698, 5737, 5709, 5738, 5699, 5699, 5737, 5698, 6722, 6644, 6721, 6645, 6644, 6722, 6644, 5598, 6721, 6720, 6819, 6719, 6719, 6717, 6720, 6645, 6722, 6729, 6719, 6716, 6717, 5586, 5581, 5645, 5761, 5759, 5763, 6720, 6717, 6749, 1, 10, 17, 675, 674, 622, 0, 10, 1, 0, 1, 33, 1, 14, 34, 0, 33, 35, 33, 1, 34, 2, 3, 72, 2, 72, 6, 0, 2, 8, 10, 0, 8, 8, 2, 13, 13, 2, 6, 2, 0, 35, 14, 50, 34, 3, 2, 36, 36, 2, 35, 3, 37, 4, 4, 119, 69, 37, 3, 36, 119, 4, 37, 14, 21, 15, 15, 21, 29, 14, 1, 19, 1541, 799, 1529, 21, 14, 19, 1540, 1537, 1539, 19, 1, 17, 15, 29, 24, 1541, 1536, 1540, 1537, 1538, 1539, 1536, 1537, 1540, 24, 29, 27, 24, 27, 25, 25, 27, 180, 50, 14, 15, 1529, 1536, 1541, 1540, 1535, 1541, 1535, 710, 1541, 1540, 1534, 1535, 1539, 1534, 1540, 1538, 1533, 1539, 1534, 1539, 1533, 15, 24, 51, 50, 15, 51, 51, 24, 60, 60, 24, 25, 25, 178, 61, 60, 25, 61, 34, 40, 33, 34, 50, 42, 42, 50, 52, 36, 35, 123, 1528, 710, 1535, 1533, 1531, 1534, 38, 121, 35, 1534, 1530, 1535, 1537, 1532, 1538, 123, 35, 121, 35, 33, 46, 46, 33, 40, 40, 34, 42, 38, 35, 46, 50, 51, 54, 51, 60, 56, 52, 50, 54, 54, 51, 56, 60, 64, 56, 64, 60, 62, 62, 60, 61, 62, 61, 218, 4, 69, 83, 3, 4, 84, 72, 3, 74, 74, 3, 77, 69, 70, 78, 78, 70, 75, 83, 69, 78, 77, 3, 576, 70, 69, 120, 120, 69, 119, 1532, 1533, 1538, 1537, 1531, 1532, 1536, 1531, 1537, 1536, 1530, 1531, 75, 70, 125, 125, 70, 120, 75, 125, 130, 84, 4, 83, 576, 3, 84, 80, 77, 576, 82, 80, 576, 86, 82, 577, 1531, 1533, 1532, 1530, 1534, 1531, 1530, 1528, 1535, 1529, 1530, 1536, 1529, 249, 1528, 1528, 1530, 1529, 816, 789, 722, 78, 75, 130, 83, 78, 136, 136, 78, 130, 84, 83, 137, 137, 83, 136, 84, 137, 604, 801, 424, 800, 801, 791, 424, 424, 421, 800, 817, 816, 794, 817, 791, 801, 794, 791, 817, 119, 37, 136, 797, 794, 816, 797, 816, 722, 37, 36, 137, 789, 788, 720, 36, 123, 127, 120, 119, 130, 125, 120, 130, 136, 130, 119, 720, 722, 789, 788, 786, 720, 788, 782, 786, 788, 785, 782, 36, 127, 604, 137, 136, 37, 785, 784, 782, 784, 780, 782, 784, 679, 780, 604, 137, 36, 604, 127, 131, 604, 131, 134, 604, 134, 138, 178, 25, 180, 178, 180, 183, 178, 183, 181, 181, 183, 189, 181, 189, 186, 817, 713, 816, 714, 713, 817, 713, 700, 816, 800, 712, 801, 186, 189, 193, 675, 622, 676, 186, 193, 187, 187, 193, 195, 800, 711, 712, 800, 799, 711, 178, 181, 217, 181, 186, 220, 61, 178, 217, 217, 181, 220, 186, 187, 225, 710, 799, 1541, 197, 226, 187, 220, 186, 225, 225, 187, 226, 197, 187, 199, 199, 187, 195, 199, 204, 197, 197, 204, 200, 200, 208, 201, 197, 200, 236, 226, 197, 236, 201, 239, 200, 236, 200, 239, 201, 209, 240, 239, 201, 240, 710, 711, 799, 714, 817, 801, 710, 331, 711, 711, 703, 712, 711, 336, 703, 711, 333, 336, 712, 706, 714, 706, 709, 714, 709, 713, 714, 709, 690, 713, 706, 712, 703, 699, 696, 788, 700, 789, 816, 208, 200, 204, 209, 201, 213, 789, 699, 788, 700, 699, 789, 696, 785, 788, 213, 201, 208, 213, 216, 209, 209, 323, 210, 323, 209, 216, 785, 695, 784, 210, 248, 209, 240, 209, 248, 248, 210, 249, 249, 210, 1528, 218, 61, 217, 218, 217, 220, 220, 225, 221, 220, 221, 218, 227, 221, 225, 227, 225, 226, 227, 226, 231, 231, 226, 236, 231, 236, 233, 233, 236, 239, 237, 233, 239, 237, 239, 242, 242, 239, 240, 242, 240, 245, 245, 240, 248, 245, 248, 251, 248, 249, 254, 251, 248, 254, 254, 249, 407, 210, 323, 325, 325, 327, 210, 1528, 210, 710, 710, 210, 327, 710, 327, 329, 710, 329, 331, 696, 695, 785, 695, 603, 784, 713, 688, 700, 331, 333, 711, 407, 249, 409, 409, 249, 412, 249, 1529, 799, 412, 249, 799, 416, 412, 799, 418, 416, 800, 421, 418, 800, 800, 416, 799, 577, 82, 576, 88, 86, 577, 88, 577, 583, 579, 88, 583, 688, 698, 700, 698, 699, 700, 698, 694, 699, 583, 584, 579, 581, 579, 584, 587, 581, 596, 596, 581, 584, 576, 84, 604, 577, 576, 605, 605, 576, 604, 577, 605, 612, 583, 577, 612, 584, 583, 614, 614, 583, 612, 596, 584, 674, 674, 584, 614, 589, 587, 597, 597, 587, 596, 696, 699, 694, 694, 692, 696, 692, 695, 696, 692, 603, 695, 593, 589, 597, 690, 688, 713, 597, 600, 593, 599, 593, 600, 599, 600, 603, 602, 599, 603, 692, 602, 603, 784, 681, 679, 681, 678, 679, 597, 596, 675, 600, 597, 678, 675, 596, 674, 678, 597, 675, 603, 600, 681, 681, 600, 678, 603, 681, 784, 678, 675, 676, 676, 679, 678, 604, 138, 605, 605, 138, 142, 605, 142, 606, 612, 605, 606, 612, 606, 609, 614, 612, 609, 614, 609, 616, 614, 616, 618, 618, 622, 674, 674, 614, 618, 712, 714, 801, 10138, 10040, 10168, 9227, 9155, 9246, 8926, 8913, 8924, 9152, 9226, 9231, 8873, 8895, 8892, 8893, 8931, 8892, 8903, 8932, 8893, 8912, 8892, 8931, 8931, 8893, 8932, 8906, 8942, 8903, 8906, 9120, 8945, 8932, 8903, 8942, 8942, 8906, 8945, 8931, 8932, 8933, 8932, 8942, 8938, 8933, 8932, 8938, 8935, 8931, 8933, 8942, 8945, 8943, 8938, 8942, 8943, 8945, 9156, 8946, 8943, 8945, 8946, 8878, 8956, 8953, 8951, 8878, 8953, 8878, 8706, 9952, 8956, 8878, 9952, 8959, 8956, 9952, 8961, 8959, 9953, 8965, 8961, 9953, 9953, 8959, 9952, 8892, 8895, 8900, 9041, 9043, 8917, 9041, 8917, 9039, 10041, 8707, 8917, 10041, 8917, 9043, 10041, 9043, 9045, 10041, 9045, 9047, 9049, 10042, 9047, 9120, 9122, 9123, 9120, 8908, 9122, 9123, 9122, 9126, 9123, 9126, 9131, 9123, 9131, 9128, 9128, 9135, 9129, 9135, 9128, 9131, 9129, 9135, 9137, 9129, 9142, 9139, 9142, 9129, 9137, 9139, 9146, 9140, 9146, 9139, 9142, 9140, 9149, 9151, 9149, 9140, 9146, 9151, 9149, 9154, 9154, 9224, 9151, 8921, 8916, 8918, 9039, 8916, 8921, 8917, 8916, 9039, 8918, 8911, 8926, 8916, 8911, 8918, 8707, 8878, 8917, 8917, 8877, 8916, 8877, 8872, 8916, 8878, 8877, 8917, 8924, 8912, 8914, 8914, 8931, 8935, 8912, 8931, 8914, 8911, 8913, 8926, 8913, 8912, 8924, 8911, 8874, 8913, 8874, 8873, 8913, 8912, 8913, 8873, 8892, 8912, 8873, 8911, 8916, 8872, 8874, 8911, 8872, 8908, 9120, 8906, 8903, 8908, 8906, 8903, 8905, 8908, 8893, 8905, 8903, 8895, 8873, 8897, 8893, 8900, 8905, 8892, 8900, 8893, 8872, 8886, 8874, 8874, 8886, 8876, 9151, 9226, 9152, 9226, 9151, 9224, 8873, 8874, 8897, 9123, 9156, 9120, 9156, 8945, 9120, 8897, 8874, 8876, 8877, 8878, 8883, 8872, 8877, 8889, 8889, 8877, 8880, 8883, 8878, 8951, 8880, 8877, 8883, 10179, 10140, 10170, 10151, 10140, 10179, 10178, 9291, 10177, 10179, 10174, 10176, 10170, 10172, 10179, 10170, 10159, 10172, 9156, 9123, 9159, 10172, 10174, 10179, 10178, 10176, 9287, 9159, 9123, 9128, 10174, 9287, 10176, 9287, 9294, 10178, 9129, 9164, 9128, 10150, 10148, 10178, 10177, 9297, 10149, 10177, 10150, 10178, 10150, 10177, 10149, 10148, 10176, 10178, 9159, 9128, 9164, 10176, 10151, 10179, 9164, 9129, 9165, 10148, 10151, 10176, 10169, 10159, 10170, 8706, 8878, 8707, 10169, 10167, 10156, 10156, 10161, 10169, 10168, 10165, 10167, 8706, 8714, 8708, 10165, 10156, 10167, 10168, 10070, 10163, 10163, 10165, 10168, 8714, 8706, 8707, 8708, 8709, 8712, 8706, 8708, 8713, 8709, 8710, 8711, 8712, 8709, 8711, 8713, 8708, 8712, 8706, 8713, 9952, 8709, 8708, 8715, 8715, 8708, 8714, 8710, 8709, 8716, 8716, 8709, 8715, 8710, 8716, 8717, 8715, 8714, 8718, 10170, 10139, 10169, 10169, 10137, 10167, 10140, 10139, 10170, 10139, 10137, 10169, 8714, 8707, 8719, 10167, 10138, 10168, 10137, 10138, 10167, 9155, 9152, 9247, 8711, 8710, 8717, 10161, 10159, 10169, 10149, 9245, 10150, 8712, 8711, 8718, 8718, 8711, 8717, 10148, 10145, 10151, 8713, 8712, 8719, 8719, 8712, 8718, 10145, 10130, 10151, 10150, 10147, 10148, 10147, 10145, 10148, 10150, 9237, 10147, 9245, 9237, 10150, 10151, 10132, 10140, 10140, 10127, 10139, 10127, 10136, 10139, 10136, 10137, 10139, 10136, 10134, 10137, 8713, 8719, 10041, 8717, 8715, 8718, 8718, 8714, 8719, 8719, 8707, 10041, 9156, 9159, 9157, 8946, 9156, 9157, 9157, 9159, 9161, 9161, 9159, 9164, 9166, 9161, 9164, 9166, 9164, 9165, 9166, 9165, 9170, 9170, 9165, 9175, 10134, 10138, 10137, 9170, 9175, 9172, 10134, 10040, 10138, 10132, 10151, 10130, 10132, 10127, 10140, 10168, 10073, 10070, 9165, 9129, 9139, 10073, 10072, 10070, 9140, 9175, 9139, 9140, 9151, 9176, 10072, 10068, 10070, 10072, 10067, 10068, 10067, 10064, 10065, 10065, 10068, 10067, 10064, 10058, 10065, 10064, 10054, 10058, 9175, 9165, 9139, 9175, 9140, 9176, 10040, 10073, 10168, 10073, 10039, 10072, 9172, 9175, 9177, 9177, 9175, 9176, 10040, 10039, 10073, 10039, 10034, 10072, 10034, 10067, 10072, 10067, 10031, 10064, 10034, 10031, 10067, 10031, 9965, 10064, 10054, 10056, 10058, 9965, 10054, 10064, 10054, 9964, 10053, 9965, 9964, 10054, 10054, 10050, 10056, 10053, 10050, 10054, 10053, 10048, 10050, 10053, 10043, 10048, 10043, 10045, 10048, 10043, 10042, 10045, 10042, 9051, 10045, 10042, 9049, 9051, 10041, 9047, 10042, 9964, 9954, 10053, 9954, 10043, 10053, 10043, 9953, 10042, 9954, 9953, 10043, 10042, 9952, 10041, 9953, 9952, 10042, 9952, 8713, 10041, 10134, 10038, 10040, 10038, 10036, 10040, 10036, 10039, 10040, 10036, 10034, 10039, 9152, 9184, 9151, 9176, 9151, 9184, 9184, 9152, 9185, 10033, 10034, 10036, 9185, 9152, 9155, 9155, 9227, 9188, 9185, 9155, 9188, 9188, 9227, 9282, 10033, 10026, 10034, 10031, 10034, 10026, 10026, 10024, 10031, 10024, 9965, 10031, 10024, 9962, 9965, 9962, 9960, 9965, 9960, 9964, 9965, 9957, 9954, 9964, 9960, 9957, 9964, 9957, 8968, 9954, 8968, 9953, 9954, 8968, 8965, 9953, 9294, 9291, 10178, 9291, 9289, 10177, 9177, 9176, 9180, 8886, 8872, 8889, 9180, 9176, 9184, 10177, 9185, 9297, 9297, 9188, 9296, 9289, 9284, 10177, 9180, 9184, 9182, 9296, 9247, 9297, 9247, 10149, 9297, 9296, 9246, 9247, 9296, 9293, 9246, 9286, 9243, 9293, 9182, 9184, 9186, 9246, 9293, 9243, 9296, 9282, 9293, 9293, 9283, 9286, 9282, 9283, 9293, 9184, 9185, 9278, 9186, 9184, 9278, 9284, 9185, 10177, 9188, 9282, 9296, 9185, 9188, 9297, 9280, 9185, 9284, 9278, 9185, 9280, 9283, 9232, 9286, 9232, 9243, 9286, 9283, 9228, 9232, 9282, 9228, 9283, 9282, 9227, 9228, 10149, 9242, 9245, 10149, 9240, 9242, 9247, 9152, 10149, 9246, 9155, 9247, 10149, 9231, 9240, 9243, 9227, 9246, 9228, 9243, 9232, 9227, 9243, 9228, 9152, 9231, 10149, 8716, 8715, 8717, 3819, 3814, 3827, 3403, 3398, 3409, 3499, 3410, 3501, 3501, 3410, 3506, 3410, 3413, 3912, 3506, 3410, 3912, 3413, 3503, 3523, 3503, 3504, 3522, 3504, 3508, 3519, 3515, 3506, 3912, 3522, 3504, 3519, 3523, 3503, 3522, 3912, 3413, 3523, 3517, 3515, 3913, 3520, 3517, 3913, 3913, 3515, 3912, 3675, 3182, 3674, 3186, 3184, 3675, 3186, 3675, 3676, 3678, 3186, 3676, 3681, 3678, 3685, 3678, 3676, 3685, 3681, 3685, 3686, 3683, 3681, 3686, 3689, 3683, 3696, 3674, 3083, 3706, 3675, 3674, 3707, 3707, 3674, 3706, 3676, 3675, 3708, 3708, 3675, 3707, 3676, 3708, 3732, 3685, 3676, 3732, 3696, 3683, 3686, 3686, 3685, 3733, 3733, 3685, 3732, 3686, 3733, 3799, 3691, 3689, 3696, 3696, 3699, 3691, 3698, 3691, 3699, 3699, 3704, 3698, 3701, 3698, 3704, 3403, 3409, 3406, 3703, 3701, 3704, 3703, 3704, 3705, 3705, 3825, 3703, 3696, 3686, 3799, 3699, 3696, 3802, 3802, 3696, 3799, 3699, 3802, 3807, 3704, 3699, 3807, 3705, 3704, 3808, 3808, 3704, 3807, 3705, 3808, 3902, 3706, 3267, 3707, 3707, 3267, 3270, 3707, 3270, 3710, 3708, 3707, 3710, 3708, 3710, 3713, 3732, 3708, 3713, 3732, 3713, 3715, 3732, 3715, 3735, 3733, 3732, 3735, 3733, 3735, 3737, 3799, 3733, 3737, 3799, 3737, 3800, 3800, 3803, 3802, 3802, 3799, 3800, 3915, 3909, 3911, 3915, 3904, 3907, 3904, 3845, 3907, 3907, 3909, 3915, 3913, 3911, 3512, 3909, 3512, 3911, 3512, 3520, 3913, 3904, 3903, 3847, 3903, 3901, 3842, 3842, 3847, 3903, 3901, 3899, 3842, 3901, 3897, 3899, 3902, 3897, 3901, 3902, 3808, 3897, 3847, 3845, 3904, 3915, 3827, 3904, 3837, 3827, 3915, 3836, 3834, 3913, 3912, 3523, 3835, 3913, 3912, 3836, 3835, 3836, 3912, 3834, 3911, 3913, 3911, 3837, 3915, 3834, 3837, 3911, 3835, 3459, 3836, 3837, 3817, 3827, 3834, 3831, 3837, 3831, 3817, 3837, 3836, 3833, 3834, 3833, 3831, 3834, 3836, 3455, 3833, 3462, 3455, 3836, 3904, 3826, 3903, 3903, 3824, 3901, 3827, 3826, 3904, 3826, 3824, 3903, 3901, 3825, 3902, 3824, 3825, 3901, 3825, 3705, 3902, 3076, 3104, 3077, 3076, 3084, 3078, 3084, 3076, 3077, 3104, 3076, 3083, 3076, 3078, 3082, 3078, 3079, 3081, 3081, 3079, 3080, 3082, 3078, 3081, 3079, 3078, 3085, 3085, 3078, 3084, 3080, 3079, 3086, 3086, 3079, 3085, 3080, 3086, 3087, 3083, 3076, 3082, 3081, 3080, 3087, 3082, 3081, 3088, 3088, 3081, 3087, 3083, 3082, 3089, 3089, 3082, 3088, 3083, 3089, 3706, 3077, 3140, 3089, 3084, 3077, 3088, 3085, 3084, 3087, 3086, 3085, 3087, 3088, 3087, 3084, 3089, 3088, 3077, 3827, 3814, 3826, 3807, 3802, 3803, 3522, 3464, 3523, 3464, 3835, 3523, 3522, 3463, 3464, 3519, 3463, 3522, 3508, 3460, 3519, 3463, 3519, 3460, 3462, 3836, 3459, 3835, 3457, 3459, 3808, 3807, 3803, 3464, 3377, 3835, 3819, 3827, 3817, 3460, 3449, 3463, 3814, 3823, 3826, 3823, 3824, 3826, 3823, 3821, 3824, 3821, 3825, 3824, 3835, 3451, 3457, 3808, 3803, 3805, 3808, 3805, 3897, 3098, 3110, 3100, 3100, 3110, 3102, 3099, 3100, 3120, 3120, 3100, 3102, 3098, 3100, 3134, 3098, 3134, 3139, 3099, 3115, 3135, 3099, 3135, 3136, 3100, 3099, 3136, 3134, 3100, 3136, 3098, 3103, 3112, 3112, 3103, 3106, 3103, 3104, 3174, 3504, 3452, 3508, 3452, 3460, 3508, 3504, 3449, 3452, 3503, 3449, 3504, 3503, 3448, 3449, 3449, 3460, 3452, 3448, 3463, 3449, 3448, 3377, 3464, 3103, 3174, 3108, 3106, 3103, 3108, 3835, 3374, 3451, 3110, 3098, 3112, 3104, 3103, 3140, 3103, 3098, 3139, 3140, 3103, 3139, 3140, 3077, 3104, 3115, 3099, 3118, 3377, 3374, 3835, 3115, 3118, 3123, 3115, 3123, 3116, 3447, 3451, 3374, 3374, 3445, 3447, 3116, 3123, 3128, 3118, 3099, 3120, 3116, 3128, 3126, 3126, 3128, 3131, 3126, 3131, 3129, 3129, 3131, 3344, 3115, 3116, 3154, 3116, 3126, 3155, 3135, 3115, 3154, 3154, 3116, 3155, 3126, 3129, 3165, 3129, 3342, 3168, 3155, 3126, 3165, 3165, 3129, 3168, 3135, 3154, 3158, 3136, 3135, 3147, 3136, 3149, 3134, 3135, 3158, 3137, 3147, 3135, 3137, 3139, 3134, 3141, 3141, 3134, 3149, 3140, 3139, 3255, 3144, 3253, 3139, 3255, 3139, 3253, 3144, 3139, 3141, 3149, 3136, 3147, 3154, 3155, 3156, 3156, 3155, 3161, 3161, 3155, 3166, 3158, 3154, 3156, 3166, 3155, 3165, 3166, 3165, 3169, 3169, 3165, 3168, 3169, 3168, 3378, 3104, 3178, 3176, 3174, 3104, 3176, 3178, 3104, 3674, 3104, 3083, 3674, 3180, 3178, 3674, 3182, 3180, 3674, 3184, 3182, 3675, 3140, 3255, 3258, 3821, 3703, 3825, 3140, 3258, 3706, 3706, 3089, 3140, 3706, 3258, 3261, 3706, 3261, 3263, 3706, 3263, 3267, 3342, 3129, 3344, 3342, 3344, 3348, 3342, 3348, 3345, 3345, 3348, 3353, 3345, 3353, 3350, 3350, 3353, 3357, 3350, 3359, 3351, 3359, 3350, 3357, 3342, 3345, 3378, 3378, 3168, 3342, 3378, 3345, 3381, 3381, 3345, 3350, 3351, 3386, 3350, 3381, 3350, 3386, 3386, 3351, 3387, 3351, 3364, 3361, 3364, 3351, 3359, 3361, 3368, 3362, 3387, 3351, 3361, 3362, 3397, 3361, 3362, 3373, 3398, 3387, 3361, 3397, 3397, 3362, 3398, 3368, 3361, 3364, 3373, 3362, 3371, 3371, 3362, 3368, 3373, 3371, 3376, 3373, 3445, 3374, 3445, 3373, 3376, 3374, 3409, 3373, 3398, 3373, 3409, 3409, 3374, 3410, 3410, 3374, 3377, 3377, 3448, 3413, 3410, 3377, 3413, 3413, 3448, 3503, 3378, 3381, 3379, 3378, 3379, 3169, 3379, 3381, 3383, 3383, 3381, 3386, 3388, 3383, 3386, 3411, 3410, 3499, 3411, 3409, 3410, 3388, 3386, 3387, 3388, 3387, 3392, 3392, 3387, 3397, 3392, 3397, 3394, 3394, 3397, 3399, 3406, 3409, 3411, 3399, 3397, 3398, 3399, 3398, 3403, 3463, 3448, 3464, 5734, 5733, 5740, 5731, 5730, 5734, 6846, 6810, 6813, 6748, 6741, 6863, 5736, 5734, 5740, 6745, 6741, 6748, 5931, 5928, 5930, 5933, 5931, 5930, 5930, 5932, 5933, 6874, 5931, 5933, 6874, 5929, 5931, 5929, 5928, 5931, 5929, 5926, 5928, 5927, 5926, 5929, 6874, 5764, 5929, 5929, 5921, 5927, 5925, 5924, 5927, 5924, 5926, 5927, 5927, 5923, 5925, 5925, 5922, 5924, 5921, 5923, 5927, 5923, 5922, 5925, 6874, 5762, 5764, 5764, 5921, 5929, 5923, 5920, 5922, 5921, 5920, 5923, 5514, 5582, 5513, 5921, 5763, 5920, 5516, 5521, 5515, 5515, 5521, 5519, 5515, 5517, 5518, 5518, 5517, 5527, 6874, 5758, 5762, 5756, 5758, 6874, 5850, 5846, 5849, 5849, 5853, 5850, 5849, 5852, 5853, 5852, 5851, 6839, 5852, 5848, 5851, 5849, 5843, 5852, 5528, 5518, 5527, 5517, 5520, 5543, 5517, 5515, 5520, 5520, 5515, 5519, 5843, 5848, 5852, 5847, 5846, 5850, 5846, 5847, 5845, 5845, 5844, 5846, 6744, 6745, 6747, 6744, 6739, 6745, 5846, 5839, 5849, 5849, 5842, 5843, 5839, 5842, 5849, 5841, 5840, 5845, 5518, 5516, 5515, 5513, 5521, 5522, 5519, 5521, 5523, 5521, 5516, 5522, 5514, 5513, 5522, 5521, 5513, 5590, 5521, 5590, 5524, 5840, 5844, 5845, 5523, 5521, 5524, 5528, 5527, 5530, 5844, 5835, 5846, 5840, 5837, 5844, 5530, 5527, 5529, 5529, 5527, 5533, 5533, 5527, 5543, 5529, 5531, 5532, 5841, 5838, 5840, 5532, 5530, 5529, 5531, 5529, 5534, 5838, 5837, 5840, 5534, 5529, 5533, 6745, 6740, 6741, 6739, 6740, 6745, 6738, 6739, 6744, 6739, 6737, 6740, 6739, 6735, 6737, 6738, 6735, 6739, 6735, 6736, 6737, 6738, 6734, 6735, 6808, 6807, 6821, 6808, 6821, 6811, 6809, 6808, 6811, 6811, 6822, 6812, 6809, 6811, 6813, 6813, 6811, 6812, 6810, 6809, 6813, 6813, 6812, 6814, 6806, 6718, 6815, 6815, 6719, 6816, 6807, 6806, 6815, 6815, 6816, 6818, 6807, 6815, 6817, 6817, 6815, 6818, 6821, 6807, 6817, 6821, 6817, 6818, 6821, 6818, 6822, 6822, 6811, 6821, 5837, 5835, 5844, 6734, 6733, 6735, 5846, 5727, 5839, 6733, 6736, 6735, 6733, 6731, 6736, 6732, 6733, 6734, 6733, 6727, 6731, 5838, 5836, 5837, 6842, 6845, 6843, 6839, 6842, 6840, 6840, 6842, 6843, 6840, 6843, 6844, 6840, 6844, 6841, 5835, 5727, 5846, 6845, 6810, 6846, 6814, 6847, 6846, 6843, 6845, 6846, 6846, 6847, 6844, 6846, 6813, 6814, 5836, 5835, 5837, 6844, 6843, 6846, 5836, 5727, 5835, 6732, 6727, 6733, 5852, 6839, 6840, 5853, 5852, 6841, 6841, 5852, 6840, 6726, 6727, 6732, 5727, 5834, 5839, 6727, 6728, 6731, 6727, 6724, 6728, 6726, 6724, 6727, 6854, 6855, 6865, 6855, 6856, 6869, 6869, 6856, 6859, 6869, 6859, 6858, 6859, 6856, 6857, 6858, 6859, 6860, 6859, 6857, 6861, 6860, 6859, 6861, 6726, 6723, 6724, 6724, 6725, 6728, 5692, 5538, 5537, 5531, 5539, 5540, 5540, 5532, 5531, 5531, 5534, 5541, 5764, 5763, 5921, 5539, 5531, 5541, 5540, 5539, 5538, 5539, 5541, 5542, 5537, 5539, 5542, 5539, 5537, 5538, 5542, 5691, 5537, 5527, 5517, 5543, 6863, 6741, 6853, 6862, 6748, 6863, 5641, 5549, 5550, 5557, 5551, 5552, 5551, 5553, 5554, 5553, 5563, 5564, 5554, 5553, 5564, 5554, 5564, 5556, 5552, 5551, 5554, 5552, 5554, 5555, 5555, 5554, 5556, 5549, 5557, 5558, 5557, 5552, 5558, 5558, 5552, 5559, 5559, 5552, 5555, 5550, 5549, 5558, 5550, 5558, 5560, 5560, 5558, 5559, 6863, 6853, 6854, 6863, 6865, 6862, 5564, 5563, 5566, 5566, 5563, 5565, 5564, 5566, 5579, 5579, 5566, 5569, 5565, 5567, 5568, 5566, 5565, 5568, 5569, 5566, 5568, 5569, 5568, 5570, 5573, 5731, 5574, 6862, 6865, 6864, 6863, 6854, 6865, 5567, 5575, 5576, 5568, 5567, 5576, 5570, 5568, 5576, 6864, 6865, 6868, 6868, 6865, 6869, 5570, 5576, 5577, 5576, 5575, 5574, 5577, 5576, 5574, 5575, 5573, 5574, 5577, 5574, 5578, 5578, 5574, 5731, 5556, 5564, 5579, 6865, 6855, 6869, 5582, 5514, 5583, 5582, 5583, 5584, 5513, 5582, 5594, 6869, 6858, 6868, 5764, 5761, 5763, 5513, 5594, 5587, 5584, 5583, 5585, 5585, 5588, 5584, 6723, 5658, 6724, 5658, 6725, 6724, 6877, 6874, 6879, 6874, 5933, 6873, 5588, 5585, 5589, 6876, 6874, 6873, 6879, 6874, 6876, 6872, 6875, 6876, 6876, 6873, 6872, 5582, 5584, 5595, 5584, 5588, 5592, 5592, 5588, 5589, 5592, 5589, 5593, 6861, 6857, 6877, 6877, 6879, 6861, 6861, 6879, 6878, 6878, 6879, 6875, 6860, 6861, 6878, 6879, 6876, 6875, 6723, 5657, 5658, 5595, 5584, 5592, 5594, 5582, 5599, 5590, 5513, 5587, 5599, 5582, 5595, 5595, 5592, 5593, 5595, 5593, 5596, 5599, 5595, 5596, 5599, 5596, 5600, 5601, 5594, 5599, 5762, 5761, 5764, 5933, 5932, 6873, 6873, 5932, 6872, 5762, 5757, 5761, 5758, 5757, 5762, 5758, 5754, 5757, 5601, 5599, 5603, 5756, 5755, 5758, 5755, 5754, 5758, 5755, 5750, 5754, 5755, 5756, 5753, 5602, 5601, 5603, 5603, 5599, 5600, 5603, 5600, 5604, 5605, 5602, 5603, 5753, 5750, 5755, 5750, 5749, 5754, 5750, 5753, 5747, 5641, 5550, 5642, 5747, 5746, 5750, 5642, 5550, 5560, 5641, 5642, 5644, 5643, 5641, 5644, 6718, 6719, 6815, 6718, 6715, 6719, 5750, 5745, 5749, 6715, 6716, 6719, 5644, 5647, 5643, 5646, 5643, 5647, 5642, 5560, 5656, 6718, 6711, 6715, 5746, 5745, 5750, 6715, 6710, 6716, 5746, 5747, 5742, 5644, 5642, 5652, 5746, 5743, 5745, 5744, 5746, 5742, 6712, 6718, 6806, 6712, 6711, 6718, 6711, 6708, 6715, 6715, 6709, 6710, 6708, 6709, 6715, 5647, 5644, 5650, 6708, 6707, 6709, 6709, 6706, 6710, 6707, 6705, 6709, 6705, 6706, 6709, 6705, 6704, 6706, 5744, 5743, 5746, 6707, 6702, 6705, 6702, 6703, 6705, 6703, 6704, 6705, 5646, 5650, 5649, 5650, 5646, 5647, 5650, 5644, 5652, 5652, 5642, 5656, 6702, 6651, 6703, 5649, 5650, 5651, 5651, 5650, 5652, 5741, 5744, 5742, 5651, 5652, 5655, 5655, 5652, 5656, 5560, 5658, 5656, 5740, 5739, 5744, 5658, 5560, 5659, 5655, 5656, 5657, 5657, 5656, 5658, 5659, 6725, 5658, 5739, 5743, 5744, 5741, 5740, 5744, 5740, 5741, 5736, 5733, 5739, 5740, 5736, 5731, 5734, 5735, 5731, 5736, 5731, 5735, 5578, 5692, 5537, 5691, 5692, 5691, 5694, 5695, 5692, 5694, 5691, 5542, 5696, 5734, 5730, 5733, 6747, 6745, 6748, 5694, 5691, 5696, 5694, 5696, 5697, 5695, 5694, 5700, 5694, 5697, 5702, 5700, 5694, 5702, 5700, 5701, 5695, 6703, 6650, 6704, 6703, 6649, 6650, 5702, 5703, 5700, 5700, 5704, 5705, 5701, 5700, 5705, 5704, 5700, 5703, 5705, 5704, 5707, 6651, 6649, 6703, 5707, 5704, 5706, 5704, 5703, 5708, 5706, 5704, 5708, 6651, 6648, 6649, 6649, 6647, 6650, 5707, 5706, 5711, 5708, 5714, 5706, 5706, 5714, 5710, 5711, 5706, 5710, 6649, 6646, 6647, 6648, 6646, 6649, 6646, 5604, 6647, 5714, 5717, 5710, 5711, 5710, 5716, 5710, 5717, 5715, 5716, 5710, 5715, 6648, 5605, 6646, 5716, 5715, 5720, 5717, 5718, 5715, 5715, 5718, 5719, 5720, 5715, 5719, 5719, 5718, 5723, 6646, 5603, 5604, 5605, 5603, 6646, 5720, 5719, 5725, 5719, 5723, 5724, 5725, 5719, 5724, 5725, 5724, 5728, 5724, 5723, 5726, 5728, 5724, 5727, 5727, 5724, 5834, 5834, 5724, 5726, 5728, 5727, 5836, 5731, 5573, 5730, 6747, 6748, 6862, 215, 214, 322, 121, 122, 124, 123, 121, 124, 122, 39, 135, 622, 619, 623, 623, 619, 621, 623, 621, 624, 124, 128, 123, 127, 123, 128, 124, 122, 132, 135, 39, 126, 622, 623, 676, 128, 124, 132, 127, 128, 131, 131, 128, 132, 132, 122, 135, 126, 39, 129, 623, 624, 677, 677, 624, 625, 676, 623, 677, 676, 677, 679, 677, 625, 680, 622, 618, 619, 618, 617, 619, 679, 677, 680, 617, 620, 619, 126, 133, 139, 132, 135, 131, 135, 126, 139, 617, 615, 620, 131, 135, 134, 134, 135, 138, 616, 617, 618, 138, 135, 139, 680, 625, 781, 582, 85, 87, 139, 133, 140, 87, 86, 88, 582, 81, 85, 140, 143, 139, 143, 140, 141, 138, 139, 142, 142, 139, 143, 143, 141, 144, 143, 144, 608, 85, 86, 87, 582, 5, 81, 85, 82, 86, 81, 82, 85, 81, 80, 82, 81, 79, 80, 680, 781, 679, 12, 5, 582, 7, 12, 582, 11, 7, 582, 81, 71, 79, 79, 77, 80, 79, 76, 77, 79, 73, 76, 71, 73, 79, 76, 74, 77, 73, 74, 76, 73, 72, 74, 5, 71, 81, 72, 73, 71, 71, 6, 72, 617, 610, 615, 617, 609, 610, 609, 617, 616, 610, 611, 615, 610, 607, 611, 609, 607, 610, 609, 606, 607, 607, 608, 611, 606, 143, 607, 143, 608, 607, 606, 142, 143, 601, 602, 692, 601, 691, 595, 684, 683, 697, 333, 330, 332, 684, 697, 687, 332, 336, 333, 45, 53, 68, 601, 599, 602, 67, 63, 223, 66, 63, 67, 65, 62, 63, 685, 684, 687, 687, 698, 688, 685, 687, 689, 601, 598, 599, 601, 594, 598, 598, 593, 599, 595, 594, 601, 594, 591, 598, 598, 592, 593, 591, 592, 598, 591, 590, 592, 592, 589, 593, 590, 588, 592, 588, 589, 592, 588, 587, 589, 180, 26, 179, 689, 687, 688, 686, 685, 689, 689, 688, 690, 180, 179, 183, 66, 65, 63, 64, 62, 65, 183, 179, 182, 590, 585, 588, 59, 65, 66, 59, 57, 65, 57, 56, 65, 56, 64, 65, 62, 218, 63, 58, 57, 59, 58, 55, 57, 55, 54, 57, 54, 56, 57, 68, 55, 58, 53, 55, 68, 179, 31, 184, 179, 184, 185, 182, 179, 185, 182, 185, 190, 182, 188, 189, 188, 182, 190, 183, 182, 189, 55, 52, 54, 53, 52, 55, 49, 47, 48, 190, 191, 188, 129, 47, 49, 188, 192, 193, 189, 188, 193, 332, 335, 336, 682, 595, 691, 691, 601, 692, 683, 682, 691, 691, 692, 693, 192, 188, 191, 193, 192, 195, 335, 334, 701, 331, 330, 333, 331, 328, 330, 329, 328, 331, 585, 586, 588, 195, 192, 194, 192, 191, 196, 194, 192, 196, 586, 587, 588, 683, 691, 693, 330, 322, 332, 693, 692, 694, 697, 683, 693, 697, 693, 694, 697, 694, 698, 698, 687, 697, 704, 707, 705, 701, 704, 702, 702, 704, 705, 702, 705, 706, 702, 706, 703, 707, 686, 708, 39, 47, 129, 39, 38, 47, 585, 582, 586, 586, 581, 587, 48, 41, 44, 47, 41, 48, 46, 41, 47, 38, 46, 47, 214, 334, 335, 44, 43, 45, 708, 686, 689, 41, 43, 44, 41, 40, 43, 690, 709, 708, 705, 707, 708, 705, 708, 709, 619, 620, 621, 708, 689, 690, 706, 705, 709, 335, 701, 702, 336, 335, 703, 703, 335, 702, 715, 716, 783, 43, 53, 45, 783, 716, 717, 717, 718, 787, 787, 718, 721, 787, 721, 720, 586, 580, 581, 582, 580, 586, 721, 718, 719, 580, 579, 581, 582, 578, 580, 580, 578, 579, 582, 87, 578, 195, 194, 199, 196, 202, 194, 194, 202, 198, 199, 194, 198, 578, 88, 579, 87, 88, 578, 422, 418, 421, 425, 422, 421, 421, 424, 425, 423, 420, 425, 720, 721, 722, 425, 415, 422, 420, 415, 425, 202, 205, 198, 199, 198, 204, 198, 205, 203, 204, 198, 203, 721, 719, 723, 204, 203, 208, 205, 206, 203, 203, 206, 207, 208, 203, 207, 207, 206, 211, 722, 721, 723, 208, 207, 213, 207, 211, 212, 213, 207, 212, 213, 212, 216, 212, 211, 214, 212, 214, 215, 216, 212, 215, 679, 781, 780, 216, 215, 323, 781, 625, 715, 780, 781, 782, 781, 715, 783, 782, 781, 783, 782, 787, 786, 787, 782, 783, 783, 717, 787, 787, 720, 786, 796, 793, 798, 790, 423, 792, 793, 790, 795, 43, 42, 53, 798, 793, 795, 791, 794, 795, 795, 790, 792, 795, 792, 791, 723, 719, 796, 796, 798, 723, 723, 798, 797, 42, 52, 53, 63, 218, 219, 219, 218, 222, 222, 218, 221, 223, 63, 219, 223, 219, 224, 224, 219, 222, 221, 227, 228, 222, 221, 228, 224, 222, 228, 228, 229, 224, 422, 419, 418, 229, 228, 232, 227, 231, 232, 228, 227, 232, 229, 232, 230, 232, 231, 234, 232, 234, 230, 797, 798, 794, 234, 231, 233, 234, 235, 230, 722, 723, 797, 798, 795, 794, 792, 423, 425, 419, 416, 418, 417, 416, 419, 40, 42, 43, 46, 40, 41, 121, 38, 39, 425, 424, 792, 422, 408, 419, 792, 424, 791, 16, 9, 32, 26, 31, 179, 415, 414, 422, 28, 26, 27, 234, 233, 238, 238, 233, 237, 235, 234, 238, 238, 241, 235, 238, 237, 242, 241, 238, 243, 243, 244, 241, 243, 238, 242, 243, 242, 247, 244, 243, 247, 247, 242, 245, 244, 247, 246, 247, 245, 252, 246, 247, 252, 252, 245, 251, 246, 252, 250, 26, 28, 31, 252, 251, 255, 250, 252, 253, 255, 251, 254, 252, 255, 406, 253, 252, 406, 255, 254, 408, 28, 30, 31, 29, 28, 27, 28, 20, 30, 20, 23, 30, 29, 21, 20, 20, 28, 29, 180, 27, 26, 23, 18, 22, 20, 18, 23, 21, 19, 18, 18, 20, 21, 22, 16, 32, 18, 16, 22, 19, 16, 18, 17, 16, 19, 332, 214, 335, 419, 410, 417, 413, 412, 417, 328, 329, 327, 414, 408, 422, 412, 416, 417, 328, 324, 330, 327, 326, 328, 326, 324, 328, 410, 413, 417, 6, 5, 13, 408, 410, 419, 12, 8, 13, 5, 12, 13, 327, 325, 326, 10, 8, 7, 413, 409, 412, 9, 7, 11, 9, 11, 32, 17, 10, 16, 10, 9, 16, 7, 9, 10, 8, 12, 7, 324, 322, 330, 410, 409, 413, 6, 71, 5, 325, 324, 326, 322, 214, 332, 325, 323, 324, 406, 255, 411, 411, 255, 414, 323, 322, 324, 414, 255, 408, 410, 407, 409, 408, 407, 410, 408, 254, 407, 323, 215, 322, 121, 39, 122, 8929, 8915, 8930, 8920, 8927, 8928, 9039, 9040, 9042, 9041, 9039, 9042, 9040, 8922, 8923, 9042, 9044, 9041, 9043, 9041, 9044, 9042, 9040, 9048, 9044, 9042, 9046, 9043, 9046, 9045, 9046, 9043, 9044, 9046, 9042, 9048, 9040, 8923, 9050, 9048, 9040, 9050, 9045, 9046, 9047, 9047, 9046, 9048, 9047, 9048, 9049, 8923, 9052, 9050, 9052, 8923, 9053, 9049, 9048, 9050, 9049, 9050, 9051, 9051, 9050, 9052, 9053, 10044, 9052, 9122, 8908, 9121, 9121, 8910, 9124, 9124, 9127, 9121, 9122, 9121, 9125, 9125, 9121, 9127, 9126, 9122, 9125, 9125, 9130, 9131, 9131, 9126, 9125, 9127, 9132, 9125, 9130, 9125, 9132, 9130, 9134, 9135, 9131, 9130, 9135, 9132, 9133, 9130, 9134, 9130, 9133, 9135, 9134, 9137, 9134, 9133, 9138, 9134, 9138, 9136, 9137, 9134, 9136, 9138, 9143, 9136, 9136, 9143, 9141, 9136, 9141, 9142, 9137, 9136, 9142, 9142, 9141, 9146, 9143, 9144, 9141, 9146, 9141, 9145, 9145, 9141, 9144, 9146, 9145, 9149, 9145, 9144, 9147, 9149, 9145, 9148, 9148, 9145, 9147, 9149, 9148, 9154, 9148, 9147, 9150, 9154, 9148, 9153, 9148, 9150, 9222, 9153, 9148, 9222, 9154, 9153, 9224, 9158, 8946, 9157, 9160, 8947, 9158, 9158, 9157, 9162, 9160, 9158, 9162, 9162, 9157, 9161, 8927, 8925, 8928, 9161, 9166, 9167, 9162, 9161, 9167, 9163, 9162, 9167, 9167, 9168, 9163, 9168, 9167, 9171, 8923, 8919, 8920, 9166, 9170, 9171, 9167, 9166, 9171, 8922, 8919, 8923, 8922, 8921, 8919, 9168, 9171, 9169, 9171, 9170, 9173, 9171, 9173, 9169, 9173, 9174, 9169, 9173, 9170, 9172, 9174, 9173, 9178, 9173, 9172, 9177, 9178, 9173, 9177, 9178, 9179, 9174, 9178, 9177, 9181, 9181, 9177, 9180, 9179, 9178, 9181, 9181, 9180, 9183, 9183, 9180, 9182, 9183, 9182, 9187, 9187, 9182, 9186, 9187, 9186, 9279, 9153, 9222, 9229, 9224, 9153, 9223, 9224, 9223, 9225, 9223, 9153, 9241, 9226, 9224, 9225, 9241, 9153, 9229, 9225, 9223, 9239, 9226, 9225, 9230, 9231, 9226, 9230, 9239, 9223, 9241, 9230, 9225, 9239, 9230, 9239, 9240, 9231, 9230, 9240, 9238, 9233, 9244, 9233, 9234, 9236, 9244, 9233, 9236, 9236, 9234, 9235, 9236, 9235, 10142, 9244, 9236, 9237, 9244, 9237, 9245, 9229, 9238, 9244, 9241, 9229, 9244, 9240, 9239, 9241, 9241, 9242, 9240, 9242, 9241, 9245, 9245, 9241, 9244, 9179, 9181, 10171, 10171, 9181, 9183, 10171, 9183, 9187, 9279, 9186, 9278, 8891, 8885, 8890, 9279, 9278, 9281, 9281, 9278, 9280, 8919, 8927, 8920, 8919, 8918, 8927, 8921, 8918, 8919, 9039, 8921, 8922, 8918, 8926, 8927, 9187, 9279, 9292, 9279, 9281, 9290, 9281, 9280, 9285, 9285, 9280, 9284, 9292, 9279, 9290, 9290, 9281, 9285, 9284, 9289, 9290, 9285, 9284, 9290, 10171, 9187, 9292, 10171, 9295, 9288, 9288, 9294, 9287, 10171, 9292, 9295, 9294, 9288, 9295, 9292, 9290, 9289, 9292, 9289, 9291, 9295, 9292, 9291, 9295, 9291, 9294, 8967, 8968, 9956, 8969, 8967, 9956, 9956, 8968, 9957, 9955, 8969, 9956, 9956, 9957, 9959, 9955, 9956, 9959, 9959, 9957, 9960, 9958, 9955, 9959, 9958, 9959, 9961, 9963, 9958, 9961, 9961, 9959, 9960, 9961, 9960, 9962, 9963, 9961, 10023, 10023, 9961, 9962, 10022, 9963, 10023, 10023, 9962, 10024, 10022, 10023, 10025, 10025, 10023, 10024, 10027, 10022, 10025, 10025, 10024, 10026, 10027, 10025, 10032, 10032, 10025, 10026, 10028, 10027, 10032, 10029, 10028, 10035, 10030, 10029, 10035, 10032, 10026, 10033, 10035, 10028, 10032, 10035, 10032, 10036, 10036, 10032, 10033, 10035, 10036, 10037, 10030, 10035, 10037, 10037, 10036, 10038, 10122, 10030, 10037, 10037, 10038, 10134, 8926, 8924, 8925, 10045, 9051, 9052, 9039, 8922, 9040, 10045, 9052, 10046, 10046, 10044, 10047, 10045, 10046, 10048, 10048, 10046, 10049, 10049, 10046, 10047, 10049, 10047, 10052, 8930, 8936, 8937, 8969, 8966, 8967, 8967, 8965, 8968, 8967, 8964, 8965, 8966, 8963, 8967, 8963, 8964, 8967, 8915, 8936, 8930, 8914, 8936, 8915, 8914, 8935, 8936, 10048, 10049, 10050, 10049, 10052, 10051, 10050, 10049, 10051, 10051, 10052, 10055, 10050, 10051, 10056, 8964, 8961, 8965, 8963, 8962, 8964, 10051, 10055, 10057, 8925, 8924, 8915, 10056, 10051, 10057, 10056, 10057, 10058, 8964, 8960, 8961, 8928, 8925, 8929, 8960, 8958, 8959, 8964, 8950, 8960, 10057, 10055, 10060, 10057, 10060, 10059, 10058, 10057, 10059, 10059, 10060, 10061, 10058, 10059, 10065, 10059, 10061, 10066, 10066, 10061, 10062, 10065, 10059, 10066, 10068, 10065, 10066, 10066, 10062, 10069, 10068, 10066, 10069, 10068, 10069, 10070, 10069, 10062, 10071, 8958, 8956, 8959, 10071, 10062, 10063, 10070, 10069, 10071, 10071, 10063, 10152, 10071, 10164, 10070, 10123, 10122, 10135, 8962, 8950, 8964, 10125, 10123, 10126, 10126, 10123, 10135, 9121, 8907, 8910, 8909, 8910, 8907, 8960, 8952, 8958, 8958, 8955, 8956, 8952, 8955, 8958, 8907, 8904, 8909, 8909, 8899, 8901, 10126, 10136, 10127, 10125, 10126, 10131, 10124, 10125, 10131, 10127, 10132, 10131, 8955, 8953, 8956, 8950, 8952, 8960, 10131, 10126, 10127, 10128, 10124, 10129, 10129, 10124, 10131, 10129, 10144, 10128, 10129, 10132, 10130, 10132, 10129, 10131, 10122, 10037, 10133, 10133, 10037, 10134, 10135, 10122, 10133, 10135, 10133, 10134, 10135, 10134, 10136, 8953, 8955, 8952, 8957, 8882, 8962, 8954, 8882, 8957, 8952, 8951, 8953, 10136, 10126, 10135, 10142, 10143, 10146, 10143, 10128, 10144, 10146, 10143, 10144, 8882, 8950, 8962, 10146, 10144, 10145, 10146, 10145, 10147, 9236, 10142, 10146, 9237, 9236, 10147, 8950, 8951, 8952, 10147, 9236, 10146, 8950, 8883, 8951, 10144, 10129, 10145, 10145, 10129, 10130, 10152, 10153, 10164, 10153, 10155, 10166, 10166, 10155, 10157, 10166, 10157, 10156, 10158, 10171, 10160, 10155, 10154, 10157, 10157, 10154, 10162, 10157, 10162, 10161, 10156, 10157, 10161, 10162, 10154, 10158, 10162, 10158, 10160, 10162, 10160, 10159, 10162, 10159, 10161, 10070, 10164, 10163, 10164, 10071, 10152, 8949, 8947, 9160, 8948, 8947, 8949, 8948, 8944, 8947, 8940, 8944, 8948, 8940, 8939, 8944, 8939, 8938, 8944, 8938, 8943, 8944, 8947, 8946, 9158, 8947, 8943, 8946, 10163, 10164, 10165, 10165, 10164, 10166, 8943, 8947, 8944, 10164, 10153, 10166, 10166, 10156, 10165, 10171, 9288, 10175, 10171, 10173, 10160, 10173, 10174, 10172, 10173, 10171, 10175, 10174, 10173, 10175, 9288, 9287, 10175, 10175, 9287, 10174, 8924, 8914, 8915, 10159, 10160, 10172, 10173, 10172, 10160, 8905, 8900, 8899, 8941, 8939, 8940, 8941, 8934, 8939, 8899, 8904, 8905, 8899, 8909, 8904, 8908, 8907, 9121, 8908, 8904, 8907, 8908, 8905, 8904, 8899, 8894, 8901, 8894, 8902, 8901, 8925, 8915, 8929, 8934, 8933, 8939, 8933, 8938, 8939, 8937, 8934, 8941, 8937, 8936, 8934, 8935, 8933, 8934, 8927, 8926, 8925, 8900, 8895, 8894, 8894, 8899, 8900, 8902, 8896, 8898, 8896, 8894, 8895, 8894, 8896, 8902, 8897, 8896, 8895, 8936, 8935, 8934, 8875, 8896, 8897, 8875, 8891, 8898, 8896, 8875, 8898, 8897, 8876, 8875, 8879, 8888, 8887, 8879, 8887, 8889, 8883, 8950, 8882, 8880, 8882, 8879, 8888, 8879, 8881, 8889, 8880, 8879, 8883, 8882, 8880, 8879, 8882, 8954, 8879, 8954, 8884, 8881, 8879, 8884, 8886, 8887, 8885, 8886, 8885, 8875, 8887, 8888, 8890, 8889, 8887, 8886, 8885, 8887, 8890, 8891, 8875, 8885, 8886, 8875, 8876, 9162, 9163, 9160, 8960, 8959, 8961, 9052, 10044, 10046, 3801, 3740, 3741, 3356, 3352, 3355, 3142, 3141, 3150, 3144, 3141, 3142, 3142, 3150, 3143, 3253, 3144, 3145, 3261, 3264, 3263, 3263, 3264, 3267, 3268, 3260, 3265, 3141, 3149, 3150, 3268, 3265, 3266, 3267, 3264, 3268, 3153, 3159, 3160, 3138, 3159, 3153, 3137, 3159, 3138, 3137, 3158, 3159, 3800, 3738, 3801, 3268, 3266, 3271, 3271, 3266, 3269, 3267, 3268, 3270, 3270, 3268, 3271, 3271, 3269, 3272, 3271, 3272, 3709, 3264, 3260, 3268, 3262, 3264, 3261, 3832, 3830, 3831, 3832, 3831, 3833, 3454, 3828, 3832, 3455, 3454, 3833, 3833, 3454, 3832, 3830, 3816, 3817, 3831, 3830, 3817, 3898, 3742, 3838, 3898, 3838, 3839, 3839, 3841, 3900, 3900, 3841, 3843, 3900, 3843, 3842, 3844, 3906, 3846, 3841, 3840, 3843, 3843, 3840, 3848, 3843, 3848, 3847, 3130, 3133, 3346, 3130, 3132, 3133, 3130, 3127, 3132, 3132, 3122, 3124, 3128, 3123, 3122, 3122, 3127, 3128, 3122, 3132, 3127, 3131, 3130, 3344, 3842, 3843, 3847, 3131, 3127, 3130, 3848, 3840, 3844, 3131, 3128, 3127, 3848, 3844, 3846, 3848, 3846, 3845, 3122, 3117, 3124, 3117, 3125, 3124, 3123, 3118, 3117, 3117, 3122, 3123, 3125, 3119, 3121, 3119, 3117, 3118, 3117, 3119, 3125, 3120, 3119, 3118, 3375, 3372, 3444, 3445, 3375, 3444, 3445, 3444, 3446, 3447, 3445, 3446, 3444, 3372, 3461, 3848, 3845, 3847, 3897, 3806, 3898, 3898, 3900, 3897, 3446, 3444, 3458, 3447, 3446, 3450, 3451, 3447, 3450, 3446, 3458, 3456, 3114, 3109, 3113, 3110, 3101, 3102, 3114, 3101, 3109, 3109, 3111, 3113, 3112, 3111, 3110, 3110, 3109, 3101, 3110, 3111, 3109, 3450, 3446, 3456, 3108, 3107, 3106, 3112, 3106, 3105, 3106, 3107, 3105, 3451, 3450, 3456, 3108, 3173, 3107, 3456, 3457, 3451, 3897, 3900, 3899, 3105, 3111, 3112, 3898, 3839, 3900, 3461, 3372, 3454, 3900, 3842, 3899, 3372, 3453, 3454, 3454, 3453, 3828, 3461, 3454, 3455, 3461, 3455, 3462, 3458, 3444, 3461, 3120, 3102, 3101, 3119, 3101, 3121, 3101, 3114, 3121, 3101, 3119, 3120, 3457, 3456, 3459, 3459, 3456, 3458, 3459, 3458, 3462, 3906, 3905, 3908, 3145, 3144, 3142, 3145, 3142, 3257, 3906, 3908, 3846, 3908, 3909, 3907, 3909, 3908, 3910, 3908, 3905, 3910, 3823, 3813, 3822, 3822, 3821, 3823, 3462, 3458, 3461, 3803, 3800, 3801, 3801, 3741, 3804, 3803, 3801, 3804, 3804, 3741, 3806, 3822, 3820, 3821, 3822, 3809, 3820, 3407, 3403, 3406, 3820, 3703, 3821, 3809, 3702, 3820, 3257, 3142, 3146, 3146, 3142, 3143, 3404, 3403, 3407, 3149, 3147, 3148, 3819, 3816, 3818, 3148, 3147, 3138, 3148, 3138, 3152, 3150, 3149, 3148, 3150, 3148, 3151, 3151, 3148, 3152, 3147, 3137, 3138, 3152, 3138, 3153, 3143, 3150, 3151, 3402, 3404, 3407, 3402, 3407, 3405, 3401, 3404, 3402, 3832, 3829, 3830, 3816, 3819, 3817, 3816, 3830, 3815, 3401, 3400, 3404, 3816, 3811, 3818, 3815, 3811, 3816, 3404, 3399, 3403, 3400, 3399, 3404, 3400, 3401, 3396, 3159, 3158, 3157, 3158, 3156, 3157, 3160, 3159, 3157, 3160, 3157, 3164, 3156, 3161, 3162, 3157, 3156, 3162, 3164, 3157, 3162, 3164, 3162, 3163, 3400, 3395, 3399, 3818, 3813, 3814, 3166, 3169, 3167, 3395, 3394, 3399, 3407, 3406, 3412, 3167, 3169, 3170, 3170, 3169, 3380, 3162, 3161, 3166, 3163, 3162, 3167, 3167, 3162, 3166, 3163, 3167, 3171, 3171, 3167, 3172, 3172, 3167, 3170, 3172, 3170, 3382, 3396, 3395, 3400, 3395, 3392, 3394, 3405, 3407, 3408, 3395, 3396, 3391, 3393, 3395, 3391, 3393, 3392, 3395, 3412, 3406, 3411, 3408, 3407, 3498, 3390, 3393, 3391, 3389, 3388, 3393, 3388, 3392, 3393, 3690, 3688, 3689, 3498, 3407, 3412, 3389, 3390, 3385, 3173, 3108, 3174, 3174, 3175, 3173, 3107, 3173, 3181, 3175, 3174, 3176, 3173, 3175, 3179, 3175, 3176, 3177, 3177, 3176, 3178, 3814, 3819, 3818, 3261, 3259, 3262, 3262, 3254, 3264, 3258, 3259, 3261, 3905, 3511, 3910, 3259, 3256, 3262, 3513, 3512, 3910, 3179, 3175, 3177, 3181, 3173, 3179, 3179, 3177, 3178, 3179, 3178, 3180, 3105, 3107, 3679, 3105, 3679, 3111, 3111, 3679, 3113, 3258, 3255, 3259, 3264, 3145, 3260, 3256, 3254, 3262, 3181, 3179, 3180, 3910, 3511, 3513, 3910, 3512, 3909, 3256, 3259, 3255, 3845, 3846, 3907, 3811, 3812, 3818, 3385, 3384, 3389, 3145, 3257, 3260, 3254, 3145, 3264, 3181, 3180, 3182, 3255, 3253, 3256, 3181, 3182, 3183, 3679, 3107, 3181, 3384, 3383, 3389, 3183, 3182, 3184, 3383, 3388, 3389, 3183, 3184, 3185, 3185, 3184, 3186, 3253, 3254, 3256, 3679, 3181, 3183, 3679, 3183, 3185, 3253, 3145, 3254, 3812, 3813, 3818, 3498, 3412, 3505, 3908, 3907, 3846, 3500, 3411, 3499, 3500, 3499, 3502, 3502, 3499, 3501, 3412, 3500, 3514, 3505, 3412, 3514, 3500, 3502, 3518, 3502, 3501, 3507, 3829, 3815, 3830, 3507, 3501, 3506, 3514, 3500, 3521, 3518, 3502, 3516, 3384, 3385, 3382, 3384, 3379, 3383, 3382, 3380, 3384, 3380, 3379, 3384, 3382, 3170, 3380, 3380, 3169, 3379, 3412, 3411, 3500, 3376, 3375, 3445, 3516, 3502, 3507, 3506, 3515, 3516, 3375, 3370, 3372, 3376, 3370, 3375, 3370, 3369, 3372, 3804, 3806, 3803, 3371, 3370, 3376, 3507, 3506, 3516, 3738, 3740, 3801, 3737, 3738, 3800, 3370, 3367, 3369, 3738, 3739, 3740, 3737, 3736, 3738, 3371, 3367, 3370, 3736, 3739, 3738, 3736, 3734, 3739, 3509, 3514, 3521, 3510, 3509, 3513, 3513, 3509, 3521, 3511, 3510, 3513, 3513, 3520, 3512, 3520, 3513, 3521, 3367, 3366, 3369, 3368, 3367, 3371, 3735, 3736, 3737, 3521, 3500, 3518, 3735, 3716, 3736, 3518, 3516, 3515, 3367, 3363, 3366, 3368, 3363, 3367, 3365, 3366, 3363, 3803, 3806, 3805, 3364, 3363, 3368, 3518, 3515, 3517, 3521, 3518, 3517, 3359, 3358, 3364, 3358, 3363, 3364, 3716, 3734, 3736, 3715, 3716, 3735, 3716, 3717, 3734, 3716, 3714, 3717, 3715, 3713, 3716, 3714, 3716, 3713, 3521, 3517, 3520, 3813, 3823, 3814, 3813, 3810, 3822, 3812, 3810, 3813, 3810, 3809, 3822, 3806, 3742, 3898, 3714, 3712, 3717, 3185, 3186, 3677, 3677, 3186, 3678, 3714, 3711, 3712, 3713, 3711, 3714, 3679, 3185, 3677, 3710, 3711, 3713, 3711, 3709, 3712, 3710, 3271, 3711, 3677, 3678, 3680, 3680, 3678, 3681, 3679, 3677, 3680, 3679, 3680, 3682, 3684, 3679, 3682, 3682, 3680, 3681, 3358, 3365, 3363, 3682, 3681, 3683, 3271, 3709, 3711, 3710, 3270, 3271, 3702, 3703, 3820, 3809, 3695, 3702, 3702, 3700, 3703, 3695, 3694, 3702, 3700, 3701, 3703, 3828, 3829, 3832, 3344, 3130, 3343, 3343, 3130, 3346, 3346, 3349, 3343, 3344, 3343, 3348, 3348, 3343, 3347, 3347, 3343, 3349, 3700, 3702, 3694, 3700, 3698, 3701, 3700, 3697, 3698, 3360, 3365, 3358, 3684, 3682, 3688, 3688, 3682, 3683, 3805, 3806, 3897, 3347, 3352, 3353, 3353, 3348, 3347, 3349, 3354, 3347, 3700, 3693, 3697, 3697, 3691, 3698, 3694, 3693, 3700, 3352, 3347, 3354, 3352, 3356, 3357, 3693, 3692, 3697, 3697, 3690, 3691, 3359, 3356, 3358, 3356, 3360, 3358, 3356, 3355, 3360, 3357, 3356, 3359, 3692, 3690, 3697, 3690, 3689, 3691, 3692, 3687, 3690, 3687, 3684, 3688, 3688, 3683, 3689, 3353, 3352, 3357, 3354, 3355, 3352, 3806, 3741, 3742, 3687, 3688, 3690, 3390, 3389, 3393, 6853, 5901, 5902, 5659, 5559, 6725, 6853, 5903, 5904, 6853, 5902, 5903, 5904, 5905, 6854, 6854, 5736, 6855, 6854, 5905, 5906, 6854, 5906, 5907, 6854, 5907, 5908, 5888, 5887, 6854, 6853, 5904, 6854, 6741, 5900, 6853, 5878, 5736, 5879, 5864, 5736, 5878, 5863, 5736, 5864, 5862, 5736, 5863, 5861, 5735, 5862, 5889, 5888, 6854, 5860, 5735, 5861, 5876, 5892, 6854, 5891, 5889, 6854, 5890, 5891, 6854, 5892, 5890, 6854, 5909, 5876, 6854, 6854, 5908, 5909, 6855, 5741, 6856, 5742, 5747, 6857, 5741, 5742, 6856, 6856, 5742, 6857, 6857, 5747, 6877, 6877, 5747, 5753, 5753, 5756, 6874, 5859, 5735, 5860, 5858, 5735, 5859, 5857, 5578, 5858, 5855, 5578, 5857, 5735, 5736, 5862, 5578, 5735, 5858, 5879, 5736, 5880, 5880, 5736, 5881, 5881, 5736, 5886, 5886, 5736, 5887, 6741, 5679, 5688, 6877, 5753, 6874, 5887, 5736, 6854, 6741, 5678, 5679, 6741, 5677, 5678, 6741, 5676, 5677, 6741, 5675, 5676, 6741, 5674, 5675, 6741, 5672, 5674, 6740, 5577, 6741, 6737, 5570, 6740, 6736, 5569, 6737, 6731, 5579, 6736, 6728, 5556, 6731, 5578, 5660, 5665, 5578, 5665, 5662, 5578, 5856, 5661, 5856, 5578, 5854, 5854, 5578, 5855, 5660, 5578, 5661, 6741, 5578, 5672, 5559, 5555, 6725, 5555, 5556, 6728, 5560, 5559, 5659, 5900, 5901, 6853, 5736, 5741, 6855, 5578, 5673, 5672, 5664, 5578, 5663, 5578, 5662, 5663, 5578, 5664, 5673, 5577, 5578, 6741, 5570, 5577, 6740, 5569, 5570, 6737, 5556, 5579, 6731, 5579, 5569, 6736, 6725, 5555, 6728, 6741, 5688, 5900, 683, 296, 297, 334, 211, 701, 704, 205, 707, 707, 202, 686, 214, 211, 334, 211, 206, 701, 206, 205, 704, 96, 31, 95, 31, 96, 269, 32, 11, 582, 205, 202, 707, 686, 196, 685, 685, 191, 684, 684, 190, 683, 31, 100, 95, 321, 320, 683, 315, 314, 595, 682, 316, 595, 316, 315, 595, 683, 320, 682, 22, 32, 585, 23, 22, 590, 30, 23, 591, 31, 30, 594, 31, 110, 99, 97, 31, 98, 98, 31, 99, 110, 31, 109, 683, 279, 321, 683, 299, 301, 300, 299, 683, 683, 298, 300, 301, 279, 683, 683, 185, 296, 191, 190, 684, 196, 191, 685, 683, 297, 298, 184, 31, 269, 185, 184, 271, 184, 269, 267, 100, 31, 97, 202, 196, 686, 184, 267, 268, 184, 268, 270, 317, 316, 682, 319, 318, 682, 109, 31, 595, 585, 32, 582, 271, 184, 270, 185, 271, 272, 185, 272, 273, 590, 22, 585, 591, 23, 590, 594, 30, 591, 595, 31, 594, 111, 109, 595, 112, 111, 595, 185, 273, 274, 318, 317, 682, 185, 274, 275, 185, 275, 276, 185, 276, 277, 185, 277, 284, 185, 284, 285, 701, 206, 704, 185, 285, 286, 320, 319, 682, 185, 286, 287, 185, 287, 295, 185, 295, 296, 113, 112, 595, 114, 113, 595, 190, 185, 683, 313, 595, 314, 312, 595, 313, 312, 118, 595, 118, 116, 595, 116, 115, 595, 115, 114, 595, 10062, 9065, 9066, 9260, 9160, 9261, 8923, 8920, 9053, 9252, 9160, 9253, 10062, 9068, 9098, 10062, 9098, 9100, 10062, 9064, 9065, 10062, 9100, 9101, 10062, 9063, 9064, 8920, 8928, 10044, 8928, 8929, 10047, 8929, 8930, 10052, 9053, 8920, 10044, 10044, 8928, 10047, 9101, 9102, 10063, 10061, 8940, 10062, 10060, 8941, 10061, 10047, 8929, 10052, 10052, 8930, 10055, 10055, 8937, 10060, 9250, 9160, 9251, 9249, 9160, 9250, 10055, 8930, 8937, 9248, 9160, 9249, 10158, 9174, 10171, 10154, 9169, 10158, 10155, 9168, 10154, 9276, 9265, 10152, 8937, 8941, 10060, 9081, 8948, 9082, 10062, 8948, 9063, 9086, 9160, 9248, 8948, 9062, 9063, 10063, 9102, 9103, 10063, 9103, 9104, 10063, 9104, 9105, 9105, 9106, 10152, 10152, 9106, 9107, 10062, 9066, 9067, 9082, 8949, 9083, 10062, 9067, 9068, 9109, 9108, 10152, 10152, 9107, 9109, 9265, 9264, 10152, 9264, 9267, 10152, 9267, 9266, 10152, 9266, 9263, 10152, 8948, 9057, 9062, 8948, 9056, 9057, 8948, 9055, 9056, 8940, 8948, 10062, 8941, 8940, 10061, 10062, 9101, 10063, 10063, 9105, 10152, 9085, 8949, 9086, 9084, 8949, 9085, 9083, 8949, 9084, 8948, 8949, 9082, 8949, 9160, 9086, 8948, 9078, 9076, 8948, 9054, 9055, 9054, 8948, 9077, 9251, 9160, 9252, 9263, 9262, 10152, 9262, 9261, 10152, 9253, 9160, 9260, 9080, 8948, 9081, 9079, 8948, 9080, 9078, 8948, 9079, 9077, 8948, 9076, 10153, 9163, 10155, 10152, 9160, 10153, 9174, 9179, 10171, 9169, 9174, 10158, 9168, 9169, 10154, 9261, 9160, 10152, 9163, 9168, 10155, 9160, 9163, 10153, 10152, 9108, 9276, 3684, 3114, 3679, 3346, 3226, 3227, 3251, 3252, 3695, 3809, 3438, 3439, 3250, 3249, 3695, 3249, 3248, 3695, 3252, 3250, 3695, 3248, 3247, 3694, 3247, 3246, 3694, 3443, 3251, 3809, 3121, 3114, 3684, 3114, 3113, 3679, 3809, 3439, 3443, 3810, 3349, 3809, 3811, 3355, 3812, 3815, 3360, 3811, 3365, 3815, 3829, 3366, 3365, 3829, 3246, 3245, 3694, 3245, 3244, 3694, 3244, 3243, 3694, 3193, 3132, 3194, 3194, 3132, 3202, 3202, 3132, 3203, 3346, 3423, 3424, 3346, 3424, 3425, 3346, 3425, 3434, 3243, 3232, 3694, 3232, 3208, 3694, 3208, 3207, 3694, 3812, 3354, 3810, 3207, 3206, 3694, 3365, 3360, 3815, 3360, 3355, 3811, 3355, 3354, 3812, 3809, 3346, 3435, 3346, 3422, 3423, 3346, 3421, 3422, 3346, 3420, 3421, 3346, 3230, 3420, 3346, 3229, 3230, 3346, 3228, 3229, 3206, 3205, 3694, 3205, 3204, 3694, 3346, 3434, 3435, 3369, 3366, 3828, 3372, 3369, 3453, 3204, 3203, 3694, 3809, 3251, 3695, 3349, 3346, 3809, 3203, 3132, 3694, 3354, 3349, 3810, 3695, 3248, 3694, 3133, 3132, 3222, 3346, 3133, 3226, 3828, 3366, 3829, 3453, 3369, 3828, 3222, 3132, 3220, 3132, 3192, 3191, 3132, 3191, 3221, 3220, 3132, 3221, 3133, 3222, 3223, 3133, 3223, 3224, 3125, 3121, 3687, 3124, 3125, 3692, 3133, 3224, 3225, 3226, 3133, 3225, 3809, 3435, 3436, 3809, 3436, 3437, 3687, 3121, 3684, 3132, 3124, 3693, 3694, 3132, 3693, 3809, 3437, 3440, 3346, 3227, 3228, 3693, 3124, 3692, 3692, 3125, 3687, 3192, 3132, 3193, 3809, 3440, 3441, 3441, 3438, 3809, 5624, 5542, 5625, 5519, 5523, 6648, 5627, 5542, 5624, 5590, 5587, 5601, 5625, 5542, 5626, 5542, 5629, 5626, 5542, 5541, 6712, 5541, 5534, 6711, 5534, 5533, 6708, 5543, 5520, 6702, 5533, 5543, 6707, 5628, 5542, 6712, 5696, 5542, 5794, 5697, 5696, 5798, 5542, 5791, 5793, 5523, 5524, 5605, 5601, 5587, 5594, 5794, 5542, 5793, 6702, 5520, 6651, 6707, 5543, 6702, 6708, 5533, 6707, 5848, 5723, 5851, 5851, 5718, 6839, 6839, 5717, 6842, 6842, 5714, 6845, 6711, 5534, 6708, 5842, 5834, 5843, 5843, 5726, 5848, 5839, 5834, 5842, 5834, 5726, 5843, 5542, 5627, 5622, 5696, 5794, 5795, 5726, 5723, 5848, 5795, 5796, 5696, 6712, 5541, 6711, 5630, 5628, 6712, 5723, 5718, 5851, 5718, 5717, 6839, 5717, 5714, 6842, 5714, 5708, 6845, 5708, 6810, 6845, 6810, 5703, 6809, 6809, 5702, 6808, 5631, 5630, 6712, 5632, 5631, 6712, 5633, 5632, 6712, 5634, 5633, 6712, 5635, 5634, 6712, 5697, 5803, 5804, 5697, 5804, 5805, 5697, 5805, 5806, 5697, 5806, 5807, 5702, 5697, 6808, 5629, 5542, 5628, 5638, 5635, 6712, 5824, 5638, 6712, 6651, 5519, 6648, 6648, 5523, 5605, 5833, 5832, 6807, 6807, 5801, 5833, 6807, 5810, 5812, 5811, 5810, 6807, 6807, 5809, 5811, 5812, 5801, 6807, 6807, 5808, 5809, 6807, 5807, 5808, 5832, 5831, 6807, 5605, 5524, 5602, 5602, 5590, 5601, 5831, 5830, 6807, 5830, 5829, 6807, 5829, 5828, 6807, 5828, 5827, 6806, 5827, 5826, 6806, 5826, 5825, 6806, 5825, 5824, 6806, 5697, 5807, 6807, 5703, 5702, 6809, 5708, 5703, 6810, 6808, 5697, 6807, 5796, 5797, 5696, 6806, 5824, 6712, 6807, 5828, 6806, 5798, 5696, 5797, 5697, 5798, 5799, 5697, 5799, 5800, 5697, 5800, 5802, 5697, 5802, 5803, 5623, 5542, 5622, 5542, 5790, 5791, 5542, 5792, 5790, 5542, 5623, 5792, 5524, 5590, 5602, 5520, 5519, 6651, 68, 58, 615, 608, 45, 611, 144, 44, 608, 141, 48, 144, 718, 235, 719, 717, 230, 718, 716, 229, 717, 394, 716, 393, 715, 393, 716, 625, 389, 715, 140, 49, 141, 394, 348, 716, 359, 357, 716, 358, 716, 357, 358, 356, 716, 359, 716, 348, 356, 355, 716, 355, 354, 716, 715, 390, 391, 715, 392, 393, 58, 59, 620, 59, 66, 621, 66, 67, 624, 67, 149, 152, 67, 147, 148, 149, 67, 148, 67, 145, 150, 67, 152, 151, 67, 151, 625, 415, 411, 414, 406, 411, 415, 253, 406, 420, 250, 253, 423, 246, 250, 790, 244, 246, 793, 241, 244, 796, 625, 386, 387, 625, 385, 386, 625, 175, 385, 625, 158, 175, 625, 157, 158, 625, 156, 157, 625, 155, 156, 625, 154, 155, 625, 153, 154, 625, 151, 153, 223, 224, 341, 624, 67, 625, 67, 150, 147, 337, 223, 338, 621, 66, 624, 620, 59, 621, 615, 58, 620, 611, 68, 615, 338, 223, 340, 340, 223, 341, 341, 224, 342, 342, 224, 343, 343, 224, 344, 344, 224, 345, 345, 224, 346, 346, 224, 347, 347, 224, 349, 391, 392, 715, 390, 715, 389, 625, 388, 389, 625, 387, 388, 349, 224, 350, 420, 406, 415, 423, 253, 420, 350, 224, 351, 67, 339, 146, 145, 67, 146, 351, 224, 352, 352, 224, 353, 353, 224, 354, 224, 229, 716, 354, 224, 716, 133, 129, 140, 126, 129, 133, 129, 49, 140, 793, 246, 790, 44, 45, 608, 49, 48, 141, 235, 241, 719, 48, 44, 144, 230, 235, 718, 229, 230, 717, 339, 223, 337, 790, 250, 423, 796, 244, 793, 719, 241, 796, 339, 67, 223, 611, 45, 68, 10123, 9124, 10122, 10124, 9132, 10125, 9124, 9016, 9205, 9016, 8910, 9015, 9014, 9015, 8910, 9013, 9014, 8910, 8910, 9012, 9013, 9012, 8909, 9011, 8909, 9010, 9011, 8909, 9009, 9010, 8909, 9008, 9009, 8891, 9963, 10022, 9006, 8909, 9007, 9124, 9205, 9206, 9963, 8890, 9958, 9958, 8888, 9955, 9955, 8881, 8969, 8909, 8995, 9007, 9124, 9206, 9207, 9124, 9207, 9208, 9143, 9138, 10143, 9234, 9147, 9235, 8884, 8954, 8966, 8954, 8957, 8963, 8881, 8884, 8969, 8963, 8957, 8962, 8888, 8881, 9955, 8890, 8888, 9958, 9235, 9144, 10142, 10142, 9143, 10143, 8969, 8884, 8966, 10027, 8898, 10022, 9238, 9222, 9233, 9233, 9150, 9234, 9229, 9222, 9238, 9036, 9035, 10122, 9035, 9034, 10122, 9034, 9033, 10030, 9033, 9032, 10030, 9032, 9031, 10030, 9031, 9030, 10030, 9030, 9029, 10029, 9029, 9017, 10029, 9017, 9005, 10029, 9005, 9004, 10029, 9004, 9003, 10029, 9003, 9002, 10029, 9002, 9001, 10029, 9001, 9000, 10029, 10029, 8901, 10028, 8909, 8996, 8995, 10028, 8902, 10027, 9222, 9150, 9233, 9150, 9147, 9234, 9147, 9144, 9235, 9144, 9143, 10142, 9000, 8909, 10029, 8898, 8891, 10022, 8902, 8898, 10027, 8909, 9006, 9008, 8910, 9016, 9124, 8891, 8890, 9963, 8901, 8902, 10028, 10143, 9138, 10128, 10128, 9133, 10124, 8909, 8901, 10029, 9221, 9037, 10122, 9037, 9038, 10122, 9038, 9036, 10122, 8996, 8909, 8997, 10122, 9215, 9216, 8997, 8909, 8998, 8910, 8909, 9012, 9218, 9215, 10122, 8998, 8909, 8999, 10122, 9217, 9218, 10122, 9214, 9217, 8999, 8909, 9000, 10122, 9213, 9214, 10122, 9212, 9213, 10125, 9127, 10123, 9124, 9208, 9209, 9124, 9209, 9210, 9124, 9210, 9211, 9124, 9211, 9212, 9127, 9124, 10123, 9132, 9127, 10125, 8966, 8954, 8963, 9124, 9212, 10122, 9133, 9132, 10124, 9138, 9133, 10128, 10122, 9216, 9221, 10030, 9030, 10029, 10122, 9034, 10030, 3742, 3329, 3838, 3152, 3153, 3712, 3468, 3382, 3469, 3469, 3382, 3470, 3470, 3382, 3471, 3471, 3382, 3472, 3382, 3385, 3838, 3385, 3390, 3839, 3472, 3382, 3838, 3390, 3391, 3841, 3391, 3396, 3840, 3396, 3401, 3844, 3171, 3172, 3286, 3467, 3382, 3468, 3466, 3382, 3467, 3465, 3382, 3466, 3382, 3465, 3294, 3294, 3293, 3382, 3293, 3292, 3382, 3172, 3382, 3290, 3171, 3286, 3284, 3171, 3273, 3274, 3273, 3171, 3285, 3285, 3171, 3284, 3286, 3172, 3287, 3287, 3172, 3288, 3269, 3143, 3272, 3288, 3172, 3289, 3289, 3172, 3290, 3290, 3382, 3291, 3291, 3382, 3292, 3741, 3326, 3742, 3330, 3329, 3742, 3742, 3327, 3328, 3327, 3742, 3326, 3328, 3330, 3742, 3741, 3325, 3326, 3741, 3324, 3325, 3741, 3323, 3324, 3272, 3151, 3709, 3709, 3152, 3712, 3741, 3322, 3323, 3712, 3153, 3717, 3160, 3164, 3734, 3741, 3321, 3322, 3164, 3163, 3739, 3163, 3171, 3740, 3171, 3274, 3275, 3171, 3275, 3276, 3171, 3276, 3277, 3741, 3295, 3321, 3741, 3283, 3295, 3741, 3282, 3283, 3741, 3281, 3282, 3741, 3280, 3281, 3741, 3279, 3280, 3741, 3278, 3279, 3740, 3171, 3741, 3739, 3163, 3740, 3734, 3164, 3739, 3717, 3160, 3734, 3510, 3498, 3509, 3511, 3408, 3510, 3905, 3405, 3511, 3906, 3402, 3905, 3509, 3505, 3514, 3498, 3505, 3509, 3408, 3498, 3510, 3405, 3408, 3511, 3402, 3405, 3905, 3906, 3401, 3402, 3171, 3277, 3278, 3171, 3278, 3741, 3146, 3143, 3269, 3260, 3257, 3265, 3257, 3146, 3266, 3265, 3257, 3266, 3844, 3401, 3906, 3840, 3396, 3844, 3841, 3391, 3840, 3838, 3385, 3839, 3495, 3476, 3838, 3495, 3838, 3329, 3476, 3475, 3838, 3478, 3838, 3475, 3839, 3390, 3841, 3478, 3477, 3838, 3477, 3474, 3838, 3474, 3473, 3838, 3473, 3472, 3838, 3266, 3146, 3269, 3143, 3151, 3272, 3151, 3152, 3709, 3153, 3160, 3717, 5916, 5905, 5915, 5863, 5864, 5874, 5877, 5875, 5899, 5883, 5884, 5898, 5882, 5883, 5897, 5875, 5882, 5899, 5885, 5886, 5893, 5884, 5881, 5885, 5883, 5880, 5884, 5882, 5879, 5883, 5881, 5886, 5885, 5881, 5884, 5880, 5880, 5883, 5879, 5882, 5878, 5879, 5875, 5878, 5882, 5875, 5864, 5878, 5919, 5877, 5909, 5916, 5871, 5917, 5915, 5870, 5916, 5876, 5909, 5877, 5919, 5909, 5908, 5919, 5874, 5877, 5918, 5907, 5917, 5889, 5895, 5888, 5889, 5891, 5896, 5893, 5887, 5894, 5898, 5884, 5896, 5897, 5883, 5898, 5892, 5897, 5890, 5890, 5898, 5891, 5876, 5899, 5892, 5896, 5891, 5898, 5910, 5688, 5689, 5688, 5910, 5900, 5918, 5873, 5919, 5917, 5872, 5918, 5914, 5869, 5915, 5913, 5868, 5914, 5689, 5679, 5687, 5687, 5678, 5686, 5686, 5677, 5685, 5685, 5676, 5684, 5898, 5890, 5897, 5899, 5897, 5892, 5899, 5876, 5877, 5900, 5911, 5901, 5901, 5912, 5902, 5902, 5913, 5903, 5903, 5914, 5904, 5904, 5915, 5905, 5679, 5689, 5688, 5912, 5866, 5913, 5911, 5865, 5912, 5910, 5867, 5911, 5874, 5875, 5877, 5873, 5874, 5919, 5872, 5873, 5918, 5871, 5872, 5917, 5870, 5871, 5916, 5874, 5864, 5875, 5873, 5863, 5874, 5872, 5862, 5873, 5871, 5861, 5872, 5678, 5687, 5679, 5677, 5686, 5678, 5676, 5685, 5677, 5675, 5684, 5676, 5689, 5667, 5910, 5687, 5666, 5689, 5686, 5671, 5687, 5685, 5668, 5686, 5863, 5873, 5862, 5683, 5670, 5684, 5682, 5681, 5683, 5675, 5683, 5684, 5870, 5860, 5871, 5683, 5674, 5682, 5682, 5680, 5681, 5681, 5670, 5683, 5884, 5885, 5896, 5669, 5668, 5685, 5911, 5900, 5910, 5888, 5894, 5887, 5893, 5886, 5887, 5912, 5901, 5911, 5913, 5902, 5912, 5670, 5669, 5684, 5682, 5672, 5680, 5680, 5673, 5681, 5674, 5683, 5675, 5672, 5682, 5674, 5672, 5673, 5680, 5667, 5867, 5910, 5666, 5667, 5689, 5671, 5666, 5687, 5668, 5671, 5686, 5668, 5665, 5671, 5681, 5664, 5670, 5670, 5663, 5669, 5669, 5662, 5668, 5662, 5665, 5668, 5673, 5664, 5681, 5664, 5663, 5670, 5663, 5662, 5669, 5667, 5856, 5867, 5666, 5661, 5667, 5671, 5660, 5666, 5660, 5661, 5666, 5661, 5856, 5667, 5665, 5660, 5671, 5885, 5893, 5895, 5895, 5893, 5894, 5914, 5903, 5913, 5915, 5904, 5914, 5905, 5916, 5906, 5906, 5917, 5907, 5907, 5918, 5908, 5917, 5906, 5916, 5919, 5908, 5918, 5896, 5885, 5895, 5894, 5888, 5895, 5895, 5889, 5896, 5899, 5882, 5897, 5856, 5854, 5867, 5855, 5865, 5854, 5858, 5868, 5857, 5855, 5857, 5866, 5859, 5869, 5858, 5867, 5854, 5865, 5865, 5855, 5866, 5866, 5857, 5868, 5868, 5858, 5869, 5869, 5859, 5870, 5867, 5865, 5911, 5865, 5866, 5912, 5866, 5868, 5913, 5868, 5869, 5914, 5869, 5870, 5915, 5870, 5859, 5860, 5861, 5871, 5860, 5862, 5872, 5861, 5684, 5669, 5685, 295, 287, 288, 294, 278, 301, 282, 285, 281, 284, 280, 281, 284, 277, 280, 277, 266, 280, 305, 304, 315, 304, 303, 314, 303, 302, 313, 294, 299, 292, 301, 278, 279, 299, 294, 301, 300, 292, 299, 293, 292, 300, 279, 311, 321, 278, 311, 279, 297, 291, 298, 296, 290, 297, 296, 295, 289, 291, 293, 298, 291, 297, 290, 291, 283, 293, 306, 305, 316, 310, 264, 309, 309, 263, 308, 307, 306, 317, 313, 302, 312, 308, 262, 307, 314, 303, 313, 315, 304, 314, 316, 305, 315, 266, 311, 278, 317, 306, 316, 311, 265, 310, 272, 261, 262, 261, 260, 306, 260, 259, 305, 259, 257, 304, 257, 256, 303, 256, 258, 302, 272, 271, 261, 271, 270, 260, 270, 268, 259, 268, 267, 257, 269, 256, 267, 261, 271, 260, 259, 268, 257, 260, 270, 259, 307, 261, 306, 306, 260, 305, 305, 259, 304, 257, 267, 256, 269, 258, 256, 304, 257, 303, 303, 256, 302, 280, 266, 278, 266, 265, 311, 265, 264, 310, 264, 263, 309, 263, 262, 308, 262, 261, 307, 277, 276, 266, 276, 275, 265, 275, 274, 264, 281, 280, 294, 283, 286, 282, 283, 288, 287, 285, 284, 281, 274, 273, 263, 286, 285, 282, 287, 286, 283, 117, 90, 108, 282, 281, 292, 283, 282, 293, 288, 283, 291, 288, 290, 289, 295, 288, 289, 289, 290, 296, 280, 278, 294, 292, 281, 294, 273, 272, 262, 293, 282, 292, 290, 288, 291, 266, 276, 265, 320, 309, 319, 321, 310, 320, 319, 308, 318, 318, 307, 317, 311, 310, 321, 310, 309, 320, 309, 308, 319, 308, 307, 318, 265, 275, 264, 264, 274, 263, 263, 273, 262, 312, 117, 118, 302, 117, 312, 118, 108, 116, 116, 107, 115, 115, 106, 114, 89, 100, 94, 90, 258, 96, 90, 95, 89, 114, 105, 113, 100, 89, 95, 96, 95, 90, 117, 108, 118, 108, 107, 116, 107, 106, 115, 269, 96, 258, 91, 98, 92, 91, 92, 105, 92, 99, 93, 93, 110, 102, 94, 97, 91, 94, 91, 106, 89, 94, 107, 258, 90, 117, 90, 89, 108, 98, 91, 97, 99, 92, 98, 110, 93, 99, 100, 97, 94, 92, 93, 104, 106, 105, 114, 105, 104, 113, 93, 102, 103, 104, 112, 113, 112, 103, 111, 103, 102, 101, 104, 93, 103, 111, 101, 109, 110, 109, 102, 101, 102, 109, 105, 92, 104, 106, 91, 105, 103, 101, 111, 104, 103, 112, 107, 94, 106, 108, 89, 107, 258, 117, 302, 298, 293, 300, 9101, 9112, 9102, 9100, 9111, 9101, 9075, 9058, 9099, 9065, 9073, 9066, 9066, 9074, 9067, 9067, 9075, 9068, 9072, 9061, 9073, 9068, 9099, 9098, 9071, 9069, 9072, 9065, 9072, 9073, 9072, 9064, 9071, 9074, 9066, 9073, 9070, 9069, 9071, 9075, 9067, 9074, 9069, 9061, 9072, 9099, 9068, 9075, 9079, 9089, 9078, 9061, 9060, 9073, 9060, 9059, 9074, 9076, 9078, 9087, 9077, 9076, 9088, 9080, 9090, 9079, 9071, 9063, 9070, 9070, 9062, 9069, 9080, 9081, 9091, 9089, 9079, 9090, 9064, 9072, 9065, 9063, 9071, 9064, 9063, 9062, 9070, 9058, 9088, 9099, 9059, 9058, 9075, 9069, 9057, 9061, 9061, 9056, 9060, 9059, 9054, 9058, 9088, 9076, 9087, 9087, 9078, 9089, 9060, 9055, 9059, 9062, 9057, 9069, 9057, 9056, 9061, 9055, 9054, 9059, 9056, 9055, 9060, 9058, 9077, 9088, 9054, 9077, 9058, 9090, 9080, 9091, 9091, 9081, 9092, 9088, 9087, 9110, 9089, 9090, 9112, 9087, 9089, 9111, 9090, 9091, 9113, 9091, 9092, 9114, 9092, 9081, 9082, 9083, 9093, 9082, 9084, 9094, 9083, 9085, 9095, 9084, 9086, 9096, 9085, 9092, 9082, 9093, 9093, 9083, 9094, 9094, 9084, 9095, 9095, 9085, 9096, 9096, 9086, 9097, 9092, 9093, 9115, 9093, 9094, 9116, 9094, 9095, 9117, 9095, 9096, 9119, 9096, 9097, 9118, 9099, 9088, 9110, 9110, 9087, 9111, 9098, 9110, 9100, 9111, 9089, 9112, 9110, 9098, 9099, 9112, 9090, 9113, 9073, 9060, 9074, 9119, 9096, 9118, 9114, 9092, 9115, 9277, 9108, 9118, 9277, 9276, 9108, 9275, 9274, 9267, 9271, 9266, 9274, 9273, 9272, 9265, 9275, 9264, 9272, 9277, 9273, 9276, 9267, 9274, 9266, 9265, 9272, 9264, 9265, 9276, 9273, 9264, 9275, 9267, 9274, 9258, 9271, 9275, 9257, 9274, 9270, 9263, 9271, 9115, 9093, 9116, 9269, 9262, 9270, 9116, 9094, 9117, 9117, 9095, 9119, 9119, 9118, 9109, 9119, 9107, 9117, 9117, 9106, 9116, 9116, 9105, 9115, 9115, 9104, 9114, 9271, 9259, 9270, 9109, 9118, 9108, 9107, 9119, 9109, 9106, 9117, 9107, 9270, 9268, 9269, 9259, 9268, 9270, 9258, 9259, 9271, 9268, 9261, 9269, 9273, 9255, 9272, 9105, 9116, 9106, 9272, 9256, 9275, 9277, 9254, 9273, 9118, 9097, 9277, 9263, 9266, 9271, 9263, 9270, 9262, 9262, 9269, 9261, 9268, 9260, 9261, 9257, 9258, 9274, 9259, 9260, 9268, 9258, 9253, 9259, 9257, 9252, 9258, 9256, 9257, 9275, 9255, 9256, 9272, 9254, 9255, 9273, 9097, 9254, 9277, 9256, 9251, 9257, 9253, 9260, 9259, 9253, 9258, 9252, 9252, 9257, 9251, 9104, 9115, 9105, 9256, 9250, 9251, 9255, 9250, 9256, 9254, 9249, 9255, 9097, 9248, 9254, 9114, 9103, 9113, 9250, 9255, 9249, 9113, 9102, 9112, 9112, 9101, 9111, 9111, 9100, 9110, 9103, 9114, 9104, 9102, 9113, 9103, 9248, 9249, 9254, 9097, 9086, 9248, 9074, 9059, 9075, 9113, 9091, 9114, 3434, 3426, 3427, 3212, 3211, 3234, 3203, 3195, 3202, 3204, 3196, 3203, 3198, 3197, 3205, 3205, 3197, 3204, 3198, 3205, 3206, 3199, 3198, 3206, 3200, 3199, 3207, 3201, 3200, 3208, 3214, 3213, 3236, 3225, 3214, 3215, 3230, 3219, 3414, 3197, 3196, 3204, 3210, 3201, 3231, 3201, 3187, 3200, 3200, 3188, 3199, 3199, 3189, 3198, 3196, 3195, 3203, 3198, 3190, 3197, 3197, 3195, 3196, 3190, 3195, 3197, 3189, 3190, 3198, 3202, 3190, 3194, 3415, 3420, 3414, 3216, 3226, 3215, 3217, 3227, 3216, 3416, 3421, 3415, 3420, 3230, 3414, 3421, 3420, 3415, 3194, 3189, 3193, 3192, 3187, 3191, 3218, 3228, 3217, 3219, 3229, 3218, 3226, 3225, 3215, 3227, 3226, 3216, 3193, 3188, 3192, 3228, 3227, 3217, 3190, 3202, 3195, 3189, 3194, 3190, 3210, 3187, 3201, 3187, 3188, 3200, 3188, 3189, 3199, 3422, 3421, 3416, 3187, 3192, 3188, 3211, 3209, 3233, 3188, 3193, 3189, 3422, 3416, 3417, 3414, 3219, 3241, 3221, 3191, 3210, 3187, 3210, 3191, 3415, 3414, 3442, 3416, 3415, 3431, 3417, 3416, 3430, 3418, 3423, 3417, 3419, 3424, 3418, 3419, 3426, 3425, 3423, 3422, 3417, 3424, 3423, 3418, 3425, 3424, 3419, 3427, 3428, 3435, 3434, 3425, 3426, 3414, 3241, 3442, 3431, 3415, 3442, 3430, 3416, 3431, 3417, 3430, 3433, 3418, 3417, 3433, 3432, 3418, 3433, 3251, 3242, 3252, 3252, 3240, 3250, 3250, 3239, 3249, 3249, 3238, 3248, 3248, 3237, 3247, 3242, 3251, 3241, 3228, 3218, 3229, 3242, 3240, 3252, 3240, 3239, 3250, 3239, 3238, 3249, 3238, 3237, 3248, 3247, 3236, 3246, 3246, 3235, 3245, 3428, 3426, 3429, 3429, 3419, 3432, 3245, 3234, 3244, 3429, 3436, 3428, 3429, 3432, 3437, 3244, 3233, 3243, 3237, 3236, 3247, 3435, 3434, 3427, 3229, 3219, 3230, 3236, 3235, 3246, 3435, 3428, 3436, 3436, 3429, 3437, 3215, 3214, 3237, 3216, 3215, 3238, 3419, 3418, 3432, 3426, 3419, 3429, 3235, 3234, 3245, 3234, 3233, 3244, 3440, 3433, 3441, 3442, 3241, 3443, 3426, 3428, 3427, 3217, 3216, 3239, 3218, 3217, 3240, 3443, 3241, 3251, 3437, 3432, 3440, 3225, 3224, 3214, 3433, 3430, 3441, 3431, 3442, 3439, 3431, 3438, 3430, 3433, 3440, 3432, 3439, 3442, 3443, 3441, 3430, 3438, 3438, 3431, 3439, 3224, 3223, 3213, 3219, 3218, 3242, 3233, 3209, 3231, 3222, 3220, 3211, 3234, 3211, 3233, 3235, 3212, 3234, 3233, 3231, 3243, 3221, 3209, 3220, 3223, 3222, 3212, 3214, 3224, 3213, 3213, 3223, 3212, 3221, 3210, 3209, 3211, 3220, 3209, 3212, 3222, 3211, 3236, 3213, 3235, 3237, 3214, 3236, 3243, 3231, 3232, 3238, 3215, 3237, 3239, 3216, 3238, 3232, 3201, 3208, 3208, 3200, 3207, 3207, 3199, 3206, 3231, 3201, 3232, 3240, 3217, 3239, 3242, 3218, 3240, 3219, 3242, 3241, 3209, 3210, 3231, 3213, 3212, 3235, 5833, 5822, 5832, 5794, 5793, 5769, 5772, 5796, 5771, 5773, 5797, 5772, 5774, 5798, 5773, 5775, 5799, 5774, 5776, 5800, 5775, 5822, 5833, 5777, 5778, 5802, 5776, 5779, 5803, 5778, 5780, 5804, 5779, 5613, 5608, 5622, 5781, 5805, 5780, 5782, 5806, 5781, 5782, 5783, 5807, 5784, 5808, 5783, 5609, 5623, 5608, 5785, 5809, 5784, 5785, 5787, 5811, 5786, 5810, 5787, 5788, 5812, 5786, 5777, 5801, 5788, 5792, 5768, 5790, 5791, 5790, 5766, 5769, 5793, 5767, 5767, 5791, 5766, 5793, 5791, 5767, 5796, 5795, 5771, 5797, 5796, 5772, 5798, 5797, 5773, 5799, 5798, 5774, 5800, 5799, 5775, 5801, 5777, 5833, 5802, 5800, 5776, 5803, 5802, 5778, 5803, 5779, 5804, 5804, 5780, 5805, 5805, 5781, 5806, 5806, 5782, 5807, 5807, 5783, 5808, 5808, 5784, 5809, 5809, 5785, 5811, 5810, 5786, 5812, 5811, 5787, 5810, 5812, 5788, 5801, 5768, 5792, 5609, 5611, 5610, 5624, 5612, 5611, 5625, 5814, 5813, 5824, 5815, 5814, 5825, 5816, 5815, 5826, 5817, 5816, 5827, 5818, 5817, 5828, 5819, 5818, 5829, 5820, 5819, 5830, 5822, 5821, 5832, 5821, 5820, 5831, 5615, 5612, 5626, 5825, 5814, 5824, 5826, 5815, 5825, 5827, 5816, 5826, 5610, 5613, 5627, 5828, 5817, 5827, 5614, 5615, 5629, 5829, 5818, 5828, 5830, 5819, 5829, 5831, 5820, 5830, 5832, 5821, 5831, 5616, 5614, 5628, 5617, 5616, 5630, 5618, 5617, 5631, 5619, 5618, 5632, 5619, 5633, 5620, 5620, 5634, 5621, 5621, 5635, 5636, 5627, 5613, 5622, 5768, 5766, 5790, 5792, 5623, 5609, 5623, 5622, 5608, 5625, 5611, 5624, 5626, 5612, 5625, 5629, 5615, 5626, 5627, 5624, 5610, 5628, 5614, 5629, 5630, 5616, 5628, 5631, 5617, 5630, 5632, 5618, 5631, 5633, 5619, 5632, 5634, 5620, 5633, 5635, 5621, 5634, 5636, 5635, 5638, 5813, 5636, 5638, 5813, 5638, 5824, 5795, 5794, 5770, 5771, 5795, 5770, 5769, 5770, 5794, 161, 145, 162, 164, 148, 163, 383, 359, 372, 382, 358, 381, 381, 357, 383, 380, 356, 382, 379, 355, 380, 359, 383, 357, 348, 372, 359, 402, 392, 401, 403, 393, 402, 352, 353, 377, 404, 394, 403, 378, 354, 379, 387, 386, 396, 363, 339, 361, 387, 397, 388, 361, 337, 362, 364, 340, 365, 377, 353, 378, 352, 376, 351, 351, 375, 350, 349, 350, 374, 349, 373, 347, 394, 404, 348, 346, 347, 371, 165, 149, 164, 354, 378, 353, 168, 152, 165, 163, 147, 166, 388, 398, 389, 389, 399, 390, 376, 352, 377, 362, 338, 364, 401, 391, 400, 400, 390, 399, 399, 389, 398, 390, 400, 391, 355, 379, 354, 391, 401, 392, 393, 403, 394, 392, 402, 393, 356, 380, 355, 167, 151, 168, 169, 153, 167, 170, 154, 169, 365, 341, 366, 375, 351, 376, 171, 155, 170, 172, 156, 171, 173, 157, 172, 174, 158, 173, 166, 150, 161, 158, 174, 175, 356, 358, 382, 357, 381, 358, 175, 174, 176, 398, 388, 397, 374, 350, 375, 157, 173, 158, 397, 387, 396, 396, 386, 395, 385, 176, 395, 156, 172, 157, 373, 349, 374, 155, 171, 156, 175, 176, 385, 345, 346, 370, 344, 345, 369, 343, 344, 368, 343, 367, 342, 341, 342, 366, 340, 341, 365, 371, 347, 373, 372, 348, 404, 154, 170, 155, 338, 340, 364, 337, 338, 362, 339, 337, 361, 153, 169, 154, 151, 167, 153, 151, 152, 168, 147, 150, 166, 366, 342, 367, 152, 149, 165, 149, 148, 164, 148, 147, 163, 146, 339, 363, 145, 146, 162, 150, 145, 161, 367, 343, 368, 368, 344, 369, 369, 345, 370, 386, 385, 395, 162, 146, 363, 370, 346, 371, 9027, 9038, 9037, 8978, 8977, 9000, 9005, 8982, 9004, 9017, 8994, 9005, 9009, 9008, 8985, 9008, 9006, 8983, 9007, 8984, 9006, 9010, 9009, 8986, 9011, 9010, 8987, 9012, 9011, 8988, 9013, 9012, 8989, 9014, 9013, 8990, 9015, 9014, 8991, 9016, 9015, 8992, 9019, 9017, 9029, 8984, 9007, 8971, 8973, 8972, 8996, 8972, 8971, 8995, 8974, 8973, 8997, 8976, 8974, 8998, 9038, 9028, 9036, 8979, 8978, 9001, 8980, 8979, 9002, 8981, 8980, 9003, 8981, 9004, 8982, 8982, 9005, 8994, 8986, 9009, 8985, 8984, 8983, 9006, 8983, 8985, 9008, 9020, 9019, 9029, 9021, 9020, 9030, 9022, 9021, 9031, 8987, 9010, 8986, 8988, 9011, 8987, 9023, 9022, 9032, 9024, 9023, 9033, 9025, 9024, 9034, 9026, 9025, 9035, 8988, 8989, 9012, 8990, 9013, 8989, 8991, 9014, 8990, 8992, 9015, 8991, 8993, 9016, 8992, 8994, 9017, 9019, 9007, 8995, 8971, 9221, 9219, 9037, 9219, 9027, 9037, 9217, 9202, 9218, 9215, 9200, 9216, 9216, 9201, 9221, 9218, 9203, 9215, 9214, 9199, 9217, 9213, 9198, 9214, 9212, 9197, 9213, 9211, 9196, 9212, 9210, 9195, 9211, 9209, 9194, 9210, 9208, 9193, 9209, 9003, 8980, 9002, 9002, 8979, 9001, 9208, 9207, 9192, 9207, 9206, 9191, 9206, 9205, 9190, 9016, 8993, 9205, 9203, 9218, 9202, 9199, 9202, 9217, 9201, 9216, 9200, 9200, 9215, 9203, 9219, 9221, 9201, 9199, 9214, 9198, 9198, 9213, 9197, 9196, 9197, 9212, 9196, 9211, 9195, 9195, 9210, 9194, 9194, 9209, 9193, 9193, 9208, 9192, 9192, 9207, 9191, 9191, 9206, 9190, 9190, 9205, 8993, 9028, 9038, 9027, 9030, 9020, 9029, 9031, 9021, 9030, 8997, 8973, 8996, 8996, 8972, 8995, 8998, 8974, 8997, 9032, 9022, 9031, 9033, 9023, 9032, 8999, 8976, 8998, 9034, 9024, 9033, 9035, 9025, 9034, 9036, 9026, 9035, 9000, 8977, 8999, 9001, 8978, 9000, 8977, 8976, 8999, 9028, 9026, 9036, 9004, 8981, 9003, 3329, 3340, 3495, 3328, 3339, 3330, 3491, 3476, 3496, 3475, 3490, 3478, 3493, 3478, 3490, 3489, 3474, 3492, 3488, 3473, 3489, 3487, 3472, 3488, 3486, 3471, 3487, 3476, 3491, 3475, 3474, 3477, 3492, 3478, 3493, 3477, 3319, 3294, 3480, 3480, 3465, 3481, 3481, 3466, 3482, 3482, 3467, 3483, 3483, 3468, 3484, 3484, 3469, 3485, 3485, 3470, 3486, 3496, 3495, 3340, 3495, 3496, 3476, 3474, 3489, 3473, 3473, 3488, 3472, 3472, 3487, 3471, 3470, 3471, 3486, 3470, 3485, 3469, 3469, 3484, 3468, 3467, 3468, 3483, 3467, 3482, 3466, 3465, 3466, 3481, 3294, 3465, 3480, 3273, 3285, 3310, 3275, 3274, 3298, 3274, 3273, 3297, 3276, 3275, 3299, 3277, 3276, 3300, 3278, 3277, 3302, 3278, 3303, 3279, 3321, 3332, 3322, 3322, 3333, 3323, 3323, 3334, 3324, 3279, 3304, 3280, 3280, 3305, 3281, 3281, 3306, 3282, 3282, 3307, 3283, 3283, 3308, 3295, 3286, 3287, 3312, 3285, 3284, 3309, 3284, 3286, 3311, 3287, 3288, 3313, 3288, 3289, 3314, 3289, 3290, 3315, 3290, 3291, 3316, 3292, 3317, 3291, 3292, 3293, 3318, 3492, 3477, 3493, 3324, 3335, 3325, 3321, 3320, 3332, 3318, 3293, 3319, 3317, 3292, 3318, 3316, 3291, 3317, 3315, 3290, 3316, 3314, 3289, 3315, 3313, 3288, 3314, 3312, 3287, 3313, 3310, 3285, 3309, 3309, 3284, 3311, 3311, 3286, 3312, 3320, 3295, 3308, 3308, 3283, 3307, 3307, 3282, 3306, 3306, 3281, 3305, 3305, 3280, 3304, 3304, 3279, 3303, 3303, 3278, 3302, 3302, 3277, 3300, 3325, 3336, 3326, 3326, 3337, 3327, 3327, 3338, 3328, 3300, 3276, 3299, 3298, 3274, 3297, 3299, 3275, 3298, 3297, 3273, 3310, 3490, 3475, 3491, 3329, 3341, 3340, 3341, 3330, 3339, 3339, 3328, 3338, 3338, 3327, 3337, 3337, 3326, 3336, 3336, 3325, 3335, 3335, 3324, 3334, 3334, 3323, 3333, 3333, 3322, 3332, 3295, 3320, 3321, 3293, 3294, 3319, 3329, 3330, 3341, 5386, 5507, 5462, 5784, 5789, 5785, 5789, 5507, 5823, 5777, 5788, 5823, 5606, 5386, 5462, 5606, 5462, 5765, 5766, 5606, 5767, 5606, 5766, 5768, 5386, 5606, 5607, 5397, 5386, 5607, 5607, 5606, 5611, 5775, 5765, 5776, 5776, 5765, 5778, 5778, 5765, 5779, 5779, 5765, 5789, 5779, 5789, 5780, 5780, 5789, 5781, 5789, 5478, 5507, 5781, 5789, 5782, 5782, 5789, 5783, 5783, 5789, 5784, 5607, 5611, 5612, 5606, 5613, 5610, 5386, 5397, 5410, 5637, 5823, 5410, 5507, 5410, 5823, 5611, 5606, 5610, 5606, 5609, 5608, 5613, 5606, 5608, 5609, 5606, 5768, 5397, 5607, 5637, 5765, 5478, 5789, 5765, 5462, 5478, 5774, 5765, 5775, 5773, 5765, 5774, 5772, 5765, 5773, 5771, 5765, 5772, 5771, 5606, 5765, 5770, 5606, 5771, 5769, 5606, 5770, 5767, 5606, 5769, 5612, 5615, 5607, 5607, 5615, 5614, 5607, 5614, 5616, 5607, 5616, 5617, 5607, 5617, 5618, 5618, 5619, 5607, 5507, 5386, 5410, 5462, 5507, 5478, 5637, 5607, 5619, 5410, 5397, 5637, 5637, 5619, 5620, 5637, 5620, 5621, 5637, 5621, 5636, 5637, 5636, 5813, 5637, 5813, 5814, 5822, 5777, 5823, 5823, 5786, 5787, 5787, 5789, 5823, 5788, 5786, 5823, 5637, 5814, 5815, 5637, 5815, 5816, 5823, 5637, 5816, 5823, 5816, 5817, 5823, 5817, 5818, 5823, 5818, 5819, 5823, 5819, 5820, 5823, 5820, 5821, 5823, 5821, 5822, 5785, 5789, 5787, 363, 159, 162, 159, 428, 429, 160, 159, 429, 168, 165, 160, 396, 177, 397, 398, 397, 177, 399, 398, 177, 400, 399, 177, 400, 177, 405, 401, 400, 405, 402, 401, 405, 403, 402, 405, 404, 403, 405, 466, 547, 177, 405, 177, 547, 405, 381, 383, 383, 372, 405, 405, 372, 404, 488, 405, 547, 362, 364, 159, 361, 362, 159, 168, 160, 167, 169, 167, 160, 170, 169, 160, 171, 170, 160, 171, 160, 177, 166, 161, 159, 429, 466, 160, 172, 171, 177, 173, 172, 177, 174, 173, 177, 176, 174, 177, 395, 176, 177, 395, 177, 396, 177, 160, 466, 360, 369, 370, 370, 371, 360, 360, 371, 373, 373, 374, 360, 374, 375, 360, 360, 375, 384, 384, 375, 376, 488, 384, 405, 485, 360, 384, 485, 384, 488, 384, 376, 377, 159, 161, 162, 365, 366, 360, 360, 364, 365, 163, 166, 159, 165, 164, 160, 429, 428, 466, 466, 428, 485, 547, 466, 485, 547, 485, 488, 164, 163, 160, 159, 160, 163, 159, 363, 361, 384, 377, 378, 384, 378, 379, 384, 379, 380, 159, 364, 360, 428, 360, 485, 428, 159, 360, 368, 369, 360, 367, 368, 360, 360, 366, 367, 384, 380, 382, 382, 381, 384, 384, 381, 405, 8774, 8776, 8782, 9190, 9189, 9191, 8990, 9189, 8991, 8785, 8784, 8812, 8841, 8840, 8861, 8991, 9189, 8992, 8778, 8746, 8975, 8975, 8746, 8970, 8975, 8970, 8973, 8787, 8786, 8861, 8786, 8785, 8861, 8788, 8787, 8861, 8789, 8788, 8861, 8840, 8789, 8861, 8970, 8983, 8984, 8784, 8783, 8807, 8807, 8808, 8784, 8808, 8809, 8784, 8809, 8810, 8784, 8810, 8811, 8784, 8842, 8841, 8847, 8847, 8841, 8861, 8861, 8785, 8812, 8812, 8784, 8811, 8784, 8774, 8783, 8970, 8984, 8971, 8970, 8971, 8972, 8973, 8970, 8972, 8782, 8783, 8774, 8975, 8973, 8974, 8842, 8847, 8849, 8843, 8842, 8849, 8782, 8776, 8781, 8778, 8975, 9018, 8780, 8781, 8776, 8993, 8992, 9189, 9189, 8825, 8856, 8780, 8777, 8779, 9189, 8856, 9204, 8993, 9189, 9190, 9191, 9189, 9192, 8776, 8777, 8780, 8777, 8775, 8779, 9192, 9189, 9193, 9193, 9189, 9204, 9193, 9204, 9194, 9194, 9204, 9195, 9204, 8856, 8862, 9195, 9204, 9196, 9196, 9204, 9197, 9197, 9204, 9198, 9198, 9204, 9199, 9199, 9204, 9202, 9202, 9204, 9220, 9204, 8862, 9220, 9201, 9200, 9220, 9220, 9028, 9027, 9220, 9027, 9219, 9219, 9201, 9220, 9203, 9202, 9220, 9220, 9200, 9203, 8975, 8974, 8976, 8975, 8976, 8977, 8975, 8977, 8978, 8975, 8978, 8979, 8975, 8979, 8980, 8825, 8970, 8746, 8970, 8825, 9189, 8970, 8986, 8985, 8986, 8970, 8987, 8987, 8970, 8988, 8988, 8970, 8989, 8980, 8981, 8975, 8989, 8970, 8990, 9220, 9018, 9023, 9220, 9026, 9028, 9220, 9025, 9026, 9018, 8975, 8981, 8983, 8970, 8985, 9220, 9024, 9025, 9023, 9024, 9220, 9018, 9022, 9023, 9018, 9021, 9022, 9018, 9020, 9021, 9018, 9019, 9020, 8844, 8843, 8849, 8845, 8844, 8848, 8849, 8848, 8844, 8846, 8845, 8848, 8802, 8778, 9018, 9018, 8981, 8982, 9018, 8982, 8994, 9018, 8994, 9019, 8802, 9018, 9220, 8862, 8802, 9220, 8990, 8970, 9189, 3479, 3481, 3482, 3603, 3575, 3576, 3570, 3561, 3603, 3603, 3576, 3604, 3603, 3574, 3575, 3573, 3574, 3603, 3603, 3571, 3572, 3561, 3571, 3603, 3569, 3563, 3570, 3568, 3562, 3569, 3604, 3632, 3605, 3605, 3632, 3606, 3606, 3632, 3607, 3607, 3632, 3608, 3608, 3632, 3661, 3632, 3633, 3639, 3633, 3634, 3641, 3634, 3635, 3638, 3635, 3636, 3637, 3661, 3632, 3639, 3639, 3633, 3641, 3638, 3640, 3634, 3638, 3635, 3637, 3641, 3634, 3640, 3497, 3331, 3662, 3331, 3596, 3662, 3338, 3331, 3497, 3341, 3339, 3497, 3339, 3338, 3497, 3338, 3337, 3331, 3337, 3336, 3331, 3336, 3335, 3331, 3335, 3334, 3331, 3334, 3333, 3331, 3333, 3332, 3331, 3331, 3301, 3596, 3332, 3320, 3331, 3320, 3308, 3331, 3308, 3307, 3331, 3307, 3306, 3331, 3311, 3312, 3296, 3312, 3313, 3296, 3313, 3314, 3296, 3296, 3314, 3479, 3479, 3314, 3315, 3479, 3315, 3316, 3479, 3316, 3317, 3479, 3317, 3318, 3479, 3543, 3296, 3543, 3479, 3625, 3296, 3301, 3298, 3310, 3309, 3296, 3310, 3296, 3297, 3298, 3297, 3296, 3299, 3298, 3301, 3300, 3299, 3301, 3301, 3296, 3565, 3565, 3296, 3543, 3302, 3300, 3301, 3303, 3302, 3301, 3304, 3303, 3301, 3305, 3304, 3301, 3306, 3305, 3301, 3306, 3301, 3331, 3565, 3596, 3301, 3311, 3296, 3309, 3562, 3564, 3569, 3564, 3563, 3569, 3566, 3568, 3567, 3562, 3568, 3566, 3561, 3570, 3563, 3646, 3497, 3662, 3646, 3494, 3497, 3493, 3490, 3497, 3497, 3491, 3496, 3496, 3340, 3497, 3340, 3341, 3497, 3490, 3491, 3497, 3494, 3493, 3497, 3494, 3492, 3493, 3479, 3318, 3319, 3494, 3489, 3492, 3494, 3488, 3489, 3494, 3487, 3488, 3494, 3486, 3487, 3494, 3485, 3486, 3625, 3494, 3646, 3625, 3479, 3494, 3494, 3484, 3485, 3479, 3484, 3494, 3483, 3484, 3479, 3479, 3319, 3480, 3480, 3481, 3479, 3576, 3632, 3604, 3603, 3572, 3573, 3482, 3483, 3479, 8622, 8466, 8671, 8615, 8616, 4717, 4691, 4613, 4626, 4667, 4658, 4659, 4659, 4658, 4660, 8674, 8617, 8673, 8673, 8618, 8662, 8663, 8626, 8665, 8666, 8624, 8667, 8665, 8625, 8666, 8667, 8624, 8668, 8661, 8619, 8664, 8624, 8623, 8671, 8623, 8622, 8671, 8672, 8466, 8688, 8668, 8624, 8669, 8624, 8671, 8670, 8669, 8624, 8670, 8664, 8627, 8663, 8688, 8466, 8693, 4660, 4658, 4661, 8646, 8660, 8647, 8647, 8660, 8649, 8649, 8660, 8650, 8650, 8660, 8651, 8660, 8657, 8658, 8660, 8658, 8659, 8651, 8660, 8653, 8652, 8660, 8654, 8660, 8652, 8653, 8660, 8659, 8648, 8660, 8648, 8654, 4661, 4658, 4662, 8693, 8683, 8684, 8689, 8688, 8693, 8690, 8689, 8693, 4691, 4612, 4613, 8691, 8690, 8693, 8692, 8691, 8693, 8693, 8684, 8686, 8671, 8466, 8672, 8620, 8619, 8661, 8618, 8620, 8662, 8674, 8616, 8617, 4662, 4658, 4663, 4663, 4658, 4676, 4676, 4658, 4677, 4677, 4658, 4678, 4678, 4658, 4679, 8617, 8618, 8673, 8619, 8627, 8664, 8685, 8687, 8693, 8686, 8685, 8693, 4679, 4658, 4680, 4680, 4658, 4681, 8681, 8692, 8693, 8687, 8681, 8693, 4691, 4700, 4692, 4574, 5354, 4578, 1693, 5354, 4574, 1693, 1689, 5354, 1584, 4658, 5297, 1689, 1645, 5354, 8389, 8390, 4703, 1645, 1641, 5354, 1670, 1645, 1689, 8388, 8389, 4703, 8387, 8388, 4703, 4555, 1680, 1693, 1679, 1680, 4555, 4564, 4602, 1555, 4554, 4564, 1555, 8626, 8625, 8665, 8627, 8626, 8663, 8625, 8624, 8666, 4612, 4691, 1555, 4658, 1555, 4691, 4564, 4565, 4603, 8612, 8545, 8611, 8611, 8544, 8610, 1669, 1631, 1670, 1555, 1679, 4554, 1595, 1588, 1597, 8507, 4684, 8630, 1594, 1588, 1596, 5347, 5312, 8660, 5354, 5356, 8355, 5356, 5347, 8475, 5312, 5303, 4658, 5306, 5305, 4658, 4658, 5303, 5306, 5305, 5304, 4658, 5304, 5302, 4658, 5302, 5301, 4658, 5301, 5300, 4658, 5300, 5299, 4658, 5299, 5298, 4658, 5297, 4658, 5298, 5345, 5347, 5356, 5345, 5337, 5338, 5339, 5336, 5345, 5339, 5345, 5338, 5336, 5347, 5345, 5344, 5347, 5336, 5345, 5335, 5337, 5312, 4666, 8345, 8355, 4703, 5354, 5312, 8346, 8343, 8346, 5312, 8344, 8344, 5312, 8345, 8357, 8358, 5356, 8355, 5356, 8358, 5356, 8356, 8359, 8356, 5356, 8360, 8357, 5356, 8359, 8360, 5356, 8361, 8361, 5356, 8362, 5343, 5347, 5344, 5342, 5347, 5343, 5341, 5347, 5342, 5340, 5347, 5341, 5327, 5347, 5340, 5326, 5347, 5327, 5325, 5347, 5326, 5324, 5347, 5325, 5323, 5347, 5324, 5322, 5347, 5323, 5312, 5311, 5303, 5312, 5310, 5311, 5312, 5309, 5310, 5312, 5308, 5309, 5312, 5307, 5308, 5312, 5294, 5307, 5312, 5293, 5294, 5312, 5292, 5293, 5312, 5291, 5292, 5312, 5290, 5291, 5312, 5282, 5288, 5312, 5281, 5282, 5312, 5289, 5290, 5288, 5289, 5312, 8362, 5356, 8363, 8363, 5356, 8364, 8348, 8349, 8420, 8349, 8350, 8418, 8350, 8351, 8419, 5345, 5278, 5335, 5334, 5335, 5278, 5333, 5334, 5278, 5332, 5333, 5278, 5331, 5332, 5278, 8351, 8352, 8417, 8610, 8548, 8609, 4603, 4565, 4578, 4555, 1693, 4574, 8621, 8466, 8622, 8609, 8533, 8600, 8600, 8532, 8599, 5331, 1617, 5330, 5330, 1620, 5329, 5329, 1619, 5328, 5328, 1608, 5320, 5320, 1607, 5319, 5319, 1606, 5318, 5318, 1605, 5317, 5317, 1604, 5316, 5316, 1603, 5313, 5322, 1588, 5347, 1588, 5312, 5347, 5296, 1584, 5297, 5295, 1587, 5296, 5287, 1586, 5295, 5286, 1575, 5287, 5285, 1574, 5286, 5284, 1573, 5285, 5283, 1572, 5284, 5280, 1571, 5283, 5281, 1570, 5280, 5312, 1570, 5281, 5354, 1641, 5278, 5278, 1618, 5331, 5315, 1588, 5321, 5313, 1588, 5314, 1588, 5315, 5314, 1588, 5322, 5321, 8599, 8531, 8598, 8598, 8530, 8601, 4691, 4692, 4693, 4691, 4693, 4694, 1584, 1585, 4658, 4691, 4694, 4695, 4691, 4695, 4696, 4691, 4696, 4709, 4691, 4709, 4710, 4691, 4710, 4711, 4691, 4711, 4712, 4712, 4713, 4691, 4715, 4721, 4691, 4721, 4722, 4691, 4713, 4714, 4691, 4715, 4691, 4714, 1585, 1583, 4658, 1583, 1582, 4658, 1582, 1581, 4658, 1581, 1580, 4658, 1580, 1579, 4658, 8369, 4666, 4668, 1579, 1578, 4658, 8601, 8529, 8602, 8596, 8527, 8597, 8602, 8528, 8596, 1588, 1589, 1590, 8630, 8586, 8585, 8584, 8630, 8585, 8583, 8630, 8584, 8630, 8595, 8587, 8630, 8594, 8595, 8630, 8593, 8594, 8587, 8588, 8630, 8586, 8630, 8588, 8582, 8630, 8583, 8365, 8364, 8427, 8371, 8492, 8372, 8372, 8485, 8373, 8373, 8487, 8374, 8374, 8486, 8375, 8492, 8371, 8488, 8488, 8371, 8489, 8487, 8373, 8485, 8485, 8372, 8492, 8486, 8374, 8487, 8375, 8493, 8378, 8378, 8494, 8379, 8379, 8495, 8380, 8380, 8496, 8381, 8381, 8497, 8383, 8493, 8375, 8486, 8494, 8378, 8493, 8495, 8379, 8494, 8496, 8380, 8495, 8497, 8381, 8496, 8352, 8376, 8416, 8376, 8384, 8438, 8355, 8387, 4703, 8384, 8385, 8439, 8385, 8386, 8440, 8377, 8441, 8386, 8383, 8443, 8382, 8377, 8382, 8442, 8383, 8497, 8444, 8444, 8497, 8498, 4554, 1679, 4555, 8370, 4668, 8371, 4668, 8370, 8369, 4602, 4612, 1555, 8581, 8630, 8582, 8368, 4666, 8369, 8581, 8514, 8630, 8580, 8514, 8581, 8579, 8515, 8580, 8578, 8513, 8579, 8366, 4666, 8367, 8577, 8512, 8578, 8568, 8516, 8577, 8567, 8501, 8568, 8566, 8500, 8567, 4666, 8368, 8367, 4666, 8342, 8345, 4666, 8366, 8342, 8569, 8499, 8566, 1578, 1577, 4658, 1577, 1576, 4658, 1576, 1560, 4658, 1560, 1559, 4658, 1559, 1558, 4658, 4668, 4669, 8490, 8490, 4669, 4670, 1558, 1555, 4658, 8490, 4670, 4671, 8490, 4671, 4672, 1670, 1632, 1645, 1631, 1632, 1670, 1555, 1669, 1679, 8490, 4672, 4673, 8490, 4673, 4674, 8490, 4674, 4675, 8490, 4675, 4683, 4683, 4684, 8502, 4684, 4685, 8641, 8641, 4685, 4686, 4687, 4690, 8641, 8641, 4686, 4687, 4690, 4689, 8641, 4681, 4658, 8660, 4704, 4703, 8612, 4705, 4704, 8612, 4706, 4705, 8612, 8662, 8620, 8661, 4702, 5354, 4703, 4701, 5354, 4702, 5354, 4699, 4698, 1555, 1621, 1631, 5312, 1569, 1570, 5312, 1568, 1569, 5312, 1566, 1568, 5312, 1565, 1566, 1641, 1618, 5278, 1618, 1617, 5331, 1617, 1620, 5330, 4699, 5354, 4701, 5354, 4697, 4700, 1620, 1619, 5329, 1619, 1608, 5328, 4697, 5354, 4698, 4691, 5354, 4700, 1608, 1607, 5320, 1607, 1606, 5319, 1606, 1605, 5318, 1605, 1604, 5317, 4707, 4706, 8612, 4708, 4707, 8612, 1604, 1603, 5316, 1603, 1602, 5313, 1602, 1588, 5313, 1588, 1555, 5312, 4716, 4708, 8612, 5312, 4665, 4666, 4717, 4716, 8612, 4718, 4717, 8674, 1587, 1584, 5296, 4719, 4718, 8674, 5312, 4667, 4664, 4664, 4665, 5312, 4723, 4720, 8674, 4720, 4719, 8674, 1586, 1587, 5295, 1575, 1586, 5287, 1574, 1575, 5286, 1573, 1574, 5285, 4626, 4622, 5354, 4622, 4578, 5354, 1572, 1573, 5284, 1571, 1572, 5283, 1570, 1571, 5280, 1555, 1565, 5312, 1622, 1618, 1641, 4626, 5354, 4691, 1622, 1616, 1618, 1622, 1615, 1616, 1622, 1614, 1615, 4658, 4667, 5312, 4722, 4723, 8674, 4691, 4722, 8674, 1622, 1613, 1614, 4691, 8693, 4658, 8371, 4668, 8490, 8490, 4683, 8502, 1622, 1612, 1613, 1622, 1611, 1612, 1622, 1610, 1611, 8502, 4684, 8503, 8503, 4684, 8504, 8504, 4684, 8505, 8505, 4684, 8506, 8506, 4684, 8507, 8390, 8523, 4703, 8523, 8390, 8391, 8391, 8392, 8521, 8392, 8393, 8520, 8393, 8394, 8524, 8394, 8395, 8517, 8395, 8396, 8519, 8520, 8393, 8524, 8523, 8391, 8521, 8521, 8392, 8520, 8524, 8394, 8517, 8517, 8395, 8519, 8519, 8396, 8518, 8518, 8396, 8399, 8399, 8400, 8525, 8400, 8401, 8526, 8518, 8399, 8525, 8525, 8400, 8526, 8526, 8401, 8527, 8397, 8365, 8459, 8405, 8397, 8460, 8406, 8405, 8461, 8407, 8406, 8462, 8398, 8407, 8463, 8403, 8398, 8464, 8402, 8404, 8466, 8404, 8403, 8465, 8401, 8402, 8466, 8527, 8401, 8597, 8343, 8347, 5312, 8347, 8348, 5312, 8348, 8420, 5312, 8420, 8421, 5312, 8421, 8422, 5312, 8422, 8423, 5312, 8423, 8424, 5312, 8424, 8425, 5312, 8425, 8426, 5312, 8426, 8453, 5312, 8453, 8454, 5312, 8454, 8455, 5312, 8455, 8456, 5312, 8456, 8589, 5312, 8364, 5356, 8428, 8475, 5347, 8476, 8428, 5356, 8430, 5356, 8431, 8429, 8430, 5356, 8429, 8431, 5356, 8432, 8432, 5356, 8433, 8433, 5356, 8434, 8434, 5356, 8435, 8435, 5356, 8436, 8436, 5356, 8437, 8437, 5356, 8474, 8474, 5356, 8475, 8589, 8590, 5312, 8590, 8591, 5312, 8591, 8592, 5312, 8592, 8593, 5312, 8593, 8630, 5312, 8630, 8632, 5312, 8632, 8633, 5312, 8633, 8634, 5312, 8634, 8635, 5312, 8635, 8636, 5312, 8636, 8637, 5312, 8637, 8638, 5312, 8638, 8639, 5312, 8639, 8655, 5312, 8655, 8656, 5312, 8656, 8657, 5312, 8660, 5312, 8657, 8476, 5347, 8693, 8693, 5347, 8660, 8417, 8352, 8416, 8419, 8351, 8417, 8418, 8350, 8419, 8420, 8349, 8418, 8427, 8364, 8428, 4703, 8523, 8522, 8522, 8534, 4703, 8534, 8535, 4703, 8660, 4658, 8693, 8693, 4691, 8683, 8646, 4689, 8660, 8645, 4689, 8646, 8644, 4689, 8645, 8643, 4689, 8644, 8642, 4689, 8643, 8641, 4689, 8642, 8640, 4684, 8641, 8629, 4684, 8640, 8628, 4684, 8629, 8631, 4684, 8628, 8630, 4684, 8631, 8547, 8545, 8612, 8612, 8543, 8546, 8546, 8547, 8612, 8545, 8544, 8611, 8416, 8376, 8438, 8438, 8384, 8439, 8439, 8385, 8440, 8440, 8386, 8441, 8441, 8377, 8442, 8442, 8382, 8443, 8443, 8383, 8444, 8444, 8498, 8445, 8445, 8498, 8569, 8535, 8536, 4703, 8536, 8537, 4703, 8537, 8538, 4703, 8538, 8539, 4703, 8539, 8540, 4703, 8540, 8541, 4703, 8541, 8542, 4703, 8445, 8565, 8446, 8446, 8571, 8447, 8447, 8572, 8448, 8448, 8573, 8449, 8449, 8574, 8452, 8452, 8575, 8450, 8450, 8576, 8451, 8445, 8569, 8570, 8565, 8445, 8564, 8564, 8445, 8570, 8571, 8446, 8565, 8572, 8447, 8571, 8573, 8448, 8572, 8574, 8449, 8573, 8575, 8452, 8574, 8576, 8450, 8575, 8451, 8576, 8589, 4688, 4682, 8660, 4689, 4688, 8660, 4682, 4681, 8660, 1622, 1609, 1610, 1622, 1593, 1609, 1622, 1592, 1593, 1622, 1591, 1592, 1622, 1588, 1591, 1621, 1588, 1622, 1601, 1588, 1602, 1599, 1588, 1601, 1598, 1588, 1599, 1597, 1588, 1598, 1588, 1590, 1591, 1555, 1567, 1561, 1567, 1555, 1556, 8589, 8456, 8457, 8589, 8457, 8458, 8589, 8458, 8451, 8459, 8365, 8427, 8460, 8397, 8459, 8461, 8405, 8460, 8462, 8406, 8461, 8463, 8407, 8462, 8464, 8398, 8463, 8465, 8403, 8464, 8466, 8404, 8465, 8544, 8548, 8610, 8612, 8542, 8543, 8548, 8533, 8609, 8533, 8532, 8600, 1555, 1563, 1562, 8532, 8531, 8599, 1563, 1555, 1561, 1555, 1562, 1564, 1556, 1555, 1557, 1557, 1555, 1558, 1555, 1564, 1565, 8531, 8530, 8598, 4602, 4564, 4603, 8530, 8529, 8601, 8529, 8528, 8602, 1555, 1588, 1621, 8528, 8527, 8596, 1588, 1594, 1600, 1588, 1600, 1589, 1588, 1595, 1596, 8630, 8511, 8510, 8509, 8630, 8510, 8508, 8630, 8509, 8507, 8630, 8508, 8511, 8630, 8514, 8514, 8580, 8515, 8512, 8513, 8578, 8515, 8579, 8513, 8512, 8577, 8516, 8516, 8568, 8501, 8500, 8501, 8567, 8499, 8500, 8566, 8401, 8466, 8604, 8597, 8401, 8603, 8603, 8401, 8604, 8604, 8466, 8605, 8605, 8466, 8606, 8606, 8466, 8607, 8607, 8466, 8608, 8608, 8466, 8621, 8569, 8498, 8499, 8491, 8371, 8490, 8489, 8371, 8491, 8682, 8683, 4691, 8680, 8682, 4691, 8679, 8680, 4691, 8678, 8679, 4691, 4603, 4578, 4622, 8677, 8678, 4691, 8676, 8677, 4691, 8675, 8676, 4691, 8674, 8675, 4691, 8674, 4717, 8616, 8466, 8467, 8693, 8693, 8467, 8468, 8693, 8468, 8469, 8693, 8469, 8470, 8479, 8478, 8693, 8693, 8470, 8473, 8473, 8471, 8693, 8472, 8479, 8693, 8693, 8471, 8472, 8477, 8476, 8693, 8478, 8477, 8693, 8612, 4703, 8542, 8612, 8613, 4717, 8613, 8614, 4717, 8614, 8615, 4717, 1555, 1631, 1669, 8616, 8615, 8583, 8624, 8592, 8623, 8588, 8587, 8619, 8585, 8586, 8618, 8584, 8585, 8617, 8627, 8595, 8626, 8583, 8584, 8616, 8582, 8583, 8615, 8614, 8613, 8581, 8626, 8594, 8625, 8627, 8587, 8595, 8613, 8612, 8580, 8612, 8611, 8579, 8611, 8610, 8578, 8609, 8577, 8610, 8581, 8582, 8614, 8580, 8581, 8613, 8579, 8580, 8612, 8578, 8579, 8611, 8577, 8578, 8610, 8595, 8594, 8626, 8594, 8593, 8625, 8589, 8576, 8608, 8576, 8607, 8608, 8607, 8575, 8606, 8606, 8574, 8605, 8622, 8590, 8621, 8621, 8589, 8608, 8593, 8592, 8624, 8592, 8591, 8623, 8591, 8590, 8622, 8590, 8589, 8621, 8619, 8587, 8627, 8620, 8588, 8619, 8618, 8586, 8620, 8617, 8585, 8618, 8616, 8584, 8617, 8586, 8588, 8620, 8615, 8614, 8582, 8593, 8624, 8625, 8564, 8570, 8602, 8565, 8564, 8596, 8565, 8596, 8597, 8602, 8596, 8564, 8569, 8566, 8598, 8566, 8567, 8599, 8567, 8568, 8600, 8568, 8577, 8609, 8570, 8569, 8601, 8599, 8598, 8566, 8600, 8599, 8567, 8609, 8600, 8568, 8602, 8570, 8601, 8601, 8569, 8598, 8572, 8571, 8603, 8571, 8565, 8597, 8573, 8572, 8604, 8574, 8573, 8605, 8575, 8574, 8606, 8576, 8575, 8607, 8604, 8572, 8603, 8603, 8571, 8597, 8605, 8573, 8604, 8623, 8591, 8622, 8503, 8504, 8536, 8505, 8506, 8538, 8506, 8507, 8539, 8507, 8508, 8540, 8535, 8534, 8502, 8536, 8535, 8503, 8537, 8536, 8504, 8538, 8537, 8505, 8539, 8538, 8506, 8540, 8539, 8507, 8508, 8509, 8541, 8509, 8510, 8542, 8510, 8511, 8543, 8513, 8512, 8544, 8515, 8513, 8545, 8514, 8515, 8547, 8511, 8514, 8546, 8541, 8540, 8508, 8542, 8541, 8509, 8542, 8510, 8543, 8545, 8513, 8544, 8502, 8503, 8535, 8516, 8533, 8548, 8546, 8514, 8547, 8543, 8511, 8546, 8547, 8515, 8545, 8512, 8516, 8548, 8544, 8512, 8548, 8533, 8501, 8532, 8532, 8500, 8531, 8516, 8501, 8533, 8501, 8500, 8532, 8500, 8499, 8531, 8499, 8530, 8531, 8530, 8498, 8529, 8499, 8498, 8530, 8498, 8497, 8529, 8497, 8528, 8529, 8528, 8496, 8527, 8527, 8495, 8526, 8526, 8494, 8525, 8525, 8493, 8518, 8497, 8496, 8528, 8496, 8495, 8527, 8495, 8494, 8526, 8494, 8493, 8525, 8493, 8486, 8518, 8523, 8491, 8522, 8534, 8522, 8490, 8523, 8521, 8489, 8521, 8520, 8488, 8524, 8492, 8520, 8490, 8502, 8534, 8489, 8491, 8523, 8491, 8490, 8522, 8488, 8489, 8521, 8492, 8488, 8520, 8519, 8518, 8486, 8524, 8517, 8485, 8519, 8487, 8517, 8486, 8487, 8519, 8485, 8492, 8524, 8487, 8485, 8517, 8504, 8505, 8537, 8419, 8417, 8428, 8432, 8421, 8431, 8479, 8451, 8458, 8458, 8457, 8478, 8457, 8477, 8478, 8477, 8456, 8476, 8476, 8455, 8475, 8475, 8454, 8474, 8453, 8437, 8474, 8457, 8456, 8477, 8456, 8455, 8476, 8455, 8454, 8475, 8454, 8453, 8474, 8453, 8426, 8437, 8470, 8449, 8473, 8473, 8452, 8471, 8472, 8451, 8479, 8471, 8450, 8472, 8469, 8448, 8470, 8468, 8447, 8469, 8467, 8446, 8468, 8452, 8450, 8471, 8449, 8452, 8473, 8450, 8451, 8472, 8448, 8449, 8470, 8447, 8448, 8469, 8446, 8447, 8468, 8466, 8445, 8467, 8466, 8465, 8444, 8465, 8464, 8443, 8464, 8463, 8442, 8445, 8446, 8467, 8444, 8445, 8466, 8479, 8458, 8478, 8417, 8416, 8427, 8418, 8419, 8430, 8428, 8417, 8427, 8430, 8419, 8428, 8430, 8429, 8418, 8421, 8420, 8431, 8422, 8421, 8432, 8420, 8418, 8429, 8423, 8422, 8433, 8424, 8423, 8434, 8425, 8424, 8435, 8426, 8425, 8436, 8443, 8444, 8465, 8442, 8443, 8464, 8427, 8416, 8459, 8463, 8462, 8441, 8462, 8461, 8440, 8461, 8460, 8439, 8460, 8459, 8438, 8441, 8442, 8463, 8440, 8441, 8462, 8439, 8440, 8461, 8438, 8439, 8460, 8416, 8438, 8459, 8426, 8436, 8437, 8436, 8425, 8435, 8435, 8424, 8434, 8434, 8423, 8433, 8433, 8422, 8432, 8431, 8420, 8429, 8398, 8377, 8407, 8349, 8348, 8361, 8352, 8351, 8364, 8360, 8347, 8356, 8343, 8356, 8347, 8359, 8346, 8357, 8361, 8348, 8360, 8358, 8357, 8344, 8359, 8356, 8343, 8358, 8345, 8355, 8343, 8346, 8359, 8362, 8349, 8361, 8363, 8350, 8362, 8364, 8351, 8363, 8352, 8364, 8365, 8367, 8368, 8389, 8342, 8366, 8387, 8366, 8367, 8388, 8368, 8369, 8390, 8369, 8370, 8391, 8387, 8355, 8342, 8388, 8387, 8366, 8389, 8388, 8367, 8390, 8389, 8368, 8390, 8369, 8391, 8370, 8371, 8392, 8371, 8372, 8393, 8372, 8373, 8394, 8373, 8374, 8395, 8374, 8375, 8396, 8391, 8370, 8392, 8346, 8344, 8357, 8392, 8371, 8393, 8344, 8345, 8358, 8393, 8372, 8394, 8394, 8373, 8395, 8395, 8374, 8396, 8376, 8352, 8365, 8376, 8365, 8397, 8375, 8378, 8399, 8345, 8342, 8355, 8378, 8379, 8400, 8379, 8380, 8401, 8381, 8383, 8404, 8382, 8377, 8398, 8383, 8382, 8403, 8380, 8381, 8402, 8396, 8375, 8399, 8399, 8378, 8400, 8400, 8379, 8401, 8402, 8381, 8404, 8403, 8382, 8398, 8404, 8383, 8403, 8401, 8380, 8402, 8384, 8376, 8397, 8385, 8384, 8405, 8386, 8385, 8406, 8377, 8386, 8407, 8405, 8384, 8397, 8406, 8385, 8405, 8407, 8386, 8406, 8350, 8349, 8362, 8347, 8360, 8348, 8351, 8350, 8363, 5293, 5325, 5326, 5288, 5282, 5315, 5344, 5311, 5343, 5344, 5303, 5311, 5311, 5310, 5343, 5310, 5342, 5343, 5342, 5309, 5341, 5341, 5308, 5340, 5340, 5307, 5327, 5310, 5309, 5342, 5309, 5308, 5341, 5308, 5307, 5340, 5338, 5305, 5339, 5337, 5304, 5338, 5336, 5303, 5344, 5339, 5306, 5336, 5335, 5302, 5337, 5335, 5334, 5301, 5334, 5333, 5300, 5305, 5306, 5339, 5304, 5305, 5338, 5303, 5336, 5306, 5302, 5304, 5337, 5301, 5302, 5335, 5300, 5301, 5334, 5333, 5332, 5299, 5332, 5331, 5298, 5331, 5330, 5297, 5330, 5329, 5296, 5329, 5328, 5295, 5328, 5320, 5287, 5299, 5300, 5333, 5298, 5299, 5332, 5297, 5298, 5331, 5296, 5297, 5330, 5295, 5296, 5329, 5287, 5295, 5328, 5327, 5294, 5326, 5307, 5294, 5327, 5294, 5293, 5326, 5325, 5292, 5324, 5324, 5291, 5323, 5323, 5290, 5322, 5322, 5289, 5321, 5293, 5292, 5325, 5292, 5291, 5324, 5291, 5290, 5323, 5290, 5289, 5322, 5289, 5288, 5321, 5316, 5313, 5280, 5320, 5319, 5286, 5319, 5318, 5285, 5318, 5317, 5284, 5317, 5316, 5283, 5286, 5287, 5320, 5285, 5286, 5319, 5284, 5285, 5318, 5283, 5284, 5317, 5280, 5283, 5316, 5315, 5282, 5314, 5288, 5315, 5321, 5281, 5280, 5313, 5282, 5281, 5314, 5314, 5281, 5313, 1610, 1577, 1611, 1578, 1579, 1612, 1569, 1602, 1570, 1568, 1601, 1569, 1566, 1599, 1568, 1600, 1594, 1561, 1600, 1567, 1589, 1561, 1567, 1600, 1566, 1598, 1599, 1598, 1565, 1597, 1597, 1564, 1595, 1596, 1595, 1562, 1596, 1563, 1594, 1609, 1576, 1610, 1581, 1582, 1615, 1580, 1581, 1614, 1579, 1580, 1613, 1565, 1598, 1566, 1565, 1564, 1597, 1614, 1581, 1615, 1577, 1578, 1611, 1582, 1583, 1616, 1583, 1585, 1618, 1584, 1617, 1585, 1586, 1619, 1587, 1575, 1608, 1586, 1564, 1562, 1595, 1576, 1577, 1610, 1609, 1560, 1576, 1575, 1607, 1608, 1562, 1563, 1596, 1563, 1561, 1594, 1593, 1560, 1609, 1592, 1559, 1593, 1559, 1560, 1593, 1591, 1558, 1592, 1591, 1590, 1557, 1590, 1589, 1556, 1558, 1559, 1592, 1557, 1558, 1591, 1556, 1557, 1590, 1567, 1556, 1589, 1616, 1583, 1618, 1615, 1582, 1616, 1618, 1585, 1617, 1619, 1586, 1608, 1620, 1587, 1619, 1613, 1580, 1614, 1601, 1568, 1599, 1602, 1569, 1601, 1617, 1584, 1620, 1604, 1571, 1603, 1574, 1607, 1575, 1573, 1606, 1574, 1572, 1605, 1573, 1571, 1604, 1572, 1570, 1603, 1571, 1570, 1602, 1603, 1584, 1587, 1620, 1605, 1572, 1604, 1606, 1573, 1605, 1607, 1574, 1606, 1611, 1578, 1612, 1612, 1579, 1613, 4669, 4702, 4670, 4668, 4701, 4669, 4666, 4699, 4668, 4698, 4665, 4697, 4699, 4666, 4698, 4700, 4667, 4692, 4700, 4697, 4664, 4701, 4668, 4699, 4702, 4669, 4701, 4670, 4702, 4703, 4670, 4703, 4671, 4671, 4704, 4672, 4672, 4705, 4673, 4667, 4700, 4664, 4666, 4665, 4698, 4673, 4706, 4674, 4674, 4707, 4675, 4675, 4708, 4683, 4704, 4671, 4703, 4705, 4672, 4704, 4706, 4673, 4705, 4707, 4674, 4706, 4708, 4675, 4707, 4683, 4708, 4716, 4709, 4663, 4676, 4676, 4677, 4710, 4709, 4676, 4710, 4677, 4678, 4711, 4678, 4679, 4712, 4679, 4680, 4713, 4680, 4681, 4714, 4681, 4682, 4715, 4710, 4677, 4711, 4711, 4678, 4712, 4712, 4679, 4713, 4713, 4680, 4714, 4714, 4681, 4715, 4683, 4716, 4684, 4684, 4717, 4685, 4685, 4718, 4686, 4686, 4719, 4687, 4687, 4720, 4690, 4690, 4720, 4723, 4717, 4684, 4716, 4718, 4685, 4717, 4719, 4686, 4718, 4720, 4687, 4719, 4682, 4688, 4721, 4689, 4722, 4688, 4689, 4690, 4723, 4721, 4688, 4722, 4715, 4682, 4721, 4722, 4689, 4723, 4665, 4664, 4697, 4696, 4663, 4709, 4695, 4662, 4696, 4694, 4661, 4695, 4693, 4660, 4694, 4662, 4663, 4696, 4661, 4662, 4695, 4660, 4661, 4694, 4692, 4659, 4693, 4659, 4660, 4693, 4667, 4659, 4692, 8659, 8658, 8691, 8644, 8645, 8678, 8684, 8651, 8686, 8686, 8653, 8685, 8685, 8652, 8687, 8656, 8655, 8688, 8688, 8655, 8672, 8656, 8688, 8689, 8683, 8682, 8649, 8652, 8654, 8687, 8657, 8656, 8689, 8692, 8648, 8659, 8690, 8657, 8689, 8691, 8658, 8690, 8692, 8659, 8691, 8631, 8628, 8661, 8629, 8640, 8673, 8683, 8650, 8684, 8630, 8631, 8664, 8632, 8630, 8663, 8633, 8632, 8665, 8662, 8661, 8628, 8673, 8662, 8629, 8664, 8663, 8630, 8633, 8665, 8666, 8653, 8652, 8685, 8651, 8653, 8686, 8665, 8632, 8663, 8664, 8631, 8661, 8634, 8633, 8666, 8635, 8634, 8667, 8636, 8635, 8668, 8637, 8636, 8669, 8638, 8637, 8670, 8639, 8638, 8671, 8655, 8639, 8672, 8667, 8634, 8666, 8668, 8635, 8667, 8650, 8651, 8684, 8649, 8650, 8683, 8669, 8636, 8668, 8658, 8657, 8690, 8681, 8648, 8692, 8654, 8681, 8687, 8670, 8637, 8669, 8654, 8648, 8681, 8682, 8680, 8647, 8680, 8679, 8646, 8671, 8638, 8670, 8679, 8678, 8645, 8672, 8639, 8671, 8640, 8641, 8674, 8641, 8642, 8675, 8642, 8643, 8676, 8643, 8644, 8677, 8647, 8649, 8682, 8646, 8647, 8680, 8645, 8646, 8679, 8678, 8677, 8644, 8677, 8676, 8643, 8676, 8675, 8642, 8675, 8674, 8641, 8674, 8673, 8640, 8628, 8629, 8662, 5348, 4654, 5349, 5353, 8340, 8410, 8410, 4656, 5353, 8340, 8339, 8338, 5349, 4654, 8338, 8338, 4654, 8340, 8340, 4654, 8341, 5353, 8339, 8340, 8341, 8409, 8340, 8410, 8340, 8409, 1721, 1719, 4656, 4656, 1722, 5353, 1722, 4656, 1719, 5348, 1720, 4652, 1719, 5348, 1722, 1721, 1720, 1719, 1719, 1720, 5348, 5348, 4652, 4654, 4653, 1721, 4656, 4654, 4652, 4653, 4655, 8341, 4654, 4654, 4653, 4656, 4655, 4654, 4656, 4655, 4656, 4657, 4657, 4656, 8410, 8410, 8409, 4657, 5348, 5349, 5350, 5353, 1722, 5348, 5353, 5348, 5350, 5353, 5350, 8339, 4724, 4655, 4725, 8341, 4724, 8484, 4657, 4725, 4655, 8549, 4657, 8409, 8409, 8341, 8484, 8549, 8409, 8484, 8484, 4724, 8549, 4725, 4657, 8549, 4725, 8549, 4724, 8341, 4655, 4724, 1718, 4651, 1717, 1720, 1717, 4650, 4652, 1720, 4650, 4650, 1717, 4651, 4651, 1721, 4653, 1718, 1720, 1721, 4651, 1718, 1721, 1717, 1720, 1718, 4650, 4651, 4653, 4652, 4650, 4653, 5352, 5351, 8353, 5352, 8353, 8354, 8353, 5351, 8338, 8339, 5352, 8354, 5350, 5349, 5351, 5350, 5351, 5352, 5350, 5352, 8339, 5351, 5349, 8338, 8353, 8338, 8354, 8339, 8354, 8338, 8563, 8411, 8552, 8411, 8550, 8552, 8558, 8554, 8700, 8701, 8697, 9933, 9933, 8700, 8701, 8555, 8694, 8554, 8563, 8552, 8558, 8408, 8720, 8411, 8408, 8563, 8562, 8694, 8480, 8696, 8411, 8721, 8412, 8563, 9933, 8562, 9563, 8562, 9933, 8721, 8411, 8720, 8480, 8412, 8721, 8480, 8721, 8696, 8700, 8554, 8694, 8720, 8408, 8562, 8554, 8412, 8555, 8696, 8721, 8697, 8554, 8411, 8412, 9933, 8721, 9563, 9933, 8697, 8721, 8721, 8720, 9563, 9933, 8558, 8700, 8720, 8562, 9563, 8700, 8694, 8696, 8411, 8563, 8408, 8411, 8554, 8550, 8563, 8558, 9933, 8481, 8694, 8695, 8481, 8480, 8694, 8412, 8414, 8557, 8481, 8414, 8480, 8412, 8480, 8414, 8555, 8412, 8557, 8557, 8695, 8555, 8694, 8555, 8695, 8705, 8483, 8702, 8702, 8481, 8695, 8482, 8481, 8702, 8561, 8413, 8415, 8695, 8557, 8702, 8560, 8413, 8561, 8557, 8560, 8702, 8557, 8413, 8560, 8483, 8482, 8702, 8414, 8481, 8413, 8413, 8482, 8415, 8414, 8413, 8557, 8482, 8413, 8481, 8415, 8482, 8483, 8561, 8483, 8705, 8705, 8560, 8561, 8561, 8415, 8483, 8702, 8560, 8705, 8698, 8697, 8699, 8703, 8699, 8704, 8699, 8701, 8704, 8704, 8700, 8703, 8700, 8704, 8701, 8700, 8696, 8703, 8699, 8697, 8701, 8698, 8696, 8697, 8696, 8698, 8703, 8703, 8698, 8699, 8552, 8550, 8553, 8550, 8554, 8551, 8550, 8551, 8553, 8552, 8553, 8559, 8553, 8551, 8556, 8556, 8551, 8554, 8556, 8554, 8558, 8556, 8558, 8559, 8558, 8552, 8559, 8559, 8553, 8556, 5357, 5345, 5356, 5346, 5345, 5357, 5354, 5355, 5357, 5278, 5345, 5279, 5279, 5345, 5346, 5354, 5278, 5279, 5279, 5346, 5355, 5357, 5356, 5354, 5354, 5279, 5355, 5355, 5346, 5357, 1672, 1683, 1682, 1678, 1694, 1688, 1675, 1685, 1674, 1673, 1683, 1672, 1679, 1553, 1680, 1554, 1681, 1682, 1554, 1682, 1683, 1554, 1696, 1553, 1554, 1683, 1684, 1554, 1684, 1685, 1685, 1686, 1554, 1685, 1684, 1674, 1676, 1687, 1686, 1681, 1552, 1671, 1679, 1669, 1551, 1680, 1553, 1696, 1675, 1552, 1676, 1674, 1552, 1675, 1673, 1552, 1674, 1672, 1552, 1673, 1552, 1672, 1671, 1670, 1551, 1669, 1552, 1551, 1670, 1554, 1552, 1681, 1696, 1554, 1686, 1692, 1670, 1689, 1677, 1676, 1692, 1677, 1692, 1678, 1678, 1692, 1690, 1690, 1692, 1691, 1690, 1694, 1678, 1692, 1689, 1696, 1691, 1692, 1696, 1696, 1689, 1693, 1552, 1670, 1692, 1551, 1554, 1553, 1552, 1554, 1551, 1676, 1552, 1692, 1693, 1680, 1696, 1696, 1686, 1687, 1679, 1551, 1553, 1677, 1687, 1676, 1696, 1687, 1688, 1696, 1688, 1694, 1696, 1694, 1695, 1691, 1696, 1695, 1625, 1543, 1626, 1627, 1543, 1628, 1631, 1621, 1542, 1633, 1543, 1623, 1625, 1635, 1624, 1543, 1622, 1644, 1628, 1543, 1644, 1627, 1637, 1626, 1629, 1639, 1628, 1631, 1542, 1544, 1624, 1635, 1634, 1631, 1544, 1632, 1545, 1633, 1634, 1545, 1634, 1635, 1545, 1648, 1544, 1545, 1635, 1636, 1545, 1636, 1637, 1637, 1638, 1545, 1637, 1636, 1626, 1628, 1639, 1638, 1632, 1544, 1648, 1648, 1545, 1638, 1644, 1622, 1641, 1629, 1628, 1644, 1629, 1644, 1630, 1630, 1644, 1642, 1642, 1644, 1643, 1642, 1646, 1630, 1644, 1641, 1648, 1643, 1644, 1648, 1648, 1641, 1645, 1630, 1646, 1640, 1643, 1648, 1647, 1645, 1632, 1648, 1648, 1638, 1639, 1648, 1639, 1640, 1648, 1640, 1646, 1648, 1646, 1647, 1624, 1543, 1625, 1543, 1624, 1623, 1622, 1542, 1621, 1543, 1545, 1542, 1542, 1545, 1544, 1545, 1543, 1633, 1543, 1542, 1622, 1626, 1543, 1627, 4566, 3091, 4556, 4564, 4554, 3090, 4564, 3090, 3092, 3093, 4581, 3092, 3093, 4568, 4569, 3093, 4569, 4570, 4570, 4571, 3093, 4570, 4569, 4559, 4561, 4572, 4571, 4565, 3092, 4581, 4581, 3093, 4571, 4577, 4555, 4574, 4562, 4561, 4577, 4562, 4577, 4563, 4563, 4577, 4575, 4575, 4577, 4576, 4575, 4579, 4563, 4577, 4574, 4581, 4576, 4577, 4581, 4581, 4574, 4578, 4563, 4579, 4573, 4576, 4581, 4580, 4578, 4565, 4581, 4581, 4571, 4572, 4581, 4572, 4573, 4581, 4573, 4579, 4581, 4579, 4580, 3091, 3093, 3090, 3090, 3093, 3092, 3093, 3091, 4566, 3091, 3090, 4555, 4560, 4570, 4559, 4555, 3090, 4554, 3091, 4557, 4556, 4557, 3091, 4558, 4558, 3091, 4559, 4559, 3091, 4560, 4560, 3091, 4561, 3093, 4566, 4567, 4564, 3092, 4565, 4557, 4568, 4567, 3093, 4567, 4568, 4562, 4572, 4561, 4561, 3091, 4577, 4558, 4568, 4557, 3091, 4555, 4577, 4605, 3095, 4606, 4606, 3095, 4607, 4603, 3094, 4602, 3095, 3094, 4603, 4618, 4619, 3097, 4607, 3095, 4608, 4629, 4627, 4628, 3097, 4617, 4618, 4618, 4617, 4607, 3097, 3095, 4614, 3097, 4629, 3096, 4629, 4621, 4627, 4629, 4620, 4621, 3097, 4615, 4616, 3097, 4614, 4615, 4612, 3096, 4613, 4629, 4619, 4620, 4629, 4626, 4613, 4624, 4629, 4628, 4611, 4627, 4621, 3097, 4616, 4617, 3095, 3097, 3094, 4608, 3095, 4609, 4612, 4602, 3094, 4614, 3095, 4604, 4606, 4616, 4605, 4629, 4622, 4626, 4624, 4625, 4629, 3095, 4603, 4625, 4609, 3095, 4625, 4608, 4618, 4607, 4625, 4622, 4629, 4623, 4627, 4611, 4623, 4625, 4624, 4605, 4616, 4615, 4609, 4620, 4619, 3095, 4605, 4604, 4611, 4625, 4623, 4610, 4625, 4611, 4610, 4609, 4625, 4613, 3096, 4629, 4612, 3094, 3096, 4625, 4603, 4622, 4629, 3097, 4619, 4610, 4620, 4609, 3094, 3097, 3096, 1706, 1681, 1705, 1682, 1681, 1706, 1698, 1682, 1706, 1705, 1698, 1706, 1681, 1671, 1705, 1705, 1697, 1698, 1671, 1697, 1705, 1698, 1672, 1682, 1697, 1672, 1698, 1672, 1697, 1671, 1634, 1633, 1658, 1657, 1649, 1650, 1623, 1649, 1657, 1624, 1649, 1623, 1633, 1623, 1657, 1657, 1650, 1658, 1650, 1634, 1658, 1649, 1624, 1650, 1650, 1624, 1634, 1658, 1633, 1657, 4556, 4582, 4590, 4566, 4556, 4590, 4582, 4557, 4583, 4557, 4582, 4556, 4591, 4566, 4590, 4583, 4557, 4567, 4590, 4582, 4583, 4567, 4566, 4591, 4583, 4567, 4591, 4590, 4583, 4591, 4614, 4604, 4638, 4604, 4630, 4638, 4638, 4631, 4639, 4631, 4615, 4639, 4605, 4630, 4604, 4630, 4605, 4631, 4639, 4614, 4638, 4631, 4605, 4615, 4615, 4614, 4639, 4638, 4630, 4631, 1683, 1673, 1707, 1700, 1684, 1708, 1707, 1700, 1708, 1684, 1683, 1708, 1708, 1683, 1707, 1707, 1699, 1700, 1673, 1699, 1707, 1700, 1674, 1684, 1699, 1674, 1700, 1674, 1699, 1673, 1659, 1651, 1652, 1652, 1626, 1636, 1636, 1635, 1660, 1651, 1626, 1652, 1626, 1651, 1625, 1660, 1635, 1659, 1659, 1652, 1660, 1652, 1636, 1660, 1635, 1625, 1659, 1625, 1651, 1659, 4585, 4569, 4593, 4592, 4584, 4585, 4585, 4559, 4569, 4559, 4584, 4558, 4584, 4559, 4585, 4568, 4558, 4592, 4592, 4585, 4593, 4569, 4568, 4593, 4593, 4568, 4592, 4558, 4584, 4592, 4616, 4606, 4640, 4632, 4607, 4633, 4641, 4616, 4640, 4617, 4616, 4641, 4640, 4632, 4633, 4607, 4632, 4606, 4633, 4607, 4617, 4640, 4633, 4641, 4633, 4617, 4641, 4606, 4632, 4640, 1675, 1701, 1709, 1675, 1676, 1701, 1701, 1676, 1702, 1702, 1676, 1686, 1709, 1701, 1702, 1710, 1685, 1709, 1686, 1685, 1710, 1685, 1675, 1709, 1702, 1686, 1710, 1709, 1702, 1710, 1627, 1653, 1661, 1662, 1637, 1661, 1627, 1628, 1653, 1653, 1628, 1654, 1654, 1628, 1638, 1661, 1653, 1654, 1637, 1627, 1661, 1654, 1638, 1662, 1661, 1654, 1662, 1638, 1637, 1662, 4560, 4586, 4594, 4594, 4586, 4587, 4595, 4570, 4594, 4571, 4570, 4595, 4560, 4561, 4586, 4594, 4587, 4595, 4587, 4571, 4595, 4570, 4560, 4594, 4586, 4561, 4587, 4587, 4561, 4571, 4635, 4619, 4643, 4642, 4635, 4643, 4619, 4618, 4643, 4643, 4618, 4642, 4642, 4634, 4635, 4608, 4634, 4642, 4635, 4609, 4619, 4634, 4609, 4635, 4608, 4609, 4634, 4618, 4608, 4642, 1712, 1687, 1711, 1711, 1703, 1704, 1677, 1703, 1711, 1704, 1678, 1688, 1703, 1678, 1704, 1678, 1703, 1677, 1687, 1677, 1711, 1704, 1688, 1712, 1711, 1704, 1712, 1688, 1687, 1712, 1664, 1639, 1663, 1639, 1629, 1663, 1629, 1655, 1663, 1656, 1630, 1640, 1656, 1640, 1664, 1663, 1656, 1664, 1655, 1630, 1656, 1630, 1655, 1629, 1640, 1639, 1664, 1663, 1655, 1656, 4597, 4572, 4596, 4573, 4572, 4597, 4596, 4589, 4597, 4589, 4573, 4597, 4563, 4588, 4562, 4588, 4563, 4589, 4572, 4562, 4596, 4589, 4563, 4573, 4562, 4588, 4596, 4596, 4588, 4589, 4611, 4636, 4610, 4620, 4610, 4644, 4637, 4621, 4645, 4644, 4637, 4645, 4621, 4620, 4645, 4645, 4620, 4644, 4644, 4636, 4637, 4610, 4636, 4644, 4637, 4611, 4621, 4636, 4611, 4637, 1695, 1694, 1716, 1715, 1714, 1716, 1714, 1695, 1716, 1694, 1690, 1715, 1715, 1713, 1714, 1690, 1713, 1715, 1691, 1713, 1690, 1714, 1691, 1695, 1713, 1691, 1714, 1716, 1694, 1715, 1668, 1646, 1667, 1665, 1643, 1666, 1646, 1642, 1667, 1666, 1647, 1668, 1643, 1665, 1642, 1667, 1666, 1668, 1647, 1646, 1668, 1667, 1665, 1666, 1642, 1665, 1667, 1666, 1643, 1647, 4576, 4598, 4575, 4599, 4576, 4580, 4598, 4576, 4599, 4599, 4580, 4601, 4575, 4598, 4600, 4600, 4598, 4599, 4579, 4575, 4600, 4601, 4579, 4600, 4580, 4579, 4601, 4600, 4599, 4601, 4623, 4646, 4648, 4627, 4623, 4648, 4648, 4647, 4649, 4646, 4624, 4647, 4624, 4646, 4623, 4628, 4627, 4649, 4649, 4627, 4648, 4647, 4624, 4628, 4648, 4646, 4647, 4647, 4628, 4649, 5166, 5169, 7108, 5142, 5168, 5188, 10236, 10233, 10409, 10233, 10232, 10408, 10232, 10237, 10407, 10237, 10224, 10406, 10224, 10223, 10406, 10223, 10222, 10406, 10222, 10221, 10406, 10240, 7109, 10429, 10428, 7108, 10234, 10429, 5215, 10336, 10328, 5214, 10428, 10429, 10428, 5214, 10406, 10192, 10384, 10383, 10208, 10380, 10384, 10198, 10383, 10380, 10212, 10382, 7128, 5122, 7129, 7130, 7129, 5122, 7132, 7133, 5128, 7133, 7134, 5128, 7134, 7135, 5128, 7135, 7155, 5128, 7156, 5128, 7155, 10385, 10216, 10388, 10388, 10215, 10389, 10337, 10338, 10404, 10338, 10339, 10403, 10339, 10335, 10402, 10335, 10334, 10401, 10334, 10333, 10400, 10333, 10332, 10399, 10330, 10329, 10395, 10387, 10217, 10385, 10231, 10199, 10230, 10230, 10197, 10229, 10229, 10196, 10228, 10228, 10195, 10227, 10227, 10189, 10226, 10226, 10186, 10225, 10185, 7534, 10225, 10220, 10190, 10221, 10219, 10190, 10220, 10218, 10188, 10219, 7538, 7534, 5137, 10215, 10211, 10231, 10211, 10210, 10231, 10210, 10199, 10231, 10199, 10197, 10230, 10197, 10196, 10229, 10196, 10195, 10228, 10195, 10194, 10227, 10194, 10189, 10227, 10189, 10187, 10226, 10188, 10190, 10219, 10218, 10183, 10188, 10187, 10186, 10226, 10186, 10185, 10225, 10185, 10184, 7534, 10184, 5137, 7534, 10218, 10182, 10183, 10218, 10181, 10182, 10218, 10180, 10181, 10218, 5134, 10180, 10218, 5133, 5134, 10218, 5132, 5133, 10218, 5130, 5132, 10218, 5151, 5130, 10386, 10204, 10387, 10398, 10205, 10386, 10382, 10318, 10381, 10381, 10324, 10390, 10390, 10325, 10391, 10391, 10326, 10392, 10392, 10327, 10393, 10393, 10331, 10394, 10394, 10330, 10395, 10395, 10329, 10396, 10399, 10332, 10398, 10400, 10333, 10399, 10401, 10334, 10400, 10402, 10335, 10401, 10403, 10339, 10402, 10404, 10338, 10403, 10389, 10215, 10410, 10410, 10215, 10411, 10428, 10235, 10414, 10422, 10240, 10429, 10235, 10236, 10414, 10396, 10329, 10428, 10429, 10337, 10404, 10420, 10418, 10428, 10417, 10419, 10428, 10428, 10419, 10420, 10397, 10396, 10428, 10418, 10397, 10428, 10425, 10427, 10429, 10426, 10424, 10429, 10427, 10426, 10429, 10429, 10404, 10405, 10429, 10405, 10425, 10428, 10414, 10415, 10428, 10415, 10416, 10428, 10416, 10417, 5137, 5136, 7109, 5136, 5135, 7109, 5155, 5152, 7109, 5135, 5131, 7109, 5131, 5155, 7109, 5152, 5172, 7109, 7108, 5169, 5167, 10231, 10243, 10411, 10243, 10238, 10411, 10411, 10238, 10239, 10239, 10242, 10412, 10241, 10240, 10421, 10242, 10241, 10413, 10221, 10190, 10406, 10231, 10411, 10215, 10428, 10234, 10235, 10429, 7109, 10428, 10407, 10237, 10406, 10408, 10232, 10407, 10409, 10233, 10408, 10414, 10236, 10409, 10411, 10239, 10412, 10412, 10242, 10413, 10413, 10241, 10421, 10421, 10240, 10422, 10423, 10422, 10429, 10424, 10423, 10429, 7108, 7153, 7150, 7132, 6975, 7131, 7131, 6965, 7120, 7127, 6968, 7128, 10331, 10330, 10394, 10326, 10327, 10392, 10325, 10326, 10391, 7108, 2260, 6950, 6958, 2261, 7109, 7126, 6969, 7127, 10303, 10302, 10314, 10304, 10303, 10315, 10310, 10305, 10316, 10305, 10304, 10316, 10319, 10306, 10307, 10307, 10308, 10320, 10308, 10309, 10322, 10309, 10312, 10323, 10312, 10313, 10332, 10207, 10206, 10332, 10313, 10207, 10332, 10315, 10303, 10314, 10316, 10304, 10315, 10310, 10316, 10317, 10319, 10307, 10320, 10320, 10308, 10321, 10321, 10308, 10322, 10322, 10309, 10323, 10323, 10312, 10332, 10324, 10325, 10390, 10327, 10331, 10393, 10318, 10324, 10381, 7112, 6970, 7126, 7120, 6964, 7119, 5124, 7156, 5125, 5124, 5129, 7156, 5128, 7156, 5129, 5117, 7130, 5122, 5121, 5122, 7128, 6973, 5128, 6972, 6973, 6974, 5128, 6972, 2787, 6971, 2786, 2555, 6971, 2785, 2554, 2555, 2784, 2553, 2554, 6967, 5121, 6968, 6966, 2781, 6967, 6966, 2551, 2780, 2551, 2550, 2779, 2550, 2549, 2779, 5128, 2787, 6972, 2787, 2786, 6971, 2781, 5121, 6967, 10406, 10190, 10191, 10406, 10191, 10192, 10192, 10193, 10384, 10384, 10193, 10198, 5171, 5173, 7109, 10198, 10208, 10383, 10208, 10209, 10380, 10380, 10209, 10212, 10212, 10213, 10382, 10382, 10213, 10214, 10217, 10216, 10385, 10216, 10215, 10388, 10203, 10311, 10382, 10214, 10200, 10382, 10382, 10200, 10201, 10382, 10201, 10202, 10382, 10202, 10203, 10204, 10217, 10387, 10205, 10204, 10386, 10206, 10205, 10398, 10311, 10310, 10382, 5171, 7109, 5172, 7130, 5117, 5214, 5127, 5123, 5215, 7130, 5214, 7151, 7152, 7151, 5214, 7152, 5214, 7150, 7156, 7154, 5215, 7150, 5214, 7108, 7109, 5215, 7157, 7157, 5215, 7154, 5123, 5125, 5215, 5215, 5126, 5127, 5215, 5115, 5126, 5215, 5114, 5115, 5215, 5113, 5114, 5214, 5116, 5120, 5118, 5116, 5214, 5120, 5119, 5214, 5119, 5109, 5214, 5109, 5108, 5214, 5108, 5107, 5214, 5215, 5112, 5113, 5151, 10218, 5167, 2780, 2781, 6966, 2786, 2785, 2555, 2785, 2784, 2554, 2551, 2779, 2780, 7119, 6963, 7118, 7109, 2261, 7108, 7108, 5167, 10218, 7108, 6950, 6951, 6958, 7109, 6959, 2783, 2309, 2784, 2782, 2306, 2783, 2771, 2305, 2782, 2779, 2304, 2778, 2778, 2301, 2777, 2777, 2300, 2776, 2776, 2279, 2766, 2775, 2283, 2771, 2774, 2282, 2775, 2772, 2281, 2774, 2773, 2280, 2772, 2766, 2278, 2770, 2770, 2277, 2769, 7108, 7533, 7529, 7533, 7108, 7531, 7108, 7529, 7530, 7108, 7530, 7540, 7108, 7540, 7541, 7108, 7541, 7542, 7109, 7535, 7539, 7109, 7539, 7537, 7535, 7109, 7536, 7536, 7109, 7545, 7545, 7109, 7546, 7546, 7109, 7547, 7531, 7108, 7532, 7532, 7108, 7528, 7528, 7108, 10218, 7108, 7542, 7543, 7109, 7537, 7538, 7547, 7109, 7548, 7108, 7543, 7544, 7108, 7544, 10234, 7548, 7109, 7549, 7549, 7109, 10240, 7109, 7108, 10428, 7109, 7538, 5137, 2769, 2276, 2767, 2768, 2267, 5104, 2767, 2268, 2768, 2784, 2307, 2553, 2549, 2302, 2779, 2261, 2773, 5110, 2261, 5215, 2260, 2309, 2307, 2784, 2306, 2309, 2783, 2283, 2305, 2771, 2305, 2306, 2782, 2302, 2304, 2779, 2304, 2301, 2778, 2301, 2300, 2777, 2300, 2279, 2776, 2282, 2283, 2775, 2281, 2282, 2774, 2280, 2281, 2772, 2773, 2275, 2280, 2279, 2278, 2766, 2278, 2277, 2770, 2277, 2276, 2769, 2276, 2268, 2767, 2268, 2267, 2768, 7125, 6961, 7121, 7118, 6962, 7125, 7121, 6960, 7122, 7122, 6959, 7123, 7111, 6957, 7112, 7110, 6956, 7111, 7117, 6955, 7110, 7113, 6954, 7117, 7114, 6953, 7113, 7115, 6952, 7114, 7149, 7109, 7157, 7148, 7109, 7149, 7147, 7109, 7148, 7146, 7109, 7147, 7108, 7142, 7153, 7108, 7141, 7142, 7108, 7140, 7141, 7108, 7139, 7140, 7145, 7109, 7146, 7144, 7109, 7145, 2260, 2266, 2265, 2266, 2260, 2267, 2261, 2272, 2273, 2261, 2273, 2274, 2261, 2274, 2275, 2260, 2264, 2284, 2260, 2284, 2285, 2260, 2263, 2262, 2263, 2260, 2265, 2264, 2260, 2262, 2261, 2292, 2271, 2292, 2261, 2293, 2261, 2269, 2270, 2272, 2261, 2270, 2269, 2261, 2271, 2260, 2285, 2536, 2293, 2261, 2543, 7143, 7109, 7144, 7124, 7109, 7143, 7123, 7109, 7124, 7108, 7138, 7139, 7108, 7137, 7138, 7108, 7136, 7137, 7108, 7116, 7136, 7108, 7115, 7116, 7109, 7123, 6959, 7108, 6951, 7115, 5104, 2260, 5214, 5215, 2261, 5110, 6951, 6952, 7115, 6952, 6953, 7114, 6953, 6954, 7113, 6954, 6955, 7117, 6955, 6956, 7110, 6956, 6957, 7111, 6960, 6959, 7122, 6961, 6960, 7121, 6962, 6961, 7125, 6963, 6962, 7118, 6964, 6963, 7119, 6965, 6964, 7120, 6970, 6969, 7126, 6969, 6968, 7127, 6957, 6970, 7112, 6975, 6965, 7131, 6974, 6975, 7132, 5214, 5215, 10429, 5215, 5247, 10336, 5240, 5214, 10328, 5228, 5221, 5227, 5227, 5220, 5226, 5226, 5217, 5234, 5233, 5225, 10319, 5232, 5224, 5233, 5231, 5219, 5232, 10314, 5222, 5229, 5229, 5221, 5228, 5214, 2260, 5215, 5105, 5104, 5214, 5225, 10306, 10319, 5224, 5225, 5233, 5232, 5223, 5224, 5219, 5223, 5232, 10302, 5222, 10314, 5222, 5221, 5229, 5221, 5220, 5227, 5220, 5217, 5226, 5217, 5216, 5234, 5216, 5161, 5234, 5161, 5160, 5234, 5247, 5209, 5246, 5246, 5210, 5245, 5245, 5206, 5244, 5244, 5213, 5243, 5243, 5212, 5242, 5242, 5211, 5241, 5239, 5200, 5240, 5238, 5201, 5239, 5237, 5202, 5238, 5236, 5198, 5237, 5235, 5205, 5236, 5234, 5204, 5235, 5241, 5197, 5230, 5230, 5196, 5231, 5219, 5231, 5196, 5160, 5203, 5234, 5218, 5219, 5196, 5196, 5165, 5218, 5196, 5164, 5165, 5196, 5163, 5164, 5196, 5162, 5163, 5196, 5147, 5162, 5160, 5159, 5203, 5159, 5158, 5192, 5158, 5144, 5191, 5196, 5146, 5147, 5196, 5145, 5146, 5195, 5141, 5145, 5195, 5140, 5141, 5157, 5140, 5194, 5144, 5143, 5190, 5193, 5153, 5157, 5154, 5153, 5193, 5152, 5154, 5172, 5156, 5149, 5167, 5215, 7109, 5173, 5215, 5125, 7156, 5166, 7108, 5214, 5149, 5150, 5167, 5167, 5148, 5151, 5150, 5148, 5167, 5143, 5142, 5189, 5142, 5139, 5167, 5139, 5138, 5167, 5138, 5156, 5167, 5106, 5105, 5214, 5215, 5208, 5247, 5214, 5240, 5200, 5215, 5110, 5111, 5215, 5111, 5112, 5107, 5106, 5214, 5117, 5118, 5214, 5215, 5207, 5208, 5215, 5187, 5207, 5215, 5186, 5187, 5215, 5185, 5186, 5215, 5173, 5170, 5215, 5184, 5185, 5200, 5199, 5214, 2267, 2260, 5104, 2261, 2275, 2773, 5199, 5180, 5214, 5180, 5179, 5214, 5179, 5178, 5214, 5178, 5177, 5214, 10382, 10317, 10318, 10332, 10206, 10398, 10382, 10310, 10317, 2553, 2308, 2552, 2552, 2299, 2547, 2548, 2302, 2549, 2540, 2303, 2548, 2547, 2298, 2546, 2546, 2297, 2545, 2545, 2296, 2544, 2544, 2295, 2541, 2541, 2294, 2542, 2542, 2293, 2543, 2534, 2288, 2537, 2539, 2291, 2540, 2538, 2290, 2539, 2537, 2289, 2538, 2535, 2287, 2534, 2536, 2286, 2535, 5215, 5183, 5184, 2543, 2261, 6958, 2260, 2536, 6950, 2260, 7108, 2261, 5215, 5182, 5183, 5215, 5181, 5182, 5215, 5170, 5181, 5177, 5176, 5214, 5176, 5175, 5214, 5175, 5174, 5214, 5174, 5166, 5214, 5208, 5209, 5247, 5209, 5210, 5246, 5206, 5213, 5244, 5210, 5206, 5245, 5213, 5212, 5243, 5212, 5211, 5242, 5201, 5200, 5239, 5202, 5201, 5238, 5198, 5202, 5237, 5205, 5198, 5236, 5204, 5205, 5235, 5203, 5204, 5234, 5211, 5197, 5241, 5197, 5196, 5230, 5196, 5195, 5145, 5159, 5192, 5203, 5158, 5191, 5192, 5144, 5190, 5191, 5143, 5189, 5190, 6968, 5121, 7128, 10329, 10328, 10428, 6974, 7132, 5128, 5142, 5188, 5189, 5195, 5194, 5140, 5194, 5193, 5157, 5193, 5172, 5154, 5168, 5142, 5167, 2536, 2285, 2286, 2286, 2287, 2535, 2287, 2288, 2534, 2288, 2289, 2537, 2289, 2290, 2538, 2290, 2291, 2539, 2294, 2293, 2542, 2295, 2294, 2541, 2296, 2295, 2544, 2297, 2296, 2545, 2298, 2297, 2546, 2299, 2298, 2547, 2291, 2303, 2540, 2303, 2302, 2548, 2307, 2308, 2553, 2308, 2299, 2552, 10429, 10336, 10337, 10193, 10196, 10197, 5144, 5158, 5162, 5163, 5159, 5164, 5163, 5158, 5159, 5162, 5158, 5163, 5155, 5151, 5152, 5148, 5152, 5151, 5153, 5149, 5157, 5149, 5156, 5157, 5154, 5150, 5153, 5149, 5153, 5150, 5148, 5154, 5152, 5148, 5150, 5154, 5147, 5144, 5162, 10204, 10200, 10217, 10200, 10214, 10217, 10214, 10216, 10217, 10213, 10216, 10214, 10213, 10215, 10216, 10212, 10215, 10213, 10212, 10211, 10215, 10211, 10212, 10209, 5160, 5161, 5165, 10302, 10303, 10307, 10306, 10302, 10307, 10303, 10304, 10308, 5161, 5216, 5218, 5165, 5161, 5218, 5219, 5218, 5216, 10181, 10185, 10182, 10182, 10185, 10186, 10182, 10186, 10183, 10183, 10186, 10187, 10183, 10187, 10188, 10188, 10187, 10189, 10189, 10190, 10188, 10307, 10303, 10308, 10305, 10310, 10312, 10305, 10312, 10309, 10304, 10305, 10309, 10308, 10304, 10309, 10310, 10311, 10313, 10312, 10310, 10313, 10209, 10210, 10211, 10208, 10210, 10209, 10208, 10199, 10210, 10199, 10208, 10198, 10206, 10202, 10205, 10203, 10206, 10207, 10202, 10206, 10203, 10205, 10201, 10204, 10201, 10205, 10202, 10200, 10204, 10201, 10198, 10197, 10199, 10193, 10197, 10198, 10207, 10311, 10203, 10313, 10311, 10207, 10190, 10189, 10194, 10190, 10194, 10191, 10191, 10194, 10195, 10191, 10195, 10192, 10192, 10195, 10196, 10192, 10196, 10193, 5219, 5216, 5217, 5139, 5142, 5145, 5140, 5138, 5141, 5138, 5139, 5141, 5140, 5156, 5138, 5140, 5157, 5156, 5137, 10180, 5134, 5134, 5136, 5137, 10181, 10184, 10185, 5164, 5159, 5160, 10180, 10184, 10181, 5217, 5220, 5223, 5219, 5217, 5223, 5220, 5221, 5224, 5133, 5136, 5134, 5137, 10184, 10180, 5133, 5135, 5136, 5223, 5220, 5224, 5221, 5222, 5225, 5130, 5151, 5155, 5130, 5155, 5131, 5131, 5135, 5132, 5130, 5131, 5132, 5224, 5221, 5225, 5222, 10302, 10306, 5132, 5135, 5133, 5225, 5222, 10306, 5141, 5139, 5145, 5145, 5142, 5146, 5146, 5142, 5143, 5143, 5144, 5147, 5146, 5143, 5147, 5164, 5160, 5165, 5228, 5227, 5231, 5228, 5231, 5232, 5226, 5234, 5241, 5227, 5226, 5230, 5241, 5230, 5226, 5231, 5227, 5230, 5229, 5228, 5232, 10314, 5229, 5233, 5233, 5229, 5232, 10314, 5233, 10319, 10338, 10330, 10339, 10330, 10331, 10339, 10337, 10329, 10338, 10336, 10328, 10337, 10329, 10330, 10338, 10328, 10329, 10337, 10335, 10327, 10334, 10331, 10335, 10339, 10326, 10333, 10334, 10333, 10325, 10332, 10325, 10333, 10326, 10324, 10332, 10325, 10324, 10323, 10332, 10323, 10318, 10322, 10318, 10323, 10324, 10317, 10322, 10318, 10317, 10321, 10322, 10317, 10316, 10321, 10316, 10320, 10321, 10320, 10315, 10319, 10316, 10315, 10320, 10315, 10314, 10319, 5234, 5235, 5242, 5235, 5236, 5243, 5242, 5241, 5234, 5243, 5242, 5235, 5236, 5237, 5244, 5237, 5238, 5245, 5244, 5243, 5236, 5245, 5244, 5237, 5238, 5239, 5246, 5246, 5245, 5238, 5239, 5240, 5247, 5240, 10328, 10336, 5247, 5246, 5239, 10326, 10334, 10327, 10327, 10335, 10331, 5247, 5240, 10336, 6955, 6962, 6963, 6971, 6966, 6972, 6950, 2536, 2543, 2543, 2536, 2542, 6950, 2543, 6958, 2537, 2538, 2545, 2534, 2537, 2544, 2545, 2544, 2537, 2544, 2541, 2534, 2538, 2539, 2546, 2539, 2540, 2547, 2546, 2545, 2538, 2547, 2546, 2539, 2540, 2548, 2552, 2548, 2549, 2553, 2552, 2547, 2540, 2553, 2552, 2548, 2549, 2550, 2554, 2553, 2549, 2554, 2550, 2551, 2555, 2551, 6966, 6971, 2554, 2550, 2555, 2555, 2551, 6971, 2535, 2541, 2542, 2535, 2534, 2541, 6956, 6964, 6957, 6962, 6954, 6961, 6954, 6962, 6955, 6953, 6961, 6954, 6953, 6960, 6961, 2536, 2535, 2542, 6955, 6963, 6956, 6968, 6969, 6974, 6975, 6970, 6965, 6969, 6975, 6974, 6957, 6965, 6970, 6969, 6970, 6975, 6951, 6950, 6958, 6952, 6960, 6953, 6951, 6959, 6952, 6964, 6956, 6963, 6957, 6964, 6965, 6966, 6967, 6972, 6967, 6968, 6973, 6959, 6951, 6958, 6952, 6959, 6960, 6973, 6972, 6967, 6974, 6973, 6968, 5123, 5116, 5125, 5116, 5118, 5125, 2787, 5121, 2781, 5104, 5105, 5111, 5105, 5106, 5112, 5110, 5104, 5111, 5111, 5105, 5112, 5112, 5106, 5113, 5113, 5106, 5107, 5107, 5108, 5114, 5113, 5107, 5114, 5125, 5118, 5124, 5109, 5119, 5126, 5117, 5124, 5118, 5121, 2787, 5128, 2787, 2781, 2786, 2780, 2786, 2781, 2785, 2779, 2784, 2784, 2778, 2783, 2779, 2785, 2780, 2779, 2778, 2784, 2778, 2777, 2783, 2777, 2782, 2783, 2776, 2771, 2782, 5114, 5108, 5115, 5115, 5108, 5109, 5116, 5123, 5120, 2777, 2776, 2782, 2776, 2766, 2771, 2775, 2771, 2766, 2769, 2767, 2772, 2767, 2768, 2773, 2768, 5104, 5110, 2773, 2772, 2767, 5110, 2773, 2768, 2770, 2769, 2774, 2775, 2766, 2770, 2774, 2769, 2772, 2775, 2770, 2774, 5119, 5120, 5127, 5115, 5109, 5126, 5126, 5119, 5127, 5127, 5120, 5123, 5122, 5121, 5128, 5117, 5122, 5129, 5129, 5122, 5128, 5129, 5124, 5117, 2780, 2785, 2786, 7533, 7531, 7537, 7536, 7530, 7535, 7531, 7532, 7538, 7539, 7529, 7533, 7538, 7537, 7531, 7539, 7533, 7537, 7541, 7540, 7545, 7542, 7541, 7546, 7543, 7542, 7547, 7546, 7541, 7545, 7547, 7542, 7546, 7543, 7547, 7548, 7544, 7543, 7548, 10234, 7544, 7549, 7549, 7544, 7548, 10234, 7549, 10240, 7532, 7528, 7534, 7528, 10218, 10225, 10231, 10224, 10243, 10232, 10238, 10237, 10232, 10233, 10239, 10239, 10233, 10242, 10238, 10232, 10239, 7540, 7530, 7536, 10234, 10240, 10235, 7530, 7529, 7535, 10235, 10241, 10236, 10241, 10235, 10240, 10236, 10241, 10242, 10218, 10219, 10226, 10219, 10220, 10227, 10225, 10218, 10226, 10227, 10226, 10219, 10220, 10221, 10228, 10221, 10222, 10229, 10228, 10227, 10220, 10229, 10228, 10221, 10230, 10229, 10222, 10230, 10222, 10223, 10223, 10224, 10231, 10224, 10237, 10243, 10231, 10230, 10223, 7532, 7534, 7538, 7534, 7528, 10225, 7539, 7535, 7529, 10242, 10233, 10236, 10243, 10237, 10238, 7540, 7536, 7545, 7146, 7139, 7145, 7119, 7118, 7110, 7139, 7138, 7145, 7140, 7139, 7146, 7111, 7112, 7120, 7153, 7149, 7157, 7157, 7150, 7153, 7153, 7142, 7149, 7156, 7152, 7154, 7155, 7151, 7156, 7150, 7154, 7152, 7151, 7152, 7156, 7115, 7114, 7122, 7115, 7122, 7123, 7122, 7114, 7121, 7116, 7115, 7123, 7136, 7116, 7124, 7150, 7157, 7154, 7142, 7148, 7149, 7148, 7141, 7147, 7142, 7141, 7148, 7124, 7116, 7123, 7136, 7124, 7143, 7113, 7117, 7125, 7125, 7121, 7113, 7112, 7126, 7131, 7131, 7120, 7112, 7126, 7127, 7132, 7132, 7131, 7126, 7127, 7128, 7133, 7114, 7113, 7121, 7128, 7129, 7134, 7120, 7119, 7111, 7132, 7127, 7133, 7141, 7140, 7147, 7140, 7146, 7147, 7133, 7128, 7134, 7129, 7130, 7135, 7130, 7151, 7155, 7134, 7129, 7135, 7135, 7130, 7155, 7137, 7136, 7143, 7138, 7137, 7144, 7144, 7137, 7143, 7138, 7144, 7145, 7117, 7118, 7125, 7110, 7111, 7119, 7117, 7110, 7118, 2272, 2270, 2263, 2309, 2304, 2307, 2301, 2304, 2309, 2302, 2303, 2308, 2302, 2308, 2307, 2308, 2303, 2299, 2262, 2263, 2270, 2264, 2262, 2269, 2270, 2269, 2262, 2264, 2269, 2271, 2263, 2265, 2272, 2265, 2266, 2273, 2273, 2272, 2265, 2266, 2267, 2274, 2267, 2268, 2275, 2275, 2274, 2267, 2268, 2276, 2280, 2275, 2268, 2280, 2280, 2276, 2281, 2281, 2276, 2277, 2277, 2278, 2282, 2278, 2279, 2283, 2281, 2277, 2282, 2282, 2278, 2283, 2284, 2264, 2271, 2285, 2284, 2292, 2284, 2271, 2292, 2285, 2292, 2293, 2285, 2293, 2286, 2286, 2294, 2287, 2294, 2286, 2293, 2287, 2294, 2295, 2287, 2295, 2288, 2288, 2295, 2296, 2288, 2296, 2289, 2289, 2296, 2297, 2289, 2297, 2290, 2290, 2298, 2291, 2298, 2290, 2297, 2291, 2298, 2299, 2279, 2300, 2305, 2300, 2301, 2306, 2283, 2279, 2305, 2305, 2300, 2306, 2274, 2273, 2266, 2302, 2307, 2304, 2306, 2301, 2309, 2291, 2299, 2303, 5169, 5166, 5170, 5198, 5206, 5202, 5173, 5171, 5167, 5168, 5171, 5172, 5173, 5169, 5170, 5174, 5175, 5182, 5175, 5176, 5183, 5181, 5174, 5182, 5182, 5175, 5183, 5176, 5177, 5184, 5183, 5176, 5184, 5184, 5177, 5185, 5185, 5177, 5178, 5178, 5179, 5186, 5179, 5180, 5187, 5185, 5178, 5186, 5186, 5179, 5187, 5168, 5172, 5188, 5188, 5193, 5189, 5188, 5172, 5193, 5189, 5193, 5194, 5209, 5201, 5210, 5208, 5200, 5209, 5166, 5174, 5181, 5167, 5169, 5173, 5170, 5166, 5181, 5203, 5211, 5204, 5204, 5212, 5205, 5212, 5204, 5211, 5205, 5212, 5213, 5198, 5205, 5213, 5206, 5198, 5213, 5201, 5202, 5210, 5200, 5201, 5209, 5207, 5199, 5208, 5187, 5180, 5207, 5199, 5200, 5208, 5189, 5194, 5190, 5190, 5195, 5191, 5195, 5190, 5194, 5191, 5195, 5196, 5191, 5196, 5192, 5192, 5196, 5197, 5192, 5197, 5203, 5203, 5197, 5211, 5180, 5199, 5207, 5202, 5206, 5210, 5167, 5171, 5168, 10407, 10406, 10410, 10418, 10420, 10427, 10404, 10396, 10405, 10408, 10407, 10411, 10411, 10407, 10410, 10408, 10411, 10412, 10409, 10408, 10412, 10414, 10409, 10413, 10413, 10409, 10412, 10414, 10413, 10421, 10419, 10424, 10426, 10397, 10418, 10425, 10396, 10397, 10405, 10404, 10403, 10395, 10403, 10402, 10394, 10395, 10396, 10404, 10394, 10395, 10403, 10402, 10401, 10393, 10393, 10394, 10402, 10401, 10400, 10392, 10392, 10393, 10401, 10400, 10399, 10391, 10399, 10398, 10390, 10391, 10392, 10400, 10390, 10391, 10399, 10406, 10389, 10410, 10389, 10384, 10388, 10406, 10384, 10389, 10384, 10383, 10388, 10387, 10382, 10386, 10382, 10381, 10386, 10383, 10385, 10388, 10387, 10385, 10380, 10383, 10380, 10385, 10380, 10382, 10387, 10398, 10386, 10381, 10381, 10390, 10398, 10414, 10421, 10415, 10415, 10422, 10416, 10422, 10415, 10421, 10416, 10422, 10423, 10416, 10423, 10417, 10424, 10419, 10417, 10425, 10418, 10427, 10427, 10420, 10426, 10424, 10417, 10423, 10419, 10426, 10420, 10405, 10397, 10425, 2366, 2364, 2367, 2387, 2399, 2388, 2367, 2364, 2365, 2311, 2331, 2313, 2310, 2311, 2312, 2312, 2311, 2313, 2310, 2316, 2314, 2316, 2310, 2312, 2314, 2315, 2338, 2310, 2314, 2339, 2315, 2314, 2317, 2311, 2310, 2343, 2317, 2314, 2316, 2313, 2337, 2318, 2313, 2318, 2319, 2317, 2316, 2340, 2316, 2312, 2342, 2312, 2313, 2344, 2344, 2313, 2319, 2322, 2332, 2320, 2322, 2320, 2321, 2321, 2324, 2323, 2322, 2321, 2323, 2323, 2336, 2322, 2324, 2325, 2326, 2326, 2325, 2328, 2323, 2324, 2326, 2328, 2325, 2363, 2328, 2363, 2366, 2326, 2327, 2323, 2336, 2323, 2327, 2327, 2326, 2328, 2328, 2329, 2327, 2329, 2328, 2330, 2330, 2328, 2366, 2320, 2332, 2331, 2313, 2331, 2332, 2332, 2322, 2335, 2332, 2335, 2334, 2313, 2332, 2333, 2337, 2313, 2333, 2333, 2332, 2334, 2335, 2322, 2336, 2331, 2311, 2346, 2320, 2331, 2355, 2321, 2320, 2356, 2324, 2321, 2359, 2325, 2324, 2360, 2363, 2325, 2400, 2339, 2314, 2338, 2338, 2315, 2340, 2343, 2310, 2339, 2340, 2315, 2317, 2339, 2338, 2342, 2346, 2311, 2343, 2342, 2338, 2340, 2340, 2316, 2342, 2342, 2312, 2344, 2344, 2319, 2341, 2343, 2339, 2344, 2344, 2339, 2342, 2344, 2349, 2343, 2355, 2331, 2346, 2356, 2320, 2355, 2359, 2321, 2356, 2341, 2345, 2349, 2346, 2343, 2349, 2355, 2346, 2357, 2357, 2346, 2349, 2344, 2341, 2349, 2349, 2345, 2347, 2347, 2348, 2357, 2357, 2349, 2347, 2357, 2348, 2350, 2357, 2350, 2358, 2358, 2350, 2351, 2360, 2324, 2359, 2400, 2325, 2360, 2404, 2386, 2405, 2365, 2373, 2368, 2405, 2401, 2404, 2402, 2401, 2405, 2404, 2400, 2403, 2401, 2400, 2404, 2356, 2355, 2358, 2358, 2355, 2357, 2358, 2361, 2356, 2359, 2356, 2361, 2360, 2359, 2362, 2362, 2359, 2361, 2399, 2387, 2398, 2387, 2393, 2398, 2398, 2397, 2399, 2398, 2395, 2396, 2395, 2391, 2396, 2396, 2397, 2398, 2395, 2378, 2394, 2398, 2392, 2383, 2392, 2398, 2393, 2398, 2377, 2395, 2394, 2391, 2395, 2394, 2390, 2391, 2394, 2385, 2390, 2385, 2380, 2390, 2390, 2375, 2391, 2391, 2374, 2396, 2396, 2373, 2397, 2405, 2389, 2399, 2388, 2399, 2389, 2400, 2360, 2403, 2403, 2360, 2362, 2358, 2351, 2361, 2399, 2402, 2405, 2397, 2402, 2399, 2397, 2365, 2402, 2402, 2364, 2401, 2401, 2363, 2400, 2361, 2351, 2352, 2362, 2361, 2352, 2362, 2352, 2353, 2362, 2353, 2354, 2403, 2362, 2354, 2366, 2363, 2364, 2394, 2384, 2385, 2378, 2384, 2394, 2383, 2377, 2398, 2377, 2378, 2395, 2382, 2377, 2383, 2384, 2380, 2385, 2380, 2379, 2390, 2384, 2379, 2380, 2379, 2375, 2390, 2378, 2379, 2384, 2378, 2375, 2379, 2375, 2374, 2391, 2374, 2373, 2396, 2381, 2376, 2382, 2376, 2377, 2382, 2372, 2376, 2381, 2377, 2375, 2378, 2377, 2374, 2375, 2376, 2374, 2377, 2376, 2373, 2374, 2373, 2365, 2397, 2365, 2364, 2402, 2364, 2363, 2401, 2372, 2368, 2376, 2371, 2368, 2372, 2370, 2368, 2371, 2368, 2373, 2376, 2370, 2367, 2368, 2369, 2367, 2370, 2366, 2369, 2330, 2367, 2369, 2366, 2367, 2365, 2368, 2386, 2389, 2405, 2354, 2386, 2404, 2403, 2354, 2404, 2595, 2587, 2620, 2640, 2607, 2639, 2640, 2639, 2643, 2659, 2383, 2392, 2641, 2643, 2642, 2634, 2632, 2666, 2634, 2631, 2632, 2634, 2633, 2631, 2633, 2630, 2631, 2642, 2643, 2644, 2662, 2671, 2661, 2662, 2660, 2671, 2671, 2660, 2670, 2642, 2644, 2649, 2649, 2644, 2650, 2630, 2629, 2631, 2630, 2625, 2629, 2650, 2644, 2651, 2651, 2644, 2652, 2625, 2628, 2629, 2625, 2624, 2628, 2624, 2623, 2628, 2624, 2622, 2623, 2624, 2621, 2622, 2621, 2616, 2622, 2319, 2318, 2583, 2583, 2318, 2582, 2327, 2329, 2584, 2329, 2330, 2585, 2584, 2329, 2585, 2621, 2615, 2616, 2621, 2613, 2615, 2621, 2598, 2613, 2621, 2620, 2587, 2587, 2598, 2621, 2620, 2614, 2595, 2666, 2667, 2669, 2667, 2668, 2672, 2614, 2612, 2582, 2606, 2586, 2607, 2606, 2585, 2586, 2585, 2330, 2586, 2334, 2587, 2333, 2334, 2335, 2588, 2335, 2336, 2589, 2333, 2587, 2595, 2587, 2334, 2588, 2588, 2335, 2589, 2589, 2336, 2590, 2337, 2333, 2595, 2582, 2318, 2337, 2582, 2337, 2595, 2336, 2327, 2590, 2590, 2327, 2584, 2341, 2319, 2612, 2612, 2319, 2583, 2345, 2341, 2614, 2347, 2345, 2620, 2614, 2341, 2612, 2620, 2345, 2614, 2348, 2347, 2621, 2350, 2348, 2624, 2351, 2350, 2625, 2621, 2347, 2620, 2624, 2348, 2621, 2625, 2350, 2624, 2351, 2630, 2352, 2352, 2633, 2353, 2353, 2634, 2354, 2630, 2351, 2625, 2633, 2352, 2630, 2634, 2353, 2633, 2586, 2330, 2369, 2369, 2370, 2639, 2371, 2643, 2370, 2372, 2644, 2371, 2586, 2369, 2639, 2639, 2370, 2643, 2643, 2371, 2644, 2644, 2372, 2645, 2645, 2372, 2381, 2381, 2382, 2657, 2383, 2658, 2382, 2645, 2381, 2657, 2657, 2382, 2658, 2658, 2383, 2659, 2386, 2354, 2669, 2389, 2386, 2672, 2388, 2389, 2671, 2388, 2670, 2387, 2606, 2584, 2585, 2604, 2584, 2606, 2669, 2634, 2666, 2672, 2669, 2667, 2668, 2661, 2672, 2672, 2661, 2671, 2677, 2670, 2645, 2669, 2354, 2634, 2672, 2386, 2669, 2677, 2657, 2676, 2605, 2584, 2604, 2644, 2645, 2670, 2652, 2644, 2670, 2670, 2388, 2671, 2592, 2590, 2605, 2590, 2584, 2605, 2582, 2595, 2614, 2671, 2389, 2672, 2393, 2676, 2392, 2597, 2588, 2596, 2591, 2589, 2592, 2587, 2597, 2598, 2599, 2589, 2591, 2599, 2588, 2589, 2589, 2590, 2592, 2652, 2670, 2660, 2588, 2599, 2596, 2676, 2658, 2659, 2657, 2658, 2676, 2645, 2657, 2677, 2587, 2588, 2597, 2583, 2582, 2612, 2677, 2387, 2670, 2676, 2393, 2677, 2659, 2392, 2676, 2393, 2387, 2677, 2607, 2586, 2639, 2640, 2643, 2641, 2673, 2611, 2646, 2635, 2609, 2636, 2646, 2647, 2674, 2647, 2648, 2675, 2648, 2653, 2664, 2653, 2654, 2665, 2654, 2655, 2663, 2663, 2655, 2656, 2656, 2652, 2660, 2596, 2600, 2601, 2591, 2593, 2603, 2592, 2605, 2594, 2592, 2594, 2593, 2593, 2591, 2592, 2597, 2596, 2601, 2597, 2601, 2602, 2654, 2651, 2655, 2663, 2660, 2662, 2640, 2641, 2646, 2611, 2640, 2646, 2646, 2641, 2647, 2647, 2641, 2642, 2663, 2662, 2665, 2598, 2597, 2602, 2599, 2591, 2603, 2599, 2603, 2600, 2600, 2596, 2599, 2601, 2600, 2618, 2602, 2601, 2617, 2600, 2603, 2619, 2603, 2593, 2626, 2593, 2594, 2627, 2632, 2638, 2673, 2647, 2642, 2648, 2652, 2655, 2651, 2663, 2656, 2660, 2654, 2650, 2651, 2665, 2662, 2661, 2665, 2661, 2664, 2648, 2642, 2649, 2631, 2638, 2632, 2631, 2637, 2638, 2653, 2650, 2654, 2648, 2649, 2653, 2650, 2653, 2649, 2631, 2629, 2637, 2664, 2661, 2668, 2629, 2636, 2637, 2628, 2636, 2629, 2675, 2667, 2674, 2606, 2608, 2604, 2604, 2608, 2609, 2605, 2604, 2609, 2594, 2605, 2609, 2675, 2668, 2667, 2674, 2666, 2673, 2666, 2632, 2673, 2606, 2607, 2610, 2608, 2606, 2610, 2607, 2640, 2611, 2610, 2607, 2611, 2609, 2608, 2636, 2594, 2609, 2635, 2608, 2610, 2637, 2610, 2611, 2638, 2667, 2666, 2674, 2665, 2654, 2663, 2664, 2653, 2665, 2675, 2648, 2664, 2598, 2617, 2613, 2617, 2598, 2602, 2613, 2618, 2615, 2618, 2613, 2617, 2674, 2647, 2675, 2673, 2646, 2674, 2664, 2668, 2675, 2616, 2615, 2619, 2619, 2615, 2618, 2616, 2626, 2622, 2626, 2616, 2619, 2617, 2601, 2618, 2618, 2600, 2619, 2619, 2603, 2626, 2626, 2593, 2627, 2627, 2594, 2635, 2628, 2635, 2636, 2628, 2623, 2635, 2638, 2611, 2673, 2637, 2610, 2638, 2623, 2622, 2627, 2627, 2622, 2626, 2623, 2627, 2635, 2636, 2608, 2637, 2655, 2652, 2656, 9937, 10655, 9930, 9931, 9927, 10653, 10654, 9929, 9930, 9930, 9932, 9937, 9929, 9928, 9930, 9928, 4542, 9930, 9927, 4540, 9928, 10654, 9930, 10655, 9936, 9931, 10653, 9934, 9936, 10653, 9937, 9935, 10655, 10529, 9934, 10653, 10655, 9935, 10530, 4540, 4542, 9928, 4543, 4540, 9927, 4544, 9932, 4542, 4552, 4550, 9936, 4553, 9935, 4551, 9930, 4542, 9932, 4551, 4947, 4553, 4945, 4550, 4552, 4543, 9927, 9931, 4552, 9936, 9934, 9937, 4551, 9935, 4551, 4544, 4947, 4945, 4540, 4550, 4947, 4541, 4946, 4542, 4947, 4544, 4543, 4550, 4540, 4542, 4541, 4947, 4553, 4947, 4950, 4945, 4552, 4949, 4540, 4541, 4542, 4831, 4829, 4828, 5266, 5265, 10359, 10539, 10540, 10541, 10633, 10535, 10536, 10540, 10528, 10541, 10540, 10538, 10528, 10538, 10535, 10537, 10538, 10536, 10535, 4830, 4827, 4948, 4831, 4830, 4948, 4831, 4828, 4830, 4825, 4826, 4841, 4827, 4825, 4948, 4833, 4831, 4948, 4828, 4829, 4913, 10537, 10528, 10538, 10537, 10534, 10528, 10775, 10739, 10776, 10772, 10740, 10775, 4961, 4825, 4841, 4913, 4829, 4925, 5075, 4913, 4925, 10633, 10536, 10644, 4948, 4825, 4945, 10354, 5265, 10350, 10354, 10355, 5265, 4948, 4945, 4949, 10359, 5265, 10355, 4950, 4947, 4952, 4947, 4946, 5103, 4952, 4947, 5103, 4961, 4841, 4960, 4961, 4960, 5075, 5075, 5087, 4961, 4967, 4968, 5016, 4975, 4976, 5016, 4974, 4975, 5016, 5016, 4968, 4974, 4976, 4980, 5007, 5007, 4980, 4982, 10719, 10633, 10644, 4988, 4963, 5000, 4989, 4988, 4998, 4989, 4994, 4993, 4992, 4989, 4993, 4994, 4989, 4998, 4972, 4966, 5000, 4962, 4972, 5000, 4963, 4962, 5000, 4988, 5000, 4999, 10776, 10739, 10779, 10745, 10753, 10798, 10779, 10745, 10780, 10745, 10795, 10781, 10780, 10745, 10781, 4998, 4988, 4999, 4832, 4833, 10533, 10652, 10541, 10738, 10533, 4833, 4948, 4929, 4832, 10605, 5097, 4944, 10704, 10738, 10541, 10803, 4827, 4826, 4825, 10528, 10529, 10653, 5000, 4966, 5001, 10655, 10530, 10532, 10653, 10541, 10528, 10655, 10532, 10806, 10654, 10655, 10804, 10771, 10740, 10772, 10740, 10739, 10775, 10748, 10747, 10779, 10747, 10745, 10779, 10739, 10749, 10779, 10749, 10748, 10779, 5265, 5264, 10348, 10761, 10765, 10791, 10798, 10755, 10759, 10759, 10760, 10798, 10753, 10754, 10798, 10754, 10755, 10798, 4961, 5100, 10803, 5001, 4966, 5010, 4966, 4967, 5016, 4966, 5011, 5012, 4952, 5103, 10806, 10743, 10740, 10771, 10803, 10730, 10738, 5103, 5101, 10806, 10803, 10719, 10730, 5010, 4966, 5012, 5011, 4966, 5016, 4976, 5007, 5017, 4983, 4984, 5007, 5007, 4982, 4983, 5020, 5021, 5007, 5007, 4984, 5020, 10358, 5270, 10360, 10360, 5270, 10359, 5016, 4976, 5017, 5006, 5007, 5021, 5274, 5273, 10358, 10365, 10364, 10366, 10364, 5274, 10366, 10366, 5274, 10372, 10372, 5274, 10358, 10367, 10365, 10366, 5249, 5254, 10341, 10806, 10804, 10655, 5254, 5255, 10340, 10791, 10786, 10790, 10786, 10789, 10790, 10791, 10768, 10785, 10785, 10786, 10791, 10341, 10342, 5249, 10341, 5254, 10340, 10340, 5255, 5256, 10791, 10765, 10767, 5248, 5250, 10343, 5250, 5249, 10342, 5248, 10348, 5260, 10767, 10768, 10791, 10798, 10760, 10797, 10760, 10791, 10797, 10795, 10745, 10796, 10745, 10798, 10796, 10349, 5265, 10348, 10349, 10350, 5265, 10343, 5250, 10342, 10348, 5248, 10343, 10532, 4952, 10806, 10803, 5100, 10707, 10806, 5101, 10804, 10534, 4948, 10528, 10704, 4944, 10621, 10605, 4832, 10533, 5024, 5006, 5021, 10719, 10644, 10730, 10652, 10539, 10541, 10803, 10707, 10719, 5075, 4925, 5087, 5087, 5100, 4961, 5272, 5270, 10358, 5273, 5272, 10358, 5103, 4946, 5101, 10533, 4948, 10534, 5270, 5266, 10359, 5264, 5261, 10348, 5261, 5260, 10348, 10760, 10761, 10791, 3895, 3875, 4824, 4945, 1288, 1311, 4037, 3797, 3865, 3996, 3787, 4018, 3996, 3770, 3787, 3925, 3759, 3977, 3759, 3731, 4824, 3770, 3759, 4824, 4945, 4244, 4251, 4251, 3914, 4540, 4540, 3914, 4541, 4945, 4251, 4540, 4541, 3914, 4946, 4037, 3865, 4189, 4208, 3875, 3895, 4208, 3895, 4239, 3787, 3770, 4824, 4946, 4824, 5101, 3797, 3787, 4824, 3865, 3797, 4824, 3875, 3865, 4824, 819, 628, 820, 820, 628, 821, 3925, 3731, 3759, 4961, 821, 4825, 821, 4945, 4825, 4945, 1484, 3924, 1484, 3725, 3924, 3725, 815, 4824, 3896, 3895, 4824, 3896, 4824, 3914, 3914, 4824, 4946, 3926, 3925, 3982, 3927, 3926, 3982, 3929, 3927, 3982, 3925, 3977, 3978, 4945, 4213, 4244, 4945, 4194, 4213, 4945, 4042, 4194, 4945, 4023, 4042, 4945, 4001, 4023, 4251, 3896, 3914, 4244, 4208, 4241, 4208, 4240, 4241, 4208, 4239, 4240, 4213, 4210, 4244, 4210, 4209, 4244, 4209, 4208, 4244, 1325, 814, 1475, 1325, 774, 814, 1284, 762, 1305, 4824, 1836, 5101, 1838, 821, 4961, 4824, 1723, 1836, 4824, 613, 1723, 613, 1836, 1723, 4194, 4037, 4191, 4037, 4190, 4191, 1836, 613, 819, 1284, 746, 762, 945, 734, 1264, 4037, 4189, 4190, 949, 947, 1266, 4945, 3982, 4001, 4945, 3929, 3982, 3925, 3978, 3979, 947, 946, 1266, 946, 945, 1264, 902, 927, 932, 927, 899, 926, 3982, 3925, 3979, 3997, 3996, 4023, 899, 925, 926, 902, 900, 927, 900, 899, 927, 899, 898, 925, 821, 628, 886, 3998, 3997, 4023, 4001, 3998, 4023, 3996, 4018, 4019, 945, 668, 734, 898, 656, 925, 898, 640, 656, 613, 628, 819, 4945, 3924, 3929, 4042, 4039, 4194, 4039, 4038, 4194, 4038, 4037, 4194, 4023, 3996, 4020, 3996, 4019, 4020, 946, 1264, 1265, 1266, 946, 1265, 949, 1266, 1271, 1285, 1284, 1305, 1286, 1285, 1307, 1288, 1286, 1307, 1285, 1305, 1306, 1307, 1285, 1306, 1288, 1307, 1311, 1326, 1325, 1475, 1327, 1326, 1477, 1329, 1327, 1477, 1326, 1475, 1476, 1477, 1326, 1476, 1329, 1477, 1481, 628, 613, 4824, 640, 628, 4824, 656, 640, 4824, 668, 656, 4824, 734, 668, 4824, 746, 734, 4824, 762, 746, 4824, 774, 762, 4824, 814, 774, 4824, 815, 814, 4824, 821, 886, 4945, 4945, 886, 902, 1484, 815, 3725, 4945, 902, 932, 4945, 932, 949, 4945, 949, 1271, 4945, 1329, 1481, 4945, 1481, 1484, 4945, 1271, 1288, 4945, 1311, 1329, 3731, 3725, 4824, 6358, 6337, 7923, 6664, 6316, 6340, 10119, 10141, 8227, 6664, 6340, 6681, 6694, 6362, 6519, 5940, 6643, 8227, 8227, 6643, 6654, 8227, 6654, 6664, 8227, 6664, 6681, 8227, 6681, 6694, 8227, 6694, 6757, 10141, 10654, 10807, 10141, 10119, 9929, 8227, 6757, 6770, 8227, 6770, 6784, 6694, 6519, 6757, 6770, 6541, 6560, 10541, 7923, 10803, 8227, 10141, 10807, 10804, 8227, 10807, 6578, 6557, 7923, 6630, 6581, 6629, 6581, 6628, 6629, 6628, 6580, 6627, 6643, 6294, 6654, 10116, 10097, 9921, 10097, 9887, 9921, 10088, 10017, 9870, 6337, 6312, 7923, 6516, 6358, 7923, 10017, 9557, 9870, 10008, 9989, 9540, 9989, 9517, 9540, 9980, 9945, 9500, 6315, 6314, 6338, 6314, 6312, 6337, 6316, 6315, 6340, 6338, 6314, 6337, 9945, 9347, 9500, 6315, 6338, 6339, 6340, 6315, 6339, 6361, 6360, 6517, 6360, 6358, 6516, 6362, 6361, 6519, 10807, 10654, 10804, 6294, 5941, 7923, 5940, 8227, 7921, 6582, 6581, 6630, 10653, 9927, 10541, 6580, 6578, 6627, 6784, 6770, 6560, 6798, 6582, 6630, 6798, 6630, 6831, 9557, 9556, 9869, 8227, 6784, 6798, 9929, 10654, 10141, 8227, 6798, 6831, 8227, 6831, 6836, 10119, 9928, 9929, 10119, 9927, 9928, 9923, 9927, 10119, 9887, 9920, 9921, 9919, 9885, 9918, 9920, 9885, 9919, 9887, 9886, 9920, 9886, 9885, 9920, 9556, 9555, 9869, 9555, 9552, 9867, 6631, 7923, 9338, 6836, 6631, 9338, 8227, 6836, 9943, 6581, 6580, 6628, 6560, 6540, 6559, 6540, 6558, 6559, 6558, 6539, 6557, 10804, 7921, 8227, 6541, 6540, 6560, 9517, 9539, 9540, 9538, 9515, 9537, 9539, 9515, 9538, 9517, 9516, 9539, 6539, 6537, 6557, 6540, 6539, 6558, 6519, 6361, 6518, 6361, 6517, 6518, 9885, 9882, 9918, 9557, 9869, 9870, 5941, 6294, 5940, 5940, 6294, 6643, 9516, 9515, 9539, 6517, 6360, 6516, 6537, 7923, 6557, 9515, 9513, 9537, 9347, 9499, 9500, 6516, 7923, 6537, 10116, 10119, 8227, 9347, 9346, 9499, 9346, 9345, 9499, 9345, 9342, 9497, 9868, 9555, 9867, 9869, 9555, 9868, 9498, 9345, 9497, 9499, 9345, 9498, 10097, 10116, 8227, 10088, 10097, 8227, 10017, 10088, 8227, 10008, 10017, 8227, 9989, 10008, 8227, 9980, 9989, 8227, 9945, 9980, 8227, 9943, 9945, 8227, 6312, 6294, 7923, 9927, 7923, 10541, 9923, 7923, 9927, 9918, 7923, 9923, 9882, 7923, 9918, 9867, 7923, 9882, 9552, 7923, 9867, 9537, 7923, 9552, 9513, 7923, 9537, 9497, 7923, 9513, 9342, 7923, 9497, 9338, 7923, 9342, 9943, 6836, 9338, 6627, 6578, 7923, 6631, 6627, 7923, 880, 879, 1838, 1835, 825, 826, 818, 819, 820, 5996, 7102, 7106, 5953, 7104, 7100, 5996, 6914, 7102, 6912, 5939, 7100, 6908, 5939, 6912, 6904, 5939, 6908, 6904, 2410, 5939, 5995, 821, 5996, 5976, 821, 5995, 5975, 821, 5976, 5973, 821, 5972, 5971, 821, 5973, 5970, 821, 5971, 5965, 821, 5963, 5964, 821, 5965, 821, 5970, 5963, 5974, 821, 5975, 821, 5974, 5972, 5941, 821, 5964, 5939, 820, 5941, 821, 6914, 5996, 1835, 826, 827, 875, 821, 1838, 1835, 827, 864, 1835, 864, 865, 876, 875, 1838, 877, 876, 1838, 878, 877, 1838, 884, 885, 1838, 819, 818, 1836, 818, 823, 824, 844, 843, 821, 1835, 865, 866, 1835, 866, 867, 1835, 867, 868, 5942, 5939, 5944, 5943, 5939, 5945, 5945, 5939, 5946, 818, 824, 825, 818, 829, 835, 818, 830, 828, 829, 818, 828, 830, 818, 831, 818, 835, 822, 823, 818, 822, 7920, 5984, 5985, 5994, 5962, 7920, 2413, 1838, 6907, 2409, 1838, 2413, 1835, 2407, 2411, 6004, 6001, 7923, 6001, 6000, 7923, 5999, 5998, 7923, 2259, 1838, 2409, 1835, 2257, 2407, 6000, 5999, 7923, 7921, 1835, 7920, 5992, 5991, 7920, 2258, 858, 859, 856, 821, 843, 5941, 5964, 5966, 2258, 857, 858, 857, 2258, 821, 6911, 1838, 7923, 7920, 2411, 6905, 5943, 5944, 5939, 7107, 7103, 7923, 7920, 7101, 7105, 7103, 6915, 7923, 7920, 6913, 7101, 6915, 6911, 7923, 5939, 5941, 5940, 7100, 5939, 5942, 7100, 5949, 5950, 5942, 5949, 7100, 5952, 7100, 5950, 7920, 6909, 6913, 7920, 6905, 6909, 5991, 5994, 7920, 5997, 5996, 7923, 5998, 5997, 7923, 1835, 2411, 7920, 1836, 1835, 7921, 6003, 6004, 7923, 1835, 868, 869, 1835, 869, 871, 870, 872, 1835, 871, 870, 1835, 6002, 6003, 7923, 6907, 1838, 6911, 1835, 872, 874, 879, 878, 1838, 818, 825, 1835, 882, 880, 1838, 1838, 881, 882, 861, 863, 2254, 863, 862, 2254, 2258, 859, 860, 2258, 860, 861, 2254, 862, 2255, 5946, 5939, 5947, 5947, 5939, 5948, 5948, 5939, 5956, 5956, 5939, 5957, 2258, 2408, 821, 874, 2256, 2252, 2258, 861, 2254, 2256, 874, 2406, 2408, 2412, 821, 7921, 7920, 5940, 5993, 5992, 7920, 7923, 5996, 7106, 7105, 5955, 7920, 7106, 7107, 7923, 2412, 6906, 821, 2406, 874, 2410, 818, 820, 5939, 820, 821, 5941, 831, 818, 5939, 832, 831, 5939, 833, 832, 5939, 834, 833, 5939, 836, 834, 5939, 5957, 5939, 5958, 845, 844, 821, 5955, 5984, 7920, 6005, 6002, 7923, 7104, 5955, 7105, 7104, 5954, 5955, 5960, 5939, 7920, 7104, 5953, 5954, 7100, 5951, 5953, 7100, 5952, 5951, 7920, 5939, 5940, 5961, 5960, 7920, 5962, 5961, 7920, 7923, 5941, 6005, 7920, 5985, 5986, 7920, 5990, 5993, 7920, 5989, 5990, 7920, 5988, 5989, 7920, 5987, 5988, 2255, 1838, 2259, 837, 836, 5939, 838, 837, 5939, 839, 838, 5939, 840, 839, 5939, 842, 840, 5939, 874, 873, 5939, 841, 842, 5939, 5960, 5959, 5939, 5958, 5939, 5959, 5941, 5983, 6005, 5941, 5982, 5983, 5981, 5982, 5941, 5980, 5981, 5941, 5941, 5979, 5980, 5941, 5978, 5979, 5941, 5977, 5978, 5941, 5969, 5977, 5941, 5968, 5969, 5941, 5967, 5968, 5941, 5966, 5967, 873, 841, 5939, 2410, 874, 5939, 6906, 6910, 821, 6910, 6914, 821, 1835, 2253, 2257, 1835, 2252, 2253, 848, 821, 875, 848, 847, 821, 855, 857, 821, 821, 854, 855, 847, 846, 821, 2255, 862, 1838, 1835, 874, 2252, 818, 1835, 1836, 7920, 5986, 5987, 856, 850, 821, 850, 849, 821, 846, 845, 821, 821, 851, 852, 851, 821, 849, 821, 852, 853, 821, 853, 854, 862, 884, 1838, 883, 881, 1838, 885, 883, 1838, 4551, 9936, 4550, 4544, 4543, 9932, 4550, 4544, 4551, 4550, 4543, 4544, 9937, 9931, 9936, 9932, 9931, 9937, 9936, 4551, 9937, 9932, 4543, 9931, 10531, 4952, 10532, 4952, 10531, 4951, 4951, 4949, 4950, 4949, 4553, 4950, 4951, 4950, 4952, 10531, 10532, 10530, 4948, 4951, 10528, 9935, 9934, 10530, 10530, 9934, 10529, 10529, 10531, 10530, 4553, 4552, 9935, 4552, 4553, 4949, 10528, 4951, 10531, 10528, 10531, 10529, 9935, 4552, 9934, 4948, 4949, 4951, 2258, 2254, 2252, 2253, 2254, 2255, 2253, 2252, 2254, 2257, 2253, 2255, 2258, 2252, 2256, 2257, 2255, 2259, 2408, 2256, 2406, 2408, 2258, 2256, 2407, 2257, 2259, 2407, 2259, 2409, 2412, 2408, 2406, 2411, 2407, 2409, 2412, 2406, 2410, 2411, 2409, 2413, 6905, 2413, 6907, 6906, 2410, 6904, 2413, 6905, 2411, 6906, 2412, 2410, 6907, 6909, 6905, 6910, 6904, 6908, 6910, 6906, 6904, 6909, 6907, 6911, 6914, 6908, 6912, 6913, 6911, 6915, 6911, 6913, 6909, 6914, 6910, 6908, 7101, 6915, 7103, 7102, 6914, 6912, 6915, 7101, 6913, 7102, 6912, 7100, 7103, 7105, 7101, 7106, 7102, 7100, 7106, 7100, 7104, 7105, 7103, 7107, 7106, 7104, 7107, 7107, 7104, 7105, 878, 867, 877, 867, 878, 868, 868, 879, 869, 863, 842, 862, 862, 841, 884, 841, 862, 842, 861, 840, 863, 860, 839, 861, 840, 842, 863, 864, 848, 875, 864, 875, 865, 865, 876, 866, 876, 865, 875, 866, 876, 877, 866, 877, 867, 879, 868, 878, 869, 879, 880, 869, 880, 871, 871, 880, 882, 874, 883, 885, 870, 881, 872, 870, 871, 882, 881, 870, 882, 883, 874, 872, 883, 872, 881, 884, 841, 873, 839, 840, 861, 860, 838, 839, 859, 838, 860, 859, 837, 838, 858, 837, 859, 857, 836, 858, 836, 837, 858, 855, 834, 857, 834, 836, 857, 843, 822, 856, 856, 835, 850, 835, 829, 850, 822, 835, 856, 855, 833, 834, 854, 833, 855, 853, 832, 854, 832, 833, 854, 852, 831, 853, 831, 832, 853, 873, 874, 885, 884, 873, 885, 851, 830, 852, 830, 831, 852, 851, 828, 830, 849, 828, 851, 829, 849, 850, 829, 828, 849, 848, 827, 847, 848, 864, 827, 826, 847, 827, 826, 846, 847, 846, 825, 845, 825, 846, 826, 825, 824, 845, 844, 845, 824, 844, 823, 843, 824, 823, 844, 823, 822, 843, 5958, 5959, 5980, 5965, 5963, 5942, 5965, 5944, 5964, 5943, 5945, 5966, 5964, 5943, 5966, 5945, 5946, 5967, 5966, 5945, 5967, 5967, 5946, 5968, 5968, 5946, 5947, 5947, 5948, 5969, 5968, 5947, 5969, 5950, 5949, 5970, 5952, 5950, 5971, 5971, 5950, 5970, 5973, 5972, 5951, 5973, 5951, 5952, 5973, 5952, 5971, 5949, 5942, 5963, 6005, 5962, 5994, 6003, 5991, 5992, 6004, 5993, 6001, 5992, 6004, 6003, 5992, 5993, 6004, 6002, 5991, 6003, 5994, 6002, 6005, 5991, 6002, 5994, 6001, 5990, 6000, 5990, 6001, 5993, 5989, 6000, 5990, 5989, 5999, 6000, 5988, 5999, 5989, 5988, 5998, 5999, 5998, 5987, 5997, 5987, 5998, 5988, 5997, 5986, 5996, 5986, 5997, 5987, 5985, 5996, 5986, 5985, 5995, 5996, 5984, 5976, 5995, 5984, 5995, 5985, 5970, 5949, 5963, 5951, 5972, 5953, 5953, 5974, 5954, 5974, 5953, 5972, 5954, 5974, 5975, 5954, 5975, 5955, 5976, 5984, 5955, 5976, 5955, 5975, 5948, 5956, 5977, 5956, 5957, 5978, 5969, 5948, 5977, 5977, 5956, 5978, 5978, 5957, 5979, 5979, 5957, 5958, 5983, 5962, 6005, 5982, 5961, 5983, 5961, 5962, 5983, 5981, 5960, 5982, 5980, 5959, 5981, 5960, 5961, 5982, 5959, 5960, 5981, 5944, 5943, 5964, 5979, 5958, 5980, 5965, 5942, 5944, 10794, 10793, 10805, 10805, 7922, 10804, 7496, 4961, 7499, 7492, 4961, 7496, 7488, 4961, 7492, 7486, 4961, 7488, 7523, 4961, 7430, 4961, 7523, 7499, 4969, 7500, 7524, 4970, 4969, 8049, 7497, 4802, 7493, 7493, 4808, 7489, 4969, 4802, 7497, 4961, 2919, 4798, 4977, 4971, 8049, 4971, 4970, 8049, 4979, 4978, 8049, 4978, 4977, 8049, 4981, 4979, 8049, 4985, 4981, 8049, 4986, 4985, 8049, 4987, 4986, 8049, 5022, 4987, 8049, 5023, 5022, 8049, 5025, 5023, 8049, 5008, 5025, 8263, 5009, 5008, 8301, 5019, 5009, 5271, 5018, 5019, 5275, 5015, 5018, 5276, 5102, 5015, 5276, 5102, 5276, 5277, 4961, 10258, 10246, 4961, 10246, 10244, 7486, 2919, 4961, 2919, 2915, 4807, 2915, 2911, 4807, 4803, 4801, 7493, 4801, 4809, 7493, 4809, 4808, 7493, 4802, 4803, 7493, 4807, 4798, 2919, 2911, 4806, 4807, 2911, 4804, 4806, 4808, 4758, 7489, 10258, 4961, 10260, 10260, 4961, 10262, 10262, 4961, 10264, 5009, 10245, 10247, 5009, 10251, 10249, 10245, 5009, 10249, 10264, 4961, 10266, 10266, 4961, 10268, 10268, 4961, 10270, 5009, 10247, 5258, 5009, 5258, 5257, 5009, 5257, 5252, 5009, 5253, 5251, 5009, 5251, 5262, 5009, 5262, 5263, 5009, 5263, 5267, 5009, 5267, 5268, 5009, 5268, 5269, 5253, 5009, 5252, 5271, 5009, 5269, 5275, 5019, 5271, 5276, 5018, 5275, 5102, 5277, 10368, 5102, 10805, 5101, 2561, 6943, 6980, 6979, 2434, 2560, 2558, 6943, 2561, 2434, 2557, 2560, 6936, 2437, 6979, 2437, 2436, 6979, 2436, 2435, 6979, 2435, 2434, 6979, 2558, 2443, 6943, 2558, 2442, 2443, 2558, 2441, 2442, 2558, 2440, 2441, 2434, 2525, 2557, 2440, 1897, 2439, 2439, 1896, 2438, 2433, 1902, 2434, 2432, 1902, 2433, 2438, 1905, 2431, 1905, 2430, 2431, 2430, 1903, 2428, 2428, 1873, 2427, 2427, 1872, 2429, 2414, 1870, 2424, 2426, 1902, 2432, 2425, 1902, 2426, 2423, 1901, 2425, 2422, 1900, 2423, 2424, 1871, 2422, 5102, 5014, 5015, 5102, 5013, 5014, 5102, 5005, 5013, 5102, 5004, 5005, 5102, 5003, 5004, 5102, 5002, 5003, 5102, 4997, 5002, 5102, 4995, 4996, 4996, 4997, 5102, 5102, 4990, 4991, 4991, 4995, 5102, 5102, 4965, 4990, 5102, 4964, 4965, 2418, 1868, 2420, 2420, 1867, 2419, 2419, 1866, 2421, 2429, 1869, 2418, 2416, 1864, 2414, 10803, 8288, 8299, 2415, 1863, 2416, 2417, 6916, 1838, 2415, 2417, 1838, 2421, 1837, 6921, 1837, 1836, 7921, 7497, 7500, 4969, 2790, 2121, 2794, 2496, 2199, 2493, 2493, 2132, 2505, 2530, 1898, 2526, 2525, 1902, 2529, 2492, 1887, 2495, 2505, 1898, 2501, 2500, 1889, 2504, 2504, 1887, 2492, 1898, 2486, 2501, 1898, 2464, 2486, 2485, 1902, 2500, 1898, 2530, 2464, 2463, 2529, 1902, 1902, 2485, 2463, 1887, 2790, 2495, 2132, 2130, 2505, 2130, 2127, 2505, 1898, 2558, 2526, 1898, 2440, 2558, 1902, 2525, 2434, 1898, 1897, 2440, 1897, 1896, 2439, 1896, 1905, 2438, 1905, 1904, 2430, 1904, 1903, 2430, 1903, 1873, 2428, 1873, 1872, 2427, 1872, 1869, 2429, 1901, 1902, 2425, 1900, 1901, 2423, 1871, 1900, 2422, 1870, 1871, 2424, 1869, 1868, 2418, 1868, 1867, 2420, 1867, 1866, 2419, 1864, 1870, 2414, 1863, 1864, 2416, 2415, 1862, 1863, 1862, 2415, 1838, 1866, 1837, 2421, 2903, 4757, 4743, 2903, 4756, 4757, 2903, 2250, 4756, 2903, 2244, 2250, 2903, 2243, 2244, 2903, 2242, 2243, 2903, 2241, 2242, 2903, 2240, 2241, 2237, 2240, 2903, 4758, 2251, 2827, 2251, 2249, 2827, 2249, 2248, 2827, 2203, 2237, 2864, 4768, 4779, 1837, 2247, 2215, 2248, 2246, 2215, 2247, 2245, 2214, 2246, 2239, 2211, 2245, 2238, 2210, 2239, 2223, 2209, 2238, 2237, 2202, 2236, 2236, 2188, 2222, 2235, 2195, 2223, 2233, 2194, 2235, 2230, 2192, 2234, 8293, 7922, 10805, 2234, 2193, 2233, 2232, 2190, 2231, 4733, 2189, 2232, 8288, 10803, 7923, 2231, 2191, 2230, 2222, 2187, 2229, 2229, 2186, 2227, 2227, 2185, 2228, 8337, 8293, 10458, 8336, 8306, 8337, 8335, 8305, 8336, 8334, 8307, 8335, 8333, 8303, 8334, 2226, 2175, 4726, 2224, 2183, 2225, 2225, 2182, 2226, 2228, 2184, 2224, 4733, 4768, 1837, 2175, 1838, 4961, 2215, 2823, 2248, 2207, 2204, 2826, 2204, 2203, 2826, 2215, 2213, 2823, 2213, 2212, 2818, 2208, 2207, 2817, 2801, 2206, 2208, 2206, 2801, 2205, 2212, 2221, 2802, 2221, 2219, 2802, 8332, 8304, 8333, 8325, 8302, 8332, 8299, 8331, 10451, 8331, 8298, 8330, 8330, 8300, 8329, 8329, 8296, 8328, 8328, 8297, 8327, 8327, 8295, 8326, 8326, 8294, 8324, 8313, 8301, 8325, 8312, 8301, 8313, 8319, 8301, 8321, 8323, 8301, 8312, 8301, 8323, 8321, 8301, 8319, 8320, 8324, 8276, 8311, 8311, 8275, 8310, 8310, 8274, 8318, 8318, 8273, 8316, 8316, 8272, 8314, 8314, 8271, 8315, 8315, 8270, 8317, 8308, 8259, 10430, 8317, 8262, 8308, 8259, 10248, 10430, 7922, 7921, 10804, 4964, 4783, 4973, 4973, 4813, 4969, 5102, 4782, 4964, 4823, 4802, 4969, 4969, 4822, 4823, 4969, 4821, 4822, 4969, 4820, 4821, 4969, 4815, 4820, 4969, 4814, 4815, 4813, 4814, 4969, 4783, 4813, 4973, 4782, 4783, 4964, 4800, 4799, 4961, 4798, 4800, 4961, 5102, 4780, 4781, 4781, 4782, 5102, 5102, 4779, 4780, 4799, 4819, 4961, 4819, 4818, 4961, 4818, 4817, 4961, 4817, 4816, 4961, 4816, 4812, 4961, 4812, 4811, 4961, 4811, 4810, 4961, 4810, 4778, 4961, 4778, 4777, 4961, 4777, 4776, 4961, 4776, 4775, 4961, 4775, 4774, 4961, 2219, 2218, 2799, 2220, 2798, 2217, 8307, 8305, 8335, 8305, 8306, 8336, 8306, 8293, 8337, 8302, 8304, 8332, 8301, 8302, 8325, 8303, 8307, 8334, 8304, 8303, 8333, 8298, 8300, 8330, 8300, 8296, 8329, 8299, 8298, 8331, 8296, 8297, 8328, 8297, 8295, 8327, 8295, 8294, 8326, 8294, 8276, 8324, 8276, 8275, 8311, 8275, 8274, 8310, 8274, 8273, 8318, 8273, 8272, 8316, 8272, 8271, 8314, 8271, 8270, 8315, 8270, 8262, 8317, 8262, 8259, 8308, 2220, 2205, 2798, 2121, 2164, 2794, 2794, 2216, 2217, 2794, 2198, 2216, 2794, 2197, 2198, 2794, 2196, 2197, 2794, 2167, 2196, 2794, 2166, 2167, 2794, 2165, 2166, 2164, 2165, 2794, 2218, 2201, 2791, 2201, 2200, 2791, 7439, 7409, 8049, 7408, 7438, 8018, 2200, 2199, 2496, 2199, 2171, 2493, 2211, 2214, 2245, 7524, 7431, 8049, 2214, 2215, 2246, 2210, 2211, 2239, 2209, 2210, 2238, 2195, 2209, 2223, 2203, 2202, 2237, 2202, 2188, 2236, 2194, 2195, 2235, 7431, 7439, 8049, 7438, 7430, 8018, 5025, 8269, 8260, 5025, 8267, 8269, 8201, 8267, 5025, 8196, 4961, 8259, 8198, 8201, 5025, 2193, 2194, 2233, 2192, 2193, 2234, 2190, 2191, 2231, 2191, 2192, 2230, 2189, 2190, 2232, 4733, 2180, 2189, 2188, 2187, 2222, 2187, 2186, 2229, 2186, 2185, 2227, 2185, 2184, 2228, 2184, 2183, 2224, 2183, 2182, 2225, 2182, 2175, 2226, 1836, 1837, 5102, 8197, 8198, 5025, 8193, 8197, 5025, 8191, 8193, 5025, 5025, 8188, 8191, 8192, 4961, 8196, 8190, 4961, 8192, 5025, 8148, 8188, 5025, 8049, 8148, 8042, 4961, 8189, 1837, 2180, 4733, 4961, 8190, 8189, 2171, 2132, 2493, 2131, 2123, 2790, 2126, 2790, 2123, 2126, 2121, 2790, 2790, 2129, 2131, 2790, 2128, 2129, 2790, 2116, 2128, 2790, 2067, 2116, 2127, 1898, 2505, 1887, 2067, 2790, 2171, 2124, 2125, 2125, 2132, 2171, 2171, 2122, 2124, 2171, 2119, 2122, 2121, 2120, 2164, 2171, 2118, 2119, 2117, 2164, 2120, 10800, 10799, 10805, 10805, 10784, 10800, 10805, 10783, 10784, 10805, 10782, 10783, 10801, 10794, 10805, 10799, 10802, 10805, 10802, 10801, 10805, 2171, 2081, 2118, 2080, 2164, 2117, 2171, 2079, 2081, 2080, 2078, 2164, 2170, 1899, 2171, 2169, 1895, 2170, 2168, 1894, 2169, 2163, 1893, 2168, 2164, 1879, 2160, 2162, 1885, 2163, 2161, 1884, 2162, 2181, 1883, 2161, 2177, 1882, 2181, 2179, 1880, 2178, 2178, 1881, 2177, 2160, 1878, 2159, 2159, 1877, 2158, 2158, 1876, 2176, 2174, 1853, 2175, 2173, 1854, 2174, 2176, 1875, 2172, 2172, 1874, 2173, 1837, 2179, 2180, 2069, 1898, 2127, 2068, 1898, 2069, 2065, 1898, 2068, 2064, 1898, 2065, 1887, 2066, 2067, 1887, 2063, 2066, 2171, 1898, 2079, 2078, 1887, 2164, 1898, 2076, 2079, 1898, 2062, 2076, 1887, 2115, 2063, 1887, 2077, 2115, 1887, 2078, 2077, 1898, 2064, 2062, 1899, 1898, 2171, 1895, 1899, 2170, 1894, 1895, 2169, 1893, 1894, 2168, 1885, 1893, 2163, 1887, 1886, 2164, 1886, 1879, 2164, 1884, 1885, 2162, 1883, 1884, 2161, 1882, 1883, 2181, 1881, 1882, 2177, 1880, 1881, 2178, 2179, 1859, 1880, 1879, 1878, 2160, 1878, 1877, 2159, 1877, 1876, 2158, 1876, 1875, 2176, 1875, 1874, 2172, 1874, 1854, 2173, 1854, 1853, 2174, 1853, 1838, 2175, 1837, 1859, 2179, 1890, 2504, 1889, 1891, 2504, 1890, 1902, 1889, 2500, 1892, 1888, 2504, 1892, 2504, 1891, 1888, 1887, 2504, 6994, 6930, 6989, 2218, 2791, 2795, 2794, 2217, 2798, 2799, 2218, 2795, 4774, 4726, 4961, 4805, 4758, 4808, 4797, 4759, 4805, 4796, 4748, 4797, 4795, 4750, 4796, 4794, 4751, 4795, 4793, 4749, 4794, 4792, 4747, 4793, 4791, 4755, 4792, 4773, 4754, 4791, 4790, 4745, 4789, 4789, 4746, 4788, 4788, 4744, 4787, 4787, 4742, 4786, 4786, 4753, 4785, 4785, 4752, 4784, 4784, 4740, 4766, 4771, 4738, 4770, 4767, 4737, 4771, 4772, 4741, 4773, 4770, 4739, 4772, 4768, 4735, 4769, 4769, 4736, 4767, 4766, 4732, 4765, 4765, 4731, 4763, 4763, 4730, 4764, 4762, 4727, 4761, 4764, 4729, 4760, 1847, 1837, 1846, 1837, 1849, 1846, 2791, 2200, 2496, 2798, 2205, 2801, 2802, 2219, 2799, 2801, 2208, 2817, 2818, 2212, 2802, 1855, 1837, 1847, 1861, 1862, 1838, 2817, 2207, 2822, 2823, 2213, 2818, 2822, 2207, 2826, 8267, 8202, 8205, 4760, 4728, 4762, 4761, 4726, 4774, 8204, 8203, 8259, 1836, 5102, 5101, 4804, 2907, 4790, 4790, 2903, 4743, 4759, 4758, 4805, 4750, 4748, 4796, 4751, 4750, 4795, 4749, 4751, 4794, 4747, 4749, 4793, 4748, 4759, 4797, 4755, 4747, 4792, 4754, 4755, 4791, 4741, 4754, 4773, 4743, 4745, 4790, 4745, 4746, 4789, 4746, 4744, 4788, 4744, 4742, 4787, 4742, 4753, 4786, 4753, 4752, 4785, 4752, 4740, 4784, 4739, 4741, 4772, 4738, 4739, 4770, 4737, 4738, 4771, 4736, 4737, 4767, 4735, 4736, 4769, 4768, 4734, 4735, 4768, 4733, 4734, 4740, 4732, 4766, 4732, 4731, 4765, 4731, 4730, 4763, 4730, 4729, 4764, 4729, 4728, 4760, 4728, 4727, 4762, 4727, 4726, 4761, 4726, 2175, 4961, 5102, 1837, 4779, 2826, 2203, 2864, 1860, 1861, 1838, 1844, 1860, 1838, 1852, 1838, 1853, 1851, 1838, 1852, 1842, 1838, 1843, 1845, 1838, 1842, 1838, 1845, 1844, 1838, 1850, 1843, 1838, 1851, 1850, 8007, 6947, 6949, 6948, 6947, 8007, 6949, 6935, 8007, 6935, 6934, 8007, 6934, 6933, 8006, 6933, 6932, 8005, 6932, 6931, 8021, 6931, 6925, 8020, 6925, 6924, 8013, 6924, 6923, 8014, 7923, 6917, 6918, 7923, 6916, 6917, 6922, 6921, 7922, 7922, 1837, 7921, 6985, 6948, 6990, 6989, 6941, 6984, 6994, 6929, 6930, 6927, 6928, 6994, 6928, 6929, 6994, 6930, 6942, 6989, 6982, 6948, 6985, 8047, 7074, 8007, 8205, 8226, 8267, 8225, 8204, 8259, 8259, 8223, 8225, 8226, 8224, 8267, 8292, 7922, 8293, 8290, 7922, 8291, 7922, 8292, 8291, 8287, 8288, 7923, 8286, 8287, 7923, 8289, 7922, 8290, 8257, 7922, 8289, 8256, 7922, 8257, 8255, 7922, 8256, 8251, 7922, 8255, 8249, 7922, 8250, 7922, 8251, 8250, 8248, 7922, 8249, 8286, 8059, 8285, 8285, 8054, 8284, 8284, 8057, 8254, 8254, 8056, 8253, 8253, 8055, 8252, 8268, 8050, 8248, 8267, 8049, 8268, 8252, 8046, 8247, 8247, 8045, 8246, 8246, 8044, 8245, 8258, 8042, 8259, 8245, 8043, 8244, 8244, 8042, 8265, 8266, 8042, 8258, 8264, 8042, 8266, 8042, 8264, 8265, 8048, 7078, 8047, 8009, 7082, 8008, 8015, 7922, 8016, 8016, 7922, 8017, 8267, 8201, 8202, 8203, 8200, 8259, 8200, 8199, 8259, 8199, 8196, 8259, 8017, 7922, 8026, 8026, 7922, 8027, 8010, 8011, 7923, 8010, 7923, 8009, 8011, 8012, 7923, 2827, 2248, 2823, 4758, 2827, 2865, 2864, 2237, 2903, 4758, 2865, 2904, 4758, 2904, 2908, 8012, 8022, 7923, 7923, 8022, 8023, 7923, 8023, 8024, 8024, 8025, 7923, 7923, 8025, 8030, 8030, 8031, 7923, 8031, 8032, 7923, 4758, 2908, 2912, 4758, 2912, 2916, 4758, 2916, 2920, 2903, 4790, 2907, 2907, 4804, 2911, 1865, 1837, 1866, 1848, 1837, 1865, 1837, 1848, 1849, 1837, 1858, 1859, 1837, 1857, 1858, 1837, 1856, 1857, 1837, 1855, 1856, 8049, 4969, 7524, 7430, 4961, 8018, 8041, 4961, 8042, 8040, 4961, 8041, 8004, 4961, 8040, 8003, 4961, 8004, 8019, 4961, 8002, 8032, 8033, 7923, 8033, 8034, 7923, 8034, 8058, 7923, 8027, 7922, 8028, 8028, 7922, 8029, 8029, 7922, 8035, 6923, 6922, 7922, 7923, 6918, 6919, 7923, 6919, 6920, 7923, 6920, 6926, 8223, 8259, 8042, 8224, 8049, 8267, 8058, 8286, 7923, 8038, 7922, 8248, 8063, 8060, 8248, 8060, 8065, 8248, 8065, 8064, 8248, 8059, 8054, 8285, 8058, 8059, 8286, 8054, 8057, 8284, 8057, 8056, 8254, 8056, 8055, 8253, 8248, 8062, 8063, 8248, 8061, 8062, 8248, 8053, 8061, 8248, 8052, 8053, 8248, 8051, 8052, 8050, 8051, 8248, 8049, 8050, 8268, 8055, 8046, 8252, 8046, 8045, 8247, 8045, 8044, 8246, 8044, 8043, 8245, 8043, 8042, 8244, 8221, 8049, 8224, 8042, 8222, 8223, 8154, 8049, 8221, 8042, 8195, 8222, 8153, 8049, 8154, 8042, 8152, 8195, 8039, 8038, 8248, 8064, 8039, 8248, 8150, 8049, 8153, 8149, 8049, 8150, 8042, 8151, 8152, 8042, 8147, 8151, 8148, 8049, 8149, 8042, 8194, 8147, 8042, 8189, 8194, 8008, 7408, 8018, 8049, 7381, 8048, 7923, 6926, 6927, 6990, 6948, 8007, 6927, 6994, 8009, 6923, 7922, 8015, 7923, 6927, 8009, 8014, 6923, 8015, 8013, 6924, 8014, 8020, 6925, 8013, 8021, 6931, 8020, 8005, 6932, 8021, 8006, 6933, 8005, 8007, 6934, 8006, 6995, 6990, 8007, 8009, 6994, 7021, 7022, 6995, 8007, 7045, 7022, 8007, 8009, 7021, 7044, 8009, 7044, 7073, 7074, 7045, 8007, 8009, 7073, 7077, 7078, 7074, 8047, 8009, 7077, 7082, 7083, 7078, 8048, 7085, 8008, 7082, 7086, 7083, 8048, 8008, 7085, 7354, 7086, 8048, 7355, 7408, 8008, 7376, 7378, 8049, 7409, 8008, 7354, 7358, 7355, 8048, 7359, 8008, 7358, 7366, 7359, 8048, 7367, 8008, 7366, 7379, 8008, 7379, 7380, 7367, 8048, 7381, 8008, 7380, 7383, 8008, 7383, 7384, 8008, 7384, 7387, 8008, 7387, 7388, 7381, 8049, 7382, 7382, 8049, 7385, 7385, 8049, 7386, 8008, 7388, 7391, 8008, 7391, 7376, 7386, 8049, 7389, 7389, 8049, 7390, 7390, 8049, 7392, 8049, 7378, 7392, 8035, 7922, 8036, 8036, 7922, 8037, 8037, 7922, 8038, 6984, 6936, 6981, 6980, 6948, 6982, 4961, 8003, 8002, 4961, 8019, 8018, 7468, 7408, 7375, 5025, 8260, 8261, 8263, 5025, 8261, 5008, 8263, 8277, 5008, 8277, 8278, 5008, 8278, 8279, 5008, 8279, 8280, 5008, 8280, 8281, 5008, 8281, 8282, 5008, 8282, 8283, 8301, 5008, 8283, 5009, 8301, 8320, 8259, 4961, 10244, 7408, 7376, 7375, 7461, 7377, 7378, 7469, 7377, 7461, 7461, 7467, 7469, 7461, 7466, 7467, 10788, 10510, 10805, 10787, 10512, 10788, 10769, 10509, 10770, 10770, 10513, 10787, 10766, 10527, 10769, 10508, 10504, 10803, 10504, 10524, 10803, 10524, 10523, 10803, 10523, 10522, 10803, 10522, 10517, 10803, 10517, 10516, 10803, 10516, 10515, 10803, 10515, 10514, 10803, 10514, 10486, 10803, 10803, 10507, 10508, 10803, 10506, 10507, 10803, 10505, 10506, 10766, 10521, 10525, 10509, 10513, 10770, 10512, 10511, 10788, 10513, 10512, 10787, 10511, 10510, 10788, 10766, 10526, 10527, 10527, 10509, 10769, 10525, 10526, 10766, 10762, 10299, 10763, 10758, 10299, 10762, 10764, 10297, 10766, 10763, 10297, 10764, 10752, 10289, 10751, 10757, 10301, 10758, 10756, 10301, 10757, 10746, 10301, 10756, 10750, 10291, 10746, 7464, 7460, 7468, 7463, 7460, 7464, 7409, 7461, 7378, 7460, 7408, 7468, 7461, 7465, 7466, 7461, 7459, 7465, 7462, 7460, 7463, 7462, 7458, 7460, 5009, 8322, 10254, 8322, 5009, 8320, 10248, 8259, 10244, 10430, 10248, 10250, 10252, 10253, 10430, 10255, 10254, 8309, 10430, 10250, 10252, 10430, 10253, 10256, 10257, 10255, 10432, 10430, 10256, 10274, 10430, 10274, 10276, 10257, 10433, 10275, 10275, 10439, 10277, 10276, 10278, 10431, 10277, 10440, 10279, 10251, 5009, 10254, 5259, 5258, 10259, 10344, 5259, 10259, 10261, 10345, 10344, 10793, 10792, 10805, 10263, 10346, 10345, 10792, 10788, 10805, 10265, 10347, 10346, 10267, 10351, 10347, 10270, 4961, 10803, 10269, 10352, 10351, 10352, 10269, 10353, 7374, 7367, 7381, 7371, 7367, 7374, 7370, 7367, 7371, 7364, 7367, 7370, 7379, 7366, 7373, 7366, 7369, 7373, 7366, 7368, 7369, 7366, 7362, 7368, 7364, 7365, 7367, 10259, 5258, 10247, 10344, 10259, 10261, 10345, 10261, 10263, 10346, 10263, 10265, 10347, 10265, 10267, 10351, 10267, 10269, 10353, 10269, 10271, 10353, 10271, 10273, 4758, 2920, 7487, 7487, 7489, 4758, 6936, 6979, 6981, 6989, 6940, 6941, 6942, 6940, 6989, 6939, 6938, 6984, 6938, 6937, 6984, 10353, 10273, 10375, 10375, 10377, 10353, 7362, 7366, 7363, 10805, 5102, 10368, 10356, 10353, 10741, 10357, 10356, 10742, 10362, 10357, 10744, 10751, 10291, 10750, 10486, 10300, 10803, 10766, 10295, 10521, 10300, 10290, 10803, 10288, 10286, 10803, 10289, 10291, 10751, 10378, 10803, 10286, 10378, 10376, 10803, 10301, 10299, 10758, 10290, 10288, 10803, 10299, 10297, 10763, 10291, 10301, 10746, 10297, 10295, 10766, 10510, 10458, 10805, 7923, 1838, 6916, 6921, 1837, 7922, 10363, 10362, 10773, 10361, 10363, 10774, 10370, 10373, 10778, 10371, 10370, 10782, 10373, 10361, 10777, 10805, 10368, 10369, 5101, 10805, 10804, 10377, 10379, 10353, 10287, 10289, 10353, 10379, 10287, 10353, 10353, 10289, 10752, 10272, 10270, 10803, 10374, 10272, 10803, 10376, 10374, 10803, 10805, 10369, 10371, 10742, 10356, 10741, 10741, 10353, 10752, 10744, 10357, 10742, 10773, 10362, 10744, 10774, 10363, 10773, 10777, 10361, 10774, 10778, 10373, 10777, 10782, 10370, 10778, 10805, 10371, 10782, 8322, 8309, 10254, 10255, 8309, 10432, 10433, 10257, 10432, 10430, 10276, 10431, 10431, 10278, 10434, 10439, 10275, 10433, 10440, 10277, 10439, 10434, 10278, 10435, 6945, 6980, 6944, 6980, 6943, 6944, 6948, 6980, 6946, 6980, 6945, 6946, 6941, 6939, 6984, 6937, 6936, 6984, 10435, 10278, 10436, 10279, 10440, 10441, 10437, 10436, 10471, 10438, 10437, 10474, 10444, 10438, 10475, 10462, 10445, 10490, 10441, 10442, 10477, 10442, 10443, 10478, 10443, 10446, 10481, 10446, 10447, 10482, 10447, 10463, 10483, 10448, 10462, 10491, 10450, 10448, 10492, 10449, 10450, 10493, 10451, 10452, 10505, 10453, 10454, 10495, 10452, 10453, 10496, 10454, 10449, 10494, 10463, 10455, 10497, 10455, 10457, 10498, 10456, 10461, 10500, 10457, 10456, 10499, 10460, 10459, 10502, 10459, 10458, 10503, 10461, 10460, 10501, 10803, 8299, 10451, 10458, 8293, 10805, 10281, 10279, 10441, 10436, 10278, 10471, 10441, 10477, 10281, 10471, 10278, 10280, 10280, 10282, 10470, 10283, 10281, 10479, 10282, 10284, 10466, 10285, 10283, 10480, 10293, 10285, 10465, 10466, 10284, 10292, 10803, 10451, 10505, 10466, 10292, 10294, 10295, 10293, 10468, 10294, 10296, 10467, 10298, 10300, 10486, 10298, 10484, 10296, 10471, 10280, 10470, 10282, 10473, 10472, 10470, 10282, 10472, 10282, 10466, 10464, 10473, 10282, 10464, 10479, 10281, 10477, 10480, 10283, 10479, 10465, 10285, 10480, 10468, 10293, 10465, 10466, 10294, 10467, 10467, 10296, 10484, 10295, 10468, 10469, 10295, 10469, 10487, 10295, 10487, 10488, 10295, 10488, 10489, 10489, 10518, 10295, 10295, 10518, 10519, 10484, 10298, 10485, 10485, 10298, 10486, 10295, 10519, 10520, 10295, 10520, 10521, 10474, 10437, 10471, 10475, 10438, 10474, 10476, 10444, 10475, 10490, 10445, 10476, 10478, 10443, 10481, 10477, 10442, 10478, 10481, 10446, 10482, 10482, 10447, 10483, 10483, 10463, 10497, 10491, 10462, 10490, 10492, 10448, 10491, 10493, 10450, 10492, 10494, 10449, 10493, 10495, 10454, 10494, 10496, 10453, 10495, 10505, 10452, 10496, 10497, 10455, 10498, 10498, 10457, 10499, 10499, 10456, 10500, 10501, 10460, 10502, 10500, 10461, 10501, 10502, 10459, 10503, 10503, 10458, 10510, 10445, 10444, 10476, 10273, 10272, 10375, 10267, 10264, 10266, 10269, 10266, 10268, 10248, 10244, 10245, 10244, 10246, 10247, 10247, 10245, 10244, 10374, 10376, 10377, 10375, 10374, 10377, 10376, 10378, 10379, 10379, 10377, 10376, 10248, 10249, 10250, 10250, 10249, 10251, 10250, 10251, 10252, 10252, 10251, 10254, 10248, 10245, 10249, 10252, 10254, 10253, 10253, 10254, 10255, 10253, 10255, 10256, 10256, 10255, 10257, 10258, 10260, 10261, 10246, 10258, 10259, 10247, 10246, 10259, 10259, 10258, 10261, 10261, 10260, 10263, 10263, 10260, 10262, 10263, 10262, 10265, 10265, 10262, 10264, 10265, 10264, 10267, 10267, 10266, 10269, 10268, 10270, 10271, 10269, 10268, 10271, 10270, 10272, 10273, 10271, 10270, 10273, 10272, 10374, 10375, 10301, 10300, 10299, 10298, 10297, 10299, 10298, 10299, 10300, 10296, 10297, 10298, 10296, 10295, 10297, 10294, 10295, 10296, 10294, 10293, 10295, 10293, 10294, 10292, 10292, 10285, 10293, 10284, 10285, 10292, 10291, 10290, 10301, 10291, 10288, 10290, 10287, 10286, 10289, 10286, 10288, 10289, 10288, 10291, 10289, 10300, 10301, 10290, 10378, 10287, 10379, 10286, 10287, 10378, 10284, 10283, 10285, 10282, 10283, 10284, 10282, 10281, 10283, 10280, 10281, 10282, 10280, 10279, 10281, 10278, 10279, 10280, 10278, 10277, 10279, 10278, 10276, 10277, 10276, 10275, 10277, 10276, 10274, 10275, 10274, 10257, 10275, 10274, 10256, 10257, 7469, 7464, 7468, 7467, 7464, 7469, 7390, 7388, 7389, 7387, 7386, 7389, 7391, 7388, 7390, 7388, 7387, 7389, 7386, 7384, 7385, 7377, 7375, 7378, 7383, 7382, 7385, 7387, 7384, 7386, 7384, 7383, 7385, 7383, 7380, 7382, 7380, 7381, 7382, 7380, 7379, 7381, 7392, 7378, 7376, 7468, 7377, 7469, 7375, 7376, 7378, 7376, 7391, 7392, 7375, 7377, 7468, 7379, 7374, 7381, 7373, 7371, 7374, 7379, 7373, 7374, 7371, 7369, 7370, 7368, 7364, 7370, 7373, 7369, 7371, 7369, 7368, 7370, 7362, 7363, 7365, 7362, 7364, 7368, 7364, 7362, 7365, 7458, 7462, 7465, 7459, 7458, 7465, 7462, 7463, 7466, 7463, 7464, 7467, 7465, 7462, 7466, 7466, 7463, 7467, 7392, 7391, 7390, 4964, 4963, 4965, 4989, 4992, 4991, 4966, 4970, 4967, 5020, 5022, 5023, 4971, 4967, 4970, 5021, 5020, 5023, 5021, 5025, 5024, 5025, 5021, 5023, 5024, 5025, 5008, 4990, 4989, 4991, 4992, 4995, 4991, 4969, 4966, 4972, 4995, 4992, 4993, 4962, 4964, 4973, 4988, 4990, 4965, 4965, 4963, 4988, 4988, 4989, 4990, 4987, 4983, 4986, 4983, 4987, 4984, 4986, 4982, 4985, 4982, 4986, 4983, 4962, 4973, 4972, 4985, 4980, 4981, 4980, 4985, 4982, 4981, 4976, 4979, 5017, 5007, 5019, 5016, 5018, 5015, 5015, 5011, 5016, 5018, 5017, 5019, 5016, 5017, 5018, 5014, 5011, 5015, 5013, 5012, 5014, 5012, 5011, 5014, 5010, 5013, 5005, 5010, 5012, 5013, 5005, 5001, 5010, 5007, 5009, 5019, 5009, 5006, 5008, 4973, 4969, 4972, 4976, 4981, 4980, 4979, 4975, 4978, 4975, 4979, 4976, 4974, 4978, 4975, 4974, 4977, 4978, 4977, 4968, 4971, 4968, 4977, 4974, 5020, 4984, 5022, 4967, 4971, 4968, 4966, 4969, 4970, 4995, 4993, 4996, 4996, 4993, 4994, 4994, 4998, 4997, 4996, 4994, 4997, 4998, 4999, 5002, 4998, 5002, 4997, 5007, 5006, 5009, 5002, 4999, 5003, 5006, 5024, 5008, 5003, 4999, 5000, 5000, 5001, 5004, 5003, 5000, 5004, 4984, 4987, 5022, 5004, 5001, 5005, 4964, 4962, 4963, 10353, 10349, 10352, 10356, 10350, 10353, 10354, 10356, 10357, 10355, 10354, 10357, 10359, 10355, 10362, 10349, 10353, 10350, 5255, 5259, 5256, 10362, 10355, 10357, 5256, 10344, 10340, 10352, 10348, 10351, 10351, 10343, 10347, 10348, 10352, 10349, 10348, 10343, 10351, 5255, 5258, 5259, 5258, 5254, 5257, 5254, 5258, 5255, 5253, 5252, 5250, 10358, 10361, 10373, 10360, 10359, 10363, 10363, 10359, 10362, 10344, 5256, 5259, 10361, 10358, 10360, 10347, 10342, 10346, 10342, 10347, 10343, 10342, 10341, 10346, 10361, 10360, 10363, 10368, 10364, 10365, 10365, 10367, 10369, 10368, 10365, 10369, 10366, 10371, 10367, 10369, 10367, 10371, 5251, 5248, 5260, 5260, 5261, 5262, 10371, 10366, 10370, 10370, 10366, 10372, 10372, 10358, 10373, 10372, 10373, 10370, 5262, 5251, 5260, 5261, 5264, 5263, 5257, 5249, 5252, 5249, 5250, 5252, 5249, 5257, 5254, 5253, 5248, 5251, 5248, 5253, 5250, 5263, 5262, 5261, 5267, 5263, 5264, 10341, 10345, 10346, 10345, 10340, 10344, 10341, 10340, 10345, 5267, 5264, 5265, 5268, 5267, 5265, 5268, 5265, 5266, 5269, 5268, 5266, 5269, 5266, 5270, 5270, 5272, 5271, 5271, 5269, 5270, 5275, 5271, 5272, 5275, 5272, 5273, 5273, 5274, 5276, 5276, 5275, 5273, 5274, 10364, 5277, 5277, 5276, 5274, 10368, 5277, 10364, 10354, 10350, 10356, 10739, 10740, 10741, 10774, 10773, 10772, 10794, 10790, 10793, 10791, 10790, 10794, 10796, 10798, 10799, 10793, 10789, 10792, 10800, 10795, 10796, 10789, 10793, 10790, 10800, 10796, 10799, 10797, 10791, 10801, 10798, 10797, 10802, 10802, 10797, 10801, 10799, 10798, 10802, 10768, 10787, 10785, 10795, 10800, 10784, 10783, 10781, 10784, 10781, 10795, 10784, 10785, 10787, 10788, 10782, 10780, 10783, 10780, 10781, 10783, 10782, 10779, 10780, 10782, 10778, 10779, 10778, 10776, 10779, 10778, 10777, 10776, 10777, 10775, 10776, 10777, 10774, 10775, 10773, 10771, 10772, 10773, 10744, 10771, 10752, 10749, 10739, 10770, 10767, 10769, 10767, 10770, 10768, 10765, 10769, 10767, 10765, 10766, 10769, 10766, 10761, 10764, 10761, 10766, 10765, 10760, 10764, 10761, 10760, 10763, 10764, 10763, 10759, 10762, 10759, 10763, 10760, 10762, 10755, 10758, 10755, 10762, 10759, 10754, 10758, 10755, 10754, 10757, 10758, 10757, 10753, 10756, 10753, 10757, 10754, 10750, 10746, 10747, 10746, 10745, 10747, 10752, 10751, 10749, 10751, 10748, 10749, 10751, 10750, 10748, 10747, 10748, 10750, 10756, 10745, 10746, 10745, 10756, 10753, 10744, 10743, 10771, 10744, 10742, 10743, 10742, 10741, 10740, 10792, 10786, 10788, 10786, 10792, 10789, 10785, 10788, 10786, 10740, 10743, 10742, 10739, 10741, 10752, 10787, 10768, 10770, 10772, 10775, 10774, 10791, 10794, 10801, 4783, 4778, 4813, 4821, 4817, 4822, 4781, 4776, 4782, 4819, 4802, 4823, 4822, 4818, 4823, 4780, 4775, 4781, 4779, 4774, 4780, 4779, 4768, 4761, 4777, 4778, 4783, 4776, 4777, 4782, 4775, 4776, 4781, 4774, 4775, 4780, 4761, 4774, 4779, 4766, 4772, 4773, 4772, 4765, 4770, 4771, 4770, 4763, 4771, 4764, 4767, 4769, 4762, 4768, 4769, 4767, 4760, 4766, 4765, 4772, 4765, 4763, 4770, 4784, 4766, 4773, 4785, 4784, 4791, 4786, 4785, 4792, 4787, 4786, 4793, 4788, 4787, 4794, 4789, 4788, 4795, 4790, 4789, 4796, 4804, 4790, 4797, 4784, 4773, 4791, 4792, 4785, 4791, 4793, 4786, 4792, 4794, 4787, 4793, 4795, 4788, 4794, 4796, 4789, 4795, 4797, 4790, 4796, 4799, 4802, 4819, 4798, 4801, 4800, 4799, 4800, 4803, 4801, 4798, 4809, 4803, 4800, 4801, 4802, 4799, 4803, 4804, 4797, 4805, 4804, 4805, 4806, 4806, 4808, 4807, 4809, 4798, 4807, 4806, 4805, 4808, 4809, 4807, 4808, 4813, 4778, 4810, 4810, 4811, 4814, 4763, 4764, 4771, 4762, 4761, 4768, 4760, 4762, 4769, 4764, 4760, 4767, 4811, 4812, 4815, 4813, 4810, 4814, 4814, 4811, 4815, 4812, 4816, 4820, 4816, 4817, 4821, 4819, 4823, 4818, 4782, 4777, 4783, 4815, 4812, 4820, 4820, 4816, 4821, 4817, 4818, 4822, 10466, 10467, 10469, 10521, 10517, 10525, 10520, 10519, 10515, 10464, 10466, 10468, 10494, 10493, 10500, 10495, 10494, 10501, 10496, 10495, 10502, 10498, 10491, 10497, 10499, 10492, 10498, 10500, 10493, 10499, 10501, 10494, 10500, 10502, 10495, 10501, 10496, 10502, 10503, 10504, 10509, 10524, 10505, 10496, 10503, 10505, 10510, 10506, 10506, 10511, 10507, 10507, 10512, 10508, 10508, 10513, 10504, 10509, 10504, 10513, 10505, 10503, 10510, 10511, 10506, 10510, 10512, 10507, 10511, 10513, 10508, 10512, 10518, 10486, 10514, 10514, 10515, 10519, 10515, 10516, 10520, 10516, 10517, 10521, 10517, 10522, 10525, 10519, 10518, 10514, 10521, 10520, 10516, 10522, 10523, 10526, 10523, 10524, 10527, 10525, 10522, 10526, 10526, 10523, 10527, 10524, 10509, 10527, 10468, 10465, 10464, 10469, 10468, 10466, 10487, 10469, 10467, 10471, 10470, 10477, 10474, 10471, 10478, 10470, 10472, 10479, 10472, 10473, 10480, 10493, 10492, 10499, 10492, 10491, 10498, 10491, 10490, 10497, 10518, 10489, 10486, 10489, 10488, 10485, 10488, 10487, 10484, 10485, 10486, 10489, 10484, 10485, 10488, 10487, 10467, 10484, 10490, 10483, 10497, 10483, 10476, 10482, 10482, 10475, 10481, 10473, 10464, 10465, 10473, 10465, 10480, 10480, 10479, 10472, 10478, 10471, 10477, 10481, 10474, 10478, 10479, 10477, 10470, 10490, 10476, 10483, 10476, 10475, 10482, 10475, 10474, 10481, 4729, 4730, 4737, 2242, 2247, 2243, 4728, 4729, 4736, 4726, 4727, 4734, 2243, 2248, 2244, 2244, 2249, 2250, 2246, 2241, 2245, 2247, 2242, 2246, 2248, 2243, 2247, 2249, 2244, 2248, 2251, 4756, 2250, 2250, 2249, 2251, 4756, 2251, 4758, 4731, 4732, 4739, 2226, 4726, 4733, 2227, 2228, 2234, 2229, 2227, 2233, 4733, 4726, 4734, 2231, 2230, 2224, 2232, 2231, 2225, 4734, 4727, 4735, 4733, 2232, 2226, 2234, 2233, 2227, 4735, 4728, 4736, 2234, 2228, 2230, 4736, 4729, 4737, 4737, 4730, 4738, 4738, 4731, 4739, 4732, 4740, 4741, 4739, 4732, 4741, 4743, 4748, 4745, 4744, 4746, 4751, 4730, 4731, 4738, 4727, 4728, 4735, 4744, 4749, 4742, 4745, 4750, 4746, 4748, 4743, 4759, 4749, 4744, 4751, 4742, 4749, 4747, 4751, 4746, 4750, 2235, 2229, 2233, 2236, 2222, 2223, 2237, 2236, 2238, 2237, 2239, 2240, 4750, 4745, 4748, 4740, 4752, 4754, 4752, 4753, 4755, 2236, 2223, 2238, 2239, 2237, 2238, 2240, 2239, 2245, 2240, 2245, 2241, 2225, 2226, 2232, 2224, 2225, 2231, 2228, 2224, 2230, 2235, 2223, 2222, 2222, 2229, 2235, 4759, 4757, 4758, 4759, 4743, 4757, 4757, 4756, 4758, 4755, 4753, 4747, 4754, 4752, 4755, 4741, 4740, 4754, 4742, 4747, 4753, 2241, 2246, 2242, 10441, 10436, 10442, 10460, 10453, 10459, 10439, 10433, 10431, 10439, 10431, 10434, 10434, 10435, 10440, 8330, 8329, 8335, 8331, 8330, 8336, 10435, 10436, 10441, 10436, 10437, 10442, 10451, 8331, 8337, 8333, 8327, 8332, 10448, 10455, 10462, 10437, 10438, 10443, 10440, 10439, 10434, 8334, 8328, 8333, 8335, 8329, 8334, 8336, 8330, 8335, 10459, 10452, 10458, 10457, 10450, 10456, 8337, 8331, 8336, 10451, 8337, 10458, 10456, 10449, 10461, 10441, 10440, 10435, 10448, 10457, 10455, 10449, 10454, 10461, 10463, 10462, 10455, 10432, 10430, 10433, 8329, 8328, 8334, 8328, 8327, 8333, 8327, 8326, 8332, 8326, 8325, 8332, 8317, 8308, 8309, 8326, 8324, 8325, 10453, 10460, 10454, 8317, 8309, 8322, 8321, 8316, 8319, 8323, 8318, 8321, 8320, 8319, 8314, 8320, 8315, 8322, 8315, 8317, 8322, 10430, 10431, 10433, 8316, 8314, 8319, 8318, 8316, 8321, 8314, 8315, 8320, 8324, 8313, 8325, 8313, 8311, 8312, 8323, 8312, 8310, 8324, 8311, 8313, 8311, 8310, 8312, 10452, 10459, 10453, 10451, 10458, 10452, 10449, 10456, 10450, 10448, 10450, 10457, 10447, 10445, 10463, 10446, 10444, 10447, 10443, 10438, 10446, 10445, 10462, 10463, 10444, 10445, 10447, 8310, 8318, 8323, 8309, 8308, 10432, 10438, 10444, 10446, 10461, 10454, 10460, 10442, 10437, 10443, 8308, 10430, 10432, 2173, 2174, 2179, 2201, 2198, 2200, 2159, 2158, 2161, 2160, 2159, 2162, 2181, 2161, 2158, 2162, 2159, 2161, 2160, 2162, 2163, 2164, 2160, 2163, 2164, 2168, 2165, 2165, 2169, 2166, 2166, 2170, 2167, 2167, 2171, 2196, 2164, 2163, 2168, 2169, 2165, 2168, 2170, 2166, 2169, 2171, 2167, 2170, 2176, 2172, 2177, 2172, 2173, 2178, 2221, 2205, 2220, 2220, 2219, 2221, 2219, 2217, 2218, 2174, 2175, 2180, 2175, 2182, 2189, 2181, 2158, 2176, 2178, 2177, 2172, 2179, 2178, 2173, 2180, 2179, 2174, 2180, 2175, 2189, 2181, 2176, 2177, 2182, 2183, 2190, 2183, 2184, 2191, 2184, 2185, 2192, 2185, 2186, 2193, 2186, 2187, 2194, 2187, 2188, 2195, 2189, 2182, 2190, 2190, 2183, 2191, 2191, 2184, 2192, 2192, 2185, 2193, 2193, 2186, 2194, 2194, 2187, 2195, 2196, 2199, 2197, 2197, 2200, 2198, 2216, 2201, 2218, 2217, 2219, 2220, 2216, 2218, 2217, 2215, 2208, 2213, 2211, 2204, 2214, 2198, 2201, 2216, 2214, 2207, 2215, 2196, 2171, 2199, 2213, 2206, 2212, 2212, 2205, 2221, 2210, 2203, 2211, 2209, 2202, 2210, 2195, 2188, 2209, 2207, 2208, 2215, 2204, 2207, 2214, 2206, 2213, 2208, 2205, 2212, 2206, 2203, 2204, 2211, 2202, 2203, 2210, 2188, 2202, 2209, 2200, 2197, 2199, 8270, 8271, 8278, 8272, 8273, 8280, 8246, 8245, 8249, 8247, 8246, 8250, 8252, 8247, 8251, 8268, 8248, 8244, 8249, 8245, 8248, 8250, 8246, 8249, 8251, 8247, 8250, 8277, 8270, 8278, 8252, 8251, 8255, 8253, 8252, 8255, 8254, 8253, 8256, 8284, 8254, 8257, 8256, 8253, 8255, 8257, 8254, 8256, 8266, 8258, 8260, 8279, 8272, 8280, 8258, 8259, 8261, 8280, 8273, 8281, 8259, 8262, 8263, 8260, 8258, 8261, 8261, 8259, 8263, 8281, 8274, 8282, 8282, 8275, 8283, 8283, 8276, 8301, 8285, 8284, 8289, 8286, 8285, 8290, 8287, 8286, 8291, 8288, 8287, 8292, 8288, 8293, 8299, 8284, 8257, 8289, 8290, 8285, 8289, 8276, 8294, 8301, 8265, 8264, 8267, 8291, 8286, 8290, 8292, 8287, 8291, 8263, 8262, 8277, 8275, 8276, 8283, 8274, 8275, 8282, 8273, 8274, 8281, 8264, 8266, 8269, 8268, 8244, 8265, 8268, 8265, 8267, 8293, 8288, 8292, 8269, 8267, 8264, 8299, 8293, 8306, 8266, 8260, 8269, 8294, 8295, 8302, 8295, 8297, 8304, 8296, 8303, 8297, 8298, 8299, 8306, 8298, 8305, 8300, 8300, 8307, 8296, 8301, 8294, 8302, 8302, 8295, 8304, 8304, 8297, 8303, 8303, 8296, 8307, 8305, 8298, 8306, 8307, 8300, 8305, 8277, 8262, 8270, 8278, 8271, 8279, 8271, 8272, 8279, 8245, 8244, 8248, 1849, 1845, 1846, 1863, 1868, 1864, 1904, 1901, 1903, 1900, 1873, 1903, 1905, 1889, 1902, 1901, 1904, 1902, 1900, 1903, 1901, 1895, 1888, 1899, 1898, 1891, 1897, 1897, 1890, 1896, 1899, 1892, 1898, 1894, 1887, 1895, 1893, 1886, 1894, 1885, 1879, 1893, 1888, 1892, 1899, 1890, 1897, 1891, 1889, 1896, 1890, 1891, 1898, 1892, 1887, 1888, 1895, 1886, 1887, 1894, 1879, 1886, 1893, 1884, 1878, 1885, 1883, 1877, 1884, 1882, 1876, 1883, 1881, 1875, 1882, 1880, 1874, 1881, 1878, 1879, 1885, 1877, 1878, 1884, 1876, 1877, 1883, 1875, 1876, 1882, 1874, 1875, 1881, 1889, 1905, 1896, 1873, 1871, 1872, 1870, 1869, 1872, 1871, 1873, 1900, 1870, 1872, 1871, 1869, 1864, 1868, 1868, 1863, 1867, 1867, 1862, 1866, 1866, 1861, 1865, 1845, 1842, 1846, 1842, 1843, 1847, 1844, 1845, 1849, 1847, 1846, 1842, 1855, 1847, 1843, 1849, 1848, 1844, 1855, 1843, 1850, 1850, 1851, 1856, 1851, 1852, 1857, 1852, 1853, 1858, 1853, 1854, 1859, 1854, 1874, 1880, 1856, 1855, 1850, 1857, 1856, 1851, 1858, 1857, 1852, 1859, 1858, 1853, 1859, 1854, 1880, 1860, 1844, 1848, 1861, 1860, 1865, 1862, 1861, 1866, 1862, 1867, 1863, 1860, 1848, 1865, 1864, 1869, 1870, 1905, 1902, 1904, 2429, 2414, 2424, 2423, 2425, 2430, 2422, 2423, 2428, 2424, 2422, 2427, 6916, 2421, 6921, 2425, 2426, 2431, 2426, 2432, 2438, 2429, 2424, 2427, 2421, 2417, 2419, 2420, 2419, 2415, 2420, 2416, 2418, 2429, 2418, 2414, 6916, 2417, 2421, 2417, 2415, 2419, 2415, 2416, 2420, 2416, 2414, 2418, 6947, 6940, 6949, 6946, 6939, 6948, 6948, 6941, 6947, 6945, 6938, 6946, 6944, 6937, 6945, 6943, 6936, 6944, 6940, 6942, 6949, 6940, 6947, 6941, 6941, 6948, 6939, 6938, 6939, 6946, 6937, 6938, 6945, 6936, 6937, 6944, 2428, 2427, 2422, 2430, 2428, 2423, 2431, 2430, 2425, 2438, 2431, 2426, 2432, 2433, 2439, 2433, 2434, 2440, 2434, 2435, 2441, 2435, 2436, 2442, 2436, 2437, 2443, 2437, 6936, 6943, 2439, 2438, 2432, 2440, 2439, 2433, 2440, 2434, 2441, 6942, 6935, 6949, 6935, 6930, 6934, 6934, 6929, 6933, 6933, 6928, 6932, 6932, 6927, 6931, 6926, 6925, 6931, 6930, 6935, 6942, 6929, 6934, 6930, 6928, 6933, 6929, 2441, 2435, 2442, 2442, 2436, 2443, 2443, 2437, 6943, 6927, 6932, 6928, 6926, 6931, 6927, 6925, 6920, 6924, 6924, 6919, 6923, 6923, 6918, 6922, 6922, 6917, 6921, 6920, 6925, 6926, 6919, 6924, 6920, 6918, 6923, 6919, 6917, 6922, 6918, 6916, 6921, 6917, 8020, 8008, 8018, 8050, 8043, 8051, 8019, 8002, 8005, 8002, 8003, 8006, 8003, 8004, 8007, 8006, 8005, 8002, 8007, 8006, 8003, 8047, 8007, 8004, 8010, 8009, 8014, 8009, 8008, 8013, 8012, 8011, 8016, 8011, 8010, 8015, 8022, 8012, 8017, 8020, 8013, 8008, 8015, 8010, 8014, 8014, 8009, 8013, 8016, 8011, 8015, 8017, 8012, 8016, 8022, 8017, 8026, 8018, 8019, 8021, 8047, 8004, 8040, 8021, 8020, 8018, 8019, 8005, 8021, 8023, 8022, 8026, 8024, 8023, 8027, 8025, 8024, 8028, 8030, 8025, 8029, 8027, 8023, 8026, 8028, 8024, 8027, 8029, 8025, 8028, 8031, 8030, 8035, 8032, 8031, 8036, 8033, 8032, 8037, 8034, 8033, 8038, 8058, 8034, 8039, 8030, 8029, 8035, 8036, 8031, 8035, 8037, 8032, 8036, 8038, 8033, 8037, 8058, 8039, 8064, 8039, 8034, 8038, 8040, 8041, 8048, 8041, 8042, 8049, 8042, 8043, 8050, 8043, 8044, 8051, 8044, 8045, 8052, 8045, 8046, 8053, 8046, 8055, 8061, 8048, 8047, 8040, 8048, 8041, 8049, 8065, 8059, 8064, 8062, 8056, 8063, 8061, 8055, 8062, 8063, 8057, 8060, 8060, 8054, 8065, 8054, 8059, 8065, 8058, 8064, 8059, 8056, 8057, 8063, 8055, 8056, 8062, 8054, 8060, 8057, 8053, 8046, 8061, 8052, 8045, 8053, 8049, 8042, 8050, 8051, 8044, 8052, 7403, 7660, 7401, 2964, 2814, 2940, 7713, 7477, 7719, 7704, 7703, 7705, 7703, 7719, 7705, 7703, 7715, 7719, 7699, 7703, 7704, 2490, 2568, 2678, 7665, 7661, 7704, 7664, 7661, 7665, 7718, 7350, 7638, 7664, 7658, 7661, 3004, 2880, 2967, 7638, 7520, 7793, 2967, 2878, 2966, 7719, 7715, 7713, 7704, 7661, 7699, 7793, 7518, 7792, 7791, 7785, 7790, 7791, 7788, 7785, 7784, 3066, 7789, 3066, 3068, 7789, 7785, 7784, 7790, 7784, 7789, 7790, 3060, 2898, 3004, 3068, 3063, 3067, 3066, 3063, 3068, 7792, 7508, 7791, 7259, 7252, 7260, 7788, 7791, 7508, 2814, 2811, 2940, 7249, 7259, 7241, 7656, 7401, 7660, 7660, 7403, 7471, 7158, 6999, 7002, 7656, 7398, 7401, 7653, 7398, 7656, 7653, 7649, 7395, 7398, 7653, 7395, 2811, 2808, 2939, 7649, 7098, 7395, 2814, 2964, 2872, 2874, 2872, 2965, 2874, 2966, 2878, 2880, 2878, 2967, 2898, 2880, 3004, 7260, 7258, 7265, 7252, 7258, 7260, 7249, 7252, 7259, 2696, 2566, 2695, 2695, 2570, 2697, 2808, 2805, 2938, 2698, 2575, 2699, 2805, 2513, 2937, 2699, 6999, 7158, 2697, 2573, 2698, 7241, 7247, 7249, 3063, 2933, 3067, 3067, 2924, 3061, 3061, 2921, 3060, 7167, 7065, 7241, 7166, 7013, 7167, 7165, 7011, 7166, 7160, 7008, 7165, 7159, 7004, 7160, 7158, 7002, 7159, 7719, 7477, 7718, 7264, 7098, 7277, 7477, 7710, 7479, 7264, 7094, 7098, 2898, 3060, 2921, 7264, 7093, 7094, 7257, 7093, 7264, 7251, 7093, 7257, 7011, 7013, 7166, 7247, 7090, 7251, 7011, 7165, 7008, 7241, 7090, 7247, 7090, 7241, 7065, 7090, 7093, 7251, 7013, 7065, 7167, 7473, 7479, 7714, 7471, 7473, 7702, 7350, 7520, 7638, 7471, 7702, 7697, 7008, 7160, 7004, 7702, 7473, 7714, 2575, 6999, 2699, 2575, 2698, 2573, 7002, 7004, 7159, 7710, 7477, 7713, 7477, 7350, 7718, 7714, 7479, 7710, 7660, 7471, 7697, 7505, 7503, 7513, 2570, 2573, 2697, 2570, 2695, 2566, 7513, 7503, 7512, 2568, 2566, 2696, 7508, 7505, 7516, 7516, 7505, 7513, 7516, 7788, 7508, 7518, 7508, 7792, 2924, 2921, 3061, 7520, 7518, 7793, 2678, 2568, 2696, 2930, 2927, 2936, 2936, 2927, 2933, 2966, 2874, 2965, 2965, 2872, 2964, 2513, 2521, 2680, 2517, 2515, 2682, 2515, 2490, 2681, 7503, 2930, 7512, 7512, 2930, 2936, 2927, 2924, 3067, 2521, 2517, 2684, 2681, 2490, 2678, 2682, 2515, 2681, 2684, 2517, 2682, 2933, 2927, 3067, 2513, 2680, 2937, 2680, 2521, 2684, 7260, 7265, 7272, 7265, 7278, 7284, 7284, 7278, 7279, 2938, 2805, 2937, 2939, 2808, 2938, 7272, 7265, 7284, 7284, 7279, 7285, 2940, 2811, 2939, 7277, 7098, 7649, 7260, 7290, 7259, 7735, 7643, 7733, 7286, 7242, 7288, 7242, 7241, 7288, 7241, 7259, 7288, 7284, 7285, 7301, 7288, 7259, 7290, 7290, 7260, 7295, 7287, 7288, 7290, 7289, 7287, 7290, 2679, 2704, 2691, 7290, 7295, 7289, 7295, 7260, 7272, 7296, 7289, 7295, 7296, 7295, 7300, 7295, 7272, 7302, 7302, 7272, 7284, 2680, 2684, 2692, 2680, 2692, 2686, 2937, 2680, 2686, 2686, 2692, 2694, 2694, 2957, 2686, 2684, 2682, 2688, 2682, 2681, 2687, 2688, 2682, 2687, 2689, 2693, 2688, 2688, 2687, 2689, 2690, 2689, 2687, 2681, 2678, 2679, 7796, 3075, 7794, 7789, 3075, 7796, 2937, 2686, 2956, 2938, 2937, 2956, 2957, 2959, 2686, 2938, 2956, 2958, 2939, 2938, 2958, 2958, 2956, 2960, 2956, 2686, 2962, 2962, 2686, 2959, 2939, 2958, 2960, 7284, 7301, 7679, 2940, 2939, 2960, 7302, 7284, 7679, 2960, 2956, 2962, 7300, 7295, 7302, 2962, 2959, 2961, 2940, 2960, 2962, 2964, 2940, 2962, 2962, 2961, 2963, 7300, 7302, 7678, 2962, 2963, 2968, 2678, 2704, 2679, 2678, 2696, 2704, 7790, 7789, 7796, 7790, 7796, 7797, 7796, 7794, 7795, 2964, 2962, 2968, 2965, 2964, 2968, 7638, 7793, 7802, 7638, 7802, 7643, 7641, 7642, 7802, 7642, 7733, 7643, 7802, 7642, 7643, 7797, 7796, 7795, 2968, 2963, 2969, 2968, 2969, 2971, 2968, 2971, 2970, 2965, 2968, 2970, 2966, 2965, 2970, 2966, 2970, 2972, 2970, 2971, 2973, 2972, 2970, 2973, 2967, 2966, 2972, 2967, 2972, 2974, 7792, 7791, 7799, 7797, 7795, 7798, 7688, 7664, 7665, 2972, 2973, 2975, 2974, 2972, 2975, 7679, 7301, 7675, 7678, 7302, 7683, 7679, 7675, 7684, 7302, 7679, 7691, 7684, 7675, 7681, 7683, 7302, 7692, 7691, 7679, 7684, 7684, 7681, 7691, 7692, 7302, 7691, 7691, 7681, 7686, 7686, 7688, 7692, 7690, 7683, 7692, 7692, 7691, 7686, 7688, 7665, 7692, 7692, 7665, 7730, 7673, 7690, 7692, 7673, 7692, 7730, 7797, 7798, 7799, 3004, 2967, 2974, 7287, 7286, 7288, 2974, 2975, 3015, 7799, 7798, 7800, 7791, 7790, 7797, 7799, 7791, 7797, 7792, 7799, 7801, 7793, 7792, 7801, 7802, 7793, 7801, 7801, 7799, 7800, 3016, 2974, 3015, 7800, 7641, 7801, 7802, 7801, 7641, 7704, 7732, 7730, 7729, 7673, 7730, 7730, 7732, 7729, 7731, 7729, 7732, 7705, 7719, 7736, 7705, 7736, 7732, 7789, 3068, 3075, 7732, 7704, 7705, 3075, 3074, 7794, 7730, 7665, 7704, 3068, 3073, 3075, 3068, 3067, 3073, 3073, 3074, 3075, 3073, 3072, 3074, 3073, 3071, 3072, 3067, 3071, 3073, 3071, 3070, 3072, 3071, 3069, 3070, 3069, 3017, 3070, 3067, 3061, 3071, 3061, 3069, 3071, 3061, 3060, 3069, 7179, 7177, 7178, 7178, 7166, 7167, 7177, 7176, 7178, 7176, 7166, 7178, 7177, 7175, 7176, 7175, 7174, 7176, 7175, 7173, 7174, 7176, 7165, 7166, 7174, 7165, 7176, 7174, 7160, 7165, 7734, 7731, 7736, 7736, 7731, 7732, 7736, 7719, 7735, 7719, 7718, 7735, 2687, 2681, 2679, 2691, 2690, 2679, 2690, 2687, 2679, 2692, 2684, 2688, 2692, 2688, 2693, 2694, 2692, 2693, 7173, 7171, 7174, 7173, 7172, 7171, 7171, 7160, 7174, 7172, 7170, 7171, 7170, 7159, 7171, 2696, 2695, 2702, 2704, 2696, 2702, 2704, 2702, 2705, 2705, 2691, 2704, 2705, 2702, 2703, 2695, 2697, 2706, 2702, 2695, 2706, 2706, 2697, 2708, 2703, 2702, 2706, 2707, 2703, 2706, 2707, 2706, 2708, 2698, 2699, 2709, 2698, 2709, 2708, 2708, 2709, 2710, 2709, 2699, 7168, 7168, 2699, 7158, 2709, 7168, 2711, 7169, 2711, 7168, 2708, 2697, 2698, 2710, 2707, 2708, 2711, 2710, 2709, 7160, 7171, 7159, 7172, 7169, 7170, 7169, 7168, 7170, 7170, 7158, 7159, 3060, 3004, 3016, 3060, 3016, 3069, 3016, 3015, 3017, 3069, 3016, 3017, 7286, 7179, 7242, 7179, 7178, 7242, 7178, 7167, 7242, 7167, 7241, 7242, 7168, 7158, 7170, 7736, 7735, 7734, 7733, 7734, 7735, 7718, 7638, 7643, 7735, 7718, 7643, 3004, 2974, 3016, 7711, 7712, 7734, 7501, 7510, 2935, 2694, 2523, 2957, 2689, 2518, 2693, 2693, 2522, 2694, 2691, 2520, 2690, 2690, 2519, 2689, 7349, 7475, 7733, 7475, 7709, 7708, 7476, 7709, 7475, 7700, 7709, 7476, 7696, 7470, 7644, 7700, 7472, 7696, 7476, 7472, 7700, 7472, 7470, 7696, 7005, 7000, 7169, 7006, 7005, 7172, 7009, 7006, 7173, 7012, 7009, 7175, 7014, 7012, 7177, 7014, 7179, 7087, 2957, 2523, 2806, 2809, 2959, 2806, 2812, 2961, 2809, 2815, 2963, 2812, 7795, 7786, 7798, 7794, 7782, 7795, 7800, 7517, 7641, 7798, 7507, 7800, 7786, 7514, 7798, 7795, 7783, 7786, 7782, 7783, 7795, 7514, 7507, 7798, 2705, 2569, 2691, 7000, 2577, 2711, 2577, 2576, 2710, 2576, 2571, 2707, 2571, 2567, 2703, 2567, 2569, 2705, 7510, 7501, 7502, 7510, 7502, 7511, 2522, 2523, 2694, 2518, 2522, 2693, 2520, 2519, 2690, 2519, 2518, 2689, 7511, 7502, 7507, 7511, 7507, 7514, 2703, 2567, 2705, 2707, 2571, 2703, 2710, 2576, 2707, 2711, 2577, 2710, 7000, 2711, 7169, 7088, 7087, 7245, 7507, 7517, 7800, 7517, 7348, 7641, 7655, 7400, 7652, 7655, 7393, 7400, 7652, 7397, 7648, 7091, 7088, 7248, 7248, 7088, 7245, 7091, 7248, 7255, 7394, 7271, 7648, 7095, 7091, 7255, 7096, 7095, 7266, 7096, 7271, 7394, 7400, 7397, 7652, 7266, 7095, 7255, 7271, 7096, 7266, 7397, 7394, 7648, 7644, 7393, 7655, 2934, 2929, 2935, 7173, 7006, 7172, 7175, 7009, 7173, 7177, 7012, 7175, 7179, 7014, 7177, 3074, 3065, 7794, 3072, 3065, 3074, 3065, 7782, 7794, 3072, 3064, 3065, 7393, 7644, 7470, 2873, 2969, 2815, 2873, 2876, 2971, 2876, 2879, 2973, 7641, 7348, 7642, 3072, 2926, 3064, 7642, 7349, 7733, 2879, 2881, 2975, 3070, 2923, 3072, 3017, 2899, 3070, 7087, 7179, 7286, 7245, 7087, 7286, 7246, 7245, 7286, 7250, 7246, 7286, 7250, 7286, 7287, 7256, 7250, 7289, 2881, 2897, 3015, 7289, 7250, 7287, 2897, 2899, 3017, 7698, 7647, 7672, 7348, 7349, 7642, 3015, 2897, 3017, 2975, 2881, 3015, 2973, 2879, 2975, 7672, 7669, 7673, 2971, 2876, 2973, 2969, 2873, 2971, 2963, 2815, 2969, 7267, 7256, 7289, 7270, 7267, 7296, 7296, 7267, 7289, 7298, 7270, 7296, 2961, 2812, 2963, 2959, 2809, 2961, 2957, 2806, 2959, 7673, 7669, 7690, 7733, 7711, 7734, 7733, 7708, 7711, 7672, 7673, 7729, 7678, 7680, 7674, 7674, 7300, 7678, 7685, 7680, 7683, 7680, 7678, 7683, 2923, 2926, 3072, 7299, 7298, 7300, 7300, 7674, 7299, 7298, 7296, 7300, 7690, 7669, 7685, 7733, 7475, 7708, 7685, 7683, 7690, 2934, 3064, 2926, 7712, 7731, 7734, 2520, 2691, 2569, 2899, 2923, 3070, 7712, 7701, 7731, 7698, 7672, 7729, 7701, 7729, 7731, 7701, 7698, 7729, 2926, 2929, 2934, 2929, 7501, 2935, 7172, 7005, 7169, 6984, 6981, 6978, 7440, 7430, 7438, 7504, 2931, 2930, 2931, 2927, 2930, 2931, 2928, 2927, 2928, 2924, 2927, 7504, 2930, 7503, 2487, 2463, 2485, 2928, 2925, 2924, 2925, 2921, 2924, 6992, 6993, 6996, 2925, 2922, 2921, 2922, 2898, 2921, 2905, 2898, 2922, 7487, 2931, 7504, 7484, 2919, 7486, 7487, 2920, 2931, 2489, 2490, 2514, 2489, 2488, 2568, 2490, 2489, 2568, 7484, 2918, 2919, 7482, 2917, 7484, 2917, 2918, 7484, 7489, 7487, 7504, 2499, 2483, 2485, 2502, 2504, 2491, 2504, 2492, 2491, 2493, 2505, 2516, 2493, 2516, 2511, 2491, 2492, 2494, 7485, 7484, 7486, 2494, 2492, 2495, 7483, 7482, 7485, 7482, 7484, 7485, 2496, 2493, 2511, 2928, 2931, 2920, 2496, 2511, 2512, 2491, 2789, 2510, 2494, 2495, 2788, 2496, 2512, 2791, 6992, 6996, 7020, 2920, 2916, 2928, 2918, 2915, 2919, 2894, 2857, 2902, 2918, 2914, 2915, 2917, 2913, 2918, 2913, 2914, 2918, 2894, 2895, 2847, 2506, 2498, 2497, 2506, 2497, 2507, 2497, 2500, 2502, 7023, 7033, 7021, 2489, 2486, 2488, 7033, 7044, 7021, 7064, 7022, 7066, 2505, 2501, 2514, 2909, 2914, 2913, 2916, 2925, 2928, 6994, 6988, 6992, 7481, 7474, 7471, 2483, 2487, 2485, 2916, 2912, 2925, 2914, 2911, 2915, 2914, 2910, 2911, 7471, 7403, 7481, 2912, 2922, 2925, 2910, 2907, 2911, 2800, 2788, 2796, 2816, 2494, 2800, 2909, 2910, 2914, 2500, 2497, 2498, 2500, 2498, 2499, 2896, 2910, 2909, 2912, 2908, 2922, 2910, 2906, 2907, 2908, 2905, 2922, 2908, 2904, 2905, 2906, 2903, 2907, 2906, 2902, 2903, 2896, 2906, 2910, 2906, 2895, 2902, 2793, 2816, 2797, 2499, 2485, 2500, 2501, 2489, 2514, 2497, 2502, 2503, 6988, 6991, 6993, 7007, 6990, 7010, 7044, 7033, 7040, 2503, 2502, 2509, 2507, 2497, 2503, 2504, 2502, 2500, 2516, 2505, 2514, 7480, 7477, 7479, 7479, 7473, 7480, 6994, 6989, 6988, 7345, 7522, 7346, 7527, 7350, 7478, 2506, 2507, 2508, 7350, 7477, 7478, 2796, 2794, 2798, 7350, 7527, 7520, 7007, 6985, 6990, 2532, 2531, 2508, 7066, 7022, 7045, 2531, 2506, 2508, 7480, 7478, 7477, 7081, 7352, 7356, 7084, 7081, 7372, 7084, 7361, 7353, 2807, 2810, 2799, 7044, 7040, 7072, 7354, 7084, 7353, 7396, 7086, 7355, 7354, 7353, 7357, 7396, 7355, 7399, 7356, 7457, 7081, 7357, 7353, 7361, 7361, 7084, 7372, 2800, 2796, 2798, 7066, 7045, 7089, 7358, 7354, 7357, 7399, 7355, 7359, 7358, 7357, 7361, 7399, 7359, 7402, 7372, 7081, 7457, 7457, 7356, 7360, 7013, 7064, 7065, 2802, 2799, 2810, 7366, 7358, 7361, 7402, 7359, 7367, 7366, 7361, 7372, 7003, 6985, 7007, 6989, 6984, 6988, 2532, 2474, 2531, 6984, 6983, 6988, 6983, 6991, 6988, 7065, 7064, 7066, 7474, 7480, 7473, 2462, 2474, 2532, 2487, 2474, 2462, 7471, 7474, 7473, 7068, 6997, 7067, 2800, 2798, 2801, 2895, 2906, 2896, 2802, 2810, 2813, 2816, 2800, 2801, 2502, 2491, 2509, 2509, 2491, 2510, 2818, 2802, 2813, 2895, 2894, 2902, 7402, 7367, 7404, 7457, 7360, 7351, 7372, 7457, 7404, 7404, 7458, 7459, 7363, 7366, 7372, 7363, 7372, 7404, 7365, 7363, 7404, 7367, 7365, 7404, 7010, 6990, 6995, 6994, 6992, 7020, 2905, 2880, 2898, 7010, 6995, 7064, 7020, 7021, 6994, 7064, 6995, 7022, 7020, 6996, 6997, 2905, 2882, 2880, 2882, 2878, 2880, 6999, 6998, 7002, 2882, 2877, 2878, 2877, 2874, 2878, 7002, 6998, 7001, 7002, 7001, 7004, 7004, 7001, 7003, 2877, 2875, 2874, 2875, 2872, 2874, 2875, 2814, 2872, 2871, 2814, 2875, 2904, 2882, 2905, 2902, 2857, 2903, 2857, 2870, 2903, 2870, 2864, 2903, 2904, 2865, 2882, 7004, 7003, 7008, 7098, 7097, 7395, 7395, 7097, 7398, 7097, 7099, 7404, 7099, 7396, 7402, 7068, 7067, 7069, 7098, 7092, 7097, 7398, 7097, 7404, 7402, 7396, 7399, 7404, 7099, 7402, 6983, 6987, 6991, 7068, 7069, 7070, 2462, 2463, 2487, 7094, 7092, 7098, 7008, 7003, 7007, 7093, 7092, 7094, 7008, 7007, 7011, 7398, 7404, 7401, 2870, 2860, 2864, 7093, 7089, 7092, 7401, 7404, 7403, 7404, 7481, 7403, 7003, 6982, 6985, 7001, 6982, 7003, 7090, 7089, 7093, 6984, 6978, 6983, 7457, 7351, 7405, 7457, 7405, 7407, 7011, 7007, 7010, 7011, 7010, 7013, 7013, 7010, 7064, 7406, 7412, 7436, 7407, 7405, 7406, 7407, 7406, 7436, 7072, 7070, 7071, 7070, 7069, 7075, 7407, 7438, 7408, 7409, 7439, 7474, 7347, 7411, 7410, 7411, 7412, 7410, 2797, 2820, 2803, 7474, 7461, 7409, 7489, 7504, 7506, 6988, 6993, 6992, 7486, 7488, 7485, 6978, 6987, 6983, 6978, 6986, 6987, 7001, 6980, 6982, 6981, 6976, 6978, 6998, 6980, 7001, 6979, 6976, 6981, 6976, 6986, 6978, 6976, 6977, 6986, 2789, 2491, 2793, 2491, 2494, 2816, 2788, 2495, 2790, 2791, 2512, 2804, 2788, 2790, 2792, 2795, 2791, 2804, 7457, 7407, 7408, 2512, 2805, 2808, 2807, 2804, 2810, 2804, 2512, 2813, 2512, 2808, 2871, 7071, 7070, 7075, 7072, 7073, 7044, 2788, 2792, 2796, 2501, 2486, 2489, 7090, 7066, 7089, 2813, 2810, 2804, 2813, 2512, 2871, 2871, 2808, 2811, 2847, 2846, 2894, 2494, 2788, 2800, 2793, 2491, 2816, 7527, 7521, 7520, 2845, 2846, 2847, 2845, 2825, 2846, 7521, 7518, 7520, 7519, 7509, 7508, 7521, 7519, 7518, 7508, 7518, 7519, 2877, 2882, 2865, 2860, 2826, 2864, 2871, 2811, 2814, 7021, 7020, 7023, 7072, 7071, 7073, 7089, 7045, 7074, 2792, 2790, 2794, 7020, 6997, 7023, 2820, 2797, 2816, 6997, 6996, 7067, 2816, 2801, 2817, 2818, 2813, 2871, 2511, 2516, 2521, 2511, 2521, 2513, 2512, 2511, 2513, 2820, 2816, 2817, 2823, 2818, 2871, 2820, 2817, 2822, 2804, 2807, 2795, 2796, 2792, 2794, 7065, 7066, 7090, 7099, 7086, 7396, 7085, 7084, 7354, 7509, 7505, 7508, 7099, 7083, 7086, 7097, 7083, 7099, 7509, 7506, 7505, 7084, 7085, 7082, 7082, 7081, 7084, 2799, 2795, 2807, 7506, 7503, 7505, 2486, 2464, 2488, 2871, 2875, 2823, 2514, 2490, 2515, 2514, 2515, 2517, 2516, 2514, 2517, 2521, 2516, 2517, 7081, 7076, 7352, 7097, 7078, 7083, 7092, 7078, 7097, 7081, 7082, 7077, 2524, 2525, 2529, 2530, 2526, 2564, 2525, 2524, 2556, 2557, 2525, 2556, 2564, 2526, 2572, 2572, 2526, 2558, 2462, 2528, 2527, 2529, 2463, 2527, 2464, 2530, 2565, 2463, 2462, 2527, 2488, 2464, 2565, 7504, 7503, 7506, 7077, 7076, 7081, 2803, 2820, 2819, 2865, 2827, 2877, 2828, 2826, 2860, 2820, 2824, 2819, 2821, 2819, 2824, 2821, 2825, 2845, 2824, 2820, 2822, 7481, 7461, 7474, 7410, 7346, 7347, 7347, 7346, 7413, 7413, 7346, 7522, 2529, 2527, 2524, 2565, 2530, 2564, 2528, 2462, 2532, 7460, 7457, 7408, 7481, 7404, 7461, 2827, 2823, 2875, 7413, 7522, 7423, 7459, 7461, 7404, 2825, 2821, 2824, 2527, 2533, 2524, 2533, 2527, 2528, 2524, 2533, 2562, 2825, 2824, 2828, 7483, 7491, 7490, 7073, 7071, 7076, 7089, 7074, 7092, 7524, 7500, 7527, 7521, 7527, 7500, 7523, 7522, 7499, 7522, 7498, 7499, 2828, 2824, 2826, 7519, 7521, 7500, 7498, 7496, 7499, 7522, 7345, 7498, 7519, 7497, 7509, 7497, 7493, 7509, 7495, 7491, 7496, 7491, 7492, 7496, 7500, 7497, 7519, 7498, 7495, 7496, 7075, 7079, 7071, 7076, 7071, 7079, 7076, 7077, 7073, 7092, 7074, 7078, 7498, 7494, 7495, 7458, 7457, 7460, 7522, 7523, 7423, 7523, 7430, 7423, 7478, 7524, 7527, 2556, 2524, 2562, 2556, 2562, 2563, 2556, 2563, 2559, 2557, 2556, 2559, 2560, 2557, 2559, 7458, 7404, 7457, 7424, 7423, 7430, 7478, 7439, 7431, 2572, 2558, 2574, 2574, 2558, 2561, 2559, 2563, 6977, 2559, 6977, 6976, 2560, 2559, 6976, 2574, 2561, 6998, 6979, 2560, 6976, 6998, 2561, 6980, 2824, 2822, 2826, 7079, 7080, 7076, 7491, 7483, 7485, 7490, 7491, 7495, 7491, 7485, 7488, 2564, 2572, 2573, 2488, 2565, 2566, 2568, 2488, 2566, 2566, 2565, 2570, 2565, 2564, 2570, 2570, 2564, 2573, 7491, 7488, 7492, 7076, 7080, 7352, 7493, 7489, 7506, 2572, 2574, 2575, 2573, 2572, 2575, 2575, 2574, 6999, 6999, 2574, 6998, 7493, 7506, 7509, 7490, 7495, 7494, 7494, 7498, 7345, 7440, 7424, 7430, 7474, 7439, 7480, 2827, 2875, 2877, 7438, 7407, 7436, 7478, 7480, 7439, 7524, 7478, 7431, 7436, 7412, 7411, 7436, 7411, 7437, 7440, 7438, 7437, 7436, 7437, 7438, 2512, 2513, 2805, 2532, 2508, 2520, 2815, 2797, 2803, 2806, 2789, 2809, 7079, 7075, 7091, 7079, 7091, 7095, 7080, 7079, 7095, 7080, 7095, 7096, 6977, 2577, 7000, 6977, 2563, 2577, 2563, 2576, 2577, 7507, 7490, 7517, 7501, 2917, 7482, 2929, 2917, 7501, 7502, 7482, 7483, 2926, 2913, 2929, 7501, 7482, 7502, 2809, 2793, 2812, 7502, 7483, 7507, 2563, 2562, 2576, 7483, 7490, 7507, 2917, 2929, 2913, 2926, 2909, 2913, 2923, 2909, 2926, 2899, 2896, 2923, 2896, 2909, 2923, 6991, 7006, 7009, 2562, 2571, 2576, 7067, 7014, 7087, 2507, 2503, 2518, 2507, 2518, 2519, 7345, 7349, 7348, 7346, 7475, 7349, 7349, 7345, 7346, 7351, 7400, 7393, 7351, 7393, 7405, 7352, 7096, 7394, 7356, 7352, 7394, 7356, 7394, 7397, 7356, 7397, 7360, 7360, 7397, 7400, 7400, 7351, 7360, 2812, 2793, 2797, 7517, 7490, 7494, 6991, 6987, 7006, 6987, 7005, 7006, 2899, 2895, 2896, 7494, 7345, 7348, 7075, 7088, 7091, 7075, 7069, 7088, 2897, 2895, 2899, 7517, 7494, 7348, 2812, 2797, 2815, 2562, 2533, 2571, 2533, 2567, 2571, 2533, 2528, 2567, 2528, 2569, 2567, 2879, 2821, 2845, 2897, 2847, 2895, 2876, 2821, 2879, 2520, 2508, 2519, 2532, 2520, 2569, 2528, 2532, 2569, 7475, 7410, 7476, 7410, 7412, 7476, 7475, 7346, 7410, 2508, 2507, 2519, 2503, 2509, 2522, 2876, 2819, 2821, 2873, 2819, 2876, 2873, 2803, 2819, 7352, 7080, 7096, 2809, 2789, 2793, 2522, 2509, 2523, 2518, 2503, 2522, 2523, 2509, 2510, 6996, 6993, 7012, 6996, 7012, 7014, 6996, 7014, 7067, 2523, 2510, 2806, 6987, 6986, 7005, 6986, 7000, 7005, 7069, 7067, 7087, 6986, 6977, 7000, 7406, 7470, 7472, 2847, 2881, 2845, 6993, 7009, 7012, 2881, 2847, 2897, 2879, 2845, 2881, 7405, 7393, 7470, 7470, 7406, 7405, 7069, 7087, 7088, 7412, 7406, 7472, 7412, 7472, 7476, 2815, 2803, 2873, 2806, 2510, 2789, 6993, 6991, 7009, 7787, 7785, 7788, 2936, 2933, 2932, 2936, 2932, 2934, 2932, 2933, 3062, 3064, 2934, 2932, 2936, 2934, 2935, 7512, 2936, 2935, 7512, 2935, 7510, 7783, 7784, 7786, 7786, 7784, 7787, 7516, 7515, 7788, 7515, 7514, 7787, 7516, 7512, 7515, 7782, 3066, 7784, 3065, 3066, 7782, 3065, 3063, 3066, 3064, 3063, 3065, 7513, 7512, 7516, 7512, 7510, 7511, 7512, 7514, 7515, 7784, 7783, 7782, 3064, 3062, 3063, 7511, 7514, 7512, 7787, 7784, 7785, 3064, 2932, 3062, 7787, 7514, 7786, 3062, 2933, 3063, 7788, 7515, 7787, 7411, 7415, 7414, 7443, 7411, 7442, 7411, 7441, 7442, 7347, 7413, 7419, 7415, 7347, 7416, 7416, 7347, 7419, 7526, 7456, 7525, 7526, 7435, 7453, 7456, 7448, 7525, 7526, 7453, 7454, 7526, 7433, 7434, 7526, 7423, 7432, 7446, 7445, 7525, 7411, 7417, 7418, 7525, 7423, 7526, 7420, 7419, 7525, 7424, 7425, 7423, 7526, 7455, 7456, 7455, 7452, 7456, 7452, 7451, 7456, 7454, 7455, 7526, 7425, 7424, 7440, 7451, 7440, 7456, 7451, 7450, 7440, 7450, 7449, 7440, 7526, 7434, 7435, 7449, 7429, 7440, 7429, 7428, 7440, 7456, 7437, 7448, 7448, 7447, 7525, 7448, 7444, 7447, 7411, 7414, 7417, 7413, 7423, 7525, 7448, 7443, 7444, 7447, 7446, 7525, 7437, 7443, 7448, 7440, 7437, 7456, 7419, 7413, 7525, 7428, 7425, 7440, 7421, 7420, 7525, 7425, 7426, 7423, 7445, 7422, 7525, 7426, 7427, 7423, 7422, 7421, 7525, 7411, 7347, 7415, 7423, 7427, 7432, 7432, 7433, 7526, 7437, 7411, 7443, 7411, 7418, 7441, 7453, 7422, 7445, 7414, 7415, 7426, 7455, 7447, 7452, 7444, 7452, 7447, 7453, 7445, 7454, 7446, 7454, 7445, 7446, 7455, 7454, 7444, 7451, 7452, 7443, 7451, 7444, 7443, 7450, 7451, 7450, 7442, 7449, 7441, 7429, 7449, 7443, 7442, 7450, 7442, 7441, 7449, 7435, 7422, 7453, 7434, 7421, 7435, 7421, 7422, 7435, 7433, 7420, 7434, 7420, 7421, 7434, 7432, 7419, 7433, 7427, 7416, 7432, 7419, 7420, 7433, 7416, 7419, 7432, 7429, 7418, 7428, 7441, 7418, 7429, 7418, 7417, 7428, 7426, 7415, 7427, 7415, 7416, 7427, 7425, 7414, 7426, 7417, 7425, 7428, 7417, 7414, 7425, 7446, 7447, 7455, 2825, 2833, 2846, 2856, 2854, 2894, 2829, 2825, 2828, 2829, 2830, 2832, 2833, 2829, 2832, 2901, 2867, 2870, 2901, 2866, 2867, 2870, 2857, 2901, 2857, 2900, 2901, 2857, 2854, 2900, 2854, 2853, 2900, 2901, 2844, 2866, 2830, 2829, 2831, 2831, 2829, 2834, 2834, 2829, 2835, 2835, 2829, 2836, 2828, 2837, 2829, 2901, 2837, 2844, 2853, 2836, 2900, 2900, 2829, 2901, 2836, 2829, 2900, 2837, 2828, 2841, 2840, 2838, 2837, 2841, 2840, 2837, 2841, 2828, 2858, 2858, 2828, 2859, 2837, 2838, 2839, 2839, 2842, 2837, 2842, 2843, 2837, 2843, 2844, 2837, 2846, 2833, 2848, 2846, 2848, 2849, 2846, 2849, 2894, 2837, 2901, 2829, 2869, 2868, 2870, 2867, 2869, 2870, 2868, 2863, 2870, 2863, 2862, 2870, 2862, 2861, 2870, 2861, 2860, 2870, 2861, 2859, 2860, 2833, 2825, 2829, 2894, 2849, 2850, 2894, 2850, 2851, 2894, 2851, 2852, 2894, 2852, 2855, 2859, 2828, 2860, 2894, 2854, 2857, 2894, 2855, 2856, 2852, 2862, 2863, 2839, 2831, 2842, 2856, 2868, 2869, 2868, 2855, 2863, 2856, 2869, 2854, 2867, 2854, 2869, 2855, 2852, 2863, 2866, 2853, 2867, 2853, 2854, 2867, 2866, 2836, 2853, 2851, 2862, 2852, 2851, 2861, 2862, 2861, 2850, 2859, 2850, 2861, 2851, 2849, 2859, 2850, 2849, 2858, 2859, 2848, 2841, 2858, 2849, 2848, 2858, 2844, 2836, 2866, 2843, 2835, 2844, 2835, 2836, 2844, 2842, 2834, 2843, 2841, 2833, 2840, 2840, 2832, 2838, 2833, 2841, 2848, 2832, 2830, 2838, 2833, 2832, 2840, 2830, 2839, 2838, 2830, 2831, 2839, 2831, 2834, 2842, 2834, 2835, 2843, 2855, 2868, 2856, 2454, 2445, 2456, 2499, 2460, 2461, 2499, 2482, 2483, 2499, 2481, 2482, 2484, 2483, 2482, 2444, 2446, 2448, 2483, 2484, 2487, 2484, 2479, 2487, 2479, 2478, 2487, 2474, 2468, 2531, 2531, 2473, 2506, 2531, 2469, 2473, 2472, 2471, 2506, 2473, 2472, 2506, 2471, 2470, 2506, 2470, 2453, 2506, 2453, 2452, 2506, 2454, 2444, 2445, 2444, 2454, 2446, 2506, 2451, 2498, 2445, 2475, 2455, 2456, 2445, 2458, 2458, 2445, 2455, 2446, 2454, 2498, 2468, 2469, 2531, 2448, 2446, 2449, 2449, 2446, 2451, 2444, 2447, 2465, 2451, 2446, 2498, 2498, 2454, 2499, 2452, 2451, 2506, 2447, 2444, 2450, 2454, 2456, 2457, 2444, 2448, 2450, 2454, 2457, 2459, 2499, 2454, 2459, 2478, 2445, 2487, 2477, 2445, 2478, 2476, 2445, 2477, 2475, 2445, 2476, 2487, 2444, 2474, 2444, 2468, 2474, 2467, 2468, 2444, 2444, 2466, 2467, 2444, 2465, 2466, 2445, 2444, 2487, 2499, 2480, 2481, 2499, 2461, 2480, 2499, 2459, 2460, 2450, 2448, 2456, 2473, 2484, 2472, 2465, 2455, 2475, 2466, 2475, 2476, 2467, 2466, 2476, 2467, 2476, 2477, 2468, 2467, 2477, 2461, 2453, 2480, 2460, 2452, 2461, 2459, 2451, 2460, 2452, 2453, 2461, 2451, 2452, 2460, 2468, 2478, 2469, 2478, 2468, 2477, 2458, 2450, 2456, 2469, 2479, 2473, 2457, 2449, 2459, 2449, 2451, 2459, 2457, 2448, 2449, 2448, 2457, 2456, 2458, 2455, 2447, 2465, 2447, 2455, 2447, 2450, 2458, 2479, 2469, 2478, 2473, 2479, 2484, 2480, 2453, 2470, 2470, 2471, 2481, 2481, 2480, 2470, 2481, 2471, 2482, 2471, 2472, 2482, 2482, 2472, 2484, 2466, 2465, 2475, 7026, 7023, 6997, 7032, 7068, 7053, 7062, 7059, 7063, 7059, 7058, 7063, 7058, 7057, 7063, 7061, 7060, 7063, 7057, 7056, 7063, 7063, 7055, 7072, 7026, 6997, 7028, 7072, 7042, 7043, 7034, 7047, 7035, 7033, 7047, 7034, 7046, 7027, 7024, 7046, 7026, 7027, 7024, 7025, 7046, 7046, 7023, 7026, 7023, 7047, 7033, 7023, 7046, 7047, 7055, 7070, 7072, 7055, 7054, 7070, 7054, 7052, 7068, 7055, 7051, 7054, 7072, 7043, 7061, 7028, 6997, 7029, 7055, 7050, 7051, 7055, 7049, 7050, 7055, 7048, 7049, 7056, 7047, 7063, 7035, 7047, 7056, 7047, 7055, 7063, 7055, 7046, 7048, 7047, 7046, 7055, 7046, 7025, 7048, 7042, 7072, 7040, 7040, 7041, 7042, 7033, 7041, 7040, 7033, 7039, 7041, 7030, 6997, 7031, 7031, 6997, 7068, 7033, 7038, 7039, 7036, 7038, 7033, 7037, 7033, 7034, 7037, 7036, 7033, 7072, 7061, 7063, 7070, 7054, 7068, 7029, 6997, 7030, 7032, 7031, 7068, 7052, 7053, 7068, 7063, 7060, 7062, 7038, 7028, 7039, 7048, 7035, 7056, 7030, 7031, 7042, 7029, 7030, 7041, 7028, 7029, 7039, 7039, 7029, 7041, 7041, 7030, 7042, 7038, 7026, 7028, 7037, 7027, 7036, 7036, 7026, 7038, 7027, 7026, 7036, 7031, 7032, 7043, 7042, 7031, 7043, 7035, 7025, 7034, 7043, 7032, 7061, 7025, 7035, 7048, 7025, 7024, 7034, 7024, 7037, 7034, 7024, 7027, 7037, 7061, 7032, 7053, 7060, 7052, 7062, 7053, 7060, 7061, 7053, 7052, 7060, 7054, 7062, 7052, 7054, 7059, 7062, 7059, 7051, 7058, 7051, 7059, 7054, 7050, 7058, 7051, 7050, 7057, 7058, 7049, 7057, 7050, 7049, 7056, 7057, 7048, 7056, 7049, 6902, 6901, 8116, 8159, 8192, 8160, 8223, 8220, 8225, 8228, 8230, 8239, 8238, 8236, 8229, 8223, 8222, 8219, 8220, 8223, 8219, 8222, 8215, 8219, 8239, 8238, 8228, 8230, 8231, 8240, 8231, 8232, 8237, 8232, 8241, 8243, 8203, 8181, 8200, 8204, 8187, 8203, 8225, 8186, 8204, 8200, 8180, 8199, 8243, 8237, 8232, 8196, 8199, 8180, 8222, 8195, 8215, 8195, 8152, 8178, 8240, 8231, 8237, 8240, 8239, 8230, 8152, 8151, 8169, 8151, 8147, 8163, 8176, 8147, 8194, 8196, 8160, 8192, 6640, 6642, 6641, 6902, 6636, 6901, 8192, 8159, 8190, 8190, 8155, 8189, 8194, 8189, 8155, 8187, 8182, 8203, 8181, 8203, 8182, 8186, 8187, 8204, 8186, 8225, 8220, 8180, 8200, 8181, 8185, 8196, 8180, 6901, 6635, 6900, 6900, 6638, 6899, 6642, 6639, 6903, 6903, 6637, 6902, 6639, 6642, 6640, 6637, 6903, 6639, 6636, 6902, 6637, 6635, 6901, 6636, 6635, 6638, 6900, 6899, 6632, 6634, 6632, 6633, 6634, 6632, 6899, 6638, 8184, 8196, 8185, 8105, 8071, 6638, 8079, 8078, 6636, 8182, 8187, 8183, 8179, 8185, 8180, 8195, 8177, 8215, 8178, 8177, 8195, 8106, 8105, 6638, 8152, 8174, 8178, 8152, 8169, 8174, 8151, 8163, 8169, 8147, 8162, 8163, 8194, 8175, 8176, 8176, 8168, 8147, 8106, 6638, 8078, 8236, 8235, 8233, 8233, 8229, 8236, 8234, 8233, 8235, 8242, 8224, 8243, 8241, 8221, 8242, 8243, 8205, 8237, 8197, 8193, 8236, 8080, 8079, 6637, 6639, 8107, 8108, 6639, 8108, 8080, 8141, 8107, 6640, 6632, 6638, 8071, 6633, 6632, 8071, 6634, 6633, 8073, 6899, 6634, 8073, 6638, 6635, 8078, 8078, 6635, 6636, 8079, 6636, 6637, 8080, 6637, 6639, 8107, 6639, 6640, 6900, 6899, 8109, 6901, 6900, 8112, 6642, 6903, 8143, 6903, 6902, 8116, 8160, 8196, 8184, 8071, 8072, 6633, 8073, 6633, 8072, 8109, 6899, 8073, 6900, 8109, 8110, 6900, 8110, 8111, 8112, 6900, 8111, 8112, 8113, 6901, 8143, 6903, 8114, 8114, 6903, 8115, 8116, 6901, 8113, 8115, 6903, 8116, 8141, 6640, 6641, 6641, 6642, 8142, 8142, 8141, 6641, 8142, 6642, 8143, 8229, 8228, 8238, 8075, 8074, 8157, 8075, 8157, 8158, 8198, 8197, 8238, 8201, 8198, 8239, 8075, 8158, 8076, 8078, 8077, 8106, 8108, 8081, 8080, 8091, 8090, 8086, 8082, 8084, 8164, 8087, 8082, 8093, 8088, 8086, 8090, 8086, 8087, 8092, 8089, 8088, 8090, 8083, 8085, 8166, 8084, 8083, 8165, 8085, 8094, 8161, 8092, 8091, 8086, 8093, 8092, 8087, 8164, 8084, 8165, 8164, 8093, 8082, 8165, 8083, 8166, 8166, 8085, 8167, 8167, 8085, 8161, 8243, 8241, 8242, 8161, 8094, 8095, 8095, 8096, 8170, 8102, 8103, 8096, 8101, 8102, 8097, 8102, 8096, 8097, 8101, 8097, 8098, 8098, 8099, 8100, 8101, 8098, 8100, 8096, 8173, 8172, 8173, 8096, 8104, 8161, 8095, 8170, 8170, 8096, 8171, 8171, 8096, 8172, 8104, 8096, 8103, 8116, 8117, 8115, 8122, 8123, 8126, 8123, 8124, 8127, 8122, 8129, 8125, 8118, 8207, 8120, 8118, 8125, 8206, 8243, 8226, 8205, 8205, 8202, 8240, 8202, 8201, 8240, 8233, 8148, 8229, 8234, 8188, 8233, 8119, 8120, 8208, 8121, 8211, 8130, 8119, 8209, 8121, 8122, 8126, 8128, 8126, 8123, 8127, 8129, 8122, 8128, 8207, 8118, 8206, 8206, 8125, 8129, 8208, 8120, 8207, 8209, 8119, 8208, 8211, 8121, 8210, 8210, 8121, 8209, 8131, 8138, 8132, 8235, 8191, 8234, 8236, 8193, 8235, 8229, 8149, 8228, 8205, 8240, 8237, 8228, 8149, 8230, 8230, 8150, 8231, 8231, 8153, 8232, 8232, 8154, 8241, 8238, 8197, 8236, 8239, 8198, 8238, 8130, 8212, 8131, 8132, 8138, 8133, 8133, 8135, 8134, 8133, 8138, 8136, 8135, 8133, 8136, 8131, 8139, 8137, 8138, 8131, 8137, 8131, 8212, 8213, 8139, 8131, 8140, 8131, 8213, 8214, 8168, 8162, 8147, 8140, 8131, 8214, 8212, 8130, 8211, 8216, 8144, 8145, 8216, 8145, 8217, 8240, 8201, 8239, 8217, 8145, 8146, 8217, 8146, 8218, 8188, 8148, 8233, 8191, 8188, 8234, 8193, 8191, 8235, 8148, 8149, 8229, 8149, 8150, 8230, 8150, 8153, 8231, 8153, 8154, 8232, 8154, 8221, 8241, 8221, 8224, 8242, 8224, 8226, 8243, 8155, 8175, 8194, 8159, 8155, 8190, 8074, 8156, 8157, 1990, 2072, 2073, 2153, 2119, 2152, 2008, 2009, 2088, 2088, 2009, 2010, 2010, 2011, 2091, 2017, 2018, 2011, 2016, 2017, 2012, 2017, 2011, 2012, 2016, 2012, 2013, 2013, 2014, 2015, 2016, 2013, 2015, 2086, 2008, 2088, 2088, 2010, 2091, 2091, 2011, 2092, 2011, 2094, 2093, 2094, 2011, 2019, 2019, 2011, 2018, 2084, 1998, 2085, 2083, 2007, 1997, 2092, 2011, 2093, 2083, 1999, 2084, 2007, 2006, 2003, 2110, 2027, 2028, 2006, 2005, 2000, 1999, 1998, 2084, 2110, 2028, 2111, 2111, 2028, 2029, 1998, 2008, 2085, 2111, 2029, 2112, 2037, 2038, 2035, 2042, 2043, 2046, 2043, 2044, 2047, 2042, 2049, 2045, 2003, 1997, 2007, 2039, 2134, 2041, 1997, 1999, 2083, 2002, 2001, 2004, 2000, 2003, 2006, 2001, 2000, 2004, 2005, 2004, 2000, 2023, 1996, 1995, 1993, 1992, 2021, 1990, 2073, 1991, 1990, 1989, 2072, 1989, 2071, 2072, 2026, 1550, 2034, 2025, 1527, 2026, 2025, 2024, 1526, 2035, 1550, 2037, 2037, 1548, 2036, 1550, 2035, 2034, 2033, 2036, 1548, 2033, 1547, 2032, 1547, 2031, 2032, 1547, 2030, 2031, 2030, 1546, 1988, 1527, 1550, 2026, 1526, 1527, 2025, 2024, 1525, 1526, 2022, 1524, 1525, 1549, 1548, 2037, 1550, 1549, 2037, 1548, 1547, 2033, 1547, 1546, 2030, 1546, 1519, 1988, 1995, 1522, 1524, 1994, 1521, 1522, 1986, 1517, 1523, 1993, 1520, 1521, 1523, 1520, 1993, 2024, 2022, 1525, 2157, 2151, 2149, 2157, 2155, 2156, 2149, 2155, 2157, 2154, 2148, 2151, 2154, 2153, 2147, 2148, 2149, 2151, 2147, 2148, 2154, 2153, 2152, 2146, 2152, 2150, 2145, 2150, 2144, 2142, 2146, 2147, 2153, 2142, 2145, 2150, 2145, 2146, 2152, 2143, 2142, 2144, 2157, 2125, 2151, 2156, 2130, 2157, 2155, 2127, 2156, 2149, 2069, 2155, 2125, 2154, 2151, 1524, 2023, 1995, 1524, 2022, 2023, 2039, 2045, 2133, 2040, 2041, 2135, 2150, 2081, 2144, 2148, 2068, 2149, 2147, 2065, 2148, 2042, 2046, 2048, 2142, 2076, 2145, 2146, 2064, 2147, 2145, 2062, 2146, 2144, 2079, 2143, 2143, 2076, 2142, 1995, 1994, 1522, 2085, 2008, 2086, 1517, 1518, 1519, 1517, 1546, 1523, 1520, 1523, 1547, 1520, 1548, 1521, 1546, 1517, 1519, 1521, 1549, 1522, 1522, 1550, 1524, 1550, 1522, 1549, 1547, 1523, 1546, 1548, 1520, 1547, 1549, 1521, 1548, 1524, 1527, 1525, 1525, 1527, 1526, 1527, 1524, 1550, 2021, 1523, 1993, 2157, 2132, 2125, 2124, 2122, 2154, 2125, 2124, 2154, 2122, 2119, 2153, 2119, 2118, 2152, 2118, 2081, 2150, 2131, 2107, 2123, 2129, 2114, 2131, 2128, 2113, 2129, 2116, 2109, 2128, 2126, 2102, 2121, 2123, 2108, 2126, 2121, 2101, 2120, 2117, 2120, 2101, 2117, 2075, 2080, 2099, 2116, 2067, 2067, 2066, 2090, 2066, 2063, 2089, 2115, 2077, 2096, 2115, 2097, 2063, 2107, 2131, 2114, 2114, 2129, 2113, 2113, 2128, 2109, 2116, 2098, 2109, 2108, 2103, 2126, 2102, 2126, 2103, 2107, 2108, 2123, 2101, 2121, 2102, 2106, 2117, 2101, 2105, 2117, 2106, 2075, 2117, 2105, 2103, 2108, 2104, 2100, 2106, 2101, 2099, 2098, 2116, 2067, 2095, 2099, 2067, 2090, 2095, 2066, 2089, 2090, 2077, 2070, 2096, 2063, 2082, 2089, 2097, 2087, 2063, 2096, 2097, 2115, 2087, 2082, 2063, 2021, 2020, 1523, 1994, 1993, 1521, 2080, 2074, 2078, 2078, 2070, 2077, 2074, 2080, 2075, 2074, 2070, 2078, 2130, 2132, 2157, 2127, 2130, 2156, 2069, 2127, 2155, 2068, 2069, 2149, 2065, 2068, 2148, 2064, 2065, 2147, 2076, 2062, 2145, 2062, 2064, 2146, 2079, 2144, 2081, 2079, 2076, 2143, 1988, 1518, 1987, 1986, 1987, 1518, 2046, 2043, 2047, 2049, 2042, 2048, 2133, 2045, 2049, 2134, 2039, 2133, 2135, 2041, 2134, 2135, 2136, 2040, 2050, 2138, 2051, 2040, 2136, 2050, 2051, 2139, 2052, 2053, 2059, 2057, 2054, 2057, 2055, 2052, 2060, 2058, 2057, 2059, 2056, 2057, 2056, 2055, 2052, 2058, 2059, 2059, 2053, 2052, 2052, 2139, 2140, 2138, 2050, 2137, 2137, 2050, 2136, 2139, 2051, 2138, 2060, 2052, 2061, 2052, 2140, 2141, 2061, 2052, 2141, 1519, 1518, 1988, 1518, 1517, 1986, 2154, 2122, 2153, 2152, 2118, 2150, 2020, 1986, 1523, 2719, 2718, 2740, 7311, 7309, 7317, 7317, 7216, 7319, 2726, 2719, 2745, 2726, 2744, 2725, 2727, 2725, 2746, 2976, 2727, 3021, 2731, 2733, 2755, 2720, 2731, 2741, 2733, 2734, 2756, 2734, 7186, 2759, 7612, 7610, 7768, 2740, 2718, 2739, 2739, 2720, 2741, 7623, 7622, 7773, 7624, 7623, 7774, 7639, 7627, 7750, 2745, 2719, 2740, 2744, 2726, 2745, 2746, 2725, 2744, 3021, 2727, 2746, 2741, 2731, 2755, 2755, 2733, 2756, 2756, 2734, 2759, 2759, 7186, 7303, 2740, 2739, 2742, 2739, 2741, 2757, 2742, 2739, 2757, 2744, 2745, 2747, 7627, 7624, 7775, 2747, 2745, 2750, 2746, 2744, 2748, 7750, 7595, 7639, 2746, 2748, 3022, 2748, 2744, 2747, 2745, 2740, 2749, 2750, 2745, 2749, 2749, 2740, 2742, 2755, 2756, 2761, 2757, 2741, 2758, 2758, 2741, 2755, 2758, 2755, 2761, 2761, 2756, 2760, 2760, 2756, 2759, 2760, 2759, 7304, 7304, 2759, 7303, 7592, 7738, 7240, 7239, 7325, 7237, 7737, 7325, 7739, 7324, 7233, 7237, 7232, 7233, 7324, 7218, 7232, 7320, 7218, 7319, 7216, 3031, 2746, 3024, 7215, 7216, 7317, 3021, 2746, 3031, 3029, 3021, 3031, 3031, 3024, 3028, 2746, 3023, 3024, 2746, 3022, 3023, 3032, 2978, 3031, 3031, 2977, 3029, 3029, 3020, 3018, 3019, 3018, 3020, 3018, 3021, 3029, 3029, 2953, 3020, 3020, 2948, 3019, 3019, 2946, 3018, 3018, 2976, 3021, 7606, 3013, 7765, 3013, 3011, 3059, 3011, 3009, 3058, 3009, 3002, 3057, 3002, 3000, 3045, 3000, 2999, 3043, 2999, 2997, 3042, 2997, 2979, 3039, 3028, 3030, 3032, 3032, 3031, 3028, 3032, 3030, 3033, 3033, 3039, 3032, 3039, 3033, 3034, 3039, 2979, 3032, 3042, 2997, 3039, 3043, 2999, 3042, 3045, 3000, 3043, 3057, 3002, 3045, 3058, 3009, 3057, 3059, 3011, 3058, 7765, 3013, 3059, 3039, 3034, 3042, 3042, 3034, 3040, 3042, 3040, 3041, 3043, 3042, 3041, 3043, 3041, 3044, 3045, 3043, 3044, 3045, 3044, 3049, 7309, 7215, 7317, 7610, 7608, 7767, 7749, 7594, 7750, 7746, 7593, 7749, 7746, 7738, 7781, 7781, 7779, 7780, 7738, 7779, 7781, 7781, 7668, 7746, 7780, 7667, 7781, 7779, 7666, 7780, 7738, 7592, 7779, 7775, 7748, 7750, 7769, 7748, 7775, 7739, 7328, 7740, 7328, 7738, 7746, 7740, 7328, 7749, 7749, 7328, 7746, 7774, 7773, 7771, 7773, 7772, 7759, 7759, 7771, 7773, 7775, 7774, 7770, 7770, 7774, 7771, 7769, 7775, 7770, 7768, 7767, 7757, 7666, 7779, 7592, 7667, 7780, 7666, 7668, 7781, 7667, 7767, 7756, 7757, 7767, 7766, 7756, 7766, 7755, 7756, 7765, 7755, 7766, 7772, 7758, 7759, 7772, 7768, 7758, 7757, 7758, 7768, 7775, 7624, 7774, 7750, 7627, 7775, 7668, 7593, 7746, 7774, 7623, 7773, 7773, 7622, 7772, 7768, 7610, 7767, 7767, 7608, 7766, 7766, 7606, 7765, 7772, 7612, 7768, 7750, 7747, 7749, 7747, 7745, 7749, 7747, 7750, 7748, 7744, 7749, 7745, 7744, 7740, 7749, 3057, 3045, 3049, 3057, 3049, 3050, 3050, 3051, 3058, 3058, 3057, 3050, 3059, 3058, 3051, 3059, 3051, 3052, 7594, 7749, 7593, 7594, 7595, 7750, 7765, 3059, 3052, 2979, 2978, 3032, 2978, 2977, 3031, 7765, 3052, 7755, 7325, 7328, 7739, 7327, 7325, 7737, 7327, 7324, 7325, 7326, 7324, 7327, 7626, 7627, 7639, 7326, 7320, 7324, 7323, 7320, 7326, 7191, 7215, 7309, 7189, 7191, 7308, 7322, 7320, 7323, 2977, 2953, 3029, 2953, 2948, 3020, 2948, 2946, 3019, 2976, 3018, 2946, 7187, 7189, 7306, 7303, 7186, 7187, 7622, 7612, 7772, 7608, 7606, 7766, 7303, 7187, 7306, 7240, 7328, 7239, 7308, 7191, 7309, 7322, 7319, 7320, 2718, 2720, 2739, 7319, 7218, 7320, 7320, 7232, 7324, 7324, 7237, 7325, 7325, 7239, 7328, 7319, 7322, 7318, 7318, 7311, 7317, 7317, 7319, 7318, 7328, 7240, 7738, 7304, 7303, 7305, 7305, 7303, 7306, 7306, 7307, 7305, 7307, 7306, 7308, 7308, 7310, 7307, 7310, 7308, 7309, 7310, 7309, 7311, 7306, 7189, 7308, 2713, 3003, 3006, 7181, 7557, 7225, 7559, 7180, 7556, 7206, 7556, 7180, 7209, 7210, 7214, 7209, 7181, 7225, 7205, 7206, 7180, 7205, 7162, 7200, 7199, 7200, 7162, 7199, 7161, 7198, 7214, 7215, 7191, 7191, 7190, 7214, 7188, 7181, 7190, 7210, 7209, 7224, 7210, 7213, 7217, 7213, 7210, 7221, 7190, 7191, 7189, 7189, 7188, 7190, 7213, 7229, 7219, 7214, 7190, 7209, 7215, 7214, 7217, 7188, 7189, 7187, 7214, 7210, 7217, 7187, 7164, 7188, 7164, 7180, 7188, 7186, 7164, 7187, 7215, 7217, 7216, 7216, 7217, 7218, 7218, 7217, 7219, 7217, 7213, 7219, 7219, 7229, 7234, 7218, 7219, 7232, 7224, 7209, 7225, 7186, 7163, 7164, 7181, 7180, 7559, 7221, 7210, 7224, 7221, 7228, 7213, 7229, 7213, 7228, 7229, 7228, 7231, 7231, 7230, 7229, 7637, 7613, 7622, 7234, 7229, 7230, 7219, 7234, 7236, 7232, 7219, 7236, 7232, 7236, 7233, 7234, 7230, 7235, 2941, 2942, 2944, 2683, 2942, 2951, 2722, 2683, 2991, 2941, 2943, 2949, 2943, 2941, 2947, 2949, 2943, 2952, 2942, 2941, 2950, 7236, 7234, 7235, 7181, 7209, 7190, 7180, 7181, 7188, 7605, 7584, 7604, 2950, 2941, 2949, 2947, 2941, 2944, 7603, 7602, 7609, 7604, 7603, 7611, 7605, 7604, 7613, 7609, 7602, 7607, 7607, 7606, 7609, 7609, 7606, 7608, 7611, 7603, 7609, 7609, 7608, 7610, 7611, 7609, 7610, 7611, 7610, 7612, 7612, 7613, 7611, 7613, 7604, 7611, 2944, 2942, 2945, 7605, 7613, 7637, 7613, 7612, 7622, 7590, 7589, 7605, 7591, 7590, 7634, 7617, 7591, 7614, 7634, 7590, 7605, 2685, 2976, 2946, 7614, 7591, 7634, 7614, 7634, 7625, 7618, 7617, 7621, 7618, 7621, 7620, 7620, 7621, 7630, 7619, 7618, 7620, 7619, 7620, 7629, 7617, 7614, 7621, 2945, 2685, 2955, 2685, 2946, 2948, 2947, 2944, 2952, 2952, 2943, 2947, 2944, 2945, 2954, 2955, 2685, 2948, 2952, 2944, 2954, 2951, 2942, 2950, 2991, 2683, 2951, 2950, 2949, 2954, 2951, 2950, 2955, 2991, 2951, 2995, 7621, 7614, 7631, 2954, 2949, 2952, 2954, 2945, 2955, 2955, 2948, 2953, 2955, 2953, 2977, 2955, 2950, 2954, 2995, 2951, 2955, 2995, 2955, 2977, 7180, 7162, 7205, 7162, 7161, 7199, 7164, 7162, 7180, 7589, 7579, 7605, 7605, 7578, 7585, 7585, 7584, 7605, 7637, 7625, 7634, 7622, 7623, 7637, 2721, 2722, 2992, 2712, 2721, 2993, 2714, 2712, 2994, 2992, 2722, 2991, 2993, 2721, 2992, 2994, 2712, 2993, 3003, 2714, 2994, 7557, 7181, 7559, 2995, 2977, 2978, 2995, 2978, 2979, 7623, 7624, 7625, 7625, 7624, 7631, 7631, 7614, 7625, 7637, 7623, 7625, 7631, 7624, 7627, 2983, 2713, 3006, 7626, 7630, 7627, 7631, 7627, 7630, 7629, 7620, 7630, 7630, 7626, 7628, 2984, 2983, 3006, 2985, 2984, 3006, 2986, 2985, 3006, 7630, 7628, 7629, 7604, 7568, 7603, 7603, 7567, 7602, 7584, 7569, 7604, 7569, 7568, 7604, 2992, 2991, 2996, 2993, 2992, 2998, 2994, 2993, 3001, 2996, 2991, 2995, 2995, 2979, 2996, 2996, 2979, 2997, 2998, 2992, 2996, 2997, 2999, 2996, 2998, 2996, 2999, 3001, 2993, 2998, 2998, 2999, 3000, 2994, 3001, 3005, 3001, 2998, 3000, 3001, 3000, 3002, 3005, 3001, 3002, 3003, 2994, 3005, 7568, 7567, 7603, 3003, 3005, 3010, 2987, 2986, 3007, 2988, 2987, 3007, 3007, 2986, 3006, 7579, 7578, 7605, 7163, 7162, 7164, 7163, 7161, 7162, 7579, 7577, 7578, 7577, 7579, 7576, 7557, 7559, 7558, 2683, 2722, 2685, 2683, 2945, 2942, 2685, 2722, 2724, 2685, 2724, 2976, 2945, 2683, 2685, 2989, 2988, 3008, 7634, 7605, 7637, 2700, 7161, 2701, 7630, 7621, 7631, 2990, 2989, 3008, 2701, 7161, 7163, 7567, 2990, 7602, 3008, 2988, 3007, 2712, 2714, 2715, 2712, 2723, 2721, 2713, 2717, 2714, 2713, 2728, 2716, 2723, 2712, 2715, 7602, 2990, 3008, 2719, 2726, 2715, 2717, 2713, 2716, 2716, 2730, 2720, 2715, 2714, 2717, 2717, 2716, 2718, 2718, 2719, 2717, 2719, 2715, 2717, 2718, 2716, 2720, 3006, 3003, 3010, 2724, 2722, 2721, 2713, 2714, 3003, 3007, 3006, 3012, 3008, 3007, 3014, 7602, 3008, 7607, 3005, 3002, 3009, 3010, 3005, 3009, 3012, 3006, 3010, 3010, 3009, 3011, 3012, 3010, 3011, 3014, 3007, 3012, 3012, 3011, 3013, 3014, 3012, 3013, 7607, 3008, 3014, 3014, 3013, 7606, 7607, 3014, 7606, 2713, 2983, 2982, 2724, 2721, 2723, 2724, 2723, 2727, 2727, 2723, 2725, 2723, 2715, 2726, 2725, 2723, 2726, 2976, 2724, 2727, 2728, 2729, 2730, 2728, 2713, 2980, 2729, 2728, 2736, 2700, 2732, 2729, 2700, 2729, 2738, 7161, 2700, 7198, 2730, 2716, 2728, 2720, 2730, 2731, 2730, 2729, 2732, 2731, 2730, 2732, 2731, 2732, 2733, 2732, 2700, 2701, 2733, 2732, 2701, 2733, 2701, 2734, 2734, 2701, 7186, 7186, 2701, 7163, 2728, 2980, 2735, 2736, 2728, 2735, 2980, 2713, 2981, 2981, 2713, 2982, 2738, 2729, 2737, 2737, 2729, 2736, 7198, 2700, 2738, 3047, 3040, 3046, 7762, 7314, 7763, 7323, 7329, 7322, 3026, 3022, 3025, 3024, 3035, 3028, 3044, 3048, 3053, 7326, 7330, 7323, 7326, 7327, 7331, 7327, 7737, 7332, 3024, 3023, 3027, 7321, 7322, 7329, 2751, 2754, 3046, 3027, 3023, 3026, 3035, 3024, 3027, 3027, 3026, 3035, 3026, 3025, 3036, 3035, 3026, 3036, 3025, 2752, 3037, 2754, 2753, 3047, 2753, 2743, 3048, 3023, 3022, 3026, 3022, 2748, 3025, 7329, 7323, 7330, 3030, 3028, 3036, 3030, 3037, 3033, 7330, 7326, 7331, 7331, 7327, 7332, 3048, 3041, 3047, 2752, 2751, 3038, 3034, 3033, 3038, 3036, 3028, 3035, 3037, 3030, 3036, 3036, 3025, 3037, 3037, 2752, 3038, 3038, 2751, 3046, 3038, 3033, 3037, 3034, 3038, 3046, 3046, 2754, 3047, 3047, 2753, 3048, 3048, 2743, 3053, 3053, 2743, 2762, 2762, 2763, 3054, 2763, 2765, 3055, 2765, 2764, 3056, 3053, 2762, 3054, 3054, 2763, 3055, 3055, 2765, 3056, 3056, 2764, 7760, 7778, 7316, 7321, 7313, 7314, 7762, 7740, 7744, 7743, 7312, 7313, 7761, 7315, 7311, 7316, 7314, 7310, 7315, 7313, 7307, 7314, 7312, 7305, 7313, 7311, 7318, 7316, 7310, 7311, 7315, 3040, 3034, 3046, 2742, 2757, 2743, 3041, 3040, 3047, 3041, 3048, 3044, 7742, 7740, 7743, 7743, 7744, 7751, 7307, 7310, 7314, 2750, 2751, 2747, 2748, 2747, 2752, 2749, 2742, 2753, 7753, 7332, 7752, 2750, 2749, 2754, 2751, 2750, 2754, 2752, 2747, 2751, 3049, 3044, 3053, 3050, 3049, 3054, 3051, 3050, 3055, 3051, 3056, 3052, 3052, 7760, 7755, 3054, 3049, 3053, 3055, 3050, 3054, 3056, 3051, 3055, 7760, 3052, 3056, 2748, 2752, 3025, 2754, 2749, 2753, 2753, 2742, 2743, 2757, 2758, 2762, 7741, 7742, 7751, 2758, 2761, 2763, 7751, 7742, 7743, 7305, 7307, 7313, 7752, 7741, 7751, 7312, 7304, 7305, 7751, 7744, 7745, 7745, 7747, 7752, 7747, 7748, 7753, 7748, 7769, 7754, 7778, 7321, 7777, 7777, 7329, 7776, 7753, 7752, 7747, 7752, 7751, 7745, 7321, 7329, 7777, 2760, 7304, 2764, 7329, 7330, 7776, 2761, 2760, 2765, 2762, 2758, 2763, 2743, 2757, 2762, 2763, 2761, 2765, 2764, 7304, 7312, 2765, 2760, 2764, 2764, 7312, 7760, 7776, 7330, 7754, 7764, 7316, 7778, 7754, 7331, 7753, 7763, 7315, 7764, 7332, 7741, 7752, 7331, 7332, 7753, 7753, 7748, 7754, 7755, 7761, 7756, 7756, 7762, 7757, 7758, 7757, 7763, 7759, 7758, 7764, 7761, 7755, 7760, 7762, 7756, 7761, 7763, 7757, 7762, 7759, 7764, 7778, 7764, 7758, 7763, 7741, 7739, 7742, 7769, 7770, 7776, 7770, 7771, 7777, 7771, 7759, 7778, 7740, 7742, 7739, 7739, 7741, 7737, 7321, 7318, 7322, 7316, 7318, 7321, 7778, 7777, 7771, 7777, 7776, 7770, 7776, 7754, 7769, 7330, 7331, 7754, 7314, 7315, 7763, 7315, 7316, 7764, 7760, 7312, 7761, 7761, 7313, 7762, 7332, 7737, 7741, 7018, 7019, 7202, 7201, 7018, 7202, 7202, 7019, 7550, 7196, 7017, 7201, 7194, 7017, 7196, 7194, 7195, 7016, 7015, 7016, 7199, 7017, 7018, 7201, 7337, 7334, 7341, 7016, 7017, 7194, 7341, 7333, 7342, 7336, 7561, 7335, 7337, 7562, 7336, 7561, 7560, 7335, 2885, 2886, 2887, 7340, 7016, 7339, 7343, 7017, 7340, 7340, 7339, 7563, 7335, 7337, 7336, 7335, 7334, 7337, 7334, 7333, 7341, 7343, 7340, 7565, 7339, 7338, 7567, 7563, 7339, 7564, 7342, 7019, 7344, 7344, 7018, 7343, 7560, 7553, 7334, 7553, 7550, 7333, 7556, 7204, 7551, 7565, 7580, 7343, 7565, 7340, 7563, 7342, 7344, 7581, 7337, 7341, 7570, 7341, 7342, 7573, 7570, 7341, 7573, 7562, 7337, 7570, 7573, 7342, 7581, 7344, 7343, 7580, 2579, 2578, 2891, 7334, 7335, 7560, 7333, 7019, 7342, 7333, 7334, 7553, 7015, 7198, 2581, 2580, 2581, 2738, 2579, 2580, 2737, 2578, 2579, 2736, 2578, 2735, 2883, 7551, 7555, 7559, 7550, 7019, 7333, 2883, 2980, 2884, 7019, 7018, 7344, 7581, 7344, 7580, 2735, 2578, 2736, 2736, 2579, 2737, 2883, 2735, 2980, 2981, 2884, 2980, 2982, 2885, 2981, 2983, 2886, 2982, 2984, 2887, 2983, 2985, 2888, 2984, 7018, 7017, 7343, 2986, 2889, 2985, 2737, 2580, 2738, 2987, 2890, 2986, 2884, 2981, 2885, 2988, 2891, 2987, 2989, 2892, 2988, 2990, 2893, 2989, 7338, 2990, 7567, 2884, 2885, 2888, 7338, 2893, 2990, 7556, 7206, 7204, 7205, 7203, 7206, 2893, 2892, 2989, 2892, 2891, 2988, 7559, 7555, 7554, 7559, 7556, 7551, 7559, 7554, 7558, 7203, 7204, 7206, 7339, 7567, 7568, 7564, 7339, 7568, 7564, 7568, 7566, 7582, 7566, 7569, 7338, 2581, 2893, 2893, 2580, 2892, 2892, 2579, 2891, 2891, 2890, 2987, 7582, 7569, 7584, 7569, 7566, 7568, 7574, 7583, 7585, 7205, 7200, 7197, 7200, 7199, 7195, 7197, 7203, 7205, 7195, 7197, 7200, 7571, 7572, 7576, 7572, 7574, 7578, 7572, 7578, 7577, 7576, 7572, 7577, 7199, 7016, 7195, 7198, 7015, 7199, 2890, 2889, 2986, 2889, 2888, 2985, 2738, 2581, 7198, 7578, 7574, 7585, 7017, 7016, 7340, 7582, 7584, 7583, 7016, 7015, 7339, 2888, 2887, 2984, 2891, 2578, 2890, 7015, 2581, 7338, 7585, 7583, 7584, 2581, 2580, 2893, 2580, 2579, 2892, 2887, 2886, 2983, 2886, 2885, 2982, 2883, 2890, 2578, 2883, 2889, 2890, 2889, 2884, 2888, 2888, 2885, 2887, 2883, 2884, 2889, 7339, 7015, 7338, 7561, 7336, 7562, 7717, 7716, 7713, 7632, 7600, 7633, 7243, 7245, 7246, 7244, 7243, 7246, 7244, 7246, 7262, 7261, 7244, 7262, 7182, 7184, 7183, 7599, 7574, 7601, 7600, 7581, 7598, 7598, 7596, 7599, 7183, 7184, 7185, 7693, 7694, 7711, 7707, 7693, 7711, 7709, 7700, 7706, 7711, 7694, 7712, 7597, 7599, 7596, 7597, 7582, 7599, 7596, 7564, 7597, 7598, 7580, 7596, 7645, 7701, 7695, 7701, 7645, 7698, 7262, 7246, 7250, 7247, 7251, 7253, 7712, 7695, 7701, 7247, 7253, 7254, 7249, 7247, 7254, 7249, 7254, 7252, 7635, 7207, 7632, 7254, 7253, 7273, 7632, 7562, 7570, 7632, 7561, 7562, 7632, 7184, 7561, 7207, 7184, 7632, 7283, 7282, 7803, 7702, 7714, 7716, 7601, 7575, 7586, 7601, 7572, 7575, 7574, 7572, 7601, 7703, 7717, 7715, 7182, 7193, 7192, 7600, 7573, 7581, 7570, 7573, 7600, 7583, 7574, 7599, 7582, 7583, 7599, 7581, 7580, 7598, 7192, 7193, 7194, 7182, 7192, 7201, 7183, 7197, 7193, 7253, 7251, 7257, 7254, 7258, 7252, 7197, 7183, 7203, 7250, 7256, 7268, 7253, 7257, 7264, 7192, 7194, 7196, 7201, 7192, 7196, 7258, 7254, 7265, 7195, 7194, 7193, 7633, 7636, 7632, 7195, 7193, 7197, 7571, 7575, 7572, 7193, 7182, 7183, 7184, 7182, 7550, 7183, 7185, 7552, 7182, 7201, 7202, 7597, 7566, 7582, 7566, 7597, 7564, 7550, 7182, 7202, 7580, 7565, 7596, 7596, 7563, 7564, 7565, 7563, 7596, 7203, 7183, 7204, 7204, 7183, 7551, 7550, 7553, 7184, 7635, 7632, 7636, 7262, 7250, 7263, 7551, 7183, 7552, 7552, 7185, 7223, 7266, 7255, 7696, 7555, 7552, 7554, 7553, 7560, 7184, 7560, 7561, 7184, 7652, 7266, 7655, 7185, 7207, 7208, 7208, 7207, 7211, 7185, 7184, 7207, 7185, 7208, 7220, 7655, 7266, 7644, 7697, 7702, 7720, 7703, 7699, 7721, 7700, 7243, 7706, 7720, 7702, 7716, 7696, 7248, 7700, 7208, 7211, 7212, 7212, 7243, 7244, 7212, 7211, 7243, 7208, 7212, 7227, 7208, 7227, 7226, 7227, 7212, 7244, 7244, 7261, 7227, 7717, 7703, 7721, 7720, 7716, 7721, 7245, 7243, 7700, 7248, 7245, 7700, 7263, 7250, 7268, 7268, 7256, 7267, 7551, 7552, 7555, 7268, 7267, 7269, 7706, 7707, 7708, 7708, 7707, 7711, 7709, 7706, 7708, 7223, 7185, 7222, 7255, 7248, 7696, 7222, 7185, 7220, 7220, 7208, 7226, 7696, 7644, 7266, 7645, 7646, 7698, 7698, 7646, 7647, 7706, 7635, 7707, 7648, 7271, 7652, 7707, 7635, 7636, 7725, 7723, 7724, 7723, 7722, 7724, 7269, 7267, 7270, 7636, 7616, 7707, 7693, 7707, 7616, 7636, 7615, 7616, 7271, 7266, 7652, 7714, 7710, 7716, 7716, 7710, 7713, 7275, 7273, 7724, 7274, 7276, 7725, 7713, 7715, 7717, 7273, 7653, 7720, 7654, 7274, 7725, 7280, 7275, 7722, 7276, 7281, 7723, 7282, 7280, 7662, 7281, 7283, 7663, 7724, 7273, 7720, 7211, 7207, 7635, 7243, 7211, 7706, 7661, 7658, 7721, 7720, 7660, 7697, 7721, 7699, 7661, 7721, 7657, 7725, 7659, 7654, 7725, 7720, 7653, 7656, 7720, 7656, 7660, 7658, 7657, 7721, 7657, 7659, 7725, 7722, 7275, 7724, 7725, 7276, 7723, 7281, 7282, 7283, 7662, 7280, 7722, 7706, 7211, 7635, 7694, 7695, 7712, 7723, 7281, 7663, 7662, 7722, 7663, 7723, 7663, 7722, 7636, 7588, 7615, 7725, 7720, 7721, 7724, 7720, 7725, 7283, 7803, 7804, 7803, 7282, 7807, 7281, 7280, 7282, 7276, 7280, 7281, 7599, 7601, 7598, 7600, 7598, 7601, 7804, 7803, 7805, 7276, 7275, 7280, 7651, 7274, 7654, 7273, 7649, 7653, 7283, 7804, 7808, 7805, 7803, 7807, 7804, 7805, 7806, 7808, 7804, 7806, 7807, 7282, 7662, 7806, 7805, 7807, 7663, 7283, 7808, 7808, 7806, 7807, 7807, 7662, 7808, 7808, 7662, 7663, 7650, 7274, 7651, 7279, 7274, 7650, 7273, 7277, 7649, 7278, 7274, 7279, 7265, 7274, 7278, 7273, 7264, 7277, 7274, 7275, 7276, 7274, 7273, 7275, 7265, 7254, 7274, 7273, 7253, 7264, 7254, 7273, 7274, 7586, 7587, 7633, 7632, 7570, 7600, 7601, 7586, 7633, 7633, 7587, 7588, 7633, 7588, 7636, 7633, 7600, 7601, 7717, 7721, 7716, 7233, 7238, 7237, 7236, 7235, 7238, 7294, 7269, 7297, 7297, 7269, 7298, 7689, 7657, 7687, 7293, 7268, 7294, 7687, 7657, 7664, 7588, 7617, 7615, 7615, 7618, 7616, 7687, 7664, 7688, 7616, 7619, 7693, 7618, 7615, 7617, 7292, 7263, 7293, 7666, 7291, 7667, 7291, 7292, 7727, 7238, 7233, 7236, 7238, 7261, 7291, 7292, 7293, 7728, 7667, 7291, 7727, 7293, 7294, 7670, 7297, 7299, 7685, 7235, 7261, 7238, 7294, 7297, 7671, 7689, 7659, 7657, 7657, 7658, 7664, 7671, 7297, 7685, 7230, 7261, 7235, 7682, 7659, 7689, 7677, 7654, 7682, 7301, 7285, 7676, 7676, 7651, 7677, 7650, 7676, 7285, 7592, 7291, 7666, 7231, 7227, 7230, 7228, 7227, 7231, 7228, 7221, 7226, 7291, 7262, 7292, 7654, 7659, 7682, 7651, 7654, 7677, 7269, 7270, 7298, 7668, 7667, 7726, 7727, 7292, 7728, 7651, 7676, 7650, 7619, 7616, 7618, 7285, 7279, 7650, 7726, 7593, 7668, 7726, 7667, 7727, 7268, 7269, 7294, 7227, 7261, 7230, 7226, 7227, 7228, 7224, 7220, 7221, 7225, 7222, 7224, 7222, 7220, 7224, 7728, 7293, 7670, 7671, 7670, 7294, 7669, 7672, 7685, 7225, 7223, 7222, 7672, 7647, 7671, 7671, 7645, 7670, 7647, 7646, 7671, 7629, 7726, 7619, 7628, 7626, 7639, 7297, 7298, 7299, 7646, 7645, 7671, 7672, 7671, 7685, 7220, 7226, 7221, 7301, 7676, 7675, 7685, 7299, 7674, 7263, 7268, 7293, 7728, 7670, 7695, 7728, 7694, 7727, 7552, 7223, 7557, 7727, 7693, 7726, 7693, 7619, 7726, 7675, 7676, 7681, 7685, 7674, 7680, 7681, 7676, 7687, 7262, 7263, 7292, 7291, 7261, 7262, 7223, 7225, 7557, 7554, 7552, 7557, 7689, 7687, 7676, 7557, 7558, 7554, 7575, 7571, 7576, 7726, 7629, 7640, 7575, 7589, 7586, 7689, 7676, 7677, 7689, 7677, 7682, 7576, 7579, 7575, 7589, 7575, 7579, 7586, 7590, 7587, 7587, 7591, 7588, 7590, 7586, 7589, 7629, 7628, 7640, 7670, 7645, 7695, 7593, 7726, 7594, 7695, 7694, 7728, 7640, 7594, 7726, 7640, 7639, 7595, 7693, 7727, 7694, 7640, 7628, 7639, 7681, 7687, 7686, 7687, 7688, 7686, 7237, 7238, 7239, 7239, 7238, 7291, 7239, 7291, 7240, 7240, 7291, 7592, 7591, 7587, 7590, 7594, 7640, 7595, 7588, 7591, 7617]
            point3f[] points = [(-376.5, -294.39697, 15.60303), (-376.5, -286.13596, 8.358319), (-376.5, -301.6417, 23.86404), (-376.5, -307.74612, 33), (-376.5, -312.60587, 42.85459), (-380, -299.67157, 48.21216), (-376.5, -299.67157, 48.21216), (-380, -290.53473, 32.3867), (-376.5, -290.53473, 32.3867), (-380, -284.49747, 25.502525), (-376.5, -284.49747, 25.502525), (-380, -280.96194, 29.03806), (-380, -295.62177, 40), (-376.5, -295.62177, 40), (-376.5, -277, 2.2538662), (-376.5, -267.14542, -2.6058807), (-380, -277.6133, 19.465265), (-376.5, -277.6133, 19.465265), (-380, -270, 14.3782215), (-376.5, -270, 14.3782215), (-380, -261.78784, 10.328433), (-376.5, -261.78784, 10.328433), (-380, -267.5, 18.70835), (-380, -259.87442, 14.94783), (-376.5, -256.7408, -6.137769), (-376.5, -245.9642, -8.281368), (-380, -244.13684, 5.59886), (-376.5, -244.13684, 5.59886), (-380, -253.11734, 7.3851924), (-376.5, -253.11734, 7.3851924), (-380, -251.82324, 12.214821), (-380, -243.4842, 10.556084), (-380, -274.5695, 23.432034), (-331.5, -294.39697, 15.60303), (-331.5, -286.13596, 8.358319), (-331.5, -301.6417, 23.86404), (-331.5, -307.74612, 33), (-331.5, -312.60587, 42.85459), (-331.5, -299.67157, 48.21216), (-328, -299.67157, 48.21216), (-331.5, -290.53473, 32.3867), (-328, -290.53473, 32.3867), (-331.5, -284.49747, 25.502525), (-328, -284.49747, 25.502525), (-328, -286.56796, 35.430508), (-328, -280.96194, 29.03806), (-331.5, -295.62177, 40), (-328, -295.62177, 40), (-328, -291.29166, 42.5), (-328, -295.05215, 50.125576), (-331.5, -277, 2.2538662), (-331.5, -267.14542, -2.6058807), (-331.5, -277.6133, 19.465265), (-328, -277.6133, 19.465265), (-331.5, -270, 14.3782215), (-328, -270, 14.3782215), (-331.5, -261.78784, 10.328433), (-328, -261.78784, 10.328433), (-328, -267.5, 18.70835), (-328, -259.87442, 14.94783), (-331.5, -256.7408, -6.137769), (-331.5, -245.9642, -8.281368), (-331.5, -244.13684, 5.59886), (-328, -244.13684, 5.59886), (-331.5, -253.11734, 7.3851924), (-328, -253.11734, 7.3851924), (-328, -251.82324, 12.214821), (-328, -243.4842, 10.556084), (-328, -274.5695, 23.432034), (-376.5, -316.13776, 53.2592), (-376.5, -318.28137, 64.0358), (-380, -302.6148, 56.882668), (-376.5, -302.6148, 56.882668), (-380, -304.40115, 65.86317), (-376.5, -304.40115, 65.86317), (-376.5, -319, 75), (-380, -305, 75), (-376.5, -305, 75), (-376.5, -318.28137, 85.9642), (-380, -304.40115, 84.13683), (-376.5, -304.40115, 84.13683), (-380, -302.6148, 93.11733), (-376.5, -302.6148, 93.11733), (-376.5, -316.13776, 96.7408), (-376.5, -312.60587, 107.14541), (-380, -299.67157, 101.78784), (-376.5, -299.67157, 101.78784), (-380, -295.62177, 110), (-376.5, -295.62177, 110), (-387.5, -240.65686, 69.34315), (-387.5, -239.87009, 68.653175), (-387.5, -241.9282, 71), (-387.5, -242.39104, 71.93853), (-387.5, -242.7274, 72.92945), (-387.5, -241.34683, 70.129906), (-380, -240.65686, 69.34315), (-380, -239.87009, 68.653175), (-380, -241.9282, 71), (-380, -242.39104, 71.93853), (-380, -242.7274, 72.92945), (-380, -241.34683, 70.129906), (-387.5, -243, 75), (-387.5, -242.93156, 73.95579), (-387.5, -242.93156, 76.04421), (-387.5, -242.7274, 77.07055), (-387.5, -242.39104, 78.06147), (-387.5, -241.9282, 79), (-387.5, -241.34683, 79.870094), (-387.5, -240.65686, 80.65685), (-380, -243, 75), (-380, -242.93156, 73.95579), (-380, -242.93156, 76.04421), (-380, -242.7274, 77.07055), (-380, -242.39104, 78.06147), (-380, -241.9282, 79), (-380, -241.34683, 79.870094), (-380, -240.65686, 80.65685), (-387.5, -239.87009, 81.346825), (-380, -239.87009, 81.346825), (-331.5, -316.13776, 53.2592), (-331.5, -318.28137, 64.0358), (-331.5, -302.6148, 56.882668), (-328, -302.6148, 56.882668), (-331.5, -304.40115, 65.86317), (-328, -304.40115, 65.86317), (-331.5, -319, 75), (-328, -299.4439, 66.5158), (-331.5, -305, 75), (-328, -305, 75), (-328, -297.7852, 58.17676), (-331.5, -318.28137, 85.9642), (-331.5, -304.40115, 84.13683), (-328, -304.40115, 84.13683), (-328, -299.4439, 83.4842), (-331.5, -302.6148, 93.11733), (-328, -302.6148, 93.11733), (-331.5, -316.13776, 96.7408), (-331.5, -312.60587, 107.14541), (-331.5, -299.67157, 101.78784), (-328, -299.67157, 101.78784), (-328, -297.7852, 91.823235), (-328, -295.05215, 99.87442), (-331.5, -295.62177, 110), (-328, -295.62177, 110), (-328, -291.29166, 107.5), (-328, -240.65686, 69.34315), (-328, -239.87009, 68.653175), (-328, -241.9282, 71), (-328, -242.39104, 71.93853), (-328, -242.7274, 72.92945), (-328, -241.34683, 70.129906), (-328, -243, 75), (-328, -242.93156, 73.95579), (-328, -242.93156, 76.04421), (-328, -242.7274, 77.07055), (-328, -242.39104, 78.06147), (-328, -241.9282, 79), (-328, -241.34683, 79.870094), (-328, -240.65686, 80.65685), (-300, -242.2, 62.529236), (-300, -249.4, 75), (-300, -240.65686, 69.34315), (-300, -239.87009, 68.653175), (-300, -241.9282, 71), (-300, -242.39104, 71.93853), (-300, -242.7274, 72.92945), (-300, -241.34683, 70.129906), (-300, -243, 75), (-300, -242.93156, 73.95579), (-300, -242.93156, 76.04421), (-300, -242.7274, 77.07055), (-300, -242.39104, 78.06147), (-300, -241.9282, 79), (-300, -241.34683, 79.870094), (-300, -240.65686, 80.65685), (-328, -239.87009, 81.346825), (-300, -239.87009, 81.346825), (-300, -242.2, 87.470764), (-376.5, -235, -9), (-380, -235, 5), (-376.5, -235, 5), (-376.5, -224.0358, -8.281368), (-380, -225.86316, 5.59886), (-376.5, -225.86316, 5.59886), (-380, -235, 10), (-380, -226.5158, 10.556084), (-376.5, -213.2592, -6.137769), (-376.5, -202.8546, -2.6058807), (-380, -216.88266, 7.3851924), (-376.5, -216.88266, 7.3851924), (-380, -218.17676, 12.214821), (-380, -210.12558, 14.94783), (-380, -208.21216, 10.328433), (-376.5, -208.21216, 10.328433), (-380, -200, 14.3782215), (-376.5, -200, 14.3782215), (-380, -202.5, 18.70835), (-376.5, -193, 2.2538662), (-380, -192.3867, 19.465265), (-376.5, -192.3867, 19.465265), (-376.5, -183.86404, 8.358319), (-376.5, -175.60303, 15.60303), (-380, -195.43051, 23.432034), (-380, -185.50252, 25.502525), (-376.5, -185.50252, 25.502525), (-380, -189.03806, 29.03806), (-380, -183.43204, 35.430508), (-380, -179.46527, 32.3867), (-376.5, -179.46527, 32.3867), (-376.5, -168.35832, 23.86404), (-376.5, -162.25386, 33), (-380, -178.70834, 42.5), (-380, -174.37822, 40), (-376.5, -174.37822, 40), (-380, -174.94783, 50.125576), (-380, -170.32843, 48.21216), (-376.5, -170.32843, 48.21216), (-331.5, -235, -9), (-331.5, -235, 5), (-328, -235, 5), (-331.5, -224.0358, -8.281368), (-331.5, -225.86316, 5.59886), (-328, -225.86316, 5.59886), (-328, -235, 10), (-328, -226.5158, 10.556084), (-331.5, -213.2592, -6.137769), (-331.5, -202.8546, -2.6058807), (-331.5, -216.88266, 7.3851924), (-328, -216.88266, 7.3851924), (-328, -218.17676, 12.214821), (-328, -210.12558, 14.94783), (-331.5, -208.21216, 10.328433), (-328, -208.21216, 10.328433), (-331.5, -200, 14.3782215), (-328, -200, 14.3782215), (-328, -202.5, 18.70835), (-331.5, -193, 2.2538662), (-331.5, -192.3867, 19.465265), (-328, -192.3867, 19.465265), (-331.5, -183.86404, 8.358319), (-331.5, -175.60303, 15.60303), (-328, -195.43051, 23.432034), (-331.5, -185.50252, 25.502525), (-328, -185.50252, 25.502525), (-328, -189.03806, 29.03806), (-331.5, -179.46527, 32.3867), (-328, -183.43204, 35.430508), (-328, -179.46527, 32.3867), (-331.5, -168.35832, 23.86404), (-331.5, -162.25386, 33), (-328, -178.70834, 42.5), (-331.5, -174.37822, 40), (-328, -174.37822, 40), (-328, -174.94783, 50.125576), (-331.5, -170.32843, 48.21216), (-328, -170.32843, 48.21216), (-387.5, -238.06146, 67.60896), (-387.5, -237.07056, 67.27259), (-387.5, -239, 68.0718), (-387.5, -236.0442, 67.06844), (-387.5, -235, 67), (-387.5, -233.9558, 67.06844), (-387.5, -232.92944, 67.27259), (-387.5, -231.93854, 67.60896), (-387.5, -231, 68.0718), (-387.5, -230.12991, 68.653175), (-387.5, -229.34314, 69.34315), (-380, -238.06146, 67.60896), (-380, -237.07056, 67.27259), (-380, -239, 68.0718), (-380, -236.0442, 67.06844), (-380, -235, 67), (-380, -233.9558, 67.06844), (-380, -232.92944, 67.27259), (-380, -231.93854, 67.60896), (-380, -231, 68.0718), (-380, -230.12991, 68.653175), (-380, -229.34314, 69.34315), (-387.5, -229.34314, 80.65685), (-380, -229.34314, 80.65685), (-387.5, -228.65317, 70.129906), (-387.5, -228.0718, 71), (-387.5, -227.60896, 71.93853), (-387.5, -227.2726, 72.92945), (-380, -228.65317, 70.129906), (-380, -228.0718, 71), (-380, -227.60896, 71.93853), (-380, -227.2726, 72.92945), (-387.5, -227.06844, 73.95579), (-387.5, -227, 75), (-387.5, -227.06844, 76.04421), (-387.5, -227.2726, 77.07055), (-387.5, -228.0718, 79), (-387.5, -227.60896, 78.06147), (-387.5, -228.65317, 79.870094), (-380, -227.06844, 73.95579), (-380, -227, 75), (-380, -227.06844, 76.04421), (-380, -227.2726, 77.07055), (-380, -228.0718, 79), (-380, -227.60896, 78.06147), (-380, -228.65317, 79.870094), (-387.5, -239, 81.9282), (-387.5, -238.06146, 82.39104), (-387.5, -237.07056, 82.72741), (-387.5, -236.0442, 82.93156), (-387.5, -235, 83), (-387.5, -233.9558, 82.93156), (-387.5, -232.92944, 82.72741), (-387.5, -231.93854, 82.39104), (-387.5, -231, 81.9282), (-387.5, -230.12991, 81.346825), (-380, -239, 81.9282), (-380, -238.06146, 82.39104), (-380, -237.07056, 82.72741), (-380, -236.0442, 82.93156), (-380, -235, 83), (-380, -233.9558, 82.93156), (-380, -232.92944, 82.72741), (-380, -231.93854, 82.39104), (-380, -231, 81.9282), (-380, -230.12991, 81.346825), (-380, -167.3852, 56.882668), (-376.5, -167.3852, 56.882668), (-380, -165.59886, 65.86317), (-376.5, -165.59886, 65.86317), (-380, -165, 75), (-376.5, -165, 75), (-380, -165.59886, 84.13683), (-376.5, -165.59886, 84.13683), (-380, -167.3852, 93.11733), (-376.5, -167.3852, 93.11733), (-380, -170.32843, 101.78784), (-376.5, -170.32843, 101.78784), (-380, -178.70834, 107.5), (-380, -174.37822, 110), (-376.5, -174.37822, 110), (-328, -238.06146, 67.60896), (-328, -237.07056, 67.27259), (-328, -239, 68.0718), (-328, -236.0442, 67.06844), (-328, -235, 67), (-328, -233.9558, 67.06844), (-328, -232.92944, 67.27259), (-328, -231.93854, 67.60896), (-328, -231, 68.0718), (-328, -230.12991, 68.653175), (-328, -229.34314, 69.34315), (-328, -229.34314, 80.65685), (-328, -228.65317, 70.129906), (-328, -228.0718, 71), (-328, -227.60896, 71.93853), (-328, -227.2726, 72.92945), (-328, -227.06844, 73.95579), (-328, -227, 75), (-328, -227.06844, 76.04421), (-328, -227.2726, 77.07055), (-328, -228.0718, 79), (-328, -227.60896, 78.06147), (-328, -228.65317, 79.870094), (-300, -227.8, 62.529236), (-300, -238.06146, 67.60896), (-300, -237.07056, 67.27259), (-300, -239, 68.0718), (-300, -236.0442, 67.06844), (-300, -235, 67), (-300, -233.9558, 67.06844), (-300, -232.92944, 67.27259), (-300, -231.93854, 67.60896), (-300, -231, 68.0718), (-300, -230.12991, 68.653175), (-300, -229.34314, 69.34315), (-300, -229.34314, 80.65685), (-300, -228.65317, 70.129906), (-300, -228.0718, 71), (-300, -227.60896, 71.93853), (-300, -227.2726, 72.92945), (-300, -227.06844, 73.95579), (-300, -227, 75), (-300, -227.06844, 76.04421), (-300, -227.2726, 77.07055), (-300, -228.0718, 79), (-300, -227.60896, 78.06147), (-300, -228.65317, 79.870094), (-300, -220.6, 75), (-328, -239, 81.9282), (-328, -238.06146, 82.39104), (-328, -237.07056, 82.72741), (-328, -236.0442, 82.93156), (-328, -235, 83), (-328, -233.9558, 82.93156), (-328, -232.92944, 82.72741), (-328, -231.93854, 82.39104), (-328, -231, 81.9282), (-328, -230.12991, 81.346825), (-300, -239, 81.9282), (-300, -238.06146, 82.39104), (-300, -237.07056, 82.72741), (-300, -236.0442, 82.93156), (-300, -235, 83), (-300, -233.9558, 82.93156), (-300, -232.92944, 82.72741), (-300, -231.93854, 82.39104), (-300, -231, 81.9282), (-300, -230.12991, 81.346825), (-300, -227.8, 87.470764), (-328, -172.21483, 58.17676), (-331.5, -167.3852, 56.882668), (-328, -167.3852, 56.882668), (-331.5, -165.59886, 65.86317), (-328, -165.59886, 65.86317), (-328, -170.55609, 66.5158), (-331.5, -165, 75), (-328, -165, 75), (-328, -170.55609, 83.4842), (-328, -172.21483, 91.823235), (-331.5, -165.59886, 84.13683), (-328, -165.59886, 84.13683), (-331.5, -167.3852, 93.11733), (-328, -167.3852, 93.11733), (-328, -174.94783, 99.87442), (-331.5, -170.32843, 101.78784), (-328, -170.32843, 101.78784), (-328, -178.70834, 107.5), (-331.5, -174.37822, 110), (-328, -174.37822, 110), (-270, -270, 30), (-258, -270, 30), (-290, -242.2, 62.529236), (-290, -249.4, 75), (-270, -239.72235, 67.93251), (-270, -241.0104, 68.98959), (-270, -242.06749, 70.27766), (-270, -242.85298, 71.74719), (-270, -243.33667, 73.341736), (-270, -243.5, 75), (-270, -243.33667, 76.658264), (-270, -242.85298, 78.25281), (-270, -242.06749, 79.72234), (-270, -241.0104, 81.01041), (-258, -249.96645, 64.99973), (-258, -241.8883, 58.370167), (-258, -247.72792, 62.27208), (-258, -245.00026, 60.033546), (-250, -249.96645, 64.99973), (-250, -241.8883, 58.370167), (-250, -247.72792, 62.27208), (-250, -245.00026, 60.033546), (-258, -251.62984, 68.1117), (-258, -252.65413, 71.48837), (-258, -253, 75), (-258, -252.65413, 78.51163), (-250, -251.62984, 68.1117), (-250, -252.65413, 71.48837), (-250, -253, 75), (-250, -252.65413, 78.51163), (-250, -239.72235, 67.93251), (-250, -241.0104, 68.98959), (-250, -242.06749, 70.27766), (-250, -242.85298, 71.74719), (-250, -243.33667, 73.341736), (-250, -243.5, 75), (-250, -243.33667, 76.658264), (-250, -242.85298, 78.25281), (-250, -242.06749, 79.72234), (-250, -241.0104, 81.01041), (-290, -242.2, 87.470764), (-270, -239.72235, 82.06749), (-258, -251.62984, 81.8883), (-258, -249.96645, 85.00027), (-258, -247.72792, 87.72792), (-258, -245.00026, 89.96645), (-258, -241.8883, 91.62983), (-250, -251.62984, 81.8883), (-250, -249.96645, 85.00027), (-250, -247.72792, 87.72792), (-250, -239.72235, 82.06749), (-250, -245.00026, 89.96645), (-250, -241.8883, 91.62983), (-270, -238, 40), (-270, -232, 40), (-270, -200, 30), (-258, -238, 40), (-258, -232, 40), (-258, -200, 30), (-290, -227.8, 62.529236), (-270, -238, 60), (-270, -232, 60), (-290, -220.6, 75), (-270, -238.2528, 67.147026), (-270, -236.65826, 66.66332), (-270, -235, 66.5), (-270, -233.34174, 66.66332), (-270, -231.7472, 67.147026), (-270, -230.27765, 67.93251), (-270, -228.9896, 68.98959), (-270, -227.93251, 70.27766), (-270, -227.14702, 71.74719), (-270, -226.66333, 73.341736), (-270, -226.5, 75), (-270, -226.66333, 76.658264), (-270, -227.14702, 78.25281), (-270, -228.9896, 81.01041), (-270, -227.93251, 79.72234), (-258, -238.51163, 57.345863), (-258, -238, 57.295475), (-257, -238, 57.295475), (-257, -235, 57), (-258, -232, 57.295475), (-258, -231.48837, 57.345863), (-257, -232, 57.295475), (-257, -238, 60), (-257, -232, 60), (-258, -228.1117, 58.370167), (-258, -224.99974, 60.033546), (-258, -222.27208, 62.27208), (-258, -220.03355, 64.99973), (-250, -238.51163, 57.345863), (-250, -235, 57), (-250, -231.48837, 57.345863), (-250, -228.1117, 58.370167), (-250, -224.99974, 60.033546), (-250, -222.27208, 62.27208), (-250, -220.03355, 64.99973), (-250, -238.2528, 67.147026), (-250, -236.65826, 66.66332), (-250, -235, 66.5), (-250, -233.34174, 66.66332), (-250, -231.7472, 67.147026), (-250, -230.27765, 67.93251), (-250, -228.9896, 68.98959), (-250, -227.93251, 70.27766), (-250, -227.14702, 71.74719), (-250, -226.66333, 73.341736), (-250, -226.5, 75), (-250, -226.66333, 76.658264), (-250, -227.14702, 78.25281), (-250, -228.9896, 81.01041), (-250, -227.93251, 79.72234), (-258, -218.37016, 68.1117), (-258, -217.34587, 71.48837), (-258, -217, 75), (-258, -217.34587, 78.51163), (-250, -218.37016, 68.1117), (-250, -217.34587, 71.48837), (-250, -217, 75), (-250, -217.34587, 78.51163), (-290, -227.8, 87.470764), (-270, -238.2528, 82.852974), (-270, -236.65826, 83.33668), (-270, -235, 83.5), (-270, -233.34174, 83.33668), (-270, -231.7472, 82.852974), (-270, -230.27765, 82.06749), (-258, -238.51163, 92.65414), (-258, -235, 93), (-258, -231.48837, 92.65414), (-258, -222.27208, 87.72792), (-258, -220.03355, 85.00027), (-258, -228.1117, 91.62983), (-258, -224.99974, 89.96645), (-250, -238.2528, 82.852974), (-250, -236.65826, 83.33668), (-250, -235, 83.5), (-250, -233.34174, 83.33668), (-250, -231.7472, 82.852974), (-250, -230.27765, 82.06749), (-250, -238.51163, 92.65414), (-250, -235, 93), (-250, -231.48837, 92.65414), (-250, -222.27208, 87.72792), (-250, -220.03355, 85.00027), (-250, -228.1117, 91.62983), (-250, -224.99974, 89.96645), (-258, -218.37016, 81.8883), (-250, -218.37016, 81.8883), (-376.5, -307.74612, 117), (-376.5, -301.6417, 126.13596), (-380, -290.53473, 117.6133), (-376.5, -290.53473, 117.6133), (-380, -284.49747, 124.497475), (-376.5, -284.49747, 124.497475), (-380, -280.96194, 120.961945), (-376.5, -294.39697, 134.39697), (-376.5, -286.13596, 141.64168), (-380, -274.5695, 126.56797), (-380, -277.6133, 130.53473), (-376.5, -277.6133, 130.53473), (-380, -270, 135.62178), (-376.5, -270, 135.62178), (-380, -267.5, 131.29166), (-380, -259.87442, 135.05217), (-380, -261.78784, 139.67157), (-376.5, -261.78784, 139.67157), (-380, -251.82324, 137.78517), (-380, -243.4842, 139.44391), (-376.5, -277, 147.74614), (-376.5, -267.14542, 152.60588), (-380, -253.11734, 142.6148), (-376.5, -253.11734, 142.6148), (-376.5, -256.7408, 156.13777), (-380, -244.13684, 144.40114), (-376.5, -244.13684, 144.40114), (-376.5, -245.9642, 158.28137), (-331.5, -307.74612, 117), (-331.5, -301.6417, 126.13596), (-331.5, -290.53473, 117.6133), (-328, -290.53473, 117.6133), (-328, -286.56796, 114.569496), (-331.5, -284.49747, 124.497475), (-328, -284.49747, 124.497475), (-328, -280.96194, 120.961945), (-331.5, -294.39697, 134.39697), (-291, -290, 120), (-331.5, -286.13596, 141.64168), (-328, -274.5695, 126.56797), (-331.5, -277.6133, 130.53473), (-328, -277.6133, 130.53473), (-331.5, -270, 135.62178), (-328, -270, 135.62178), (-328, -267.5, 131.29166), (-328, -259.87442, 135.05217), (-331.5, -261.78784, 139.67157), (-328, -261.78784, 139.67157), (-328, -251.82324, 137.78517), (-328, -243.4842, 139.44391), (-305, -270, 112), (-305, -270, 120), (-291, -270, 120), (-291.94455, -261.94455, 112), (-291.52783, -262.28653, 112), (-291.05237, -262.54068, 112), (-292.28653, -261.52783, 112), (-292.54068, -261.05237, 112), (-292.69717, -260.5365, 112), (-292.75, -260, 112), (-292.69717, -259.4635, 112), (-291.94455, -261.94455, 120), (-291.52783, -262.28653, 120), (-291.05237, -262.54068, 120), (-291, -262.55655, 120), (-292.28653, -261.52783, 120), (-292.54068, -261.05237, 120), (-292.69717, -260.5365, 120), (-292.75, -260, 120), (-292.69717, -259.4635, 120), (-292.54068, -258.94763, 112), (-292.28653, -258.47217, 112), (-291.94455, -258.05545, 112), (-291.52783, -257.71347, 112), (-291.05237, -257.45932, 112), (-292.54068, -258.94763, 120), (-292.28653, -258.47217, 120), (-291.94455, -258.05545, 120), (-291.52783, -257.71347, 120), (-291.05237, -257.45932, 120), (-291, -257.44345, 120), (-291.94455, -241.94455, 112), (-291.52783, -242.28654, 112), (-291.05237, -242.54066, 112), (-292.28653, -241.52782, 112), (-292.54068, -241.05238, 112), (-292.69717, -240.5365, 112), (-292.75, -240, 112), (-292.69717, -239.4635, 112), (-291.94455, -241.94455, 120), (-291.52783, -242.28654, 120), (-291.05237, -242.54066, 120), (-291, -242.55656, 120), (-292.28653, -241.52782, 120), (-292.54068, -241.05238, 120), (-292.69717, -240.5365, 120), (-292.75, -240, 120), (-292.69717, -239.4635, 120), (-331.5, -277, 147.74614), (-331.5, -267.14542, 152.60588), (-331.5, -253.11734, 142.6148), (-328, -253.11734, 142.6148), (-331.5, -256.7408, 156.13777), (-331.5, -244.13684, 144.40114), (-328, -244.13684, 144.40114), (-331.5, -245.9642, 158.28137), (-380, -235, 140), (-380, -226.5158, 139.44391), (-380, -218.17676, 137.78517), (-380, -210.12558, 135.05217), (-380, -202.5, 131.29166), (-380, -208.21216, 139.67157), (-376.5, -208.21216, 139.67157), (-380, -200, 135.62178), (-376.5, -200, 135.62178), (-380, -235, 145), (-376.5, -235, 145), (-380, -225.86316, 144.40114), (-376.5, -225.86316, 144.40114), (-376.5, -235, 159), (-376.5, -224.0358, 158.28137), (-380, -216.88266, 142.6148), (-376.5, -216.88266, 142.6148), (-376.5, -213.2592, 156.13777), (-376.5, -202.8546, 152.60588), (-380, -183.43204, 114.569496), (-380, -179.46527, 117.6133), (-376.5, -179.46527, 117.6133), (-380, -189.03806, 120.961945), (-380, -185.50252, 124.497475), (-376.5, -185.50252, 124.497475), (-380, -195.43051, 126.56797), (-380, -192.3867, 130.53473), (-376.5, -192.3867, 130.53473), (-376.5, -162.25386, 117), (-376.5, -168.35832, 126.13596), (-376.5, -175.60303, 134.39697), (-376.5, -193, 147.74614), (-376.5, -183.86404, 141.64168), (-328, -235, 140), (-328, -226.5158, 139.44391), (-328, -218.17676, 137.78517), (-328, -210.12558, 135.05217), (-328, -202.5, 131.29166), (-331.5, -208.21216, 139.67157), (-328, -208.21216, 139.67157), (-331.5, -200, 135.62178), (-328, -200, 135.62178), (-292.54068, -238.94762, 112), (-292.28653, -238.47218, 112), (-291.94455, -238.05545, 112), (-291.52783, -237.71346, 112), (-291.05237, -237.45934, 112), (-292.54068, -238.94762, 120), (-292.28653, -238.47218, 120), (-291.94455, -238.05545, 120), (-291.52783, -237.71346, 120), (-291.05237, -237.45934, 120), (-291, -237.44344, 120), (-291.52783, -222.28654, 112), (-291.94455, -221.94455, 112), (-291.05237, -222.54066, 112), (-292.28653, -221.52782, 112), (-292.54068, -221.05238, 112), (-292.69717, -220.5365, 112), (-292.75, -220, 112), (-292.69717, -219.4635, 112), (-291.52783, -222.28654, 120), (-291.94455, -221.94455, 120), (-291.05237, -222.54066, 120), (-291, -222.55656, 120), (-292.28653, -221.52782, 120), (-292.54068, -221.05238, 120), (-292.69717, -220.5365, 120), (-292.75, -220, 120), (-292.69717, -219.4635, 120), (-292.54068, -218.94762, 112), (-292.28653, -218.47218, 112), (-291.94455, -218.05545, 112), (-291.52783, -217.71346, 112), (-291.05237, -217.45934, 112), (-292.54068, -218.94762, 120), (-292.28653, -218.47218, 120), (-291.94455, -218.05545, 120), (-291.52783, -217.71346, 120), (-291.05237, -217.45934, 120), (-291, -217.44344, 120), (-291.94455, -201.94455, 112), (-291.52783, -202.28654, 112), (-291.05237, -202.54066, 112), (-292.28653, -201.52782, 112), (-292.54068, -201.05238, 112), (-292.69717, -200.5365, 112), (-292.75, -200, 112), (-292.69717, -199.4635, 112), (-291.94455, -201.94455, 120), (-291.52783, -202.28654, 120), (-291.05237, -202.54066, 120), (-291, -202.55656, 120), (-292.28653, -201.52782, 120), (-292.54068, -201.05238, 120), (-292.69717, -200.5365, 120), (-292.75, -200, 120), (-292.69717, -199.4635, 120), (-331.5, -235, 145), (-328, -235, 145), (-331.5, -225.86316, 144.40114), (-328, -225.86316, 144.40114), (-331.5, -235, 159), (-331.5, -224.0358, 158.28137), (-331.5, -216.88266, 142.6148), (-328, -216.88266, 142.6148), (-331.5, -213.2592, 156.13777), (-331.5, -202.8546, 152.60588), (-328, -183.43204, 114.569496), (-331.5, -179.46527, 117.6133), (-328, -179.46527, 117.6133), (-328, -189.03806, 120.961945), (-331.5, -185.50252, 124.497475), (-328, -185.50252, 124.497475), (-328, -195.43051, 126.56797), (-331.5, -192.3867, 130.53473), (-328, -192.3867, 130.53473), (-331.5, -162.25386, 117), (-331.5, -168.35832, 126.13596), (-331.5, -175.60303, 134.39697), (-305, -190, 112), (-305, -190, 120), (-292.54068, -198.94762, 112), (-292.28653, -198.47218, 112), (-291.94455, -198.05545, 112), (-291.52783, -197.71346, 112), (-291.05237, -197.45934, 112), (-292.54068, -198.94762, 120), (-292.28653, -198.47218, 120), (-291.94455, -198.05545, 120), (-291.52783, -197.71346, 120), (-291.05237, -197.45934, 120), (-291, -197.44344, 120), (-291, -190, 120), (-331.5, -193, 147.74614), (-331.5, -183.86404, 141.64168), (-290, -291, 120), (-290, -290, 120), (-289, -290, 120), (-289, -289, 120), (-272.49442, -291, 138.33328), (-272.77164, -291, 138.85194), (-272.94235, -291, 139.41473), (-273, -291, 140), (-272.94235, -291, 140.58527), (-272.77164, -291, 141.14806), (-271.14804, -291, 137.22836), (-271.66672, -291, 137.50558), (-270.58527, -291, 137.05765), (-270, -291, 137), (-269.41473, -291, 137.05765), (-268.85196, -291, 137.22836), (-268.33328, -291, 137.50558), (-272.1213, -291, 137.87868), (-267.8787, -291, 137.87868), (-267.50558, -291, 138.33328), (-267.22836, -291, 138.85194), (-267.05765, -291, 139.41473), (-267, -291, 140), (-267.22836, -291, 141.14806), (-267.05765, -291, 140.58527), (-272.49442, -289, 138.33328), (-272.77164, -289, 138.85194), (-272.94235, -289, 139.41473), (-273, -289, 140), (-272.94235, -289, 140.58527), (-272.77164, -289, 141.14806), (-271.14804, -289, 137.22836), (-271.66672, -289, 137.50558), (-270.58527, -289, 137.05765), (-270, -289, 137), (-269.41473, -289, 137.05765), (-268.85196, -289, 137.22836), (-268.33328, -289, 137.50558), (-272.1213, -289, 137.87868), (-267.8787, -289, 137.87868), (-267.50558, -289, 138.33328), (-267.22836, -289, 138.85194), (-267.05765, -289, 139.41473), (-267, -289, 140), (-267.22836, -289, 141.14806), (-267.05765, -289, 140.58527), (-272.49442, -291, 141.66672), (-272.1213, -291, 142.12132), (-271.66672, -291, 142.49442), (-271.14804, -291, 142.77164), (-270.58527, -291, 142.94235), (-270, -291, 143), (-268.85196, -291, 142.77164), (-269.41473, -291, 142.94235), (-268.33328, -291, 142.49442), (-267.50558, -291, 141.66672), (-267.8787, -291, 142.12132), (-272.49442, -289, 141.66672), (-272.1213, -289, 142.12132), (-271.66672, -289, 142.49442), (-271.14804, -289, 142.77164), (-270.58527, -289, 142.94235), (-270, -289, 143), (-268.85196, -289, 142.77164), (-269.41473, -289, 142.94235), (-268.33328, -289, 142.49442), (-267.50558, -289, 141.66672), (-267.8787, -289, 142.12132), (-289, -270, 120), (-290.5365, -262.69717, 112), (-290, -262.75, 112), (-289.4635, -262.69717, 112), (-288.94763, -262.54068, 112), (-288.47217, -262.28653, 112), (-288.05545, -261.94455, 112), (-287.71347, -261.52783, 112), (-287.45932, -261.05237, 112), (-287.30283, -260.5365, 112), (-287.25, -260, 112), (-287.30283, -259.4635, 112), (-290.5365, -262.69717, 120), (-290, -262.75, 120), (-289.4635, -262.69717, 120), (-288.94763, -262.54068, 120), (-289, -262.55655, 120), (-288.47217, -262.28653, 120), (-288.05545, -261.94455, 120), (-287.71347, -261.52783, 120), (-287.45932, -261.05237, 120), (-287.30283, -260.5365, 120), (-287.25, -260, 120), (-287.30283, -259.4635, 120), (-270, -270, 112), (-270, -270, 120), (-270, -263, 120), (-267, -263, 120), (-270, -270, 140), (-270, -263, 140), (-267, -263, 140), (-290.5365, -257.30283, 112), (-290, -257.25, 112), (-289.4635, -257.30283, 112), (-287.71347, -258.47217, 112), (-288.05545, -258.05545, 112), (-288.94763, -257.45932, 112), (-288.47217, -257.71347, 112), (-287.45932, -258.94763, 112), (-290.5365, -257.30283, 120), (-290, -257.25, 120), (-289.4635, -257.30283, 120), (-287.71347, -258.47217, 120), (-288.05545, -258.05545, 120), (-288.94763, -257.45932, 120), (-288.47217, -257.71347, 120), (-289, -257.44345, 120), (-287.45932, -258.94763, 120), (-290.5365, -242.69716, 112), (-290, -242.75, 112), (-289.4635, -242.69716, 112), (-288.94763, -242.54066, 112), (-288.47217, -242.28654, 112), (-288.05545, -241.94455, 112), (-287.71347, -241.52782, 112), (-287.45932, -241.05238, 112), (-287.30283, -240.5365, 112), (-287.25, -240, 112), (-287.30283, -239.4635, 112), (-290.5365, -242.69716, 120), (-290, -242.75, 120), (-289.4635, -242.69716, 120), (-288.94763, -242.54066, 120), (-289, -242.55656, 120), (-288.47217, -242.28654, 120), (-288.05545, -241.94455, 120), (-287.71347, -241.52782, 120), (-287.45932, -241.05238, 120), (-287.30283, -240.5365, 120), (-287.25, -240, 120), (-287.30283, -239.4635, 120), (-270, -257, 120), (-267, -257, 120), (-270, -250, 120), (-270, -250, 127), (-267, -250, 127), (-270, -250, 133), (-267, -250, 133), (-270, -257, 140), (-267, -257, 140), (-270, -250, 140), (-258, -270, 112), (-265, -270, 120), (-255, -270, 120), (-265, -266, 120), (-261.38892, -262.07867, 120), (-261.76776, -261.76776, 120), (-260.9567, -262.3097, 120), (-260.48773, -262.45197, 120), (-262.07867, -261.38892, 120), (-262.3097, -260.9567, 120), (-262.45197, -260.48773, 120), (-262.5, -260, 120), (-262.45197, -259.51227, 120), (-255, -266, 120), (-260, -262.5, 120), (-259.51227, -262.45197, 120), (-259.0433, -262.3097, 120), (-258.61108, -262.07867, 120), (-258.23224, -261.76776, 120), (-257.92133, -261.38892, 120), (-257.6903, -260.9567, 120), (-257.54803, -260.48773, 120), (-257.5, -260, 120), (-257.54803, -259.51227, 120), (-250, -270, 120), (-250, -270, 125), (-251.52782, -262.28653, 112), (-251.94455, -261.94455, 112), (-252.28654, -261.52783, 112), (-252.69716, -260.5365, 112), (-252.54066, -261.05237, 112), (-252.75, -260, 112), (-252.69716, -259.4635, 112), (-251.05238, -262.54068, 112), (-250.5365, -262.69717, 112), (-250, -262.75, 112), (-249.4635, -262.69717, 112), (-248.94762, -262.54068, 112), (-248.47218, -262.28653, 112), (-248.05545, -261.94455, 112), (-247.71346, -261.52783, 112), (-247.45934, -261.05237, 112), (-247.30284, -260.5365, 112), (-247.25, -260, 112), (-247.30284, -259.4635, 112), (-250, -266, 125), (-253, -263, 120), (-253, -262.52744, 120), (-251.52782, -262.28653, 120), (-251.94455, -261.94455, 120), (-252.28654, -261.52783, 120), (-252.69716, -260.5365, 120), (-252.54066, -261.05237, 120), (-252.75, -260, 120), (-252.69716, -259.4635, 120), (-250, -263, 120), (-251.05238, -262.54068, 120), (-250.5365, -262.69717, 120), (-250, -262.75, 120), (-249.4635, -262.69717, 120), (-248.94762, -262.54068, 120), (-248.47218, -262.28653, 120), (-250, -263, 123), (-248.08876, -263, 120), (-248.05545, -261.94455, 120), (-247.71346, -261.52783, 120), (-247.45934, -261.05237, 120), (-247.30284, -260.5365, 120), (-247.25, -260, 120), (-247.30284, -259.4635, 120), (-265, -270, 140), (-255, -270, 140), (-265, -266, 140), (-261.76776, -261.76776, 140), (-261.38892, -262.07867, 140), (-260.9567, -262.3097, 140), (-260.48773, -262.45197, 140), (-262.07867, -261.38892, 140), (-262.3097, -260.9567, 140), (-262.45197, -260.48773, 140), (-262.5, -260, 140), (-262.45197, -259.51227, 140), (-255, -266, 140), (-260, -262.5, 140), (-259.51227, -262.45197, 140), (-259.0433, -262.3097, 140), (-258.61108, -262.07867, 140), (-258.23224, -261.76776, 140), (-257.92133, -261.38892, 140), (-257.6903, -260.9567, 140), (-257.54803, -260.48773, 140), (-257.5, -260, 140), (-257.54803, -259.51227, 140), (-250, -270, 135), (-250, -270, 140), (-250, -263, 127.76264), (-250, -262.3097, 129.04329), (-250, -261.76776, 128.23224), (-250, -262.07867, 128.61107), (-250, -262.45197, 129.51227), (-250, -262.5, 130), (-250, -261.38892, 127.921326), (-250, -260.48773, 127.548035), (-250, -260.9567, 127.6903), (-250, -260, 127.5), (-250, -259.51227, 127.548035), (-250, -262.45197, 130.48773), (-250, -262.3097, 130.95671), (-250, -262.07867, 131.38893), (-250, -261.76776, 131.76776), (-250, -261.38892, 132.07867), (-250, -260.9567, 132.3097), (-250, -260.48773, 132.45197), (-250, -260, 132.5), (-250, -259.51227, 132.45197), (-250, -266, 135), (-250, -263, 137), (-253, -263, 140), (-250, -263, 140), (-262.3097, -259.0433, 120), (-262.07867, -258.61108, 120), (-261.76776, -258.23224, 120), (-261.38892, -257.92133, 120), (-260.9567, -257.6903, 120), (-260.48773, -257.54803, 120), (-265, -254, 120), (-265, -250, 120), (-265, -250, 124), (-260, -257.5, 120), (-259.51227, -257.54803, 120), (-259.0433, -257.6903, 120), (-258.23224, -258.23224, 120), (-257.6903, -259.0433, 120), (-257.92133, -258.61108, 120), (-258.61108, -257.92133, 120), (-255, -254, 120), (-255, -250, 120), (-255, -250, 124), (-252.54066, -258.94763, 112), (-252.28654, -258.47217, 112), (-251.94455, -258.05545, 112), (-251.52782, -257.71347, 112), (-251.05238, -257.45932, 112), (-250.5365, -257.30283, 112), (-250, -257.25, 112), (-249.4635, -257.30283, 112), (-248.94762, -257.45932, 112), (-248.47218, -257.71347, 112), (-248.05545, -258.05545, 112), (-247.71346, -258.47217, 112), (-247.45934, -258.94763, 112), (-253, -257, 120), (-252.54066, -258.94763, 120), (-252.28654, -258.47217, 120), (-251.94455, -258.05545, 120), (-251.52782, -257.71347, 120), (-251.05238, -257.45932, 120), (-250.5365, -257.30283, 120), (-250, -257.25, 120), (-250, -257, 120), (-249.4635, -257.30283, 120), (-248.94762, -257.45932, 120), (-248.47218, -257.71347, 120), (-250, -257, 123), (-250, -250, 120), (-250, -254, 125), (-250, -250, 125), (-248.05545, -258.05545, 120), (-247.71346, -258.47217, 120), (-247.45934, -258.94763, 120), (-251.52782, -242.28654, 112), (-251.94455, -241.94455, 112), (-252.28654, -241.52782, 112), (-252.69716, -240.5365, 112), (-252.54066, -241.05238, 112), (-252.75, -240, 112), (-252.69716, -239.4635, 112), (-251.05238, -242.54066, 112), (-250.5365, -242.69716, 112), (-250, -242.75, 112), (-249.4635, -242.69716, 112), (-248.94762, -242.54066, 112), (-248.47218, -242.28654, 112), (-248.05545, -241.94455, 112), (-247.71346, -241.52782, 112), (-247.45934, -241.05238, 112), (-247.30284, -240.5365, 112), (-247.25, -240, 112), (-247.30284, -239.4635, 112), (-251.94455, -241.94455, 120), (-251.52782, -242.28654, 120), (-252.28654, -241.52782, 120), (-252.54066, -241.05238, 120), (-252.69716, -240.5365, 120), (-252.75, -240, 120), (-252.69716, -239.4635, 120), (-251.05238, -242.54066, 120), (-250.5365, -242.69716, 120), (-250, -242.75, 120), (-249.4635, -242.69716, 120), (-248.94762, -242.54066, 120), (-248.47218, -242.28654, 120), (-248.05545, -241.94455, 120), (-247.71346, -241.52782, 120), (-247.45934, -241.05238, 120), (-247.30284, -240.5365, 120), (-247.25, -240, 120), (-247.30284, -239.4635, 120), (-261.38892, -250, 127.921326), (-260.9567, -250, 127.6903), (-260.48773, -250, 127.548035), (-262.07867, -250, 128.61107), (-262.3097, -250, 129.04329), (-262.45197, -250, 129.51227), (-262.5, -250, 130), (-261.76776, -250, 128.23224), (-262.45197, -250, 130.48773), (-262.3097, -250, 130.95671), (-262.07867, -250, 131.38893), (-261.76776, -250, 131.76776), (-261.38892, -250, 132.07867), (-260.9567, -250, 132.3097), (-260.48773, -250, 132.45197), (-260, -250, 127.5), (-259.51227, -250, 127.548035), (-259.0433, -250, 127.6903), (-258.61108, -250, 127.921326), (-258.23224, -250, 128.23224), (-257.92133, -250, 128.61107), (-257.6903, -250, 129.04329), (-257.54803, -250, 129.51227), (-257.5, -250, 130), (-257.54803, -250, 130.48773), (-257.6903, -250, 130.95671), (-258.23224, -250, 131.76776), (-257.92133, -250, 131.38893), (-260, -250, 132.5), (-259.0433, -250, 132.3097), (-259.51227, -250, 132.45197), (-258.61108, -250, 132.07867), (-255, -250, 132.12872), (-262.3097, -259.0433, 140), (-262.07867, -258.61108, 140), (-261.76776, -258.23224, 140), (-261.38892, -257.92133, 140), (-260.9567, -257.6903, 140), (-260.48773, -257.54803, 140), (-265, -250, 136), (-265, -254, 140), (-265, -250, 140), (-260, -257.5, 140), (-259.0433, -257.6903, 140), (-259.51227, -257.54803, 140), (-258.23224, -258.23224, 140), (-257.6903, -259.0433, 140), (-257.92133, -258.61108, 140), (-258.61108, -257.92133, 140), (-255, -250, 136), (-255, -254, 140), (-255, -250, 140), (-250, -259.0433, 127.6903), (-250, -258.61108, 127.921326), (-250, -258.23224, 128.23224), (-250, -257.92133, 128.61107), (-250, -257.6903, 129.04329), (-250, -257.54803, 129.51227), (-250, -257.5, 130), (-250, -258.23224, 131.76776), (-250, -257.54803, 130.48773), (-250, -257.6903, 130.95671), (-250, -257.92133, 131.38893), (-250, -258.61108, 132.07867), (-250, -259.0433, 132.3097), (-250, -257, 132.23735), (-253, -250, 127), (-250, -250, 127), (-253, -250, 133), (-250, -250, 133), (-250, -257, 137), (-253, -257, 140), (-250, -257, 140), (-250, -254, 135), (-250, -250, 135), (-250, -250, 140), (-235, -270, 112), (-235, -270, 120), (-235, -263, 120), (-235, -257, 120), (-235, -250, 120), (-290.5365, -237.30284, 112), (-290, -237.25, 112), (-289.4635, -237.30284, 112), (-288.05545, -238.05545, 112), (-287.71347, -238.47218, 112), (-288.94763, -237.45934, 112), (-288.47217, -237.71346, 112), (-287.45932, -238.94762, 112), (-290.5365, -237.30284, 120), (-290, -237.25, 120), (-289.4635, -237.30284, 120), (-288.05545, -238.05545, 120), (-287.71347, -238.47218, 120), (-288.94763, -237.45934, 120), (-288.47217, -237.71346, 120), (-289, -237.44344, 120), (-287.45932, -238.94762, 120), (-290.5365, -222.69716, 112), (-290, -222.75, 112), (-289.4635, -222.69716, 112), (-288.94763, -222.54066, 112), (-288.47217, -222.28654, 112), (-288.05545, -221.94455, 112), (-287.71347, -221.52782, 112), (-287.45932, -221.05238, 112), (-287.30283, -220.5365, 112), (-287.25, -220, 112), (-287.30283, -219.4635, 112), (-290.5365, -222.69716, 120), (-290, -222.75, 120), (-289.4635, -222.69716, 120), (-288.94763, -222.54066, 120), (-289, -222.55656, 120), (-288.47217, -222.28654, 120), (-288.05545, -221.94455, 120), (-287.71347, -221.52782, 120), (-287.45932, -221.05238, 120), (-287.30283, -220.5365, 120), (-287.25, -220, 120), (-287.30283, -219.4635, 120), (-270, -222.05382, 120), (-290.5365, -217.30284, 112), (-290, -217.25, 112), (-289.4635, -217.30284, 112), (-287.71347, -218.47218, 112), (-288.47217, -217.71346, 112), (-288.94763, -217.45934, 112), (-288.05545, -218.05545, 112), (-287.45932, -218.94762, 112), (-290.5365, -217.30284, 120), (-290, -217.25, 120), (-289.4635, -217.30284, 120), (-287.71347, -218.47218, 120), (-288.47217, -217.71346, 120), (-288.94763, -217.45934, 120), (-289, -217.44344, 120), (-288.05545, -218.05545, 120), (-287.45932, -218.94762, 120), (-290.5365, -202.69716, 112), (-290, -202.75, 112), (-289.4635, -202.69716, 112), (-288.94763, -202.54066, 112), (-288.47217, -202.28654, 112), (-288.05545, -201.94455, 112), (-287.71347, -201.52782, 112), (-287.45932, -201.05238, 112), (-287.30283, -200.5365, 112), (-287.25, -200, 112), (-287.30283, -199.4635, 112), (-290.5365, -202.69716, 120), (-290, -202.75, 120), (-289.4635, -202.69716, 120), (-288.94763, -202.54066, 120), (-289, -202.55656, 120), (-288.47217, -202.28654, 120), (-288.05545, -201.94455, 120), (-287.71347, -201.52782, 120), (-287.45932, -201.05238, 120), (-287.30283, -200.5365, 120), (-287.25, -200, 120), (-287.30283, -199.4635, 120), (-270, -200, 112), (-252.54066, -238.94762, 112), (-252.28654, -238.47218, 112), (-251.94455, -238.05545, 112), (-251.52782, -237.71346, 112), (-251.05238, -237.45934, 112), (-250.5365, -237.30284, 112), (-250, -237.25, 112), (-249.4635, -237.30284, 112), (-248.94762, -237.45934, 112), (-248.47218, -237.71346, 112), (-248.05545, -238.05545, 112), (-247.71346, -238.47218, 112), (-247.45934, -238.94762, 112), (-252.54066, -238.94762, 120), (-252.28654, -238.47218, 120), (-251.94455, -238.05545, 120), (-251.52782, -237.71346, 120), (-251.05238, -237.45934, 120), (-250.5365, -237.30284, 120), (-250, -237.25, 120), (-249.4635, -237.30284, 120), (-248.94762, -237.45934, 120), (-248.47218, -237.71346, 120), (-248.05545, -238.05545, 120), (-247.71346, -238.47218, 120), (-247.45934, -238.94762, 120), (-251.52782, -222.28654, 112), (-251.94455, -221.94455, 112), (-252.28654, -221.52782, 112), (-252.54066, -221.05238, 112), (-252.69716, -220.5365, 112), (-252.75, -220, 112), (-252.69716, -219.4635, 112), (-251.05238, -222.54066, 112), (-250.5365, -222.69716, 112), (-250, -222.75, 112), (-249.4635, -222.69716, 112), (-248.94762, -222.54066, 112), (-248.47218, -222.28654, 112), (-248.05545, -221.94455, 112), (-247.71346, -221.52782, 112), (-247.45934, -221.05238, 112), (-247.30284, -220.5365, 112), (-247.25, -220, 112), (-247.30284, -219.4635, 112), (-251.94455, -221.94455, 120), (-251.52782, -222.28654, 120), (-252.28654, -221.52782, 120), (-252.54066, -221.05238, 120), (-252.69716, -220.5365, 120), (-252.75, -220, 120), (-252.69716, -219.4635, 120), (-251.05238, -222.54066, 120), (-250.5365, -222.69716, 120), (-250, -222.75, 120), (-249.4635, -222.69716, 120), (-248.94762, -222.54066, 120), (-248.47218, -222.28654, 120), (-248.05545, -221.94455, 120), (-247.71346, -221.52782, 120), (-247.45934, -221.05238, 120), (-247.30284, -220.5365, 120), (-247.25, -220, 120), (-247.30284, -219.4635, 120), (-258, -200, 112), (-252.54066, -218.94762, 112), (-252.28654, -218.47218, 112), (-251.52782, -217.71346, 112), (-251.94455, -218.05545, 112), (-251.05238, -217.45934, 112), (-250.5365, -217.30284, 112), (-250, -217.25, 112), (-249.4635, -217.30284, 112), (-248.47218, -217.71346, 112), (-248.94762, -217.45934, 112), (-247.71346, -218.47218, 112), (-247.45934, -218.94762, 112), (-248.05545, -218.05545, 112), (-252.54066, -218.94762, 120), (-252.28654, -218.47218, 120), (-251.94455, -218.05545, 120), (-251.52782, -217.71346, 120), (-251.05238, -217.45934, 120), (-250.5365, -217.30284, 120), (-250, -217.25, 120), (-249.4635, -217.30284, 120), (-248.47218, -217.71346, 120), (-248.94762, -217.45934, 120), (-247.71346, -218.47218, 120), (-247.45934, -218.94762, 120), (-248.05545, -218.05545, 120), (-251.52782, -202.28654, 112), (-251.94455, -201.94455, 112), (-252.28654, -201.52782, 112), (-252.54066, -201.05238, 112), (-252.69716, -200.5365, 112), (-252.75, -200, 112), (-252.69716, -199.4635, 112), (-251.05238, -202.54066, 112), (-250.5365, -202.69716, 112), (-250, -202.75, 112), (-249.4635, -202.69716, 112), (-248.94762, -202.54066, 112), (-248.47218, -202.28654, 112), (-248.05545, -201.94455, 112), (-247.71346, -201.52782, 112), (-247.45934, -201.05238, 112), (-247.30284, -200.5365, 112), (-247.25, -200, 112), (-247.30284, -199.4635, 112), (-251.94455, -201.94455, 120), (-251.52782, -202.28654, 120), (-252.28654, -201.52782, 120), (-252.54066, -201.05238, 120), (-252.69716, -200.5365, 120), (-252.75, -200, 120), (-252.69716, -199.4635, 120), (-251.05238, -202.54066, 120), (-250.5365, -202.69716, 120), (-250, -202.75, 120), (-249.4635, -202.69716, 120), (-248.94762, -202.54066, 120), (-248.47218, -202.28654, 120), (-248.05545, -201.94455, 120), (-247.71346, -201.52782, 120), (-247.45934, -201.05238, 120), (-247.30284, -200.5365, 120), (-247.25, -200, 120), (-247.30284, -199.4635, 120), (-290.5365, -197.30284, 112), (-290, -197.25, 112), (-289.4635, -197.30284, 112), (-287.71347, -198.47218, 112), (-288.47217, -197.71346, 112), (-288.94763, -197.45934, 112), (-288.05545, -198.05545, 112), (-287.45932, -198.94762, 112), (-290.5365, -197.30284, 120), (-290, -197.25, 120), (-289.4635, -197.30284, 120), (-287.71347, -198.47218, 120), (-288.47217, -197.71346, 120), (-288.94763, -197.45934, 120), (-289, -197.44344, 120), (-288.05545, -198.05545, 120), (-287.45932, -198.94762, 120), (-289, -190, 120), (-270, -190, 120), (-265, -190, 120), (-255, -190, 120), (-252.54066, -198.94762, 112), (-252.28654, -198.47218, 112), (-251.52782, -197.71346, 112), (-251.94455, -198.05545, 112), (-251.05238, -197.45934, 112), (-250.5365, -197.30284, 112), (-250, -197.25, 112), (-249.4635, -197.30284, 112), (-248.47218, -197.71346, 112), (-248.94762, -197.45934, 112), (-247.71346, -198.47218, 112), (-247.45934, -198.94762, 112), (-248.05545, -198.05545, 112), (-252.54066, -198.94762, 120), (-252.28654, -198.47218, 120), (-251.94455, -198.05545, 120), (-251.52782, -197.71346, 120), (-251.05238, -197.45934, 120), (-250.5365, -197.30284, 120), (-250, -197.25, 120), (-249.4635, -197.30284, 120), (-248.47218, -197.71346, 120), (-248.94762, -197.45934, 120), (-250, -190, 120), (-247.71346, -198.47218, 120), (-247.45934, -198.94762, 120), (-248.05545, -198.05545, 120), (-235, -190, 112), (-235, -190, 120), (-266.9291, -166.89043, 207.66458), (-267.5, -164.1181, 208.40742), (-266.9291, -161.34576, 209.15025), (-262.87012, -170.8111, 206.61403), (-260, -171.36253, 206.46628), (-257.12988, -170.8111, 206.61403), (-265.3033, -169.24069, 207.03482), (-254.6967, -169.24069, 207.03482), (-253.0709, -166.89043, 207.66458), (-252.5, -164.1181, 208.40742), (-253.0709, -161.34576, 209.15025), (-376.5, -157.39412, 42.85459), (-331.5, -157.39412, 42.85459), (-376.5, -153.86223, 53.2592), (-376.5, -151.71863, 64.0358), (-376.5, -151, 75), (-376.5, -151.71863, 85.9642), (-376.5, -153.86223, 96.7408), (-376.5, -157.39412, 107.14541), (-331.5, -153.86223, 53.2592), (-331.5, -151.71863, 64.0358), (-331.5, -151, 75), (-331.5, -151.71863, 85.9642), (-331.5, -153.86223, 96.7408), (-331.5, -157.39412, 107.14541), (-198.5, -148, 145.5), (-198.5, -148, 170.5), (-198.5, -92, 145.5), (-198.5, -92, 170.5), (-265.3033, -158.9955, 209.78001), (-262.87012, -157.4251, 210.2008), (-260, -156.87366, 210.34856), (-257.12988, -157.4251, 210.2008), (-254.6967, -158.9955, 209.78001), (-198.5, -68, 145.5), (-198.5, -68, 170.5), (-198.5, -12, 145.5), (-198.5, -12, 170.5), (-170, -230, 140), (-157.54066, -216.05238, 140), (-157.69716, -215.5365, 140), (-157.75, -215, 140), (-157.69716, -214.4635, 140), (-157.54066, -213.94762, 140), (-156.94455, -216.94455, 140), (-156.05238, -217.54066, 140), (-156.52782, -217.28654, 140), (-155.5365, -217.69716, 140), (-155, -217.75, 140), (-154.4635, -217.69716, 140), (-157.28654, -216.52782, 140), (-153.94762, -217.54066, 140), (-153.47218, -217.28654, 140), (-153.05545, -216.94455, 140), (-152.71346, -216.52782, 140), (-152.45934, -216.05238, 140), (-152.30284, -215.5365, 140), (-152.25, -215, 140), (-152.30284, -214.4635, 140), (-157.28654, -213.47218, 140), (-156.94455, -213.05545, 140), (-156.52782, -212.71346, 140), (-156.05238, -212.45934, 140), (-155.5365, -212.30284, 140), (-155, -212.25, 140), (-154.4635, -212.30284, 140), (-153.94762, -212.45934, 140), (-153.05545, -213.05545, 140), (-153.47218, -212.71346, 140), (-152.45934, -213.94762, 140), (-152.71346, -213.47218, 140), (-170, -230, 146), (-157.54066, -216.05238, 146), (-157.69716, -215.5365, 146), (-157.75, -215, 146), (-157.69716, -214.4635, 146), (-157.54066, -213.94762, 146), (-156.94455, -216.94455, 146), (-156.05238, -217.54066, 146), (-156.52782, -217.28654, 146), (-155.5365, -217.69716, 146), (-155, -217.75, 146), (-154.4635, -217.69716, 146), (-157.28654, -216.52782, 146), (-153.94762, -217.54066, 146), (-153.47218, -217.28654, 146), (-153.05545, -216.94455, 146), (-152.71346, -216.52782, 146), (-152.45934, -216.05238, 146), (-152.30284, -215.5365, 146), (-152.25, -215, 146), (-152.30284, -214.4635, 146), (-157.28654, -213.47218, 146), (-156.94455, -213.05545, 146), (-156.52782, -212.71346, 146), (-156.05238, -212.45934, 146), (-155.5365, -212.30284, 146), (-155, -212.25, 146), (-154.4635, -212.30284, 146), (-153.94762, -212.45934, 146), (-153.05545, -213.05545, 146), (-153.47218, -212.71346, 146), (-152.45934, -213.94762, 146), (-152.71346, -213.47218, 146), (-170, -148, 145.5), (-170, -148, 146), (-186.66667, -142.4, 170.5), (-184.66667, -142.4, 170.5), (-173.83333, -142.4, 170.5), (-171.83333, -142.4, 170.5), (-161, -142.4, 170.5), (-159, -142.4, 170.5), (-148.16667, -142.4, 170.5), (-146.16667, -142.4, 170.5), (-170, -92, 145.5), (-170, -92, 146), (-186.66667, -97.6, 170.5), (-184.66667, -97.6, 170.5), (-173.83333, -97.6, 170.5), (-171.83333, -97.6, 170.5), (-161, -97.6, 170.5), (-159, -97.6, 170.5), (-148.16667, -97.6, 170.5), (-146.16667, -97.6, 170.5), (-121.5, -148, 146), (-135.33333, -142.4, 170.5), (-133.33333, -142.4, 170.5), (-121.5, -148, 170.5), (-121.5, -92, 146), (-135.33333, -97.6, 170.5), (-133.33333, -97.6, 170.5), (-121.5, -92, 170.5), (-186.66667, -142.4, 178), (-184.66667, -142.4, 178), (-173.83333, -142.4, 178), (-171.83333, -142.4, 178), (-161, -142.4, 178), (-159, -142.4, 178), (-148.16667, -142.4, 178), (-146.16667, -142.4, 178), (-186.66667, -97.6, 178), (-184.66667, -97.6, 178), (-173.83333, -97.6, 178), (-171.83333, -97.6, 178), (-161, -97.6, 178), (-159, -97.6, 178), (-148.16667, -97.6, 178), (-146.16667, -97.6, 178), (-135.33333, -142.4, 178), (-133.33333, -142.4, 178), (-135.33333, -97.6, 178), (-133.33333, -97.6, 178), (-170, -68, 145.5), (-170, -68, 146), (-186.66667, -62.4, 170.5), (-184.66667, -62.4, 170.5), (-173.83333, -62.4, 170.5), (-171.83333, -62.4, 170.5), (-161, -62.4, 170.5), (-159, -62.4, 170.5), (-148.16667, -62.4, 170.5), (-146.16667, -62.4, 170.5), (-170, -12, 145.5), (-170, -12, 146), (-186.66667, -17.6, 170.5), (-184.66667, -17.6, 170.5), (-173.83333, -17.6, 170.5), (-171.83333, -17.6, 170.5), (-161, -17.6, 170.5), (-159, -17.6, 170.5), (-148.16667, -17.6, 170.5), (-146.16667, -17.6, 170.5), (-121.5, -68, 146), (-135.33333, -62.4, 170.5), (-133.33333, -62.4, 170.5), (-121.5, -68, 170.5), (-121.5, -12, 146), (-135.33333, -17.6, 170.5), (-133.33333, -17.6, 170.5), (-121.5, -12, 170.5), (-186.66667, -62.4, 178), (-184.66667, -62.4, 178), (-173.83333, -62.4, 178), (-171.83333, -62.4, 178), (-161, -62.4, 178), (-159, -62.4, 178), (-148.16667, -62.4, 178), (-146.16667, -62.4, 178), (-186.66667, -17.6, 178), (-184.66667, -17.6, 178), (-173.83333, -17.6, 178), (-171.83333, -17.6, 178), (-161, -17.6, 178), (-159, -17.6, 178), (-148.16667, -17.6, 178), (-146.16667, -17.6, 178), (-135.33333, -62.4, 178), (-133.33333, -62.4, 178), (-135.33333, -17.6, 178), (-133.33333, -17.6, 178), (-60, -84, 148.5), (-60, -84, 158.5), (-45, -140, 148.5), (-45, -84, 148.5), (-45, -84, 158.5), (-45, -140, 223.5), (-291, -290, 320), (-270, -270, 280), (-270, -263, 280), (-267, -263, 280), (-270, -257, 280), (-267, -257, 280), (-270, -250, 280), (-270, -250, 287), (-267, -250, 287), (-265, -270, 280), (-255, -270, 280), (-265, -266, 280), (-261.76776, -261.76776, 280), (-261.38892, -262.07867, 280), (-260.9567, -262.3097, 280), (-260.48773, -262.45197, 280), (-262.07867, -261.38892, 280), (-262.3097, -260.9567, 280), (-262.45197, -260.48773, 280), (-262.5, -260, 280), (-262.45197, -259.51227, 280), (-255, -266, 280), (-260, -262.5, 280), (-259.51227, -262.45197, 280), (-259.0433, -262.3097, 280), (-258.61108, -262.07867, 280), (-258.23224, -261.76776, 280), (-257.92133, -261.38892, 280), (-257.6903, -260.9567, 280), (-257.54803, -260.48773, 280), (-257.5, -260, 280), (-257.54803, -259.51227, 280), (-250, -270, 280), (-250, -270, 285), (-253, -263, 280), (-250, -263, 280), (-250, -263, 283), (-250, -266, 285), (-250, -263, 287.76263), (-250, -261.38892, 287.92133), (-250, -260.9567, 287.6903), (-250, -260.48773, 287.54803), (-250, -260, 287.5), (-250, -259.51227, 287.54803), (-250, -261.76776, 288.23224), (-250, -262.07867, 288.61108), (-250, -262.3097, 289.0433), (-250, -262.45197, 289.51227), (-250, -262.5, 290), (-250, -262.45197, 290.48773), (-250, -262.3097, 290.9567), (-250, -262.07867, 291.38892), (-262.3097, -259.0433, 280), (-262.07867, -258.61108, 280), (-261.76776, -258.23224, 280), (-261.38892, -257.92133, 280), (-260.9567, -257.6903, 280), (-260.48773, -257.54803, 280), (-265, -254, 280), (-265, -250, 280), (-265, -250, 284), (-260, -257.5, 280), (-259.0433, -257.6903, 280), (-259.51227, -257.54803, 280), (-258.23224, -258.23224, 280), (-257.6903, -259.0433, 280), (-257.92133, -258.61108, 280), (-258.61108, -257.92133, 280), (-255, -254, 280), (-255, -250, 280), (-255, -250, 284), (-261.38892, -250, 287.92133), (-260.9567, -250, 287.6903), (-260.48773, -250, 287.54803), (-262.07867, -250, 288.61108), (-262.3097, -250, 289.0433), (-262.45197, -250, 289.51227), (-261.76776, -250, 288.23224), (-262.5, -250, 290), (-262.45197, -250, 290.48773), (-262.3097, -250, 290.9567), (-262.07867, -250, 291.38892), (-260, -250, 287.5), (-259.51227, -250, 287.54803), (-259.0433, -250, 287.6903), (-258.61108, -250, 287.92133), (-258.23224, -250, 288.23224), (-257.92133, -250, 288.61108), (-257.6903, -250, 289.0433), (-257.54803, -250, 289.51227), (-257.5, -250, 290), (-257.54803, -250, 290.48773), (-257.6903, -250, 290.9567), (-257.92133, -250, 291.38892), (-253, -257, 280), (-250, -257, 280), (-250, -257, 283), (-250, -250, 280), (-250, -259.0433, 287.6903), (-250, -258.61108, 287.92133), (-250, -258.23224, 288.23224), (-250, -257.92133, 288.61108), (-250, -257.6903, 289.0433), (-250, -257.54803, 289.51227), (-250, -257.5, 290), (-250, -257.54803, 290.48773), (-250, -257.6903, 290.9567), (-250, -257.92133, 291.38892), (-253, -250, 287), (-250, -254, 285), (-250, -250, 285), (-250, -250, 287), (-290, -291, 320), (-290, -290, 320), (-290, -290, 321), (-289, -289, 319), (-270, -270, 300), (-270, -263, 300), (-267, -263, 300), (-276.47226, -277.2034, 319), (-276.87384, -276.87384, 319), (-275.517, -277.5991, 319), (-276.0141, -277.44827, 319), (-276.47226, -277.2034, 321), (-276.87384, -276.87384, 321), (-275.517, -277.5991, 321), (-276.0141, -277.44827, 321), (-277.2034, -276.47226, 319), (-277.44827, -276.0141, 319), (-277.5991, -275.517, 319), (-277.65, -275, 319), (-277.5991, -274.483, 319), (-277.2034, -276.47226, 321), (-277.44827, -276.0141, 321), (-277.5991, -275.517, 321), (-277.65, -275, 321), (-277.5991, -274.483, 321), (-275, -277.65, 319), (-274.483, -277.5991, 319), (-273.9859, -277.44827, 319), (-273.52774, -277.2034, 319), (-273.12616, -276.87384, 319), (-275, -277.65, 321), (-274.483, -277.5991, 321), (-273.9859, -277.44827, 321), (-273.52774, -277.2034, 321), (-273.12616, -276.87384, 321), (-272.7966, -276.47226, 319), (-272.55173, -276.0141, 319), (-272.7966, -276.47226, 321), (-272.55173, -276.0141, 321), (-277.44827, -273.9859, 319), (-277.2034, -273.52774, 319), (-276.87384, -273.12616, 319), (-276.47226, -272.7966, 319), (-276.0141, -272.55173, 319), (-275.517, -272.4009, 319), (-277.44827, -273.9859, 321), (-277.2034, -273.52774, 321), (-276.87384, -273.12616, 321), (-276.47226, -272.7966, 321), (-276.0141, -272.55173, 321), (-275.517, -272.4009, 321), (-275, -272.35, 319), (-274.483, -272.4009, 319), (-273.9859, -272.55173, 319), (-272.55173, -273.9859, 319), (-272.7966, -273.52774, 319), (-273.12616, -273.12616, 319), (-273.52774, -272.7966, 319), (-275, -272.35, 321), (-274.483, -272.4009, 321), (-273.9859, -272.55173, 321), (-272.55173, -273.9859, 321), (-272.7966, -273.52774, 321), (-273.12616, -273.12616, 321), (-273.52774, -272.7966, 321), (-272.4009, -275.517, 319), (-272.35, -275, 319), (-272.4009, -274.483, 319), (-272.4009, -275.517, 321), (-272.35, -275, 321), (-272.4009, -274.483, 321), (-270, -250, 293), (-267, -250, 293), (-270, -257, 300), (-267, -257, 300), (-270, -250, 300), (-265, -270, 300), (-255, -270, 300), (-265, -266, 300), (-261.76776, -261.76776, 300), (-261.38892, -262.07867, 300), (-260.9567, -262.3097, 300), (-260.48773, -262.45197, 300), (-262.07867, -261.38892, 300), (-262.3097, -260.9567, 300), (-262.45197, -260.48773, 300), (-262.5, -260, 300), (-262.45197, -259.51227, 300), (-255, -266, 300), (-260, -262.5, 300), (-259.51227, -262.45197, 300), (-259.0433, -262.3097, 300), (-258.61108, -262.07867, 300), (-258.23224, -261.76776, 300), (-257.92133, -261.38892, 300), (-257.6903, -260.9567, 300), (-257.54803, -260.48773, 300), (-257.5, -260, 300), (-257.54803, -259.51227, 300), (-250, -270, 295), (-250, -270, 300), (-250, -266, 295), (-250, -261.76776, 291.76776), (-250, -261.38892, 292.07867), (-250, -260.9567, 292.3097), (-250, -260.48773, 292.45197), (-250, -260, 292.5), (-250, -259.51227, 292.45197), (-250, -263, 297), (-253, -263, 300), (-250, -263, 300), (-261.76776, -250, 291.76776), (-261.38892, -250, 292.07867), (-260.9567, -250, 292.3097), (-260.48773, -250, 292.45197), (-265, -250, 296), (-260, -250, 292.5), (-259.51227, -250, 292.45197), (-259.0433, -250, 292.3097), (-258.61108, -250, 292.07867), (-258.23224, -250, 291.76776), (-255, -250, 296), (-262.3097, -259.0433, 300), (-262.07867, -258.61108, 300), (-261.76776, -258.23224, 300), (-261.38892, -257.92133, 300), (-260.9567, -257.6903, 300), (-260.48773, -257.54803, 300), (-265, -254, 300), (-265, -250, 300), (-260, -257.5, 300), (-259.51227, -257.54803, 300), (-259.0433, -257.6903, 300), (-258.23224, -258.23224, 300), (-257.6903, -259.0433, 300), (-257.92133, -258.61108, 300), (-258.61108, -257.92133, 300), (-255, -254, 300), (-255, -250, 300), (-250, -258.61108, 292.07867), (-250, -259.0433, 292.3097), (-250, -258.23224, 291.76776), (-250, -257, 292.23737), (-250, -257, 297), (-253, -250, 293), (-250, -254, 295), (-250, -250, 293), (-250, -250, 295), (-253, -257, 300), (-250, -257, 300), (-250, -250, 300), (-266.9291, -186.27264, 280), (-267.5, -183.30127, 280), (-266.9291, -180.3299, 280), (-267, -187.77925, 287), (-267.5, -185.17691, 287), (-267, -182.57457, 287), (-265, -190.07326, 284), (-262.87012, -191.5466, 284), (-260, -192.13763, 284), (-257.12988, -191.5466, 284), (-255, -190.07326, 284), (-261.38892, -192.90233, 287.92133), (-260.48773, -192.9879, 287.54803), (-260.9567, -192.92944, 287.6903), (-262.07867, -192.94511, 288.61108), (-262.3097, -193.01335, 289.0433), (-262.45197, -193.10971, 289.51227), (-261.76776, -192.90762, 288.23224), (-262.5, -193.23051, 290), (-262.45197, -193.3711, 290.48773), (-262.3097, -193.52605, 290.9567), (-262.07867, -193.68944, 291.38892), (-260, -193.07545, 287.5), (-259.51227, -192.9879, 287.54803), (-259.0433, -192.92944, 287.6903), (-258.61108, -192.90233, 287.92133), (-258.23224, -192.90762, 288.23224), (-257.92133, -192.94511, 288.61108), (-257.6903, -193.01335, 289.0433), (-257.54803, -193.10971, 289.51227), (-257.5, -193.23051, 290), (-257.54803, -193.3711, 290.48773), (-257.6903, -193.52605, 290.9567), (-257.92133, -193.68944, 291.38892), (-265.3033, -188.79166, 280), (-265, -189.00146, 280), (-254.6967, -188.79166, 280), (-255, -189.00146, 280), (-253.0709, -186.27264, 280), (-252.5, -183.30127, 280), (-253.0709, -180.3299, 280), (-253, -187.77925, 287), (-252.5, -185.17691, 287), (-253, -182.57457, 287), (-265.3033, -177.81088, 280), (-265, -177.60107, 280), (-265, -178.67288, 284), (-262.87012, -177.19954, 284), (-254.6967, -177.81088, 280), (-255, -177.60107, 280), (-260, -176.60849, 284), (-257.12988, -177.19954, 284), (-255, -178.67288, 284), (-261.38892, -177.94524, 287.92133), (-260.48773, -177.65962, 287.54803), (-260.9567, -177.79433, 287.6903), (-262.07867, -178.2721, 288.61108), (-262.3097, -178.43547, 289.0433), (-262.45197, -178.59044, 289.51227), (-261.76776, -178.10655, 288.23224), (-262.45197, -178.8518, 290.48773), (-262.5, -178.73102, 290), (-262.3097, -178.94818, 290.9567), (-262.07867, -179.01642, 291.38892), (-260, -177.54631, 287.5), (-259.51227, -177.65962, 287.54803), (-259.0433, -177.79433, 287.6903), (-258.61108, -177.94524, 287.92133), (-257.92133, -178.2721, 288.61108), (-257.6903, -178.43547, 289.0433), (-257.54803, -178.59044, 289.51227), (-258.23224, -178.10655, 288.23224), (-257.54803, -178.8518, 290.48773), (-257.5, -178.73102, 290), (-257.6903, -178.94818, 290.9567), (-257.92133, -179.01642, 291.38892), (-265.3033, -199.77757, 321), (-262.87012, -200.92482, 319), (-262.87012, -201.46071, 321), (-260, -202.05176, 321), (-260, -201.51585, 319), (-257.12988, -200.92482, 319), (-257.12988, -201.46071, 321), (-254.6967, -199.77757, 321), (-266.9291, -191.63162, 300), (-267, -189.38695, 293), (-267.5, -186.7846, 293), (-267, -184.18227, 293), (-267.5, -188.66025, 300), (-266.9291, -185.68889, 300), (-266.9291, -197.25856, 321), (-266.9291, -196.72266, 319), (-267.5, -193.75128, 319), (-267.5, -194.28719, 321), (-266.9291, -190.77992, 319), (-266.9291, -191.31581, 321), (-262.87012, -194.762, 296), (-261.76776, -193.85497, 291.76776), (-261.38892, -194.0163, 292.07867), (-260.9567, -194.1672, 292.3097), (-260.48773, -194.3019, 292.45197), (-265, -193.28865, 296), (-260, -194.4152, 292.5), (-260, -195.35303, 296), (-257.12988, -194.762, 296), (-259.51227, -194.3019, 292.45197), (-259.0433, -194.1672, 292.3097), (-258.61108, -194.0163, 292.07867), (-258.23224, -193.85497, 291.76776), (-255, -193.28865, 296), (-265.3033, -194.15063, 300), (-265, -194.36044, 300), (-254.6967, -194.15063, 300), (-255, -194.36044, 300), (-265, -181.88828, 296), (-262.87012, -180.41493, 296), (-260, -179.82388, 296), (-257.12988, -180.41493, 296), (-255, -181.88828, 296), (-265.3033, -183.16988, 300), (-265, -182.96007, 300), (-254.6967, -183.16988, 300), (-255, -182.96007, 300), (-253.0709, -191.63162, 300), (-253, -189.38695, 293), (-252.5, -186.7846, 293), (-253, -184.18227, 293), (-252.5, -188.66025, 300), (-253.0709, -185.68889, 300), (-265.3033, -199.24167, 319), (-254.6967, -199.24167, 319), (-265.3033, -188.26091, 319), (-265.3033, -188.7968, 321), (-262.87012, -187.11366, 321), (-262.87012, -186.57776, 319), (-260, -185.98672, 319), (-260, -186.52261, 321), (-254.6967, -188.26091, 319), (-257.12988, -187.11366, 321), (-254.6967, -188.7968, 321), (-257.12988, -186.57776, 319), (-253.0709, -197.25856, 321), (-253.0709, -196.72266, 319), (-252.5, -193.75128, 319), (-252.5, -194.28719, 321), (-253.0709, -190.77992, 319), (-253.0709, -191.31581, 321), (-261.76776, -179.0539, 291.76776), (-261.38892, -179.05919, 292.07867), (-260.9567, -179.03209, 292.3097), (-260.48773, -178.97363, 292.45197), (-260, -178.88606, 292.5), (-259.51227, -178.97363, 292.45197), (-259.0433, -179.03209, 292.3097), (-258.61108, -179.05919, 292.07867), (-258.23224, -179.0539, 291.76776), (-266.9291, -218.65424, 400.84973), (-267.5, -215.8819, 401.5926), (-266.9291, -213.10957, 402.33542), (-265.3033, -221.0045, 400.22), (-262.87012, -222.5749, 399.7992), (-260, -223.12634, 399.65143), (-257.12988, -222.5749, 399.7992), (-254.6967, -221.0045, 400.22), (-265.3033, -210.75931, 402.96518), (-254.6967, -210.75931, 402.96518), (-262.87012, -209.1889, 403.38596), (-260, -208.63747, 403.53372), (-257.12988, -209.1889, 403.38596), (-253.0709, -218.65424, 400.84973), (-252.5, -215.8819, 401.5926), (-253.0709, -213.10957, 402.33542), (-276.47226, -139.7034, 319), (-276.0141, -139.94829, 319), (-275.517, -140.09908, 319), (-276.47226, -139.7034, 321), (-276.0141, -139.94829, 321), (-275.517, -140.09908, 321), (-275, -140.15, 319), (-274.483, -140.09908, 319), (-273.9859, -139.94829, 319), (-273.52774, -139.7034, 319), (-275, -140.15, 321), (-274.483, -140.09908, 321), (-273.9859, -139.94829, 321), (-273.52774, -139.7034, 321), (-277.2034, -138.97226, 319), (-277.44827, -138.51411, 319), (-277.5991, -138.01698, 319), (-277.65, -137.5, 319), (-276.87384, -139.37384, 319), (-277.2034, -138.97226, 321), (-277.44827, -138.51411, 321), (-277.5991, -138.01698, 321), (-277.65, -137.5, 321), (-276.87384, -139.37384, 321), (-277.5991, -136.98302, 319), (-277.44827, -136.48589, 319), (-277.2034, -136.02774, 319), (-276.87384, -135.62616, 319), (-276.47226, -135.2966, 319), (-276.0141, -135.05171, 319), (-275.517, -134.90092, 319), (-277.5991, -136.98302, 321), (-277.44827, -136.48589, 321), (-277.2034, -136.02774, 321), (-276.87384, -135.62616, 321), (-276.47226, -135.2966, 321), (-276.0141, -135.05171, 321), (-275.517, -134.90092, 321), (-273.12616, -139.37384, 319), (-272.7966, -138.97226, 319), (-272.55173, -138.51411, 319), (-273.12616, -139.37384, 321), (-272.7966, -138.97226, 321), (-272.55173, -138.51411, 321), (-275, -134.85, 319), (-274.483, -134.90092, 319), (-273.9859, -135.05171, 319), (-272.55173, -136.48589, 319), (-272.7966, -136.02774, 319), (-273.52774, -135.2966, 319), (-273.12616, -135.62616, 319), (-275, -134.85, 321), (-274.483, -134.90092, 321), (-273.9859, -135.05171, 321), (-272.55173, -136.48589, 321), (-272.7966, -136.02774, 321), (-273.52774, -135.2966, 321), (-273.12616, -135.62616, 321), (-272.4009, -138.01698, 319), (-272.35, -137.5, 319), (-272.4009, -138.01698, 321), (-272.35, -137.5, 321), (-272.4009, -136.98302, 319), (-272.4009, -136.98302, 321), (-275.517, -2.599081, 319), (-275.517, -2.599081, 321), (-277.2034, -1.4722611, 319), (-277.44827, -1.014111, 319), (-277.5991, -0.51698935, 319), (-276.47226, -2.2033944, 319), (-276.87384, -1.873833, 319), (-276.0141, -2.4482808, 319), (-277.2034, -1.4722611, 321), (-277.44827, -1.014111, 321), (-277.5991, -0.51698935, 321), (-276.47226, -2.2033944, 321), (-276.87384, -1.873833, 321), (-276.0141, -2.4482808, 321), (-275, -2.65, 319), (-274.483, -2.599081, 319), (-275, -2.65, 321), (-274.483, -2.599081, 321), (-273.9859, -2.4482808, 319), (-273.52774, -2.2033944, 319), (-273.12616, -1.873833, 319), (-272.7966, -1.4722611, 319), (-272.55173, -1.014111, 319), (-273.9859, -2.4482808, 321), (-273.52774, -2.2033944, 321), (-273.12616, -1.873833, 321), (-272.7966, -1.4722611, 321), (-272.55173, -1.014111, 321), (-272.4009, -0.51698935, 319), (-272.4009, -0.51698935, 321), (-170, -291, 236), (-170, -291, 244), (-170, -289, 236), (-170, -289, 244), (-130, -291, 236), (-130, -291, 244), (-130, -289, 236), (-130, -289, 244), (-190, -250, 300), (-190, -250, 304), (-176.375, -237.38158, 300), (-176.94455, -236.94455, 300), (-175.71175, -237.6563, 300), (-177.38158, -236.375, 300), (-177.6563, -235.71175, 300), (-177.75, -235, 300), (-177.6563, -234.28825, 300), (-176.375, -237.38158, 304), (-176.94455, -236.94455, 304), (-175.71175, -237.6563, 304), (-177.38158, -236.375, 304), (-177.6563, -235.71175, 304), (-177.75, -235, 304), (-177.6563, -234.28825, 304), (-177.38158, -233.625, 300), (-176.94455, -233.05545, 300), (-176.375, -232.61842, 300), (-175.71175, -232.3437, 300), (-177.38158, -233.625, 304), (-176.94455, -233.05545, 304), (-176.375, -232.61842, 304), (-175.71175, -232.3437, 304), (-175, -237.75, 300), (-174.28825, -237.6563, 300), (-173.625, -237.38158, 300), (-173.05545, -236.94455, 300), (-172.61842, -236.375, 300), (-172.3437, -235.71175, 300), (-172.25, -235, 300), (-172.3437, -234.28825, 300), (-175, -237.75, 304), (-174.28825, -237.6563, 304), (-173.625, -237.38158, 304), (-173.05545, -236.94455, 304), (-172.61842, -236.375, 304), (-172.3437, -235.71175, 304), (-172.25, -235, 304), (-172.3437, -234.28825, 304), (-175, -232.25, 300), (-174.28825, -232.3437, 300), (-173.05545, -233.05545, 300), (-172.61842, -233.625, 300), (-173.625, -232.61842, 300), (-175, -232.25, 304), (-174.28825, -232.3437, 304), (-173.05545, -233.05545, 304), (-172.61842, -233.625, 304), (-173.625, -232.61842, 304), (-173.09698, -209.5671, 322), (-170.78674, -213.88925, 322), (-173.09698, -209.5671, 332), (-170.78674, -213.88925, 332), (-174.51964, -204.87726, 322), (-175, -200, 322), (-174.51964, -204.87726, 332), (-175, -200, 332), (-169.6157, -203.90181, 332), (-170, -200, 332), (-163.88925, -220.78674, 322), (-159.5671, -223.09698, 322), (-163.88925, -220.78674, 332), (-159.5671, -223.09698, 332), (-154.87726, -224.51964, 322), (-150, -225, 322), (-154.87726, -224.51964, 332), (-153.90181, -219.6157, 332), (-150, -225, 332), (-150, -220, 332), (-146.09819, -219.6157, 332), (-167.67767, -217.67767, 322), (-167.67767, -217.67767, 332), (-166.6294, -211.1114, 332), (-164.14214, -214.14214, 332), (-161.1114, -216.6294, 332), (-157.65367, -218.47758, 332), (-168.47758, -207.65367, 332), (-174.51964, -195.12274, 322), (-173.09698, -190.4329, 322), (-174.51964, -195.12274, 332), (-169.6157, -196.09819, 332), (-173.09698, -190.4329, 332), (-170.78674, -186.11075, 322), (-170.78674, -186.11075, 332), (-168.47758, -192.34633, 332), (-167.67767, -182.32233, 322), (-166.6294, -188.8886, 332), (-164.14214, -185.85786, 332), (-167.67767, -182.32233, 332), (-161.1114, -183.3706, 332), (-157.65367, -181.52242, 332), (-153.90181, -180.3843, 332), (-150, -180, 332), (-146.09819, -180.3843, 332), (-163.88925, -179.21326, 322), (-159.5671, -176.90302, 322), (-163.88925, -179.21326, 332), (-159.5671, -176.90302, 332), (-154.87726, -175.48036, 322), (-150, -175, 322), (-154.87726, -175.48036, 332), (-150, -175, 332), (-145.12274, -224.51964, 322), (-140.4329, -223.09698, 322), (-136.11075, -220.78674, 322), (-145.12274, -224.51964, 332), (-140.4329, -223.09698, 332), (-136.11075, -220.78674, 332), (-142.34633, -218.47758, 332), (-138.8886, -216.6294, 332), (-135.85786, -214.14214, 332), (-133.3706, -211.1114, 332), (-132.32233, -217.67767, 322), (-129.21326, -213.88925, 322), (-126.903015, -209.5671, 322), (-132.32233, -217.67767, 332), (-129.21326, -213.88925, 332), (-126.903015, -209.5671, 332), (-125.48037, -204.87726, 322), (-125, -200, 322), (-131.52242, -207.65367, 332), (-130.3843, -203.90181, 332), (-130, -200, 332), (-125.48037, -204.87726, 332), (-125, -200, 332), (-142.34633, -181.52242, 332), (-133.3706, -188.8886, 332), (-135.85786, -185.85786, 332), (-138.8886, -183.3706, 332), (-125.48037, -195.12274, 322), (-126.903015, -190.4329, 322), (-130.3843, -196.09819, 332), (-131.52242, -192.34633, 332), (-125.48037, -195.12274, 332), (-126.903015, -190.4329, 332), (-129.21326, -186.11075, 322), (-132.32233, -182.32233, 322), (-129.21326, -186.11075, 332), (-132.32233, -182.32233, 332), (-145.12274, -175.48036, 322), (-140.4329, -176.90302, 322), (-136.11075, -179.21326, 322), (-145.12274, -175.48036, 332), (-140.4329, -176.90302, 332), (-136.11075, -179.21326, 332), (-70, -291, 236), (-70, -291, 244), (-70, -289, 236), (-70, -289, 244), (-50, -291, 236), (-50, -291, 244), (-50, -289, 236), (-50, -289, 244), (-1.873833, -276.87384, 319), (-1.014111, -277.44827, 319), (-1.4722611, -277.2034, 319), (-0.51698935, -277.5991, 319), (-1.873833, -276.87384, 321), (-1.014111, -277.44827, 321), (-1.4722611, -277.2034, 321), (-0.51698935, -277.5991, 321), (-2.4482808, -276.0141, 319), (-2.599081, -275.517, 319), (-2.2033944, -276.47226, 319), (-2.65, -275, 319), (-2.599081, -274.483, 319), (-2.4482808, -276.0141, 321), (-2.599081, -275.517, 321), (-2.2033944, -276.47226, 321), (-2.65, -275, 321), (-2.599081, -274.483, 321), (-2.4482808, -273.9859, 319), (-2.2033944, -273.52774, 319), (-1.873833, -273.12616, 319), (-1.4722611, -272.7966, 319), (-1.014111, -272.55173, 319), (-0.51698935, -272.4009, 319), (-2.4482808, -273.9859, 321), (-2.2033944, -273.52774, 321), (-1.873833, -273.12616, 321), (-1.4722611, -272.7966, 321), (-1.014111, -272.55173, 321), (-0.51698935, -272.4009, 321), (-61.871845, -217.47844, 312), (-61.871845, -217.47844, 315), (-72.47845, -206.87184, 312), (-60.965115, -207.1828, 312), (-62.182804, -205.96512, 312), (-62.354076, -205.10408, 312), (-61.69507, -206.69507, 312), (-62.182804, -204.24304, 312), (-61.69507, -203.51309, 312), (-60.965115, -203.02534, 312), (-72.47845, -206.87184, 315), (-60.965115, -207.1828, 315), (-62.182804, -205.96512, 315), (-62.354076, -205.10408, 315), (-61.69507, -206.69507, 315), (-62.182804, -204.24304, 315), (-61.69507, -203.51309, 315), (-60.965115, -203.02534, 315), (-50.222816, -210.45164, 312), (-50.222816, -210.45164, 319), (-50.222816, -210.45164, 321), (-60.104076, -207.35408, 312), (-59.24304, -207.1828, 312), (-58.513084, -206.69507, 312), (-58.02535, -205.96512, 312), (-57.854076, -205.10408, 312), (-60.104076, -202.85408, 312), (-59.24304, -203.02534, 312), (-58.513084, -203.51309, 312), (-58.02535, -204.24304, 312), (-52.685413, -208.292, 312), (-60.104076, -207.35408, 315), (-59.24304, -207.1828, 315), (-58.513084, -206.69507, 315), (-58.02535, -205.96512, 315), (-57.854076, -205.10408, 315), (-60.104076, -202.85408, 315), (-59.24304, -203.02534, 315), (-58.513084, -203.51309, 315), (-58.33631, -203.3363, 315), (-58.02535, -204.24304, 315), (-58.33631, -203.3363, 319), (-58.33631, -203.3363, 321), (-52.685413, -208.292, 315), (-50.222816, -210.45164, 322), (-58.33631, -203.3363, 322), (-54.800777, -199.80078, 322), (-76.22006, -176.57138, 312), (-76.22006, -176.57138, 319), (-76.22006, -176.57138, 321), (-79.68888, -166.35257, 312), (-79.68888, -166.35257, 319), (-79.68888, -166.35257, 321), (-65.45165, -195.22282, 312), (-63.292015, -197.68541, 312), (-63.292015, -197.68541, 315), (-65.45165, -195.22282, 319), (-65.45165, -195.22282, 321), (-71.4471, -186.25, 312), (-64.51889, -182.25, 312), (-71.4471, -186.25, 319), (-71.4471, -186.25, 321), (-58.33631, -192.7297, 312), (-59.104824, -190.35272, 312), (-52.679455, -197.67946, 312), (-68.829025, -173.50992, 312), (-71.96147, -164.28201, 312), (-76.22006, -176.57138, 322), (-79.68888, -166.35257, 322), (-74.85925, -165.05847, 322), (-65.45165, -195.22282, 322), (-61.484882, -192.17902, 322), (-71.4471, -186.25, 322), (-67.11697, -183.75, 322), (-64.51889, -182.25, 322), (-59.104824, -190.35272, 322), (-52.679455, -197.67946, 322), (-71.60066, -174.65796, 322), (-68.829025, -173.50992, 322), (-71.96147, -164.28201, 322), (-31.571383, -221.22006, 312), (-31.571383, -221.22006, 319), (-31.571383, -221.22006, 321), (-41.25, -216.4471, 312), (-37.25, -209.51889, 312), (-41.25, -216.4471, 319), (-41.25, -216.4471, 321), (-47.72971, -203.3363, 312), (-45.352726, -204.10483, 312), (-28.509916, -213.82903, 312), (-1.9445436, -236.94455, 300), (-1.375, -237.38158, 300), (-0.71175236, -237.6563, 300), (-2.3815699, -236.375, 300), (-2.656296, -235.71175, 300), (-2.75, -235, 300), (-2.656296, -234.28825, 300), (-1.9445436, -236.94455, 304), (-1.375, -237.38158, 304), (-0.71175236, -237.6563, 304), (-2.3815699, -236.375, 304), (-2.656296, -235.71175, 304), (-2.75, -235, 304), (-2.656296, -234.28825, 304), (-2.3815699, -233.625, 300), (-1.9445436, -233.05545, 300), (-1.375, -232.61842, 300), (-0.71175236, -232.3437, 300), (-2.3815699, -233.625, 304), (-1.9445436, -233.05545, 304), (-1.375, -232.61842, 304), (-0.71175236, -232.3437, 304), (-21.352571, -224.68887, 312), (-21.352571, -224.68887, 319), (-21.352571, -224.68887, 321), (-10.768411, -226.7942, 312), (-10.768411, -226.7942, 319), (-10.768411, -226.7942, 321), (-19.282019, -216.96147, 312), (-9.724201, -218.86264, 312), (-31.571383, -221.22006, 322), (-41.25, -216.4471, 322), (-38.75, -212.11697, 322), (-37.25, -209.51889, 322), (-47.179012, -206.48488, 322), (-45.352726, -204.10483, 322), (-29.657967, -216.60066, 322), (-28.509916, -213.82903, 322), (-21.352571, -224.68887, 322), (-20.058475, -219.85925, 322), (-10.768411, -226.7942, 322), (-10.11578, -221.83698, 322), (-19.282019, -216.96147, 322), (-9.724201, -218.86264, 322), (-16.263456, -161.26346, 338), (-12.778115, -164.1238, 338), (-8.801719, -166.24922, 338), (-4.487077, -167.55806, 338), (-169.6157, -203.90181, 353), (-170, -200, 353), (-153.90181, -219.6157, 353), (-150, -220, 353), (-146.09819, -219.6157, 353), (-166.6294, -211.1114, 353), (-164.14214, -214.14214, 353), (-161.1114, -216.6294, 353), (-157.65367, -218.47758, 353), (-160.6066, -210.6066, 353), (-158.33356, -212.47205, 353), (-160.6066, -210.6066, 362), (-158.33356, -212.47205, 362), (-168.47758, -207.65367, 353), (-163.8582, -205.74025, 353), (-164.71178, -202.92636, 353), (-165, -200, 353), (-162.47205, -208.33356, 353), (-163.8582, -205.74025, 362), (-164.71178, -202.92636, 362), (-165, -200, 362), (-162.47205, -208.33356, 362), (-152.92636, -214.71178, 353), (-155.74025, -213.8582, 353), (-150, -215, 353), (-147.07364, -214.71178, 353), (-152.92636, -214.71178, 362), (-155.74025, -213.8582, 362), (-150, -215, 362), (-147.07364, -214.71178, 362), (-169.6157, -196.09819, 353), (-164.71178, -197.07364, 353), (-168.47758, -192.34633, 353), (-163.8582, -194.25975, 353), (-162.47205, -191.66644, 353), (-164.71178, -197.07364, 362), (-163.8582, -194.25975, 362), (-162.47205, -191.66644, 362), (-166.6294, -188.8886, 353), (-164.14214, -185.85786, 353), (-160.6066, -189.3934, 353), (-158.33356, -187.52795, 353), (-161.1114, -183.3706, 353), (-157.65367, -181.52242, 353), (-160.6066, -189.3934, 362), (-158.33356, -187.52795, 362), (-155.74025, -186.1418, 353), (-152.92636, -185.28822, 353), (-153.90181, -180.3843, 353), (-150, -185, 353), (-147.07364, -185.28822, 353), (-150, -180, 353), (-146.09819, -180.3843, 353), (-155.74025, -186.1418, 362), (-152.92636, -185.28822, 362), (-150, -185, 362), (-147.07364, -185.28822, 362), (-142.34633, -218.47758, 353), (-144.25975, -213.8582, 353), (-141.66644, -212.47205, 353), (-139.3934, -210.6066, 353), (-138.8886, -216.6294, 353), (-135.85786, -214.14214, 353), (-133.3706, -211.1114, 353), (-144.25975, -213.8582, 362), (-141.66644, -212.47205, 362), (-139.3934, -210.6066, 362), (-137.52795, -208.33356, 353), (-136.1418, -205.74025, 353), (-135.28822, -202.92636, 353), (-135, -200, 353), (-137.52795, -208.33356, 362), (-136.1418, -205.74025, 362), (-135.28822, -202.92636, 362), (-135, -200, 362), (-131.52242, -207.65367, 353), (-130.3843, -203.90181, 353), (-130, -200, 353), (-135.28822, -197.07364, 353), (-137.52795, -191.66644, 353), (-136.1418, -194.25975, 353), (-135.28822, -197.07364, 362), (-137.52795, -191.66644, 362), (-136.1418, -194.25975, 362), (-144.25975, -186.1418, 353), (-141.66644, -187.52795, 353), (-139.3934, -189.3934, 353), (-142.34633, -181.52242, 353), (-133.3706, -188.8886, 353), (-135.85786, -185.85786, 353), (-138.8886, -183.3706, 353), (-144.25975, -186.1418, 362), (-141.66644, -187.52795, 362), (-139.3934, -189.3934, 362), (-130.3843, -196.09819, 353), (-131.52242, -192.34633, 353), (-54.800777, -199.80078, 378), (-54.800777, -199.80078, 394), (-74.85925, -165.05847, 378), (-61.484882, -192.17902, 378), (-67.11697, -183.75, 378), (-50.813374, -166.04759, 362), (-71.60066, -174.65796, 378), (-50.813374, -166.04759, 372), (-74.85925, -165.05847, 394), (-61.484882, -192.17902, 394), (-67.11697, -183.75, 394), (-64.51889, -182.25, 394), (-59.104824, -190.35272, 394), (-52.679455, -197.67946, 394), (-71.60066, -174.65796, 394), (-68.829025, -173.50992, 394), (-71.96147, -164.28201, 394), (-38.75, -212.11697, 378), (-47.179012, -206.48488, 378), (-29.657967, -216.60066, 378), (-20.058475, -219.85925, 378), (-10.11578, -221.83698, 378), (-7.178941, -199.52946, 362), (-7.178941, -199.52946, 372), (-38.75, -212.11697, 394), (-37.25, -209.51889, 394), (-47.179012, -206.48488, 394), (-45.352726, -204.10483, 394), (-29.657967, -216.60066, 394), (-28.509916, -213.82903, 394), (-20.058475, -219.85925, 394), (-10.11578, -221.83698, 394), (-19.282019, -216.96147, 394), (-9.724201, -218.86264, 394), (-38.890873, -183.89087, 362), (-27.5, -192.6314, 362), (-33.48188, -188.63443, 362), (-38.890873, -183.89087, 372), (-27.5, -192.6314, 372), (-33.48188, -188.63443, 372), (-30.438072, -184.66766, 372), (-35.35534, -180.35535, 372), (-25, -188.30127, 372), (-43.634434, -178.48187, 362), (-47.631397, -172.5, 362), (-43.634434, -178.48187, 372), (-47.631397, -172.5, 372), (-43.30127, -170, 372), (-39.667667, -175.43806, 372), (-46.193977, -164.13417, 372), (-21.047588, -195.81337, 362), (-14.235047, -198.12592, 362), (-21.047588, -195.81337, 372), (-19.134172, -191.19397, 372), (-14.235047, -198.12592, 372), (-12.940952, -193.2963, 372), (-6.5263095, -194.57225, 372), (-16.263456, -161.26346, 362), (-12.778115, -164.1238, 362), (-8.801719, -166.24922, 362), (-4.487077, -167.55806, 362), (-30.438072, -184.66766, 449), (-35.35534, -180.35535, 449), (-25, -188.30127, 449), (-27.394264, -180.7009, 449), (-27.394264, -180.7009, 472.1), (-43.30127, -170, 449), (-39.667667, -175.43806, 449), (-46.193977, -164.13417, 449), (-38.97114, -167.5, 449), (-41.574577, -162.22075, 449), (-31.819805, -176.81981, 449), (-35.7009, -172.39427, 449), (-38.97114, -167.5, 472.1), (-41.574577, -162.22075, 472.1), (-31.819805, -176.81981, 472.1), (-35.7009, -172.39427, 472.1), (-19.134172, -191.19397, 449), (-12.940952, -193.2963, 449), (-22.5, -183.97115, 449), (-17.220755, -186.57458, 449), (-6.5263095, -194.57225, 449), (-5.8736787, -189.61502, 449), (-11.646857, -188.46666, 449), (-22.5, -183.97115, 472.1), (-17.220755, -186.57458, 472.1), (-5.8736787, -189.61502, 472.1), (-11.646857, -188.46666, 472.1), (-175.71175, -2.656296, 300), (-177.38158, -1.375, 300), (-177.6563, -0.71175236, 300), (-176.94455, -1.9445436, 300), (-176.375, -2.3815699, 300), (-175.71175, -2.656296, 304), (-177.38158, -1.375, 304), (-177.6563, -0.71175236, 304), (-176.94455, -1.9445436, 304), (-176.375, -2.3815699, 304), (-175, -2.75, 300), (-174.28825, -2.656296, 300), (-173.625, -2.3815699, 300), (-173.05545, -1.9445436, 300), (-172.61842, -1.375, 300), (-172.3437, -0.71175236, 300), (-175, -2.75, 304), (-174.28825, -2.656296, 304), (-173.625, -2.3815699, 304), (-173.05545, -1.9445436, 304), (-172.61842, -1.375, 304), (-172.3437, -0.71175236, 304), (-81.794205, -155.76842, 312), (-73.86264, -154.7242, 312), (-81.794205, -155.76842, 319), (-81.794205, -155.76842, 321), (-82.5, -145, 312), (-74.5, -145, 312), (-82.5, -145, 319), (-82.5, -145, 321), (-81.794205, -134.23158, 312), (-73.86264, -135.2758, 312), (-81.794205, -134.23158, 319), (-81.794205, -134.23158, 321), (-79.68888, -123.64743, 312), (-79.68888, -123.64743, 319), (-79.68888, -123.64743, 321), (-71.96147, -125.71798, 312), (-81.794205, -155.76842, 322), (-76.836975, -155.11578, 322), (-73.86264, -154.7242, 322), (-82.5, -145, 322), (-77.5, -145, 322), (-74.5, -145, 322), (-81.794205, -134.23158, 322), (-76.836975, -134.88422, 322), (-73.86264, -135.2758, 322), (-79.68888, -123.64743, 322), (-74.85925, -124.94152, 322), (-71.96147, -125.71798, 322), (-76.22006, -113.42862, 312), (-76.22006, -113.42862, 319), (-76.22006, -113.42862, 321), (-68.829025, -116.49008, 312), (-71.4471, -103.75, 312), (-64.51889, -107.75, 312), (-71.4471, -103.75, 319), (-71.4471, -103.75, 321), (-65.45165, -94.77718, 312), (-63.292015, -92.31459, 312), (-65.45165, -94.77718, 319), (-65.45165, -94.77718, 321), (-63.292015, -92.31459, 315), (-72.47845, -83.12816, 312), (-62.182804, -85.75696, 312), (-62.354076, -84.89592, 312), (-61.69507, -86.486916, 312), (-60.965115, -86.974655, 312), (-62.182804, -84.03489, 312), (-61.69507, -83.30493, 312), (-60.965115, -82.81719, 312), (-72.47845, -83.12816, 315), (-62.182804, -85.75696, 315), (-62.354076, -84.89592, 315), (-61.69507, -86.486916, 315), (-60.965115, -86.974655, 315), (-62.182804, -84.03489, 315), (-61.69507, -83.30493, 315), (-60.965115, -82.81719, 315), (-59.104824, -99.64727, 312), (-58.33631, -97.270294, 312), (-52.679455, -92.32054, 312), (-60.104076, -87.14592, 312), (-59.24304, -86.974655, 312), (-58.513084, -86.486916, 312), (-58.02535, -85.75696, 312), (-57.854076, -84.89592, 312), (-60.104076, -82.64592, 312), (-59.24304, -82.81719, 312), (-58.02535, -84.03489, 312), (-58.513084, -83.30493, 312), (-52.685413, -81.707985, 312), (-60.104076, -87.14592, 315), (-59.24304, -86.974655, 315), (-58.33631, -86.66369, 315), (-58.513084, -86.486916, 315), (-58.02535, -85.75696, 315), (-57.854076, -84.89592, 315), (-58.33631, -86.66369, 319), (-58.33631, -86.66369, 321), (-60.104076, -82.64592, 315), (-59.24304, -82.81719, 315), (-58.02535, -84.03489, 315), (-58.513084, -83.30493, 315), (-52.685413, -81.707985, 315), (-76.22006, -113.42862, 322), (-71.60066, -115.34203, 322), (-68.829025, -116.49008, 322), (-67.11697, -106.25, 322), (-71.4471, -103.75, 322), (-64.51889, -107.75, 322), (-65.45165, -94.77718, 322), (-61.484882, -97.82099, 322), (-59.104824, -99.64727, 322), (-54.800777, -90.19923, 322), (-52.679455, -92.32054, 322), (-58.33631, -86.66369, 322), (-19.1238, -157.77812, 338), (-21.24923, -153.80171, 338), (-22.558062, -149.48708, 338), (-23, -145, 338), (-22.558062, -140.51292, 338), (-21.24923, -136.19829, 338), (-19.1238, -132.22188, 338), (-16.263456, -128.73654, 338), (-12.778115, -125.8762, 338), (-8.801719, -123.75077, 338), (-4.487077, -122.44194, 338), (-47.72971, -86.66369, 312), (-45.352726, -85.89518, 312), (-37.25, -80.48111, 312), (-45.352726, -85.89518, 322), (-47.179012, -83.515114, 322), (-37.25, -80.48111, 322), (-61.871845, -72.52155, 312), (-61.871845, -72.52155, 315), (-50.222816, -79.54835, 312), (-50.222816, -79.54835, 319), (-50.222816, -79.54835, 321), (-50.222816, -79.54835, 322), (-41.25, -73.5529, 312), (-41.25, -73.5529, 319), (-41.25, -73.5529, 321), (-28.509916, -76.170975, 312), (-31.571383, -68.77994, 312), (-31.571383, -68.77994, 319), (-31.571383, -68.77994, 321), (-19.282019, -73.03853, 312), (-21.352571, -65.31112, 312), (-21.352571, -65.31112, 319), (-21.352571, -65.31112, 321), (-9.724201, -71.13736, 312), (-10.768411, -63.2058, 312), (-10.768411, -63.2058, 319), (-10.768411, -63.2058, 321), (-38.75, -77.88303, 322), (-41.25, -73.5529, 322), (-28.509916, -76.170975, 322), (-29.657967, -73.39934, 322), (-31.571383, -68.77994, 322), (-19.282019, -73.03853, 322), (-20.058475, -70.14075, 322), (-21.352571, -65.31112, 322), (-9.724201, -71.13736, 322), (-10.11578, -68.163025, 322), (-10.768411, -63.2058, 322), (-20, -72, 341.5), (-20, -70.12912, 341.5), (-14.060996, -72, 341.5), (-9.724201, -71.13736, 341.5), (-10.11578, -68.163025, 341.5), (-76.836975, -155.11578, 378), (-77.5, -145, 378), (-76.836975, -134.88422, 378), (-74.85925, -124.94152, 378), (-54.52947, -152.17894, 362), (-53.12592, -159.23505, 362), (-55, -145, 362), (-54.52947, -152.17894, 372), (-53.12592, -159.23505, 372), (-49.572243, -151.5263, 372), (-55, -145, 372), (-50, -145, 372), (-54.52947, -137.82106, 362), (-53.12592, -130.76495, 362), (-50.813374, -123.95241, 362), (-54.52947, -137.82106, 372), (-49.572243, -138.4737, 372), (-53.12592, -130.76495, 372), (-50.813374, -123.95241, 372), (-76.836975, -155.11578, 394), (-73.86264, -154.7242, 394), (-77.5, -145, 394), (-74.5, -145, 394), (-76.836975, -134.88422, 394), (-73.86264, -135.2758, 394), (-74.85925, -124.94152, 394), (-71.96147, -125.71798, 394), (-71.60066, -115.34203, 378), (-67.11697, -106.25, 378), (-61.484882, -97.82099, 378), (-54.800777, -90.19923, 378), (-71.60066, -115.34203, 394), (-68.829025, -116.49008, 394), (-67.11697, -106.25, 394), (-64.51889, -107.75, 394), (-61.484882, -97.82099, 394), (-59.104824, -99.64727, 394), (-54.800777, -90.19923, 394), (-52.679455, -92.32054, 394), (-48.29629, -157.94095, 372), (-48.29629, -132.05905, 372), (-46.193977, -125.86583, 372), (-43.30127, -120, 372), (-19.1238, -157.77812, 362), (-21.24923, -153.80171, 362), (-22.558062, -149.48708, 362), (-23, -145, 362), (-22.558062, -140.51292, 362), (-21.24923, -136.19829, 362), (-19.1238, -132.22188, 362), (-16.263456, -128.73654, 362), (-12.778115, -125.8762, 362), (-8.801719, -123.75077, 362), (-4.487077, -122.44194, 362), (-47.631397, -117.5, 362), (-43.634434, -111.51812, 362), (-38.890873, -106.10912, 362), (-33.48188, -101.36557, 362), (-47.631397, -117.5, 372), (-43.634434, -111.51812, 372), (-39.667667, -114.56193, 372), (-38.890873, -106.10912, 372), (-35.35534, -109.64466, 372), (-30.438072, -105.33234, 372), (-33.48188, -101.36557, 372), (-25, -101.69873, 372), (-27.5, -97.36861, 362), (-47.179012, -83.515114, 378), (-27.5, -97.36861, 372), (-21.047588, -94.18662, 362), (-14.235047, -91.87408, 362), (-7.178941, -90.470535, 362), (-19.134172, -98.80602, 372), (-21.047588, -94.18662, 372), (-12.940952, -96.70371, 372), (-14.235047, -91.87408, 372), (-6.5263095, -95.42776, 372), (-7.178941, -90.470535, 372), (-45.352726, -85.89518, 394), (-47.179012, -83.515114, 394), (-37.25, -80.48111, 394), (-49.572243, -151.5263, 449), (-50, -145, 449), (-49.572243, -138.4737, 449), (-48.29629, -157.94095, 449), (-43.466663, -156.64685, 449), (-44.615017, -150.87367, 449), (-45, -145, 449), (-43.466663, -156.64685, 472.1), (-44.615017, -150.87367, 472.1), (-45, -145, 472.1), (-44.615017, -139.12633, 449), (-48.29629, -132.05905, 449), (-43.466663, -133.35315, 449), (-46.193977, -125.86583, 449), (-43.30127, -120, 449), (-41.574577, -127.77924, 449), (-38.97114, -122.5, 449), (-44.615017, -139.12633, 472.1), (-43.466663, -133.35315, 472.1), (-41.574577, -127.77924, 472.1), (-38.97114, -122.5, 472.1), (-39.667667, -114.56193, 449), (-35.7009, -117.605736, 449), (-31.819805, -113.18019, 449), (-35.35534, -109.64466, 449), (-30.438072, -105.33234, 449), (-27.394264, -109.2991, 449), (-25, -101.69873, 449), (-35.7009, -117.605736, 472.1), (-31.819805, -113.18019, 472.1), (-27.394264, -109.2991, 472.1), (-22.5, -106.028854, 449), (-17.220755, -103.42542, 449), (-11.646857, -101.53334, 449), (-5.8736787, -100.38498, 449), (-22.5, -106.028854, 472.1), (-17.220755, -103.42542, 472.1), (-11.646857, -101.53334, 472.1), (-5.8736787, -100.38498, 472.1), (-19.134172, -98.80602, 449), (-12.940952, -96.70371, 449), (-6.5263095, -95.42776, 449), (-38.75, -77.88303, 378), (-29.657967, -73.39934, 378), (-20, -72, 366.5), (-20, -70.12912, 366.5), (-14.060996, -72, 366.5), (-9.724201, -71.13736, 366.5), (-10.11578, -68.163025, 366.5), (-20.058475, -70.14075, 378), (-10.11578, -68.163025, 378), (-38.75, -77.88303, 394), (-28.509916, -76.170975, 394), (-29.657967, -73.39934, 394), (-19.282019, -73.03853, 394), (-20.058475, -70.14075, 394), (-9.724201, -71.13736, 394), (-10.11578, -68.163025, 394), (-376.5, 157.39412, 42.85459), (-331.5, 157.39412, 42.85459), (-376.5, 153.86223, 53.2592), (-376.5, 151.71863, 64.0358), (-376.5, 151, 75), (-376.5, 151.71863, 85.9642), (-376.5, 153.86223, 96.7408), (-376.5, 157.39412, 107.14541), (-331.5, 153.86223, 53.2592), (-331.5, 151.71863, 64.0358), (-331.5, 151, 75), (-331.5, 151.71863, 85.9642), (-331.5, 153.86223, 96.7408), (-331.5, 157.39412, 107.14541), (-198.5, 12, 145.5), (-198.5, 12, 170.5), (-198.5, 68, 145.5), (-198.5, 68, 170.5), (-198.5, 92, 145.5), (-198.5, 92, 170.5), (-198.5, 148, 145.5), (-198.5, 148, 170.5), (-376.5, 175.60303, 15.60303), (-376.5, 193, 2.2538662), (-376.5, 183.86404, 8.358319), (-380, 192.3867, 19.465265), (-376.5, 192.3867, 19.465265), (-376.5, 168.35832, 23.86404), (-376.5, 162.25386, 33), (-380, 174.37822, 40), (-376.5, 174.37822, 40), (-380, 170.32843, 48.21216), (-376.5, 170.32843, 48.21216), (-380, 185.50252, 25.502525), (-376.5, 185.50252, 25.502525), (-380, 179.46527, 32.3867), (-376.5, 179.46527, 32.3867), (-380, 189.03806, 29.03806), (-380, 195.43051, 23.432034), (-376.5, 202.8546, -2.6058807), (-376.5, 213.2592, -6.137769), (-380, 208.21216, 10.328433), (-376.5, 208.21216, 10.328433), (-380, 200, 14.3782215), (-376.5, 200, 14.3782215), (-380, 202.5, 18.70835), (-380, 216.88266, 7.3851924), (-376.5, 216.88266, 7.3851924), (-380, 218.17676, 12.214821), (-380, 210.12558, 14.94783), (-376.5, 224.0358, -8.281368), (-380, 225.86316, 5.59886), (-376.5, 225.86316, 5.59886), (-376.5, 235, -9), (-380, 235, 5), (-376.5, 235, 5), (-380, 226.5158, 10.556084), (-380, 235, 10), (-331.5, 175.60303, 15.60303), (-331.5, 193, 2.2538662), (-331.5, 183.86404, 8.358319), (-331.5, 192.3867, 19.465265), (-328, 192.3867, 19.465265), (-331.5, 168.35832, 23.86404), (-331.5, 162.25386, 33), (-331.5, 174.37822, 40), (-328, 174.37822, 40), (-328, 178.70834, 42.5), (-331.5, 170.32843, 48.21216), (-328, 170.32843, 48.21216), (-328, 174.94783, 50.125576), (-331.5, 185.50252, 25.502525), (-328, 185.50252, 25.502525), (-331.5, 179.46527, 32.3867), (-328, 179.46527, 32.3867), (-328, 183.43204, 35.430508), (-328, 189.03806, 29.03806), (-328, 195.43051, 23.432034), (-331.5, 202.8546, -2.6058807), (-331.5, 213.2592, -6.137769), (-331.5, 208.21216, 10.328433), (-328, 208.21216, 10.328433), (-331.5, 200, 14.3782215), (-328, 200, 14.3782215), (-328, 202.5, 18.70835), (-331.5, 216.88266, 7.3851924), (-328, 216.88266, 7.3851924), (-328, 218.17676, 12.214821), (-328, 210.12558, 14.94783), (-331.5, 224.0358, -8.281368), (-331.5, 225.86316, 5.59886), (-328, 225.86316, 5.59886), (-331.5, 235, -9), (-331.5, 235, 5), (-328, 235, 5), (-328, 226.5158, 10.556084), (-328, 235, 10), (-380, 167.3852, 56.882668), (-376.5, 167.3852, 56.882668), (-380, 165.59886, 65.86317), (-376.5, 165.59886, 65.86317), (-380, 165, 75), (-376.5, 165, 75), (-380, 165.59886, 84.13683), (-376.5, 165.59886, 84.13683), (-380, 167.3852, 93.11733), (-376.5, 167.3852, 93.11733), (-380, 170.32843, 101.78784), (-376.5, 170.32843, 101.78784), (-380, 174.37822, 110), (-376.5, 174.37822, 110), (-387.5, 228.65317, 70.129906), (-387.5, 228.0718, 71), (-387.5, 227.60896, 71.93853), (-387.5, 227.2726, 72.92945), (-380, 228.65317, 70.129906), (-380, 228.0718, 71), (-380, 227.60896, 71.93853), (-380, 227.2726, 72.92945), (-387.5, 227.06844, 73.95579), (-387.5, 227, 75), (-387.5, 227.06844, 76.04421), (-387.5, 227.2726, 77.07055), (-387.5, 227.60896, 78.06147), (-387.5, 228.0718, 79), (-387.5, 228.65317, 79.870094), (-380, 227.06844, 73.95579), (-380, 227, 75), (-380, 227.06844, 76.04421), (-380, 227.2726, 77.07055), (-380, 227.60896, 78.06147), (-380, 228.0718, 79), (-380, 228.65317, 79.870094), (-387.5, 230.12991, 68.653175), (-387.5, 229.34314, 69.34315), (-387.5, 231, 68.0718), (-387.5, 231.93854, 67.60896), (-387.5, 232.92944, 67.27259), (-387.5, 233.9558, 67.06844), (-387.5, 235, 67), (-387.5, 236.0442, 67.06844), (-387.5, 237.07056, 67.27259), (-387.5, 238.06146, 67.60896), (-387.5, 239, 68.0718), (-380, 230.12991, 68.653175), (-380, 229.34314, 69.34315), (-380, 231, 68.0718), (-380, 231.93854, 67.60896), (-380, 232.92944, 67.27259), (-380, 233.9558, 67.06844), (-380, 235, 67), (-380, 236.0442, 67.06844), (-380, 237.07056, 67.27259), (-380, 238.06146, 67.60896), (-380, 239, 68.0718), (-387.5, 229.34314, 80.65685), (-380, 229.34314, 80.65685), (-387.5, 230.12991, 81.346825), (-387.5, 231, 81.9282), (-387.5, 231.93854, 82.39104), (-387.5, 232.92944, 82.72741), (-387.5, 233.9558, 82.93156), (-387.5, 235, 83), (-387.5, 236.0442, 82.93156), (-387.5, 237.07056, 82.72741), (-387.5, 239, 81.9282), (-387.5, 238.06146, 82.39104), (-380, 230.12991, 81.346825), (-380, 231, 81.9282), (-380, 231.93854, 82.39104), (-380, 232.92944, 82.72741), (-380, 233.9558, 82.93156), (-380, 235, 83), (-380, 236.0442, 82.93156), (-380, 237.07056, 82.72741), (-380, 239, 81.9282), (-380, 238.06146, 82.39104), (-331.5, 167.3852, 56.882668), (-328, 167.3852, 56.882668), (-331.5, 165.59886, 65.86317), (-328, 165.59886, 65.86317), (-328, 172.21483, 58.17676), (-331.5, 165, 75), (-328, 165, 75), (-328, 170.55609, 66.5158), (-331.5, 165.59886, 84.13683), (-328, 165.59886, 84.13683), (-331.5, 167.3852, 93.11733), (-328, 167.3852, 93.11733), (-328, 170.55609, 83.4842), (-328, 172.21483, 91.823235), (-331.5, 170.32843, 101.78784), (-328, 170.32843, 101.78784), (-328, 174.94783, 99.87442), (-331.5, 174.37822, 110), (-328, 174.37822, 110), (-328, 178.70834, 107.5), (-328, 228.65317, 70.129906), (-328, 228.0718, 71), (-328, 227.60896, 71.93853), (-328, 227.2726, 72.92945), (-328, 227.06844, 73.95579), (-328, 227, 75), (-328, 227.06844, 76.04421), (-328, 227.2726, 77.07055), (-328, 227.60896, 78.06147), (-328, 228.0718, 79), (-328, 228.65317, 79.870094), (-328, 230.12991, 68.653175), (-328, 229.34314, 69.34315), (-328, 231, 68.0718), (-328, 231.93854, 67.60896), (-328, 232.92944, 67.27259), (-328, 233.9558, 67.06844), (-328, 235, 67), (-328, 236.0442, 67.06844), (-328, 237.07056, 67.27259), (-328, 238.06146, 67.60896), (-328, 239, 68.0718), (-328, 229.34314, 80.65685), (-300, 227.8, 62.529236), (-300, 228.65317, 70.129906), (-300, 228.0718, 71), (-300, 227.60896, 71.93853), (-300, 227.2726, 72.92945), (-300, 220.6, 75), (-300, 227.06844, 73.95579), (-300, 227, 75), (-300, 227.06844, 76.04421), (-300, 227.2726, 77.07055), (-300, 227.60896, 78.06147), (-300, 228.0718, 79), (-300, 228.65317, 79.870094), (-300, 230.12991, 68.653175), (-300, 229.34314, 69.34315), (-300, 231, 68.0718), (-300, 231.93854, 67.60896), (-300, 232.92944, 67.27259), (-300, 233.9558, 67.06844), (-300, 235, 67), (-300, 236.0442, 67.06844), (-300, 237.07056, 67.27259), (-300, 238.06146, 67.60896), (-300, 239, 68.0718), (-300, 229.34314, 80.65685), (-328, 230.12991, 81.346825), (-328, 231, 81.9282), (-328, 231.93854, 82.39104), (-328, 232.92944, 82.72741), (-328, 233.9558, 82.93156), (-328, 235, 83), (-328, 236.0442, 82.93156), (-328, 237.07056, 82.72741), (-328, 239, 81.9282), (-328, 238.06146, 82.39104), (-300, 227.8, 87.470764), (-300, 230.12991, 81.346825), (-300, 231, 81.9282), (-300, 231.93854, 82.39104), (-300, 232.92944, 82.72741), (-300, 233.9558, 82.93156), (-300, 235, 83), (-300, 236.0442, 82.93156), (-300, 237.07056, 82.72741), (-300, 239, 81.9282), (-300, 238.06146, 82.39104), (-376.5, 245.9642, -8.281368), (-380, 244.13684, 5.59886), (-376.5, 244.13684, 5.59886), (-376.5, 256.7408, -6.137769), (-380, 243.4842, 10.556084), (-380, 253.11734, 7.3851924), (-376.5, 253.11734, 7.3851924), (-380, 251.82324, 12.214821), (-376.5, 267.14542, -2.6058807), (-376.5, 277, 2.2538662), (-380, 261.78784, 10.328433), (-376.5, 261.78784, 10.328433), (-380, 259.87442, 14.94783), (-380, 267.5, 18.70835), (-380, 270, 14.3782215), (-376.5, 270, 14.3782215), (-380, 277.6133, 19.465265), (-376.5, 277.6133, 19.465265), (-380, 274.5695, 23.432034), (-376.5, 286.13596, 8.358319), (-376.5, 294.39697, 15.60303), (-380, 284.49747, 25.502525), (-376.5, 284.49747, 25.502525), (-380, 280.96194, 29.03806), (-380, 286.56796, 35.430508), (-380, 290.53473, 32.3867), (-376.5, 290.53473, 32.3867), (-380, 291.29166, 42.5), (-380, 295.62177, 40), (-376.5, 295.62177, 40), (-380, 295.05215, 50.125576), (-376.5, 301.6417, 23.86404), (-376.5, 307.74612, 33), (-380, 299.67157, 48.21216), (-376.5, 299.67157, 48.21216), (-376.5, 312.60587, 42.85459), (-331.5, 245.9642, -8.281368), (-331.5, 244.13684, 5.59886), (-328, 244.13684, 5.59886), (-331.5, 256.7408, -6.137769), (-328, 243.4842, 10.556084), (-331.5, 253.11734, 7.3851924), (-328, 253.11734, 7.3851924), (-328, 251.82324, 12.214821), (-331.5, 267.14542, -2.6058807), (-331.5, 277, 2.2538662), (-331.5, 261.78784, 10.328433), (-328, 261.78784, 10.328433), (-328, 259.87442, 14.94783), (-328, 267.5, 18.70835), (-331.5, 270, 14.3782215), (-328, 270, 14.3782215), (-331.5, 277.6133, 19.465265), (-328, 277.6133, 19.465265), (-328, 274.5695, 23.432034), (-331.5, 286.13596, 8.358319), (-331.5, 294.39697, 15.60303), (-331.5, 284.49747, 25.502525), (-328, 284.49747, 25.502525), (-328, 280.96194, 29.03806), (-328, 286.56796, 35.430508), (-331.5, 290.53473, 32.3867), (-328, 290.53473, 32.3867), (-328, 291.29166, 42.5), (-331.5, 295.62177, 40), (-328, 295.62177, 40), (-328, 295.05215, 50.125576), (-331.5, 301.6417, 23.86404), (-331.5, 307.74612, 33), (-331.5, 299.67157, 48.21216), (-328, 299.67157, 48.21216), (-331.5, 312.60587, 42.85459), (-387.5, 239.87009, 68.653175), (-387.5, 240.65686, 69.34315), (-387.5, 241.34683, 70.129906), (-387.5, 241.9282, 71), (-387.5, 242.39104, 71.93853), (-387.5, 242.7274, 72.92945), (-380, 239.87009, 68.653175), (-380, 240.65686, 69.34315), (-380, 241.34683, 70.129906), (-380, 241.9282, 71), (-380, 242.39104, 71.93853), (-380, 242.7274, 72.92945), (-387.5, 242.93156, 73.95579), (-387.5, 243, 75), (-387.5, 242.93156, 76.04421), (-387.5, 242.7274, 77.07055), (-387.5, 241.34683, 79.870094), (-387.5, 240.65686, 80.65685), (-387.5, 242.39104, 78.06147), (-387.5, 241.9282, 79), (-380, 242.93156, 73.95579), (-380, 243, 75), (-380, 242.93156, 76.04421), (-380, 242.7274, 77.07055), (-380, 241.34683, 79.870094), (-380, 240.65686, 80.65685), (-380, 242.39104, 78.06147), (-380, 241.9282, 79), (-387.5, 239.87009, 81.346825), (-380, 239.87009, 81.346825), (-380, 302.6148, 56.882668), (-376.5, 302.6148, 56.882668), (-380, 304.40115, 65.86317), (-376.5, 304.40115, 65.86317), (-376.5, 316.13776, 53.2592), (-376.5, 318.28137, 64.0358), (-380, 305, 75), (-376.5, 305, 75), (-376.5, 319, 75), (-380, 291.29166, 107.5), (-380, 295.62177, 110), (-376.5, 295.62177, 110), (-380, 304.40115, 84.13683), (-376.5, 304.40115, 84.13683), (-380, 302.6148, 93.11733), (-376.5, 302.6148, 93.11733), (-376.5, 318.28137, 85.9642), (-380, 299.67157, 101.78784), (-376.5, 299.67157, 101.78784), (-376.5, 316.13776, 96.7408), (-376.5, 312.60587, 107.14541), (-328, 239.87009, 68.653175), (-328, 240.65686, 69.34315), (-328, 241.34683, 70.129906), (-328, 241.9282, 71), (-328, 242.39104, 71.93853), (-328, 242.7274, 72.92945), (-328, 242.93156, 73.95579), (-328, 243, 75), (-328, 242.93156, 76.04421), (-328, 242.7274, 77.07055), (-328, 241.34683, 79.870094), (-328, 240.65686, 80.65685), (-328, 242.39104, 78.06147), (-328, 241.9282, 79), (-300, 242.2, 62.529236), (-300, 239.87009, 68.653175), (-300, 240.65686, 69.34315), (-300, 241.34683, 70.129906), (-300, 241.9282, 71), (-300, 242.39104, 71.93853), (-300, 242.7274, 72.92945), (-300, 242.93156, 73.95579), (-300, 243, 75), (-300, 242.93156, 76.04421), (-300, 242.7274, 77.07055), (-300, 241.34683, 79.870094), (-300, 240.65686, 80.65685), (-300, 242.39104, 78.06147), (-300, 241.9282, 79), (-300, 249.4, 75), (-328, 239.87009, 81.346825), (-300, 239.87009, 81.346825), (-300, 242.2, 87.470764), (-328, 297.7852, 58.17676), (-331.5, 302.6148, 56.882668), (-328, 302.6148, 56.882668), (-331.5, 304.40115, 65.86317), (-328, 304.40115, 65.86317), (-331.5, 316.13776, 53.2592), (-331.5, 318.28137, 64.0358), (-328, 299.4439, 66.5158), (-331.5, 305, 75), (-328, 305, 75), (-331.5, 319, 75), (-328, 297.7852, 91.823235), (-328, 295.05215, 99.87442), (-328, 291.29166, 107.5), (-331.5, 295.62177, 110), (-328, 295.62177, 110), (-328, 299.4439, 83.4842), (-331.5, 304.40115, 84.13683), (-328, 304.40115, 84.13683), (-331.5, 302.6148, 93.11733), (-328, 302.6148, 93.11733), (-331.5, 318.28137, 85.9642), (-331.5, 299.67157, 101.78784), (-328, 299.67157, 101.78784), (-331.5, 316.13776, 96.7408), (-331.5, 312.60587, 107.14541), (-282, 200, 30), (-270, 200, 30), (-282, 232, 40), (-282, 238, 40), (-270, 232, 40), (-270, 238, 40), (-290, 218.37016, 68.1117), (-290, 217.34587, 71.48837), (-282, 218.37016, 68.1117), (-282, 217.34587, 71.48837), (-290, 217, 75), (-290, 217.34587, 78.51163), (-282, 217, 75), (-282, 217.34587, 78.51163), (-290, 228.1117, 58.370167), (-282, 228.1117, 58.370167), (-290, 222.27208, 62.27208), (-290, 220.03355, 64.99973), (-290, 224.99974, 60.033546), (-290, 227.8, 62.529236), (-282, 222.27208, 62.27208), (-282, 220.03355, 64.99973), (-282, 224.99974, 60.033546), (-290, 231.48837, 57.345863), (-290, 235, 57), (-290, 238.51163, 57.345863), (-282, 231.48837, 57.345863), (-283, 232, 57.295475), (-282, 232, 57.295475), (-283, 235, 57), (-283, 238, 57.295475), (-282, 238, 57.295475), (-282, 238.51163, 57.345863), (-283, 232, 60), (-283, 238, 60), (-270, 232, 60), (-270, 238, 60), (-290, 228.9896, 68.98959), (-290, 226.66333, 73.341736), (-290, 227.93251, 70.27766), (-290, 227.14702, 71.74719), (-290, 220.6, 75), (-290, 226.5, 75), (-290, 226.66333, 76.658264), (-290, 227.14702, 78.25281), (-290, 227.93251, 79.72234), (-290, 228.9896, 81.01041), (-290, 230.27765, 67.93251), (-290, 231.7472, 67.147026), (-290, 233.34174, 66.66332), (-290, 235, 66.5), (-290, 236.65826, 66.66332), (-290, 238.2528, 67.147026), (-270, 228.9896, 68.98959), (-270, 226.66333, 73.341736), (-270, 227.93251, 70.27766), (-270, 227.14702, 71.74719), (-270, 226.5, 75), (-270, 226.66333, 76.658264), (-270, 227.14702, 78.25281), (-270, 227.93251, 79.72234), (-270, 228.9896, 81.01041), (-270, 230.27765, 67.93251), (-270, 231.7472, 67.147026), (-270, 233.34174, 66.66332), (-270, 235, 66.5), (-270, 236.65826, 66.66332), (-270, 238.2528, 67.147026), (-290, 218.37016, 81.8883), (-282, 218.37016, 81.8883), (-290, 220.03355, 85.00027), (-290, 222.27208, 87.72792), (-290, 227.8, 87.470764), (-282, 220.03355, 85.00027), (-282, 222.27208, 87.72792), (-290, 224.99974, 89.96645), (-290, 228.1117, 91.62983), (-282, 224.99974, 89.96645), (-282, 228.1117, 91.62983), (-290, 230.27765, 82.06749), (-290, 231.7472, 82.852974), (-290, 233.34174, 83.33668), (-290, 235, 83.5), (-290, 236.65826, 83.33668), (-290, 238.2528, 82.852974), (-290, 231.48837, 92.65414), (-290, 235, 93), (-290, 238.51163, 92.65414), (-282, 231.48837, 92.65414), (-282, 235, 93), (-282, 238.51163, 92.65414), (-270, 230.27765, 82.06749), (-270, 231.7472, 82.852974), (-270, 233.34174, 83.33668), (-270, 235, 83.5), (-270, 236.65826, 83.33668), (-270, 238.2528, 82.852974), (-282, 270, 30), (-270, 270, 30), (-290, 241.8883, 58.370167), (-282, 241.8883, 58.370167), (-290, 242.2, 62.529236), (-290, 245.00026, 60.033546), (-290, 247.72792, 62.27208), (-282, 245.00026, 60.033546), (-282, 247.72792, 62.27208), (-290, 249.96645, 64.99973), (-282, 249.96645, 64.99973), (-290, 239.72235, 67.93251), (-290, 241.0104, 68.98959), (-290, 242.06749, 70.27766), (-290, 242.85298, 71.74719), (-290, 243.33667, 73.341736), (-290, 243.5, 75), (-290, 243.33667, 76.658264), (-290, 241.0104, 81.01041), (-290, 242.85298, 78.25281), (-290, 242.06749, 79.72234), (-290, 251.62984, 68.1117), (-290, 252.65413, 71.48837), (-282, 251.62984, 68.1117), (-282, 252.65413, 71.48837), (-290, 249.4, 75), (-290, 253, 75), (-290, 252.65413, 78.51163), (-282, 253, 75), (-282, 252.65413, 78.51163), (-270, 239.72235, 67.93251), (-270, 241.0104, 68.98959), (-270, 242.06749, 70.27766), (-270, 242.85298, 71.74719), (-270, 243.33667, 73.341736), (-270, 243.5, 75), (-270, 243.33667, 76.658264), (-270, 241.0104, 81.01041), (-270, 242.85298, 78.25281), (-270, 242.06749, 79.72234), (-290, 239.72235, 82.06749), (-290, 242.2, 87.470764), (-290, 247.72792, 87.72792), (-282, 247.72792, 87.72792), (-290, 241.8883, 91.62983), (-290, 245.00026, 89.96645), (-282, 241.8883, 91.62983), (-282, 245.00026, 89.96645), (-290, 251.62984, 81.8883), (-290, 249.96645, 85.00027), (-282, 251.62984, 81.8883), (-282, 249.96645, 85.00027), (-270, 239.72235, 82.06749), (-376.5, 162.25386, 117), (-376.5, 168.35832, 126.13596), (-376.5, 175.60303, 134.39697), (-380, 179.46527, 117.6133), (-376.5, 179.46527, 117.6133), (-380, 189.03806, 120.961945), (-380, 185.50252, 124.497475), (-376.5, 185.50252, 124.497475), (-380, 192.3867, 130.53473), (-376.5, 192.3867, 130.53473), (-380, 195.43051, 126.56797), (-376.5, 183.86404, 141.64168), (-376.5, 193, 147.74614), (-380, 202.5, 131.29166), (-380, 200, 135.62178), (-376.5, 200, 135.62178), (-380, 208.21216, 139.67157), (-376.5, 208.21216, 139.67157), (-380, 210.12558, 135.05217), (-380, 218.17676, 137.78517), (-380, 226.5158, 139.44391), (-380, 235, 140), (-376.5, 202.8546, 152.60588), (-380, 216.88266, 142.6148), (-376.5, 216.88266, 142.6148), (-376.5, 213.2592, 156.13777), (-380, 225.86316, 144.40114), (-376.5, 225.86316, 144.40114), (-380, 235, 145), (-376.5, 235, 145), (-376.5, 224.0358, 158.28137), (-376.5, 235, 159), (-331.5, 162.25386, 117), (-331.5, 168.35832, 126.13596), (-331.5, 175.60303, 134.39697), (-328, 183.43204, 114.569496), (-331.5, 179.46527, 117.6133), (-328, 179.46527, 117.6133), (-328, 189.03806, 120.961945), (-331.5, 185.50252, 124.497475), (-328, 185.50252, 124.497475), (-331.5, 192.3867, 130.53473), (-328, 192.3867, 130.53473), (-328, 195.43051, 126.56797), (-305, 190, 112), (-305, 190, 120), (-292.28653, 198.47218, 112), (-292.54068, 198.94762, 112), (-291.94455, 198.05545, 112), (-291.52783, 197.71346, 112), (-291.05237, 197.45934, 112), (-291, 190, 120), (-292.28653, 198.47218, 120), (-292.54068, 198.94762, 120), (-291.94455, 198.05545, 120), (-291.52783, 197.71346, 120), (-291.05237, 197.45934, 120), (-291, 197.44344, 120), (-331.5, 183.86404, 141.64168), (-331.5, 193, 147.74614), (-328, 202.5, 131.29166), (-331.5, 200, 135.62178), (-328, 200, 135.62178), (-331.5, 208.21216, 139.67157), (-328, 208.21216, 139.67157), (-328, 210.12558, 135.05217), (-328, 218.17676, 137.78517), (-328, 226.5158, 139.44391), (-328, 235, 140), (-292.69717, 199.4635, 112), (-292.75, 200, 112), (-292.69717, 200.5365, 112), (-292.54068, 201.05238, 112), (-292.28653, 201.52782, 112), (-291.94455, 201.94455, 112), (-291.52783, 202.28654, 112), (-291.05237, 202.54066, 112), (-292.69717, 199.4635, 120), (-292.75, 200, 120), (-292.69717, 200.5365, 120), (-292.54068, 201.05238, 120), (-292.28653, 201.52782, 120), (-291.94455, 201.94455, 120), (-291.52783, 202.28654, 120), (-291.05237, 202.54066, 120), (-291, 202.55656, 120), (-292.28653, 218.47218, 112), (-292.54068, 218.94762, 112), (-291.94455, 218.05545, 112), (-291.52783, 217.71346, 112), (-291.05237, 217.45934, 112), (-292.28653, 218.47218, 120), (-292.54068, 218.94762, 120), (-291.94455, 218.05545, 120), (-291.52783, 217.71346, 120), (-291.05237, 217.45934, 120), (-291, 217.44344, 120), (-292.69717, 219.4635, 112), (-292.75, 220, 112), (-292.69717, 220.5365, 112), (-292.54068, 221.05238, 112), (-292.28653, 221.52782, 112), (-291.94455, 221.94455, 112), (-291.52783, 222.28654, 112), (-291.05237, 222.54066, 112), (-292.69717, 219.4635, 120), (-292.75, 220, 120), (-292.69717, 220.5365, 120), (-292.54068, 221.05238, 120), (-292.28653, 221.52782, 120), (-291.94455, 221.94455, 120), (-291.52783, 222.28654, 120), (-291.05237, 222.54066, 120), (-291, 222.55656, 120), (-292.28653, 238.47218, 112), (-292.54068, 238.94762, 112), (-291.52783, 237.71346, 112), (-291.05237, 237.45934, 112), (-291.94455, 238.05545, 112), (-292.28653, 238.47218, 120), (-292.54068, 238.94762, 120), (-291.52783, 237.71346, 120), (-291.05237, 237.45934, 120), (-291, 237.44344, 120), (-291.94455, 238.05545, 120), (-331.5, 202.8546, 152.60588), (-331.5, 216.88266, 142.6148), (-328, 216.88266, 142.6148), (-331.5, 213.2592, 156.13777), (-331.5, 225.86316, 144.40114), (-328, 225.86316, 144.40114), (-331.5, 235, 145), (-328, 235, 145), (-331.5, 224.0358, 158.28137), (-331.5, 235, 159), (-380, 243.4842, 139.44391), (-380, 251.82324, 137.78517), (-380, 267.5, 131.29166), (-380, 259.87442, 135.05217), (-380, 261.78784, 139.67157), (-376.5, 261.78784, 139.67157), (-380, 274.5695, 126.56797), (-380, 277.6133, 130.53473), (-376.5, 277.6133, 130.53473), (-380, 270, 135.62178), (-376.5, 270, 135.62178), (-380, 244.13684, 144.40114), (-376.5, 244.13684, 144.40114), (-380, 253.11734, 142.6148), (-376.5, 253.11734, 142.6148), (-376.5, 256.7408, 156.13777), (-376.5, 245.9642, 158.28137), (-376.5, 267.14542, 152.60588), (-376.5, 277, 147.74614), (-380, 286.56796, 114.569496), (-380, 280.96194, 120.961945), (-380, 284.49747, 124.497475), (-376.5, 284.49747, 124.497475), (-380, 290.53473, 117.6133), (-376.5, 290.53473, 117.6133), (-376.5, 294.39697, 134.39697), (-376.5, 307.74612, 117), (-376.5, 301.6417, 126.13596), (-376.5, 286.13596, 141.64168), (-328, 243.4842, 139.44391), (-328, 251.82324, 137.78517), (-328, 267.5, 131.29166), (-328, 259.87442, 135.05217), (-331.5, 261.78784, 139.67157), (-328, 261.78784, 139.67157), (-328, 274.5695, 126.56797), (-331.5, 277.6133, 130.53473), (-328, 277.6133, 130.53473), (-331.5, 270, 135.62178), (-328, 270, 135.62178), (-292.69717, 239.4635, 112), (-292.75, 240, 112), (-292.69717, 240.5365, 112), (-292.54068, 241.05238, 112), (-292.28653, 241.52782, 112), (-291.94455, 241.94455, 112), (-291.52783, 242.28654, 112), (-291.05237, 242.54066, 112), (-292.69717, 239.4635, 120), (-292.75, 240, 120), (-292.69717, 240.5365, 120), (-292.54068, 241.05238, 120), (-292.28653, 241.52782, 120), (-291.94455, 241.94455, 120), (-291.52783, 242.28654, 120), (-291.05237, 242.54066, 120), (-291, 242.55656, 120), (-292.28653, 258.47217, 112), (-292.54068, 258.94763, 112), (-291.52783, 257.71347, 112), (-291.05237, 257.45932, 112), (-291.94455, 258.05545, 112), (-292.28653, 258.47217, 120), (-292.54068, 258.94763, 120), (-291.52783, 257.71347, 120), (-291.05237, 257.45932, 120), (-291, 257.44345, 120), (-291.94455, 258.05545, 120), (-305, 270, 112), (-305, 270, 120), (-292.69717, 259.4635, 112), (-292.75, 260, 112), (-292.69717, 260.5365, 112), (-292.54068, 261.05237, 112), (-292.28653, 261.52783, 112), (-291.94455, 261.94455, 112), (-291.52783, 262.28653, 112), (-291.05237, 262.54068, 112), (-292.69717, 259.4635, 120), (-292.75, 260, 120), (-292.69717, 260.5365, 120), (-292.54068, 261.05237, 120), (-292.28653, 261.52783, 120), (-291.94455, 261.94455, 120), (-291.52783, 262.28653, 120), (-291.05237, 262.54068, 120), (-291, 262.55655, 120), (-291, 270, 120), (-331.5, 244.13684, 144.40114), (-328, 244.13684, 144.40114), (-331.5, 253.11734, 142.6148), (-328, 253.11734, 142.6148), (-331.5, 256.7408, 156.13777), (-331.5, 245.9642, 158.28137), (-331.5, 267.14542, 152.60588), (-331.5, 277, 147.74614), (-328, 286.56796, 114.569496), (-328, 280.96194, 120.961945), (-331.5, 284.49747, 124.497475), (-328, 284.49747, 124.497475), (-331.5, 290.53473, 117.6133), (-328, 290.53473, 117.6133), (-331.5, 294.39697, 134.39697), (-331.5, 307.74612, 117), (-331.5, 301.6417, 126.13596), (-291, 290, 120), (-331.5, 286.13596, 141.64168), (-290.5365, 197.30284, 112), (-290, 197.25, 112), (-289.4635, 197.30284, 112), (-288.94763, 197.45934, 112), (-288.47217, 197.71346, 112), (-288.05545, 198.05545, 112), (-287.71347, 198.47218, 112), (-287.45932, 198.94762, 112), (-289, 190, 120), (-290.5365, 197.30284, 120), (-290, 197.25, 120), (-289.4635, 197.30284, 120), (-288.94763, 197.45934, 120), (-289, 197.44344, 120), (-288.47217, 197.71346, 120), (-288.05545, 198.05545, 120), (-287.71347, 198.47218, 120), (-287.45932, 198.94762, 120), (-270, 190, 120), (-265, 190, 120), (-255, 190, 120), (-251.94455, 198.05545, 112), (-251.52782, 197.71346, 112), (-252.28654, 198.47218, 112), (-252.54066, 198.94762, 112), (-251.05238, 197.45934, 112), (-250.5365, 197.30284, 112), (-250, 197.25, 112), (-249.4635, 197.30284, 112), (-248.94762, 197.45934, 112), (-248.47218, 197.71346, 112), (-248.05545, 198.05545, 112), (-247.71346, 198.47218, 112), (-247.45934, 198.94762, 112), (-250, 190, 120), (-251.94455, 198.05545, 120), (-251.52782, 197.71346, 120), (-252.28654, 198.47218, 120), (-252.54066, 198.94762, 120), (-251.05238, 197.45934, 120), (-250.5365, 197.30284, 120), (-250, 197.25, 120), (-249.4635, 197.30284, 120), (-248.94762, 197.45934, 120), (-248.47218, 197.71346, 120), (-248.05545, 198.05545, 120), (-247.71346, 198.47218, 120), (-247.45934, 198.94762, 120), (-287.71347, 201.52782, 112), (-290.5365, 202.69716, 112), (-290, 202.75, 112), (-289.4635, 202.69716, 112), (-288.47217, 202.28654, 112), (-288.94763, 202.54066, 112), (-288.05545, 201.94455, 112), (-287.30283, 199.4635, 112), (-287.25, 200, 112), (-287.30283, 200.5365, 112), (-287.45932, 201.05238, 112), (-282, 200, 112), (-287.71347, 201.52782, 120), (-290.5365, 202.69716, 120), (-290, 202.75, 120), (-289.4635, 202.69716, 120), (-288.47217, 202.28654, 120), (-288.94763, 202.54066, 120), (-289, 202.55656, 120), (-288.05545, 201.94455, 120), (-287.30283, 199.4635, 120), (-287.25, 200, 120), (-287.30283, 200.5365, 120), (-287.45932, 201.05238, 120), (-290.5365, 217.30284, 112), (-290, 217.25, 112), (-289.4635, 217.30284, 112), (-288.94763, 217.45934, 112), (-288.47217, 217.71346, 112), (-288.05545, 218.05545, 112), (-287.71347, 218.47218, 112), (-287.45932, 218.94762, 112), (-290.5365, 217.30284, 120), (-290, 217.25, 120), (-289.4635, 217.30284, 120), (-288.94763, 217.45934, 120), (-288.47217, 217.71346, 120), (-289, 217.44344, 120), (-288.05545, 218.05545, 120), (-287.71347, 218.47218, 120), (-287.45932, 218.94762, 120), (-270, 200, 112), (-287.71347, 221.52782, 112), (-290.5365, 222.69716, 112), (-290, 222.75, 112), (-289.4635, 222.69716, 112), (-288.47217, 222.28654, 112), (-288.94763, 222.54066, 112), (-288.05545, 221.94455, 112), (-287.30283, 219.4635, 112), (-287.25, 220, 112), (-287.30283, 220.5365, 112), (-287.45932, 221.05238, 112), (-287.71347, 221.52782, 120), (-290.5365, 222.69716, 120), (-290, 222.75, 120), (-289.4635, 222.69716, 120), (-288.47217, 222.28654, 120), (-288.94763, 222.54066, 120), (-289, 222.55656, 120), (-288.05545, 221.94455, 120), (-287.30283, 219.4635, 120), (-287.25, 220, 120), (-287.30283, 220.5365, 120), (-287.45932, 221.05238, 120), (-290.5365, 237.30284, 112), (-290, 237.25, 112), (-289.4635, 237.30284, 112), (-288.94763, 237.45934, 112), (-288.47217, 237.71346, 112), (-288.05545, 238.05545, 112), (-287.71347, 238.47218, 112), (-287.45932, 238.94762, 112), (-290.5365, 237.30284, 120), (-290, 237.25, 120), (-289.4635, 237.30284, 120), (-288.94763, 237.45934, 120), (-288.47217, 237.71346, 120), (-289, 237.44344, 120), (-288.05545, 238.05545, 120), (-287.71347, 238.47218, 120), (-287.45932, 238.94762, 120), (-270, 237.0292, 120), (-252.69716, 199.4635, 112), (-252.75, 200, 112), (-252.69716, 200.5365, 112), (-252.54066, 201.05238, 112), (-252.28654, 201.52782, 112), (-251.94455, 201.94455, 112), (-251.52782, 202.28654, 112), (-251.05238, 202.54066, 112), (-250.5365, 202.69716, 112), (-250, 202.75, 112), (-249.4635, 202.69716, 112), (-248.47218, 202.28654, 112), (-248.94762, 202.54066, 112), (-247.30284, 199.4635, 112), (-247.25, 200, 112), (-247.30284, 200.5365, 112), (-247.71346, 201.52782, 112), (-247.45934, 201.05238, 112), (-248.05545, 201.94455, 112), (-252.69716, 199.4635, 120), (-252.75, 200, 120), (-252.69716, 200.5365, 120), (-252.54066, 201.05238, 120), (-252.28654, 201.52782, 120), (-251.94455, 201.94455, 120), (-251.52782, 202.28654, 120), (-251.05238, 202.54066, 120), (-250.5365, 202.69716, 120), (-250, 202.75, 120), (-249.4635, 202.69716, 120), (-248.47218, 202.28654, 120), (-248.94762, 202.54066, 120), (-247.30284, 199.4635, 120), (-247.25, 200, 120), (-247.30284, 200.5365, 120), (-247.71346, 201.52782, 120), (-247.45934, 201.05238, 120), (-248.05545, 201.94455, 120), (-251.94455, 218.05545, 112), (-251.52782, 217.71346, 112), (-252.28654, 218.47218, 112), (-252.54066, 218.94762, 112), (-250.5365, 217.30284, 112), (-251.05238, 217.45934, 112), (-250, 217.25, 112), (-249.4635, 217.30284, 112), (-248.94762, 217.45934, 112), (-248.47218, 217.71346, 112), (-248.05545, 218.05545, 112), (-247.71346, 218.47218, 112), (-247.45934, 218.94762, 112), (-251.94455, 218.05545, 120), (-251.52782, 217.71346, 120), (-252.28654, 218.47218, 120), (-252.54066, 218.94762, 120), (-250.5365, 217.30284, 120), (-251.05238, 217.45934, 120), (-250, 217.25, 120), (-249.4635, 217.30284, 120), (-248.94762, 217.45934, 120), (-248.47218, 217.71346, 120), (-248.05545, 218.05545, 120), (-247.71346, 218.47218, 120), (-247.45934, 218.94762, 120), (-252.69716, 219.4635, 112), (-252.75, 220, 112), (-252.69716, 220.5365, 112), (-252.54066, 221.05238, 112), (-252.28654, 221.52782, 112), (-251.94455, 221.94455, 112), (-251.52782, 222.28654, 112), (-251.05238, 222.54066, 112), (-250.5365, 222.69716, 112), (-250, 222.75, 112), (-249.4635, 222.69716, 112), (-248.47218, 222.28654, 112), (-248.94762, 222.54066, 112), (-247.30284, 219.4635, 112), (-247.25, 220, 112), (-247.30284, 220.5365, 112), (-247.71346, 221.52782, 112), (-247.45934, 221.05238, 112), (-248.05545, 221.94455, 112), (-252.69716, 219.4635, 120), (-252.75, 220, 120), (-252.69716, 220.5365, 120), (-252.54066, 221.05238, 120), (-252.28654, 221.52782, 120), (-251.94455, 221.94455, 120), (-251.52782, 222.28654, 120), (-251.05238, 222.54066, 120), (-250.5365, 222.69716, 120), (-250, 222.75, 120), (-249.4635, 222.69716, 120), (-248.47218, 222.28654, 120), (-248.94762, 222.54066, 120), (-247.30284, 219.4635, 120), (-247.25, 220, 120), (-247.30284, 220.5365, 120), (-247.71346, 221.52782, 120), (-247.45934, 221.05238, 120), (-248.05545, 221.94455, 120), (-251.52782, 237.71346, 112), (-252.28654, 238.47218, 112), (-252.54066, 238.94762, 112), (-251.94455, 238.05545, 112), (-250.5365, 237.30284, 112), (-251.05238, 237.45934, 112), (-250, 237.25, 112), (-249.4635, 237.30284, 112), (-248.94762, 237.45934, 112), (-248.47218, 237.71346, 112), (-248.05545, 238.05545, 112), (-247.71346, 238.47218, 112), (-247.45934, 238.94762, 112), (-251.52782, 237.71346, 120), (-252.28654, 238.47218, 120), (-252.54066, 238.94762, 120), (-251.94455, 238.05545, 120), (-250.5365, 237.30284, 120), (-251.05238, 237.45934, 120), (-250, 237.25, 120), (-249.4635, 237.30284, 120), (-248.94762, 237.45934, 120), (-248.47218, 237.71346, 120), (-248.05545, 238.05545, 120), (-247.71346, 238.47218, 120), (-247.45934, 238.94762, 120), (-235, 190, 112), (-235, 190, 120), (-287.71347, 241.52782, 112), (-290.5365, 242.69716, 112), (-290, 242.75, 112), (-289.4635, 242.69716, 112), (-288.47217, 242.28654, 112), (-288.94763, 242.54066, 112), (-288.05545, 241.94455, 112), (-287.30283, 239.4635, 112), (-287.25, 240, 112), (-287.30283, 240.5365, 112), (-287.45932, 241.05238, 112), (-287.71347, 241.52782, 120), (-290.5365, 242.69716, 120), (-290, 242.75, 120), (-289.4635, 242.69716, 120), (-288.47217, 242.28654, 120), (-288.94763, 242.54066, 120), (-289, 242.55656, 120), (-288.05545, 241.94455, 120), (-287.30283, 239.4635, 120), (-287.25, 240, 120), (-287.30283, 240.5365, 120), (-287.45932, 241.05238, 120), (-290.5365, 257.30283, 112), (-290, 257.25, 112), (-289.4635, 257.30283, 112), (-288.94763, 257.45932, 112), (-288.47217, 257.71347, 112), (-288.05545, 258.05545, 112), (-287.71347, 258.47217, 112), (-287.45932, 258.94763, 112), (-290.5365, 257.30283, 120), (-290, 257.25, 120), (-289.4635, 257.30283, 120), (-288.94763, 257.45932, 120), (-288.47217, 257.71347, 120), (-289, 257.44345, 120), (-288.05545, 258.05545, 120), (-287.71347, 258.47217, 120), (-287.45932, 258.94763, 120), (-270, 250, 120), (-270, 257, 120), (-267, 257, 120), (-270, 250, 127), (-267, 250, 127), (-270, 250, 133), (-267, 250, 133), (-270, 250, 140), (-270, 257, 140), (-267, 257, 140), (-287.71347, 261.52783, 112), (-290.5365, 262.69717, 112), (-290, 262.75, 112), (-289.4635, 262.69717, 112), (-288.47217, 262.28653, 112), (-288.94763, 262.54068, 112), (-288.05545, 261.94455, 112), (-287.30283, 259.4635, 112), (-287.25, 260, 112), (-287.30283, 260.5365, 112), (-287.45932, 261.05237, 112), (-287.71347, 261.52783, 120), (-290.5365, 262.69717, 120), (-290, 262.75, 120), (-289.4635, 262.69717, 120), (-288.47217, 262.28653, 120), (-288.94763, 262.54068, 120), (-289, 262.55655, 120), (-288.05545, 261.94455, 120), (-287.30283, 259.4635, 120), (-287.25, 260, 120), (-287.30283, 260.5365, 120), (-287.45932, 261.05237, 120), (-282, 270, 112), (-289, 270, 120), (-270, 263, 120), (-267, 263, 120), (-270, 270, 112), (-270, 270, 120), (-270, 263, 140), (-267, 263, 140), (-270, 270, 140), (-265, 250, 120), (-265, 254, 120), (-265, 250, 124), (-262.07867, 258.61108, 120), (-262.3097, 259.0433, 120), (-261.38892, 257.92133, 120), (-260.9567, 257.6903, 120), (-260.48773, 257.54803, 120), (-261.76776, 258.23224, 120), (-255, 250, 120), (-255, 254, 120), (-255, 250, 124), (-260, 257.5, 120), (-259.51227, 257.54803, 120), (-259.0433, 257.6903, 120), (-258.61108, 257.92133, 120), (-258.23224, 258.23224, 120), (-257.92133, 258.61108, 120), (-257.6903, 259.0433, 120), (-252.69716, 239.4635, 112), (-252.75, 240, 112), (-252.69716, 240.5365, 112), (-252.54066, 241.05238, 112), (-252.28654, 241.52782, 112), (-251.94455, 241.94455, 112), (-251.52782, 242.28654, 112), (-251.05238, 242.54066, 112), (-250.5365, 242.69716, 112), (-250, 242.75, 112), (-249.4635, 242.69716, 112), (-248.47218, 242.28654, 112), (-248.94762, 242.54066, 112), (-247.30284, 239.4635, 112), (-247.25, 240, 112), (-247.71346, 241.52782, 112), (-247.30284, 240.5365, 112), (-247.45934, 241.05238, 112), (-248.05545, 241.94455, 112), (-252.69716, 239.4635, 120), (-252.75, 240, 120), (-252.69716, 240.5365, 120), (-252.54066, 241.05238, 120), (-252.28654, 241.52782, 120), (-251.94455, 241.94455, 120), (-251.52782, 242.28654, 120), (-251.05238, 242.54066, 120), (-250.5365, 242.69716, 120), (-250, 242.75, 120), (-249.4635, 242.69716, 120), (-248.47218, 242.28654, 120), (-248.94762, 242.54066, 120), (-247.30284, 239.4635, 120), (-247.25, 240, 120), (-247.71346, 241.52782, 120), (-247.30284, 240.5365, 120), (-247.45934, 241.05238, 120), (-248.05545, 241.94455, 120), (-251.52782, 257.71347, 112), (-252.28654, 258.47217, 112), (-252.54066, 258.94763, 112), (-251.94455, 258.05545, 112), (-250.5365, 257.30283, 112), (-251.05238, 257.45932, 112), (-250, 257.25, 112), (-249.4635, 257.30283, 112), (-248.94762, 257.45932, 112), (-248.47218, 257.71347, 112), (-248.05545, 258.05545, 112), (-247.71346, 258.47217, 112), (-247.45934, 258.94763, 112), (-250, 250, 120), (-250, 250, 125), (-250, 254, 125), (-253, 257, 120), (-251.52782, 257.71347, 120), (-252.28654, 258.47217, 120), (-252.54066, 258.94763, 120), (-251.94455, 258.05545, 120), (-250.5365, 257.30283, 120), (-251.05238, 257.45932, 120), (-250, 257.25, 120), (-250, 257, 120), (-249.4635, 257.30283, 120), (-248.94762, 257.45932, 120), (-248.47218, 257.71347, 120), (-250, 257, 123), (-248.05545, 258.05545, 120), (-247.71346, 258.47217, 120), (-247.45934, 258.94763, 120), (-261.38892, 250, 127.921326), (-260.9567, 250, 127.6903), (-260.48773, 250, 127.548035), (-262.07867, 250, 128.61107), (-262.3097, 250, 129.04329), (-262.45197, 250, 129.51227), (-262.5, 250, 130), (-261.76776, 250, 128.23224), (-265, 250, 132.52898), (-262.45197, 250, 130.48773), (-262.3097, 250, 130.95671), (-262.07867, 250, 131.38893), (-261.76776, 250, 131.76776), (-261.38892, 250, 132.07867), (-260.9567, 250, 132.3097), (-260.48773, 250, 132.45197), (-260, 250, 127.5), (-259.51227, 250, 127.548035), (-259.0433, 250, 127.6903), (-258.61108, 250, 127.921326), (-258.23224, 250, 128.23224), (-257.92133, 250, 128.61107), (-257.6903, 250, 129.04329), (-257.54803, 250, 129.51227), (-257.5, 250, 130), (-257.54803, 250, 130.48773), (-257.6903, 250, 130.95671), (-258.23224, 250, 131.76776), (-257.92133, 250, 131.38893), (-260, 250, 132.5), (-259.0433, 250, 132.3097), (-259.51227, 250, 132.45197), (-258.61108, 250, 132.07867), (-265, 250, 136), (-265, 250, 140), (-265, 254, 140), (-262.07867, 258.61108, 140), (-262.3097, 259.0433, 140), (-261.38892, 257.92133, 140), (-260.9567, 257.6903, 140), (-260.48773, 257.54803, 140), (-261.76776, 258.23224, 140), (-255, 250, 136), (-255, 250, 140), (-255, 254, 140), (-260, 257.5, 140), (-259.51227, 257.54803, 140), (-259.0433, 257.6903, 140), (-258.61108, 257.92133, 140), (-258.23224, 258.23224, 140), (-257.92133, 258.61108, 140), (-257.6903, 259.0433, 140), (-253, 250, 127), (-250, 250, 127), (-253, 250, 133), (-250, 250, 133), (-250, 257, 127.76264), (-250, 259.0433, 127.6903), (-250, 258.61108, 127.921326), (-250, 257.92133, 128.61107), (-250, 257.6903, 129.04329), (-250, 257.54803, 129.51227), (-250, 257.5, 130), (-250, 258.23224, 128.23224), (-250, 257.54803, 130.48773), (-250, 257.6903, 130.95671), (-250, 257.92133, 131.38893), (-250, 258.23224, 131.76776), (-250, 258.61108, 132.07867), (-250, 259.0433, 132.3097), (-250, 250, 135), (-250, 254, 135), (-250, 250, 140), (-250, 257, 137), (-253, 257, 140), (-250, 257, 140), (-262.45197, 259.51227, 120), (-262.5, 260, 120), (-262.3097, 260.9567, 120), (-262.45197, 260.48773, 120), (-262.07867, 261.38892, 120), (-261.76776, 261.76776, 120), (-261.38892, 262.07867, 120), (-260.48773, 262.45197, 120), (-260.9567, 262.3097, 120), (-265, 266, 120), (-257.54803, 259.51227, 120), (-257.5, 260, 120), (-257.54803, 260.48773, 120), (-257.6903, 260.9567, 120), (-257.92133, 261.38892, 120), (-260, 262.5, 120), (-259.51227, 262.45197, 120), (-259.0433, 262.3097, 120), (-258.23224, 261.76776, 120), (-258.61108, 262.07867, 120), (-255, 266, 120), (-265, 270, 120), (-255, 270, 120), (-252.69716, 259.4635, 112), (-252.75, 260, 112), (-252.69716, 260.5365, 112), (-252.54066, 261.05237, 112), (-252.28654, 261.52783, 112), (-251.94455, 261.94455, 112), (-251.52782, 262.28653, 112), (-251.05238, 262.54068, 112), (-250.5365, 262.69717, 112), (-250, 262.75, 112), (-249.4635, 262.69717, 112), (-248.47218, 262.28653, 112), (-248.94762, 262.54068, 112), (-247.30284, 259.4635, 112), (-247.25, 260, 112), (-247.71346, 261.52783, 112), (-247.30284, 260.5365, 112), (-247.45934, 261.05237, 112), (-248.05545, 261.94455, 112), (-252.69716, 259.4635, 120), (-252.75, 260, 120), (-252.69716, 260.5365, 120), (-252.54066, 261.05237, 120), (-252.28654, 261.52783, 120), (-253, 263, 120), (-251.94455, 261.94455, 120), (-251.52782, 262.28653, 120), (-251.05238, 262.54068, 120), (-250.5365, 262.69717, 120), (-250, 262.75, 120), (-250, 263, 120), (-249.4635, 262.69717, 120), (-248.47218, 262.28653, 120), (-248.94762, 262.54068, 120), (-250, 263, 123), (-250, 266, 125), (-247.30284, 259.4635, 120), (-247.25, 260, 120), (-247.71346, 261.52783, 120), (-247.30284, 260.5365, 120), (-247.45934, 261.05237, 120), (-248.05545, 261.94455, 120), (-250, 270, 120), (-250, 270, 125), (-262.45197, 259.51227, 140), (-262.5, 260, 140), (-262.45197, 260.48773, 140), (-262.3097, 260.9567, 140), (-262.07867, 261.38892, 140), (-261.76776, 261.76776, 140), (-261.38892, 262.07867, 140), (-260.9567, 262.3097, 140), (-260.48773, 262.45197, 140), (-265, 266, 140), (-257.54803, 259.51227, 140), (-257.5, 260, 140), (-257.6903, 260.9567, 140), (-257.54803, 260.48773, 140), (-257.92133, 261.38892, 140), (-260, 262.5, 140), (-259.0433, 262.3097, 140), (-259.51227, 262.45197, 140), (-258.23224, 261.76776, 140), (-258.61108, 262.07867, 140), (-255, 266, 140), (-265, 270, 140), (-255, 270, 140), (-250, 259.51227, 127.548035), (-250, 260, 127.5), (-250, 260.48773, 127.548035), (-250, 260.9567, 127.6903), (-250, 261.38892, 127.921326), (-250, 261.76776, 128.23224), (-250, 262.07867, 128.61107), (-250, 262.3097, 129.04329), (-250, 262.45197, 129.51227), (-250, 262.5, 130), (-250, 259.51227, 132.45197), (-250, 260, 132.5), (-250, 260.9567, 132.3097), (-250, 260.48773, 132.45197), (-250, 261.38892, 132.07867), (-250, 262.45197, 130.48773), (-250, 262.3097, 130.95671), (-250, 262.07867, 131.38893), (-250, 261.76776, 131.76776), (-250, 263, 132.23735), (-250, 263, 137), (-253, 263, 140), (-250, 263, 140), (-250, 266, 135), (-250, 270, 135), (-250, 270, 140), (-289, 289, 120), (-290, 290, 120), (-290, 291, 120), (-251, 289, 160), (-251, 291, 160), (-235, 250, 120), (-235, 257, 120), (-235, 263, 120), (-235, 270, 112), (-235, 270, 120), (-251, 289, 212), (-251, 291, 212), (-240, 289, 227), (-240, 291, 227), (-170, 12, 145.5), (-170, 12, 146), (-186.66667, 17.6, 170.5), (-184.66667, 17.6, 170.5), (-173.83333, 17.6, 170.5), (-171.83333, 17.6, 170.5), (-161, 17.6, 170.5), (-159, 17.6, 170.5), (-148.16667, 17.6, 170.5), (-146.16667, 17.6, 170.5), (-170, 68, 145.5), (-170, 68, 146), (-186.66667, 62.4, 170.5), (-184.66667, 62.4, 170.5), (-173.83333, 62.4, 170.5), (-171.83333, 62.4, 170.5), (-161, 62.4, 170.5), (-159, 62.4, 170.5), (-148.16667, 62.4, 170.5), (-146.16667, 62.4, 170.5), (-121.5, 12, 146), (-135.33333, 17.6, 170.5), (-133.33333, 17.6, 170.5), (-121.5, 12, 170.5), (-121.5, 68, 146), (-135.33333, 62.4, 170.5), (-133.33333, 62.4, 170.5), (-121.5, 68, 170.5), (-186.66667, 17.6, 178), (-184.66667, 17.6, 178), (-173.83333, 17.6, 178), (-171.83333, 17.6, 178), (-161, 17.6, 178), (-159, 17.6, 178), (-148.16667, 17.6, 178), (-146.16667, 17.6, 178), (-186.66667, 62.4, 178), (-184.66667, 62.4, 178), (-173.83333, 62.4, 178), (-171.83333, 62.4, 178), (-161, 62.4, 178), (-159, 62.4, 178), (-148.16667, 62.4, 178), (-146.16667, 62.4, 178), (-135.33333, 17.6, 178), (-133.33333, 17.6, 178), (-135.33333, 62.4, 178), (-133.33333, 62.4, 178), (-170, 92, 145.5), (-170, 92, 146), (-186.66667, 97.6, 170.5), (-184.66667, 97.6, 170.5), (-173.83333, 97.6, 170.5), (-171.83333, 97.6, 170.5), (-161, 97.6, 170.5), (-159, 97.6, 170.5), (-148.16667, 97.6, 170.5), (-146.16667, 97.6, 170.5), (-170, 148, 145.5), (-170, 148, 146), (-186.66667, 142.4, 170.5), (-184.66667, 142.4, 170.5), (-173.83333, 142.4, 170.5), (-171.83333, 142.4, 170.5), (-161, 142.4, 170.5), (-159, 142.4, 170.5), (-148.16667, 142.4, 170.5), (-146.16667, 142.4, 170.5), (-121.5, 92, 146), (-135.33333, 97.6, 170.5), (-133.33333, 97.6, 170.5), (-121.5, 92, 170.5), (-121.5, 148, 146), (-135.33333, 142.4, 170.5), (-133.33333, 142.4, 170.5), (-121.5, 148, 170.5), (-186.66667, 97.6, 178), (-184.66667, 97.6, 178), (-173.83333, 97.6, 178), (-171.83333, 97.6, 178), (-161, 97.6, 178), (-159, 97.6, 178), (-148.16667, 97.6, 178), (-146.16667, 97.6, 178), (-186.66667, 142.4, 178), (-184.66667, 142.4, 178), (-173.83333, 142.4, 178), (-171.83333, 142.4, 178), (-161, 142.4, 178), (-159, 142.4, 178), (-148.16667, 142.4, 178), (-146.16667, 142.4, 178), (-135.33333, 97.6, 178), (-133.33333, 97.6, 178), (-135.33333, 142.4, 178), (-133.33333, 142.4, 178), (-60, 84, 148.5), (-60, 84, 158.5), (-45, 84, 148.5), (-45, 84, 158.5), (-45, 140, 148.5), (-40, 140, 153.5), (-45, 140, 223.5), (-40, 140, 218.5), (-170, 230, 140), (-157.54066, 213.94762, 140), (-157.69716, 214.4635, 140), (-157.75, 215, 140), (-157.69716, 215.5365, 140), (-157.54066, 216.05238, 140), (-156.94455, 213.05545, 140), (-156.52782, 212.71346, 140), (-156.05238, 212.45934, 140), (-157.28654, 213.47218, 140), (-155.5365, 212.30284, 140), (-155, 212.25, 140), (-154.4635, 212.30284, 140), (-153.94762, 212.45934, 140), (-153.47218, 212.71346, 140), (-153.05545, 213.05545, 140), (-152.71346, 213.47218, 140), (-152.45934, 213.94762, 140), (-157.28654, 216.52782, 140), (-156.94455, 216.94455, 140), (-156.52782, 217.28654, 140), (-156.05238, 217.54066, 140), (-155.5365, 217.69716, 140), (-155, 217.75, 140), (-154.4635, 217.69716, 140), (-152.30284, 214.4635, 140), (-152.25, 215, 140), (-152.30284, 215.5365, 140), (-152.45934, 216.05238, 140), (-152.71346, 216.52782, 140), (-153.94762, 217.54066, 140), (-153.47218, 217.28654, 140), (-153.05545, 216.94455, 140), (-170, 230, 146), (-157.54066, 213.94762, 146), (-157.69716, 214.4635, 146), (-157.75, 215, 146), (-157.69716, 215.5365, 146), (-157.54066, 216.05238, 146), (-156.94455, 213.05545, 146), (-156.52782, 212.71346, 146), (-156.05238, 212.45934, 146), (-157.28654, 213.47218, 146), (-155.5365, 212.30284, 146), (-155, 212.25, 146), (-154.4635, 212.30284, 146), (-153.94762, 212.45934, 146), (-153.47218, 212.71346, 146), (-153.05545, 213.05545, 146), (-152.71346, 213.47218, 146), (-152.45934, 213.94762, 146), (-157.28654, 216.52782, 146), (-156.94455, 216.94455, 146), (-156.52782, 217.28654, 146), (-156.05238, 217.54066, 146), (-155.5365, 217.69716, 146), (-155, 217.75, 146), (-154.4635, 217.69716, 146), (-152.30284, 214.4635, 146), (-152.25, 215, 146), (-152.30284, 215.5365, 146), (-152.45934, 216.05238, 146), (-152.71346, 216.52782, 146), (-153.94762, 217.54066, 146), (-153.47218, 217.28654, 146), (-153.05545, 216.94455, 146), (-40, 175, 153.5), (-40, 175, 218.5), (-277.65, 0, 319), (-277.5991, 0.51698935, 319), (-277.44827, 1.014111, 319), (-277.2034, 1.4722611, 319), (-276.87384, 1.873833, 319), (-276.47226, 2.2033944, 319), (-276.0141, 2.4482808, 319), (-277.65, 0, 321), (-277.5991, 0.51698935, 321), (-277.44827, 1.014111, 321), (-277.2034, 1.4722611, 321), (-276.87384, 1.873833, 321), (-276.47226, 2.2033944, 321), (-276.0141, 2.4482808, 321), (-275.517, 2.599081, 319), (-275.517, 2.599081, 321), (-273.9859, 2.4482808, 319), (-272.55173, 1.014111, 319), (-273.52774, 2.2033944, 319), (-272.7966, 1.4722611, 319), (-273.12616, 1.873833, 319), (-273.9859, 2.4482808, 321), (-272.55173, 1.014111, 321), (-273.52774, 2.2033944, 321), (-272.7966, 1.4722611, 321), (-273.12616, 1.873833, 321), (-275, 2.65, 319), (-274.483, 2.599081, 319), (-275, 2.65, 321), (-274.483, 2.599081, 321), (-272.35, 0, 319), (-272.4009, 0.51698935, 319), (-272.35, 0, 321), (-272.4009, 0.51698935, 321), (-277.2034, 136.02774, 319), (-277.5991, 136.98302, 319), (-277.44827, 136.48589, 319), (-276.47226, 135.2966, 319), (-276.87384, 135.62616, 319), (-276.0141, 135.05171, 319), (-275.517, 134.90092, 319), (-277.2034, 136.02774, 321), (-277.5991, 136.98302, 321), (-277.44827, 136.48589, 321), (-276.47226, 135.2966, 321), (-276.87384, 135.62616, 321), (-276.0141, 135.05171, 321), (-275.517, 134.90092, 321), (-277.65, 137.5, 319), (-277.5991, 138.01698, 319), (-277.44827, 138.51411, 319), (-277.2034, 138.97226, 319), (-276.87384, 139.37384, 319), (-277.65, 137.5, 321), (-277.5991, 138.01698, 321), (-277.44827, 138.51411, 321), (-277.2034, 138.97226, 321), (-276.87384, 139.37384, 321), (-275, 134.85, 319), (-274.483, 134.90092, 319), (-273.9859, 135.05171, 319), (-273.52774, 135.2966, 319), (-273.12616, 135.62616, 319), (-272.7966, 136.02774, 319), (-272.55173, 136.48589, 319), (-275, 134.85, 321), (-274.483, 134.90092, 321), (-273.9859, 135.05171, 321), (-273.52774, 135.2966, 321), (-273.12616, 135.62616, 321), (-272.7966, 136.02774, 321), (-272.55173, 136.48589, 321), (-272.55173, 138.51411, 319), (-273.12616, 139.37384, 319), (-272.7966, 138.97226, 319), (-272.55173, 138.51411, 321), (-273.12616, 139.37384, 321), (-272.7966, 138.97226, 321), (-272.4009, 136.98302, 319), (-272.4009, 136.98302, 321), (-272.35, 137.5, 319), (-272.4009, 138.01698, 319), (-272.35, 137.5, 321), (-272.4009, 138.01698, 321), (-276.47226, 139.7034, 319), (-276.0141, 139.94829, 319), (-275.517, 140.09908, 319), (-276.47226, 139.7034, 321), (-276.0141, 139.94829, 321), (-275.517, 140.09908, 321), (-275, 140.15, 319), (-274.483, 140.09908, 319), (-273.9859, 139.94829, 319), (-273.52774, 139.7034, 319), (-275, 140.15, 321), (-274.483, 140.09908, 321), (-273.9859, 139.94829, 321), (-273.52774, 139.7034, 321), (-291, 290, 320), (-289, 267.56406, 240), (-270, 267.56406, 240), (-270, 270, 240), (-265, 267.56406, 240), (-255, 267.56406, 240), (-265, 270, 240), (-255, 270, 240), (-250, 267.56406, 240), (-250, 270, 240), (-270, 250, 280), (-270, 257, 280), (-267, 257, 280), (-270, 250, 287), (-267, 250, 287), (-270, 263, 280), (-267, 263, 280), (-270, 267.56406, 280), (-265, 250, 280), (-265, 254, 280), (-265, 250, 284), (-262.07867, 258.61108, 280), (-262.3097, 259.0433, 280), (-261.38892, 257.92133, 280), (-260.9567, 257.6903, 280), (-260.48773, 257.54803, 280), (-261.76776, 258.23224, 280), (-255, 250, 280), (-255, 254, 280), (-255, 250, 284), (-260, 257.5, 280), (-259.51227, 257.54803, 280), (-259.0433, 257.6903, 280), (-258.61108, 257.92133, 280), (-258.23224, 258.23224, 280), (-257.92133, 258.61108, 280), (-257.6903, 259.0433, 280), (-261.38892, 250, 287.92133), (-260.9567, 250, 287.6903), (-260.48773, 250, 287.54803), (-262.07867, 250, 288.61108), (-262.3097, 250, 289.0433), (-262.45197, 250, 289.51227), (-261.76776, 250, 288.23224), (-262.5, 250, 290), (-262.45197, 250, 290.48773), (-262.3097, 250, 290.9567), (-262.07867, 250, 291.38892), (-260, 250, 287.5), (-259.51227, 250, 287.54803), (-259.0433, 250, 287.6903), (-258.61108, 250, 287.92133), (-258.23224, 250, 288.23224), (-257.92133, 250, 288.61108), (-257.6903, 250, 289.0433), (-257.54803, 250, 289.51227), (-257.5, 250, 290), (-257.54803, 250, 290.48773), (-257.6903, 250, 290.9567), (-257.92133, 250, 291.38892), (-250, 250, 280), (-253, 257, 280), (-250, 257, 280), (-250, 257, 283), (-253, 250, 287), (-250, 250, 285), (-250, 250, 287), (-250, 254, 285), (-250, 257, 287.76263), (-250, 258.61108, 287.92133), (-250, 259.0433, 287.6903), (-250, 257.92133, 288.61108), (-250, 257.6903, 289.0433), (-250, 257.54803, 289.51227), (-250, 258.23224, 288.23224), (-250, 257.5, 290), (-250, 257.54803, 290.48773), (-250, 257.6903, 290.9567), (-250, 257.92133, 291.38892), (-262.45197, 259.51227, 280), (-262.5, 260, 280), (-262.45197, 260.48773, 280), (-262.3097, 260.9567, 280), (-262.07867, 261.38892, 280), (-261.76776, 261.76776, 280), (-261.38892, 262.07867, 280), (-260.9567, 262.3097, 280), (-260.48773, 262.45197, 280), (-265, 266, 280), (-265, 267.56406, 280), (-257.54803, 259.51227, 280), (-257.5, 260, 280), (-257.54803, 260.48773, 280), (-257.6903, 260.9567, 280), (-257.92133, 261.38892, 280), (-260, 262.5, 280), (-259.0433, 262.3097, 280), (-259.51227, 262.45197, 280), (-258.23224, 261.76776, 280), (-258.61108, 262.07867, 280), (-255, 266, 280), (-255, 267.56406, 280), (-253, 263, 280), (-250, 263, 280), (-250, 263, 283), (-250, 267.56406, 280), (-250, 259.51227, 287.54803), (-250, 260, 287.5), (-250, 260.48773, 287.54803), (-250, 260.9567, 287.6903), (-250, 261.38892, 287.92133), (-250, 261.76776, 288.23224), (-250, 262.07867, 288.61108), (-250, 262.3097, 289.0433), (-250, 262.45197, 289.51227), (-250, 262.5, 290), (-250, 262.45197, 290.48773), (-250, 262.07867, 291.38892), (-250, 262.3097, 290.9567), (-250, 266, 285), (-250, 267.56406, 285), (-289, 289, 240), (-290, 290, 240), (-290, 291, 240), (-240, 287, 240), (-240, 289, 240), (-240, 291, 240), (-240, 287, 252), (-240, 291, 252), (-270, 250, 293), (-267, 250, 293), (-270, 250, 300), (-270, 257, 300), (-267, 257, 300), (-270, 263, 300), (-267, 263, 300), (-270, 267.56406, 300), (-289, 267.56406, 319), (-277.2034, 273.52774, 320), (-277.44827, 273.9859, 320), (-277.2034, 273.52774, 321), (-277.44827, 273.9859, 321), (-276.47226, 272.7966, 320), (-276.0141, 272.55173, 320), (-275.517, 272.4009, 320), (-276.47226, 272.7966, 321), (-276.0141, 272.55173, 321), (-275.517, 272.4009, 321), (-276.87384, 273.12616, 320), (-276.87384, 273.12616, 321), (-275, 272.35, 320), (-274.483, 272.4009, 320), (-273.9859, 272.55173, 320), (-275, 272.35, 321), (-274.483, 272.4009, 321), (-273.9859, 272.55173, 321), (-273.52774, 272.7966, 320), (-273.52774, 272.7966, 321), (-273.12616, 273.12616, 320), (-272.7966, 273.52774, 320), (-272.55173, 273.9859, 320), (-273.12616, 273.12616, 321), (-272.7966, 273.52774, 321), (-272.55173, 273.9859, 321), (-277.5991, 274.483, 320), (-277.65, 275, 320), (-277.5991, 274.483, 321), (-277.65, 275, 321), (-277.5991, 275.517, 320), (-277.44827, 276.0141, 320), (-277.2034, 276.47226, 320), (-277.5991, 275.517, 321), (-277.44827, 276.0141, 321), (-277.2034, 276.47226, 321), (-276.87384, 276.87384, 320), (-276.47226, 277.2034, 320), (-276.0141, 277.44827, 320), (-275.517, 277.5991, 320), (-276.87384, 276.87384, 321), (-276.47226, 277.2034, 321), (-276.0141, 277.44827, 321), (-275.517, 277.5991, 321), (-272.55173, 276.0141, 320), (-272.7966, 276.47226, 320), (-272.55173, 276.0141, 321), (-272.7966, 276.47226, 321), (-275, 277.65, 320), (-273.9859, 277.44827, 320), (-274.483, 277.5991, 320), (-275, 277.65, 321), (-274.483, 277.5991, 321), (-273.9859, 277.44827, 321), (-273.52774, 277.2034, 320), (-273.12616, 276.87384, 320), (-273.52774, 277.2034, 321), (-273.12616, 276.87384, 321), (-272.4009, 274.483, 320), (-272.35, 275, 320), (-272.4009, 274.483, 321), (-272.35, 275, 321), (-272.4009, 275.517, 320), (-272.4009, 275.517, 321), (-261.76776, 250, 291.76776), (-261.38892, 250, 292.07867), (-260.9567, 250, 292.3097), (-260.48773, 250, 292.45197), (-265, 250, 296), (-260, 250, 292.5), (-259.51227, 250, 292.45197), (-259.0433, 250, 292.3097), (-258.61108, 250, 292.07867), (-258.23224, 250, 291.76776), (-255, 250, 296), (-265, 250, 300), (-265, 254, 300), (-262.3097, 259.0433, 300), (-262.07867, 258.61108, 300), (-261.38892, 257.92133, 300), (-260.9567, 257.6903, 300), (-260.48773, 257.54803, 300), (-261.76776, 258.23224, 300), (-255, 250, 300), (-255, 254, 300), (-260, 257.5, 300), (-259.51227, 257.54803, 300), (-259.0433, 257.6903, 300), (-258.61108, 257.92133, 300), (-258.23224, 258.23224, 300), (-257.92133, 258.61108, 300), (-257.6903, 259.0433, 300), (-253, 250, 293), (-250, 250, 293), (-250, 250, 295), (-250, 254, 295), (-250, 258.23224, 291.76776), (-250, 258.61108, 292.07867), (-250, 259.0433, 292.3097), (-250, 257, 297), (-250, 250, 300), (-253, 257, 300), (-250, 257, 300), (-262.45197, 259.51227, 300), (-262.5, 260, 300), (-262.45197, 260.48773, 300), (-262.3097, 260.9567, 300), (-262.07867, 261.38892, 300), (-261.76776, 261.76776, 300), (-261.38892, 262.07867, 300), (-260.9567, 262.3097, 300), (-260.48773, 262.45197, 300), (-265, 266, 300), (-265, 267.56406, 300), (-257.54803, 259.51227, 300), (-257.5, 260, 300), (-257.54803, 260.48773, 300), (-257.6903, 260.9567, 300), (-257.92133, 261.38892, 300), (-260, 262.5, 300), (-259.51227, 262.45197, 300), (-259.0433, 262.3097, 300), (-258.61108, 262.07867, 300), (-258.23224, 261.76776, 300), (-255, 266, 300), (-255, 267.56406, 300), (-250, 259.51227, 292.45197), (-250, 260, 292.5), (-250, 260.9567, 292.3097), (-250, 260.48773, 292.45197), (-250, 261.38892, 292.07867), (-250, 261.76776, 291.76776), (-250, 263, 292.23737), (-250, 263, 297), (-250, 266, 295), (-250, 267.56406, 295), (-253, 263, 300), (-250, 263, 300), (-250, 267.56406, 300), (-290, 290, 320), (-290, 290, 321), (-290, 291, 320), (-177.75, 0, 300), (-177.6563, 0.71175236, 300), (-177.38158, 1.375, 300), (-176.94455, 1.9445436, 300), (-176.375, 2.3815699, 300), (-175.71175, 2.656296, 300), (-177.75, 0, 304), (-177.6563, 0.71175236, 304), (-177.38158, 1.375, 304), (-176.94455, 1.9445436, 304), (-176.375, 2.3815699, 304), (-175.71175, 2.656296, 304), (-173.625, 2.3815699, 300), (-172.61842, 1.375, 300), (-173.05545, 1.9445436, 300), (-175, 2.75, 300), (-174.28825, 2.656296, 300), (-172.25, 0, 300), (-172.3437, 0.71175236, 300), (-173.625, 2.3815699, 304), (-172.61842, 1.375, 304), (-173.05545, 1.9445436, 304), (-175, 2.75, 304), (-174.28825, 2.656296, 304), (-172.25, 0, 304), (-172.3437, 0.71175236, 304), (-6.5, 138.74167, 300), (-6.5, 138.74167, 304), (-4.9748845, 137.98956, 300), (-3.3646476, 137.44296, 300), (-1.6968405, 137.11122, 300), (-4.9748845, 137.98956, 304), (-3.3646476, 137.44296, 304), (-1.6968405, 137.11122, 304), (-12.557035, 146.63535, 300), (-12.888783, 148.30316, 300), (-12.557035, 146.63535, 304), (-12.888783, 148.30316, 304), (-13, 150, 300), (-12.888783, 151.69684, 300), (-12.557035, 153.36465, 300), (-13, 150, 304), (-12.888783, 151.69684, 304), (-12.557035, 153.36465, 304), (-9.192389, 140.80762, 300), (-11.25833, 143.5, 300), (-10.313594, 142.0861, 300), (-7.9138985, 139.6864, 300), (-9.192389, 140.80762, 304), (-11.25833, 143.5, 304), (-10.313594, 142.0861, 304), (-7.9138985, 139.6864, 304), (-12.010434, 145.02512, 300), (-12.010434, 145.02512, 304), (-12.010434, 154.97488, 300), (-11.25833, 156.5, 300), (-10.313594, 157.9139, 300), (-9.192389, 159.19238, 300), (-12.010434, 154.97488, 304), (-11.25833, 156.5, 304), (-10.313594, 157.9139, 304), (-9.192389, 159.19238, 304), (-177.38158, 233.625, 300), (-176.375, 232.61842, 300), (-175.71175, 232.3437, 300), (-176.94455, 233.05545, 300), (-177.38158, 233.625, 304), (-176.375, 232.61842, 304), (-175.71175, 232.3437, 304), (-176.94455, 233.05545, 304), (-177.6563, 234.28825, 300), (-177.75, 235, 300), (-177.6563, 235.71175, 300), (-177.38158, 236.375, 300), (-176.94455, 236.94455, 300), (-176.375, 237.38158, 300), (-175.71175, 237.6563, 300), (-177.6563, 234.28825, 304), (-177.75, 235, 304), (-177.6563, 235.71175, 304), (-177.38158, 236.375, 304), (-176.94455, 236.94455, 304), (-176.375, 237.38158, 304), (-175.71175, 237.6563, 304), (-175, 232.25, 300), (-174.28825, 232.3437, 300), (-173.625, 232.61842, 300), (-173.05545, 233.05545, 300), (-172.61842, 233.625, 300), (-175, 232.25, 304), (-174.28825, 232.3437, 304), (-173.625, 232.61842, 304), (-173.05545, 233.05545, 304), (-172.61842, 233.625, 304), (-172.61842, 236.375, 300), (-175, 237.75, 300), (-174.28825, 237.6563, 300), (-173.625, 237.38158, 300), (-173.05545, 236.94455, 300), (-172.3437, 234.28825, 300), (-172.25, 235, 300), (-172.3437, 235.71175, 300), (-172.61842, 236.375, 304), (-175, 237.75, 304), (-174.28825, 237.6563, 304), (-173.625, 237.38158, 304), (-173.05545, 236.94455, 304), (-172.3437, 234.28825, 304), (-172.25, 235, 304), (-172.3437, 235.71175, 304), (-190, 250, 300), (-190, 250, 304), (-7.9138985, 160.3136, 300), (-6.5, 161.25833, 300), (-7.9138985, 160.3136, 304), (-6.5, 161.25833, 304), (-4.9748845, 162.01044, 300), (-3.3646476, 162.55704, 300), (-1.6968405, 162.88878, 300), (-4.9748845, 162.01044, 304), (-3.3646476, 162.55704, 304), (-1.6968405, 162.88878, 304), (-2.3815699, 233.625, 300), (-1.9445436, 233.05545, 300), (-1.375, 232.61842, 300), (-0.71175236, 232.3437, 300), (-2.3815699, 233.625, 304), (-1.9445436, 233.05545, 304), (-1.375, 232.61842, 304), (-0.71175236, 232.3437, 304), (-2.656296, 234.28825, 300), (-2.75, 235, 300), (-2.656296, 235.71175, 300), (-2.3815699, 236.375, 300), (-1.9445436, 236.94455, 300), (-1.375, 237.38158, 300), (-0.71175236, 237.6563, 300), (-2.656296, 234.28825, 304), (-2.75, 235, 304), (-2.656296, 235.71175, 304), (-2.3815699, 236.375, 304), (-1.9445436, 236.94455, 304), (-1.375, 237.38158, 304), (-0.71175236, 237.6563, 304), (-2.4482808, 273.9859, 320), (-1.873833, 273.12616, 320), (-2.2033944, 273.52774, 320), (-2.4482808, 273.9859, 321), (-1.873833, 273.12616, 321), (-2.2033944, 273.52774, 321), (-1.4722611, 272.7966, 320), (-1.014111, 272.55173, 320), (-0.51698935, 272.4009, 320), (-1.4722611, 272.7966, 321), (-1.014111, 272.55173, 321), (-0.51698935, 272.4009, 321), (-2.599081, 274.483, 320), (-2.65, 275, 320), (-2.599081, 274.483, 321), (-2.65, 275, 321), (-2.599081, 275.517, 320), (-2.4482808, 276.0141, 320), (-2.2033944, 276.47226, 320), (-2.599081, 275.517, 321), (-2.4482808, 276.0141, 321), (-2.2033944, 276.47226, 321), (-1.873833, 276.87384, 320), (-1.873833, 276.87384, 321), (-1.4722611, 277.2034, 320), (-1.014111, 277.44827, 320), (-0.51698935, 277.5991, 320), (-1.4722611, 277.2034, 321), (-1.014111, 277.44827, 321), (-0.51698935, 277.5991, 321), (100, -202.5, 146), (100, -202.5, 170.5), (153.05545, -216.94455, 140), (153.47218, -217.28654, 140), (153.94762, -217.54066, 140), (152.71346, -216.52782, 140), (152.45934, -216.05238, 140), (152.30284, -215.5365, 140), (152.25, -215, 140), (152.30284, -214.4635, 140), (154.4635, -217.69716, 140), (155, -217.75, 140), (155.5365, -217.69716, 140), (156.05238, -217.54066, 140), (156.52782, -217.28654, 140), (156.94455, -216.94455, 140), (157.28654, -216.52782, 140), (152.45934, -213.94762, 140), (152.71346, -213.47218, 140), (153.05545, -213.05545, 140), (153.47218, -212.71346, 140), (153.94762, -212.45934, 140), (154.4635, -212.30284, 140), (155, -212.25, 140), (155.5365, -212.30284, 140), (157.28654, -213.47218, 140), (156.05238, -212.45934, 140), (156.52782, -212.71346, 140), (156.94455, -213.05545, 140), (157.54066, -216.05238, 140), (157.69716, -215.5365, 140), (157.75, -215, 140), (157.69716, -214.4635, 140), (157.54066, -213.94762, 140), (170, -230, 140), (153.05545, -216.94455, 146), (153.47218, -217.28654, 146), (153.94762, -217.54066, 146), (152.71346, -216.52782, 146), (152.45934, -216.05238, 146), (152.30284, -215.5365, 146), (152.25, -215, 146), (152.30284, -214.4635, 146), (154.4635, -217.69716, 146), (155, -217.75, 146), (155.5365, -217.69716, 146), (156.05238, -217.54066, 146), (156.52782, -217.28654, 146), (156.94455, -216.94455, 146), (157.28654, -216.52782, 146), (152.45934, -213.94762, 146), (152.71346, -213.47218, 146), (153.05545, -213.05545, 146), (153.47218, -212.71346, 146), (153.94762, -212.45934, 146), (154.4635, -212.30284, 146), (155, -212.25, 146), (155.5365, -212.30284, 146), (157.28654, -213.47218, 146), (156.05238, -212.45934, 146), (156.52782, -212.71346, 146), (156.94455, -213.05545, 146), (157.54066, -216.05238, 146), (157.69716, -215.5365, 146), (157.75, -215, 146), (157.69716, -214.4635, 146), (157.54066, -213.94762, 146), (160, -202.5, 146), (160, -202.5, 170.5), (170, -230, 146), (45, -140, 148.5), (45, -84, 148.5), (45, -84, 158.5), (60, -84, 148.5), (60, -84, 158.5), (45, -140, 223.5), (100, -157.5, 146), (100, -157.5, 170.5), (160, -157.5, 146), (160, -157.5, 170.5), (258, -270, 30), (270, -270, 30), (250, -249.96645, 64.99973), (250, -241.8883, 58.370167), (250, -247.72792, 62.27208), (250, -245.00026, 60.033546), (258, -249.96645, 64.99973), (258, -241.8883, 58.370167), (258, -247.72792, 62.27208), (258, -245.00026, 60.033546), (250, -251.62984, 68.1117), (250, -252.65413, 71.48837), (250, -253, 75), (250, -252.65413, 78.51163), (250, -239.72235, 67.93251), (250, -241.0104, 68.98959), (250, -242.06749, 70.27766), (250, -242.85298, 71.74719), (250, -243.33667, 73.341736), (250, -243.5, 75), (250, -243.33667, 76.658264), (250, -242.85298, 78.25281), (250, -242.06749, 79.72234), (250, -241.0104, 81.01041), (258, -251.62984, 68.1117), (258, -252.65413, 71.48837), (258, -253, 75), (258, -252.65413, 78.51163), (290, -242.2, 62.529236), (270, -239.72235, 67.93251), (270, -241.0104, 68.98959), (270, -242.06749, 70.27766), (270, -242.85298, 71.74719), (270, -243.33667, 73.341736), (270, -243.5, 75), (270, -243.33667, 76.658264), (270, -242.85298, 78.25281), (270, -242.06749, 79.72234), (270, -241.0104, 81.01041), (290, -249.4, 75), (250, -251.62984, 81.8883), (250, -249.96645, 85.00027), (250, -247.72792, 87.72792), (250, -239.72235, 82.06749), (250, -245.00026, 89.96645), (250, -241.8883, 91.62983), (258, -251.62984, 81.8883), (258, -249.96645, 85.00027), (258, -247.72792, 87.72792), (258, -245.00026, 89.96645), (258, -241.8883, 91.62983), (270, -239.72235, 82.06749), (290, -242.2, 87.470764), (258, -238, 40), (258, -232, 40), (258, -200, 30), (270, -238, 40), (270, -232, 40), (270, -200, 30), (250, -238.51163, 57.345863), (250, -235, 57), (250, -231.48837, 57.345863), (250, -228.1117, 58.370167), (250, -224.99974, 60.033546), (250, -222.27208, 62.27208), (250, -220.03355, 64.99973), (257, -238, 57.295475), (257, -235, 57), (258, -238.51163, 57.345863), (258, -238, 57.295475), (257, -232, 57.295475), (258, -232, 57.295475), (258, -231.48837, 57.345863), (257, -238, 60), (257, -232, 60), (258, -228.1117, 58.370167), (258, -224.99974, 60.033546), (258, -222.27208, 62.27208), (258, -220.03355, 64.99973), (250, -238.2528, 67.147026), (250, -236.65826, 66.66332), (250, -235, 66.5), (250, -233.34174, 66.66332), (250, -231.7472, 67.147026), (250, -230.27765, 67.93251), (250, -228.9896, 68.98959), (250, -227.93251, 70.27766), (250, -227.14702, 71.74719), (250, -226.66333, 73.341736), (250, -226.5, 75), (250, -226.66333, 76.658264), (250, -227.14702, 78.25281), (250, -228.9896, 81.01041), (250, -227.93251, 79.72234), (250, -218.37016, 68.1117), (250, -217.34587, 71.48837), (250, -217, 75), (250, -217.34587, 78.51163), (258, -218.37016, 68.1117), (258, -217.34587, 71.48837), (258, -217, 75), (258, -217.34587, 78.51163), (270, -238, 60), (270, -232, 60), (290, -227.8, 62.529236), (270, -238.2528, 67.147026), (270, -236.65826, 66.66332), (270, -235, 66.5), (270, -233.34174, 66.66332), (270, -231.7472, 67.147026), (270, -230.27765, 67.93251), (270, -228.9896, 68.98959), (270, -227.93251, 70.27766), (270, -227.14702, 71.74719), (270, -226.66333, 73.341736), (270, -226.5, 75), (270, -226.66333, 76.658264), (270, -227.14702, 78.25281), (270, -228.9896, 81.01041), (270, -227.93251, 79.72234), (290, -220.6, 75), (250, -238.2528, 82.852974), (250, -236.65826, 83.33668), (250, -235, 83.5), (250, -233.34174, 83.33668), (250, -231.7472, 82.852974), (250, -230.27765, 82.06749), (250, -238.51163, 92.65414), (250, -235, 93), (250, -231.48837, 92.65414), (250, -222.27208, 87.72792), (250, -220.03355, 85.00027), (250, -228.1117, 91.62983), (250, -224.99974, 89.96645), (258, -238.51163, 92.65414), (258, -235, 93), (258, -231.48837, 92.65414), (258, -222.27208, 87.72792), (258, -220.03355, 85.00027), (258, -228.1117, 91.62983), (258, -224.99974, 89.96645), (250, -218.37016, 81.8883), (258, -218.37016, 81.8883), (270, -238.2528, 82.852974), (270, -236.65826, 83.33668), (270, -235, 83.5), (270, -233.34174, 83.33668), (270, -231.7472, 82.852974), (270, -230.27765, 82.06749), (290, -227.8, 87.470764), (331.5, -294.39697, 15.60303), (331.5, -286.13596, 8.358319), (331.5, -301.6417, 23.86404), (331.5, -307.74612, 33), (331.5, -312.60587, 42.85459), (328, -299.67157, 48.21216), (331.5, -299.67157, 48.21216), (328, -290.53473, 32.3867), (331.5, -290.53473, 32.3867), (328, -284.49747, 25.502525), (331.5, -284.49747, 25.502525), (328, -286.56796, 35.430508), (328, -280.96194, 29.03806), (328, -295.62177, 40), (331.5, -295.62177, 40), (328, -291.29166, 42.5), (328, -295.05215, 50.125576), (331.5, -277, 2.2538662), (331.5, -267.14542, -2.6058807), (328, -277.6133, 19.465265), (331.5, -277.6133, 19.465265), (328, -270, 14.3782215), (331.5, -270, 14.3782215), (328, -261.78784, 10.328433), (331.5, -261.78784, 10.328433), (328, -267.5, 18.70835), (328, -259.87442, 14.94783), (331.5, -256.7408, -6.137769), (331.5, -245.9642, -8.281368), (328, -244.13684, 5.59886), (331.5, -244.13684, 5.59886), (328, -253.11734, 7.3851924), (331.5, -253.11734, 7.3851924), (328, -251.82324, 12.214821), (328, -243.4842, 10.556084), (328, -274.5695, 23.432034), (376.5, -294.39697, 15.60303), (376.5, -286.13596, 8.358319), (376.5, -301.6417, 23.86404), (376.5, -307.74612, 33), (376.5, -312.60587, 42.85459), (376.5, -299.67157, 48.21216), (380, -299.67157, 48.21216), (376.5, -290.53473, 32.3867), (380, -290.53473, 32.3867), (376.5, -284.49747, 25.502525), (380, -284.49747, 25.502525), (380, -286.56796, 35.430508), (380, -280.96194, 29.03806), (376.5, -295.62177, 40), (380, -295.62177, 40), (380, -291.29166, 42.5), (380, -295.05215, 50.125576), (376.5, -277, 2.2538662), (376.5, -267.14542, -2.6058807), (376.5, -277.6133, 19.465265), (380, -277.6133, 19.465265), (376.5, -270, 14.3782215), (380, -270, 14.3782215), (376.5, -261.78784, 10.328433), (380, -261.78784, 10.328433), (380, -267.5, 18.70835), (380, -259.87442, 14.94783), (376.5, -256.7408, -6.137769), (376.5, -245.9642, -8.281368), (376.5, -244.13684, 5.59886), (380, -244.13684, 5.59886), (376.5, -253.11734, 7.3851924), (380, -253.11734, 7.3851924), (380, -251.82324, 12.214821), (380, -243.4842, 10.556084), (380, -274.5695, 23.432034), (331.5, -316.13776, 53.2592), (331.5, -318.28137, 64.0358), (328, -302.6148, 56.882668), (331.5, -302.6148, 56.882668), (328, -304.40115, 65.86317), (331.5, -304.40115, 65.86317), (331.5, -319, 75), (328, -299.4439, 66.5158), (328, -305, 75), (331.5, -305, 75), (328, -297.7852, 58.17676), (331.5, -318.28137, 85.9642), (328, -304.40115, 84.13683), (331.5, -304.40115, 84.13683), (328, -299.4439, 83.4842), (328, -302.6148, 93.11733), (331.5, -302.6148, 93.11733), (331.5, -316.13776, 96.7408), (331.5, -312.60587, 107.14541), (328, -299.67157, 101.78784), (331.5, -299.67157, 101.78784), (328, -297.7852, 91.823235), (328, -295.05215, 99.87442), (328, -295.62177, 110), (331.5, -295.62177, 110), (328, -291.29166, 107.5), (300, -242.2, 62.529236), (300, -249.4, 75), (300, -240.65686, 69.34315), (300, -239.87009, 68.653175), (300, -241.9282, 71), (300, -242.39104, 71.93853), (300, -242.7274, 72.92945), (300, -241.34683, 70.129906), (300, -243, 75), (300, -242.93156, 73.95579), (300, -242.93156, 76.04421), (300, -242.7274, 77.07055), (300, -242.39104, 78.06147), (300, -241.9282, 79), (300, -241.34683, 79.870094), (300, -240.65686, 80.65685), (328, -240.65686, 69.34315), (328, -239.87009, 68.653175), (328, -241.9282, 71), (328, -242.39104, 71.93853), (328, -242.7274, 72.92945), (328, -241.34683, 70.129906), (328, -243, 75), (328, -242.93156, 73.95579), (328, -242.93156, 76.04421), (328, -242.7274, 77.07055), (328, -242.39104, 78.06147), (328, -241.9282, 79), (328, -241.34683, 79.870094), (328, -240.65686, 80.65685), (300, -239.87009, 81.346825), (300, -242.2, 87.470764), (328, -239.87009, 81.346825), (376.5, -316.13776, 53.2592), (376.5, -318.28137, 64.0358), (376.5, -302.6148, 56.882668), (380, -302.6148, 56.882668), (376.5, -304.40115, 65.86317), (380, -304.40115, 65.86317), (376.5, -319, 75), (376.5, -305, 75), (380, -305, 75), (376.5, -318.28137, 85.9642), (376.5, -304.40115, 84.13683), (380, -304.40115, 84.13683), (376.5, -302.6148, 93.11733), (380, -302.6148, 93.11733), (376.5, -316.13776, 96.7408), (376.5, -312.60587, 107.14541), (376.5, -299.67157, 101.78784), (380, -299.67157, 101.78784), (376.5, -295.62177, 110), (380, -295.62177, 110), (380, -291.29166, 107.5), (380, -240.65686, 69.34315), (380, -239.87009, 68.653175), (380, -241.9282, 71), (380, -242.39104, 71.93853), (380, -242.7274, 72.92945), (380, -241.34683, 70.129906), (387.5, -240.65686, 69.34315), (387.5, -239.87009, 68.653175), (387.5, -241.9282, 71), (387.5, -242.39104, 71.93853), (387.5, -242.7274, 72.92945), (387.5, -241.34683, 70.129906), (380, -243, 75), (380, -242.93156, 73.95579), (380, -242.93156, 76.04421), (380, -242.7274, 77.07055), (380, -242.39104, 78.06147), (380, -241.9282, 79), (380, -241.34683, 79.870094), (380, -240.65686, 80.65685), (387.5, -243, 75), (387.5, -242.93156, 73.95579), (387.5, -242.93156, 76.04421), (387.5, -242.7274, 77.07055), (387.5, -242.39104, 78.06147), (387.5, -241.9282, 79), (387.5, -241.34683, 79.870094), (387.5, -240.65686, 80.65685), (380, -239.87009, 81.346825), (387.5, -239.87009, 81.346825), (331.5, -235, -9), (328, -235, 5), (331.5, -235, 5), (331.5, -224.0358, -8.281368), (328, -225.86316, 5.59886), (331.5, -225.86316, 5.59886), (328, -235, 10), (328, -226.5158, 10.556084), (331.5, -213.2592, -6.137769), (331.5, -202.8546, -2.6058807), (328, -216.88266, 7.3851924), (331.5, -216.88266, 7.3851924), (328, -218.17676, 12.214821), (328, -210.12558, 14.94783), (328, -208.21216, 10.328433), (331.5, -208.21216, 10.328433), (328, -200, 14.3782215), (331.5, -200, 14.3782215), (328, -202.5, 18.70835), (331.5, -193, 2.2538662), (328, -192.3867, 19.465265), (331.5, -192.3867, 19.465265), (331.5, -183.86404, 8.358319), (331.5, -175.60303, 15.60303), (328, -195.43051, 23.432034), (328, -185.50252, 25.502525), (331.5, -185.50252, 25.502525), (328, -189.03806, 29.03806), (328, -183.43204, 35.430508), (328, -179.46527, 32.3867), (331.5, -179.46527, 32.3867), (331.5, -168.35832, 23.86404), (331.5, -162.25386, 33), (328, -178.70834, 42.5), (328, -174.37822, 40), (331.5, -174.37822, 40), (328, -174.94783, 50.125576), (328, -170.32843, 48.21216), (331.5, -170.32843, 48.21216), (376.5, -235, -9), (376.5, -235, 5), (380, -235, 5), (376.5, -224.0358, -8.281368), (376.5, -225.86316, 5.59886), (380, -225.86316, 5.59886), (380, -235, 10), (380, -226.5158, 10.556084), (376.5, -213.2592, -6.137769), (376.5, -202.8546, -2.6058807), (376.5, -216.88266, 7.3851924), (380, -216.88266, 7.3851924), (380, -218.17676, 12.214821), (380, -210.12558, 14.94783), (376.5, -208.21216, 10.328433), (380, -208.21216, 10.328433), (376.5, -200, 14.3782215), (380, -200, 14.3782215), (380, -202.5, 18.70835), (376.5, -193, 2.2538662), (376.5, -192.3867, 19.465265), (380, -192.3867, 19.465265), (376.5, -183.86404, 8.358319), (376.5, -175.60303, 15.60303), (380, -195.43051, 23.432034), (376.5, -185.50252, 25.502525), (380, -185.50252, 25.502525), (380, -189.03806, 29.03806), (376.5, -179.46527, 32.3867), (380, -179.46527, 32.3867), (376.5, -168.35832, 23.86404), (376.5, -162.25386, 33), (376.5, -174.37822, 40), (380, -174.37822, 40), (376.5, -170.32843, 48.21216), (380, -170.32843, 48.21216), (300, -227.8, 62.529236), (300, -238.06146, 67.60896), (300, -237.07056, 67.27259), (300, -239, 68.0718), (300, -236.0442, 67.06844), (300, -235, 67), (300, -233.9558, 67.06844), (300, -232.92944, 67.27259), (300, -231.93854, 67.60896), (300, -231, 68.0718), (300, -230.12991, 68.653175), (300, -229.34314, 69.34315), (300, -229.34314, 80.65685), (300, -228.65317, 70.129906), (300, -228.0718, 71), (300, -227.60896, 71.93853), (300, -227.2726, 72.92945), (300, -227.06844, 73.95579), (300, -227, 75), (300, -227.06844, 76.04421), (300, -227.2726, 77.07055), (300, -228.0718, 79), (300, -227.60896, 78.06147), (300, -228.65317, 79.870094), (300, -220.6, 75), (328, -238.06146, 67.60896), (328, -237.07056, 67.27259), (328, -239, 68.0718), (328, -236.0442, 67.06844), (328, -235, 67), (328, -233.9558, 67.06844), (328, -232.92944, 67.27259), (328, -231.93854, 67.60896), (328, -231, 68.0718), (328, -230.12991, 68.653175), (328, -229.34314, 69.34315), (328, -229.34314, 80.65685), (328, -228.65317, 70.129906), (328, -228.0718, 71), (328, -227.60896, 71.93853), (328, -227.2726, 72.92945), (328, -227.06844, 73.95579), (328, -227, 75), (328, -227.06844, 76.04421), (328, -227.2726, 77.07055), (328, -228.0718, 79), (328, -227.60896, 78.06147), (328, -228.65317, 79.870094), (300, -239, 81.9282), (300, -238.06146, 82.39104), (300, -237.07056, 82.72741), (300, -236.0442, 82.93156), (300, -235, 83), (300, -233.9558, 82.93156), (300, -232.92944, 82.72741), (300, -231.93854, 82.39104), (300, -231, 81.9282), (300, -230.12991, 81.346825), (300, -227.8, 87.470764), (328, -239, 81.9282), (328, -238.06146, 82.39104), (328, -237.07056, 82.72741), (328, -236.0442, 82.93156), (328, -235, 83), (328, -233.9558, 82.93156), (328, -232.92944, 82.72741), (328, -231.93854, 82.39104), (328, -231, 81.9282), (328, -230.12991, 81.346825), (328, -172.21483, 58.17676), (328, -167.3852, 56.882668), (331.5, -167.3852, 56.882668), (328, -165.59886, 65.86317), (331.5, -165.59886, 65.86317), (328, -170.55609, 66.5158), (328, -165, 75), (331.5, -165, 75), (328, -170.55609, 83.4842), (328, -172.21483, 91.823235), (328, -165.59886, 84.13683), (331.5, -165.59886, 84.13683), (328, -167.3852, 93.11733), (331.5, -167.3852, 93.11733), (328, -174.94783, 99.87442), (328, -170.32843, 101.78784), (331.5, -170.32843, 101.78784), (328, -178.70834, 107.5), (328, -174.37822, 110), (331.5, -174.37822, 110), (380, -238.06146, 67.60896), (380, -237.07056, 67.27259), (380, -239, 68.0718), (380, -236.0442, 67.06844), (380, -235, 67), (380, -233.9558, 67.06844), (380, -232.92944, 67.27259), (380, -231.93854, 67.60896), (380, -231, 68.0718), (380, -230.12991, 68.653175), (380, -229.34314, 69.34315), (387.5, -238.06146, 67.60896), (387.5, -237.07056, 67.27259), (387.5, -239, 68.0718), (387.5, -236.0442, 67.06844), (387.5, -235, 67), (387.5, -233.9558, 67.06844), (387.5, -232.92944, 67.27259), (387.5, -231.93854, 67.60896), (387.5, -231, 68.0718), (387.5, -230.12991, 68.653175), (387.5, -229.34314, 69.34315), (380, -229.34314, 80.65685), (387.5, -229.34314, 80.65685), (380, -228.65317, 70.129906), (380, -228.0718, 71), (380, -227.60896, 71.93853), (380, -227.2726, 72.92945), (387.5, -228.65317, 70.129906), (387.5, -228.0718, 71), (387.5, -227.60896, 71.93853), (387.5, -227.2726, 72.92945), (380, -227.06844, 73.95579), (380, -227, 75), (380, -227.06844, 76.04421), (380, -227.2726, 77.07055), (380, -228.0718, 79), (380, -227.60896, 78.06147), (380, -228.65317, 79.870094), (387.5, -227.06844, 73.95579), (387.5, -227, 75), (387.5, -227.06844, 76.04421), (387.5, -227.2726, 77.07055), (387.5, -228.0718, 79), (387.5, -227.60896, 78.06147), (387.5, -228.65317, 79.870094), (380, -239, 81.9282), (380, -238.06146, 82.39104), (380, -237.07056, 82.72741), (380, -236.0442, 82.93156), (380, -235, 83), (380, -233.9558, 82.93156), (380, -232.92944, 82.72741), (380, -231.93854, 82.39104), (380, -231, 81.9282), (380, -230.12991, 81.346825), (387.5, -239, 81.9282), (387.5, -238.06146, 82.39104), (387.5, -237.07056, 82.72741), (387.5, -236.0442, 82.93156), (387.5, -235, 83), (387.5, -233.9558, 82.93156), (387.5, -232.92944, 82.72741), (387.5, -231.93854, 82.39104), (387.5, -231, 81.9282), (387.5, -230.12991, 81.346825), (376.5, -167.3852, 56.882668), (380, -167.3852, 56.882668), (376.5, -165.59886, 65.86317), (380, -165.59886, 65.86317), (376.5, -165, 75), (380, -165, 75), (376.5, -165.59886, 84.13683), (380, -165.59886, 84.13683), (376.5, -167.3852, 93.11733), (380, -167.3852, 93.11733), (376.5, -170.32843, 101.78784), (380, -170.32843, 101.78784), (376.5, -174.37822, 110), (380, -174.37822, 110), (235, -270, 112), (235, -270, 120), (235, -263, 120), (235, -257, 120), (235, -250, 120), (290, -291, 120), (290, -290, 120), (289, -289, 120), (268.33328, -291, 137.50558), (269.41473, -291, 137.05765), (268.85196, -291, 137.22836), (270, -291, 137), (270.58527, -291, 137.05765), (271.14804, -291, 137.22836), (271.66672, -291, 137.50558), (267.8787, -291, 137.87868), (267.50558, -291, 138.33328), (267.05765, -291, 139.41473), (267.22836, -291, 138.85194), (267, -291, 140), (267.05765, -291, 140.58527), (267.22836, -291, 141.14806), (272.1213, -291, 137.87868), (272.49442, -291, 138.33328), (272.77164, -291, 138.85194), (272.94235, -291, 139.41473), (273, -291, 140), (272.94235, -291, 140.58527), (272.77164, -291, 141.14806), (268.33328, -289, 137.50558), (269.41473, -289, 137.05765), (268.85196, -289, 137.22836), (270, -289, 137), (270.58527, -289, 137.05765), (271.14804, -289, 137.22836), (271.66672, -289, 137.50558), (267.8787, -289, 137.87868), (267.50558, -289, 138.33328), (267.05765, -289, 139.41473), (267.22836, -289, 138.85194), (267, -289, 140), (267.05765, -289, 140.58527), (267.22836, -289, 141.14806), (272.1213, -289, 137.87868), (272.49442, -289, 138.33328), (272.77164, -289, 138.85194), (272.94235, -289, 139.41473), (273, -289, 140), (272.94235, -289, 140.58527), (272.77164, -289, 141.14806), (267.50558, -291, 141.66672), (267.8787, -291, 142.12132), (268.33328, -291, 142.49442), (268.85196, -291, 142.77164), (269.41473, -291, 142.94235), (270, -291, 143), (270.58527, -291, 142.94235), (272.1213, -291, 142.12132), (271.66672, -291, 142.49442), (271.14804, -291, 142.77164), (272.49442, -291, 141.66672), (267.50558, -289, 141.66672), (267.8787, -289, 142.12132), (268.33328, -289, 142.49442), (268.85196, -289, 142.77164), (269.41473, -289, 142.94235), (270, -289, 143), (270.58527, -289, 142.94235), (272.1213, -289, 142.12132), (271.66672, -289, 142.49442), (271.14804, -289, 142.77164), (272.49442, -289, 141.66672), (250, -270, 120), (250, -270, 125), (248.05545, -261.94455, 112), (247.45934, -261.05237, 112), (247.30284, -260.5365, 112), (247.71346, -261.52783, 112), (247.25, -260, 112), (247.30284, -259.4635, 112), (248.94762, -262.54068, 112), (248.47218, -262.28653, 112), (249.4635, -262.69717, 112), (250, -262.75, 112), (250.5365, -262.69717, 112), (251.05238, -262.54068, 112), (251.52782, -262.28653, 112), (251.94455, -261.94455, 112), (252.28654, -261.52783, 112), (252.54066, -261.05237, 112), (252.69716, -260.5365, 112), (252.75, -260, 112), (252.69716, -259.4635, 112), (248.05545, -261.94455, 120), (247.45934, -261.05237, 120), (247.30284, -260.5365, 120), (247.71346, -261.52783, 120), (247.25, -260, 120), (247.30284, -259.4635, 120), (250, -266, 125), (249.48276, -263, 120), (248.94762, -262.54068, 120), (248.47218, -262.28653, 120), (249.4635, -262.69717, 120), (250, -263, 120), (250, -262.75, 120), (250.5365, -262.69717, 120), (251.05238, -262.54068, 120), (251.52782, -262.28653, 120), (251.94455, -261.94455, 120), (253, -263, 120), (252.28654, -261.52783, 120), (252.54066, -261.05237, 120), (252.69716, -260.5365, 120), (252.75, -260, 120), (252.69716, -259.4635, 120), (250, -263, 123), (258, -270, 112), (255, -270, 120), (265, -270, 120), (255, -266, 120), (258.61108, -262.07867, 120), (258.23224, -261.76776, 120), (259.0433, -262.3097, 120), (259.51227, -262.45197, 120), (260, -262.5, 120), (257.92133, -261.38892, 120), (257.6903, -260.9567, 120), (257.54803, -260.48773, 120), (257.5, -260, 120), (257.54803, -259.51227, 120), (265, -266, 120), (260.48773, -262.45197, 120), (260.9567, -262.3097, 120), (261.38892, -262.07867, 120), (261.76776, -261.76776, 120), (262.07867, -261.38892, 120), (262.3097, -260.9567, 120), (262.45197, -260.48773, 120), (262.5, -260, 120), (262.45197, -259.51227, 120), (250, -270, 135), (250, -270, 140), (250, -262.3097, 129.04329), (250, -261.76776, 128.23224), (250, -262.07867, 128.61107), (250, -262.45197, 129.51227), (250, -262.5, 130), (250, -261.38892, 127.921326), (250, -260.48773, 127.548035), (250, -260.9567, 127.6903), (250, -260, 127.5), (250, -259.51227, 127.548035), (250, -262.45197, 130.48773), (250, -262.3097, 130.95671), (250, -262.07867, 131.38893), (250, -261.76776, 131.76776), (250, -263, 132.23735), (250, -261.38892, 132.07867), (250, -260.9567, 132.3097), (250, -260.48773, 132.45197), (250, -260, 132.5), (250, -259.51227, 132.45197), (250, -266, 135), (250, -263, 137), (250, -263, 140), (253, -263, 140), (255, -270, 140), (265, -270, 140), (255, -266, 140), (258.23224, -261.76776, 140), (258.61108, -262.07867, 140), (259.51227, -262.45197, 140), (259.0433, -262.3097, 140), (260, -262.5, 140), (257.92133, -261.38892, 140), (257.6903, -260.9567, 140), (257.54803, -260.48773, 140), (257.5, -260, 140), (257.54803, -259.51227, 140), (265, -266, 140), (260.48773, -262.45197, 140), (260.9567, -262.3097, 140), (261.38892, -262.07867, 140), (261.76776, -261.76776, 140), (262.07867, -261.38892, 140), (262.3097, -260.9567, 140), (262.45197, -260.48773, 140), (262.5, -260, 140), (262.45197, -259.51227, 140), (247.45934, -258.94763, 112), (247.71346, -258.47217, 112), (248.05545, -258.05545, 112), (248.94762, -257.45932, 112), (248.47218, -257.71347, 112), (249.4635, -257.30283, 112), (250, -257.25, 112), (251.05238, -257.45932, 112), (250.5365, -257.30283, 112), (251.94455, -258.05545, 112), (252.54066, -258.94763, 112), (252.28654, -258.47217, 112), (251.52782, -257.71347, 112), (247.45934, -258.94763, 120), (247.71346, -258.47217, 120), (248.05545, -258.05545, 120), (248.94762, -257.45932, 120), (248.47218, -257.71347, 120), (249.4635, -257.30283, 120), (250, -257.25, 120), (250, -257, 120), (251.05238, -257.45932, 120), (250.5365, -257.30283, 120), (251.94455, -258.05545, 120), (252.54066, -258.94763, 120), (252.28654, -258.47217, 120), (251.52782, -257.71347, 120), (253, -258.06775, 120), (253, -257, 120), (250, -257, 123), (250, -250, 120), (250, -254, 125), (250, -250, 125), (248.05545, -241.94455, 112), (247.45934, -241.05238, 112), (247.30284, -240.5365, 112), (247.71346, -241.52782, 112), (247.25, -240, 112), (247.30284, -239.4635, 112), (248.94762, -242.54066, 112), (248.47218, -242.28654, 112), (249.4635, -242.69716, 112), (250, -242.75, 112), (250.5365, -242.69716, 112), (251.05238, -242.54066, 112), (251.52782, -242.28654, 112), (251.94455, -241.94455, 112), (252.28654, -241.52782, 112), (252.54066, -241.05238, 112), (252.69716, -240.5365, 112), (252.75, -240, 112), (252.69716, -239.4635, 112), (248.05545, -241.94455, 120), (247.45934, -241.05238, 120), (247.30284, -240.5365, 120), (247.71346, -241.52782, 120), (247.25, -240, 120), (247.30284, -239.4635, 120), (248.94762, -242.54066, 120), (248.47218, -242.28654, 120), (249.4635, -242.69716, 120), (250, -242.75, 120), (250.5365, -242.69716, 120), (251.05238, -242.54066, 120), (251.52782, -242.28654, 120), (251.94455, -241.94455, 120), (252.28654, -241.52782, 120), (252.54066, -241.05238, 120), (252.69716, -240.5365, 120), (252.75, -240, 120), (252.69716, -239.4635, 120), (257.6903, -259.0433, 120), (257.92133, -258.61108, 120), (258.23224, -258.23224, 120), (258.61108, -257.92133, 120), (259.0433, -257.6903, 120), (259.51227, -257.54803, 120), (260, -257.5, 120), (255, -254, 120), (255, -250, 120), (255, -250, 124), (261.76776, -258.23224, 120), (260.48773, -257.54803, 120), (260.9567, -257.6903, 120), (261.38892, -257.92133, 120), (262.07867, -258.61108, 120), (262.3097, -259.0433, 120), (265, -254, 120), (265, -250, 120), (265, -250, 124), (250, -259.0433, 127.6903), (250, -258.61108, 127.921326), (250, -257, 127.76264), (250, -258.23224, 128.23224), (250, -257.92133, 128.61107), (250, -257.6903, 129.04329), (250, -257.54803, 129.51227), (250, -257.5, 130), (250, -258.23224, 131.76776), (250, -257.54803, 130.48773), (250, -257.6903, 130.95671), (250, -257.92133, 131.38893), (250, -258.61108, 132.07867), (250, -259.0433, 132.3097), (250, -250, 127), (253, -250, 127), (250, -250, 133), (253, -250, 133), (250, -257, 137), (250, -257, 140), (253, -257, 140), (250, -254, 135), (250, -250, 135), (250, -250, 140), (258.61108, -250, 127.921326), (259.0433, -250, 127.6903), (259.51227, -250, 127.548035), (260, -250, 127.5), (257.92133, -250, 128.61107), (257.6903, -250, 129.04329), (258.23224, -250, 128.23224), (257.54803, -250, 129.51227), (257.5, -250, 130), (257.54803, -250, 130.48773), (257.6903, -250, 130.95671), (257.92133, -250, 131.38893), (258.23224, -250, 131.76776), (258.61108, -250, 132.07867), (259.0433, -250, 132.3097), (259.51227, -250, 132.45197), (260, -250, 132.5), (260.48773, -250, 127.548035), (260.9567, -250, 127.6903), (261.38892, -250, 127.921326), (261.76776, -250, 128.23224), (262.07867, -250, 128.61107), (262.3097, -250, 129.04329), (262.45197, -250, 129.51227), (262.5, -250, 130), (261.76776, -250, 131.76776), (262.45197, -250, 130.48773), (262.3097, -250, 130.95671), (262.07867, -250, 131.38893), (260.9567, -250, 132.3097), (260.48773, -250, 132.45197), (261.38892, -250, 132.07867), (265, -250, 132.12872), (257.6903, -259.0433, 140), (257.92133, -258.61108, 140), (258.23224, -258.23224, 140), (258.61108, -257.92133, 140), (259.0433, -257.6903, 140), (259.51227, -257.54803, 140), (260, -257.5, 140), (255, -250, 136), (255, -254, 140), (255, -250, 140), (261.76776, -258.23224, 140), (260.9567, -257.6903, 140), (260.48773, -257.54803, 140), (261.38892, -257.92133, 140), (262.3097, -259.0433, 140), (262.07867, -258.61108, 140), (265, -250, 136), (265, -254, 140), (265, -250, 140), (270, -270, 112), (270, -270, 120), (267, -263, 120), (270, -263, 120), (289, -270, 120), (287.45932, -261.05237, 112), (287.30283, -260.5365, 112), (287.25, -260, 112), (287.30283, -259.4635, 112), (288.05545, -261.94455, 112), (288.94763, -262.54068, 112), (288.47217, -262.28653, 112), (289.4635, -262.69717, 112), (290, -262.75, 112), (290.5365, -262.69717, 112), (287.71347, -261.52783, 112), (287.45932, -261.05237, 120), (287.30283, -260.5365, 120), (287.25, -260, 120), (287.30283, -259.4635, 120), (288.05545, -261.94455, 120), (288.94763, -262.54068, 120), (289, -262.55655, 120), (288.47217, -262.28653, 120), (289.4635, -262.69717, 120), (290, -262.75, 120), (290.5365, -262.69717, 120), (287.71347, -261.52783, 120), (270, -270, 140), (267, -263, 140), (270, -263, 140), (267, -257, 120), (270, -257, 120), (270, -250, 120), (287.45932, -258.94763, 112), (287.71347, -258.47217, 112), (288.05545, -258.05545, 112), (288.47217, -257.71347, 112), (288.94763, -257.45932, 112), (289.4635, -257.30283, 112), (290, -257.25, 112), (290.5365, -257.30283, 112), (287.45932, -258.94763, 120), (287.71347, -258.47217, 120), (288.05545, -258.05545, 120), (288.47217, -257.71347, 120), (288.94763, -257.45932, 120), (289, -257.44345, 120), (289.4635, -257.30283, 120), (290, -257.25, 120), (290.5365, -257.30283, 120), (287.45932, -241.05238, 112), (287.30283, -240.5365, 112), (287.25, -240, 112), (287.30283, -239.4635, 112), (288.05545, -241.94455, 112), (288.94763, -242.54066, 112), (288.47217, -242.28654, 112), (289.4635, -242.69716, 112), (290, -242.75, 112), (290.5365, -242.69716, 112), (287.71347, -241.52782, 112), (287.45932, -241.05238, 120), (287.30283, -240.5365, 120), (287.25, -240, 120), (287.30283, -239.4635, 120), (288.05545, -241.94455, 120), (288.94763, -242.54066, 120), (289, -242.55656, 120), (288.47217, -242.28654, 120), (289.4635, -242.69716, 120), (290, -242.75, 120), (290.5365, -242.69716, 120), (287.71347, -241.52782, 120), (267, -250, 127), (270, -250, 127), (267, -250, 133), (270, -250, 133), (267, -257, 140), (270, -257, 140), (270, -250, 140), (235, -190, 112), (235, -190, 120), (247.45934, -238.94762, 112), (247.71346, -238.47218, 112), (248.05545, -238.05545, 112), (248.94762, -237.45934, 112), (248.47218, -237.71346, 112), (249.4635, -237.30284, 112), (250, -237.25, 112), (251.05238, -237.45934, 112), (250.5365, -237.30284, 112), (251.94455, -238.05545, 112), (252.54066, -238.94762, 112), (252.28654, -238.47218, 112), (251.52782, -237.71346, 112), (247.45934, -238.94762, 120), (247.71346, -238.47218, 120), (248.05545, -238.05545, 120), (248.94762, -237.45934, 120), (248.47218, -237.71346, 120), (249.4635, -237.30284, 120), (250, -237.25, 120), (251.05238, -237.45934, 120), (250.5365, -237.30284, 120), (251.94455, -238.05545, 120), (252.54066, -238.94762, 120), (252.28654, -238.47218, 120), (251.52782, -237.71346, 120), (248.05545, -221.94455, 112), (247.45934, -221.05238, 112), (247.71346, -221.52782, 112), (247.30284, -220.5365, 112), (247.25, -220, 112), (247.30284, -219.4635, 112), (248.94762, -222.54066, 112), (248.47218, -222.28654, 112), (249.4635, -222.69716, 112), (250, -222.75, 112), (250.5365, -222.69716, 112), (251.05238, -222.54066, 112), (251.52782, -222.28654, 112), (251.94455, -221.94455, 112), (252.28654, -221.52782, 112), (252.54066, -221.05238, 112), (252.69716, -220.5365, 112), (252.75, -220, 112), (252.69716, -219.4635, 112), (248.05545, -221.94455, 120), (247.45934, -221.05238, 120), (247.71346, -221.52782, 120), (247.30284, -220.5365, 120), (247.25, -220, 120), (247.30284, -219.4635, 120), (248.94762, -222.54066, 120), (248.47218, -222.28654, 120), (249.4635, -222.69716, 120), (250, -222.75, 120), (250.5365, -222.69716, 120), (251.05238, -222.54066, 120), (251.52782, -222.28654, 120), (251.94455, -221.94455, 120), (252.28654, -221.52782, 120), (252.54066, -221.05238, 120), (252.69716, -220.5365, 120), (252.75, -220, 120), (252.69716, -219.4635, 120), (247.45934, -218.94762, 112), (247.71346, -218.47218, 112), (248.05545, -218.05545, 112), (248.47218, -217.71346, 112), (248.94762, -217.45934, 112), (249.4635, -217.30284, 112), (250, -217.25, 112), (251.05238, -217.45934, 112), (250.5365, -217.30284, 112), (252.54066, -218.94762, 112), (252.28654, -218.47218, 112), (251.52782, -217.71346, 112), (251.94455, -218.05545, 112), (247.45934, -218.94762, 120), (247.71346, -218.47218, 120), (248.05545, -218.05545, 120), (248.47218, -217.71346, 120), (248.94762, -217.45934, 120), (249.4635, -217.30284, 120), (250, -217.25, 120), (251.05238, -217.45934, 120), (250.5365, -217.30284, 120), (252.54066, -218.94762, 120), (252.28654, -218.47218, 120), (251.52782, -217.71346, 120), (251.94455, -218.05545, 120), (248.05545, -201.94455, 112), (247.45934, -201.05238, 112), (247.71346, -201.52782, 112), (247.30284, -200.5365, 112), (247.25, -200, 112), (247.30284, -199.4635, 112), (248.94762, -202.54066, 112), (248.47218, -202.28654, 112), (249.4635, -202.69716, 112), (250, -202.75, 112), (250.5365, -202.69716, 112), (251.05238, -202.54066, 112), (251.52782, -202.28654, 112), (251.94455, -201.94455, 112), (252.28654, -201.52782, 112), (252.54066, -201.05238, 112), (252.69716, -200.5365, 112), (252.75, -200, 112), (252.69716, -199.4635, 112), (248.05545, -201.94455, 120), (247.45934, -201.05238, 120), (247.71346, -201.52782, 120), (247.30284, -200.5365, 120), (247.25, -200, 120), (247.30284, -199.4635, 120), (248.94762, -202.54066, 120), (248.47218, -202.28654, 120), (249.4635, -202.69716, 120), (250, -202.75, 120), (250.5365, -202.69716, 120), (251.05238, -202.54066, 120), (251.52782, -202.28654, 120), (251.94455, -201.94455, 120), (252.28654, -201.52782, 120), (252.54066, -201.05238, 120), (252.69716, -200.5365, 120), (252.75, -200, 120), (252.69716, -199.4635, 120), (258, -200, 112), (270, -237.25, 120), (287.45932, -238.94762, 112), (287.71347, -238.47218, 112), (288.05545, -238.05545, 112), (288.47217, -237.71346, 112), (288.94763, -237.45934, 112), (289.4635, -237.30284, 112), (290, -237.25, 112), (290.5365, -237.30284, 112), (287.45932, -238.94762, 120), (287.71347, -238.47218, 120), (288.05545, -238.05545, 120), (288.47217, -237.71346, 120), (288.94763, -237.45934, 120), (289, -237.44344, 120), (289.4635, -237.30284, 120), (290, -237.25, 120), (290.5365, -237.30284, 120), (287.45932, -221.05238, 112), (287.30283, -220.5365, 112), (287.25, -220, 112), (287.30283, -219.4635, 112), (288.05545, -221.94455, 112), (288.94763, -222.54066, 112), (288.47217, -222.28654, 112), (289.4635, -222.69716, 112), (290, -222.75, 112), (290.5365, -222.69716, 112), (287.71347, -221.52782, 112), (287.45932, -221.05238, 120), (287.30283, -220.5365, 120), (287.25, -220, 120), (287.30283, -219.4635, 120), (288.05545, -221.94455, 120), (288.94763, -222.54066, 120), (289, -222.55656, 120), (288.47217, -222.28654, 120), (289.4635, -222.69716, 120), (290, -222.75, 120), (290.5365, -222.69716, 120), (287.71347, -221.52782, 120), (270, -200, 112), (287.45932, -218.94762, 112), (287.71347, -218.47218, 112), (288.05545, -218.05545, 112), (288.47217, -217.71346, 112), (288.94763, -217.45934, 112), (289.4635, -217.30284, 112), (290, -217.25, 112), (290.5365, -217.30284, 112), (287.45932, -218.94762, 120), (287.71347, -218.47218, 120), (288.05545, -218.05545, 120), (288.47217, -217.71346, 120), (288.94763, -217.45934, 120), (289, -217.44344, 120), (289.4635, -217.30284, 120), (290, -217.25, 120), (290.5365, -217.30284, 120), (287.45932, -201.05238, 112), (287.30283, -200.5365, 112), (287.25, -200, 112), (287.30283, -199.4635, 112), (288.05545, -201.94455, 112), (288.94763, -202.54066, 112), (288.47217, -202.28654, 112), (289.4635, -202.69716, 112), (290, -202.75, 112), (290.5365, -202.69716, 112), (287.71347, -201.52782, 112), (287.45932, -201.05238, 120), (287.30283, -200.5365, 120), (287.25, -200, 120), (287.30283, -199.4635, 120), (288.05545, -201.94455, 120), (288.94763, -202.54066, 120), (289, -202.55656, 120), (288.47217, -202.28654, 120), (289.4635, -202.69716, 120), (290, -202.75, 120), (290.5365, -202.69716, 120), (287.71347, -201.52782, 120), (247.45934, -198.94762, 112), (247.71346, -198.47218, 112), (248.05545, -198.05545, 112), (248.47218, -197.71346, 112), (248.94762, -197.45934, 112), (249.4635, -197.30284, 112), (250, -197.25, 112), (250.5365, -197.30284, 112), (251.05238, -197.45934, 112), (252.54066, -198.94762, 112), (252.28654, -198.47218, 112), (251.52782, -197.71346, 112), (251.94455, -198.05545, 112), (247.45934, -198.94762, 120), (247.71346, -198.47218, 120), (248.05545, -198.05545, 120), (248.47218, -197.71346, 120), (248.94762, -197.45934, 120), (249.4635, -197.30284, 120), (250, -197.25, 120), (250.5365, -197.30284, 120), (251.05238, -197.45934, 120), (252.54066, -198.94762, 120), (252.28654, -198.47218, 120), (251.52782, -197.71346, 120), (251.94455, -198.05545, 120), (250, -190, 120), (255, -190, 120), (265, -190, 120), (270, -190, 120), (287.45932, -198.94762, 112), (287.71347, -198.47218, 112), (288.05545, -198.05545, 112), (288.47217, -197.71346, 112), (288.94763, -197.45934, 112), (289.4635, -197.30284, 112), (290, -197.25, 112), (290.5365, -197.30284, 112), (287.45932, -198.94762, 120), (287.71347, -198.47218, 120), (288.05545, -198.05545, 120), (288.47217, -197.71346, 120), (288.94763, -197.45934, 120), (289, -197.44344, 120), (289.4635, -197.30284, 120), (290, -197.25, 120), (290.5365, -197.30284, 120), (289, -190, 120), (253.0709, -166.89043, 207.66458), (252.5, -164.1181, 208.40742), (253.0709, -161.34576, 209.15025), (257.12988, -170.8111, 206.61403), (260, -171.36253, 206.46628), (262.87012, -170.8111, 206.61403), (254.6967, -169.24069, 207.03482), (265.3033, -169.24069, 207.03482), (266.9291, -166.89043, 207.66458), (267.5, -164.1181, 208.40742), (266.9291, -161.34576, 209.15025), (291, -290, 120), (331.5, -307.74612, 117), (331.5, -301.6417, 126.13596), (328, -290.53473, 117.6133), (331.5, -290.53473, 117.6133), (328, -286.56796, 114.569496), (328, -284.49747, 124.497475), (331.5, -284.49747, 124.497475), (328, -280.96194, 120.961945), (331.5, -294.39697, 134.39697), (331.5, -286.13596, 141.64168), (291, -270, 120), (291.05237, -262.54068, 112), (291.52783, -262.28653, 112), (291.94455, -261.94455, 112), (292.28653, -261.52783, 112), (292.54068, -261.05237, 112), (292.69717, -260.5365, 112), (292.75, -260, 112), (292.69717, -259.4635, 112), (291.05237, -262.54068, 120), (291, -262.55655, 120), (291.52783, -262.28653, 120), (291.94455, -261.94455, 120), (292.28653, -261.52783, 120), (292.54068, -261.05237, 120), (292.69717, -260.5365, 120), (292.75, -260, 120), (292.69717, -259.4635, 120), (305, -270, 112), (305, -270, 120), (291.94455, -258.05545, 112), (291.05237, -257.45932, 112), (291.52783, -257.71347, 112), (292.54068, -258.94763, 112), (292.28653, -258.47217, 112), (291.94455, -258.05545, 120), (291.05237, -257.45932, 120), (291, -257.44345, 120), (291.52783, -257.71347, 120), (292.54068, -258.94763, 120), (292.28653, -258.47217, 120), (291.05237, -242.54066, 112), (291.52783, -242.28654, 112), (291.94455, -241.94455, 112), (292.28653, -241.52782, 112), (292.54068, -241.05238, 112), (292.69717, -240.5365, 112), (292.75, -240, 112), (292.69717, -239.4635, 112), (291.05237, -242.54066, 120), (291, -242.55656, 120), (291.52783, -242.28654, 120), (291.94455, -241.94455, 120), (292.28653, -241.52782, 120), (292.54068, -241.05238, 120), (292.69717, -240.5365, 120), (292.75, -240, 120), (292.69717, -239.4635, 120), (328, -274.5695, 126.56797), (328, -277.6133, 130.53473), (331.5, -277.6133, 130.53473), (328, -270, 135.62178), (331.5, -270, 135.62178), (328, -267.5, 131.29166), (328, -259.87442, 135.05217), (328, -261.78784, 139.67157), (331.5, -261.78784, 139.67157), (328, -251.82324, 137.78517), (328, -243.4842, 139.44391), (331.5, -277, 147.74614), (331.5, -267.14542, 152.60588), (328, -253.11734, 142.6148), (331.5, -253.11734, 142.6148), (331.5, -256.7408, 156.13777), (328, -244.13684, 144.40114), (331.5, -244.13684, 144.40114), (331.5, -245.9642, 158.28137), (376.5, -307.74612, 117), (376.5, -301.6417, 126.13596), (376.5, -290.53473, 117.6133), (380, -290.53473, 117.6133), (380, -286.56796, 114.569496), (376.5, -284.49747, 124.497475), (380, -284.49747, 124.497475), (380, -280.96194, 120.961945), (376.5, -294.39697, 134.39697), (376.5, -286.13596, 141.64168), (380, -274.5695, 126.56797), (376.5, -277.6133, 130.53473), (380, -277.6133, 130.53473), (376.5, -270, 135.62178), (380, -270, 135.62178), (380, -267.5, 131.29166), (380, -259.87442, 135.05217), (376.5, -261.78784, 139.67157), (380, -261.78784, 139.67157), (380, -251.82324, 137.78517), (380, -243.4842, 139.44391), (376.5, -277, 147.74614), (376.5, -267.14542, 152.60588), (376.5, -253.11734, 142.6148), (380, -253.11734, 142.6148), (376.5, -256.7408, 156.13777), (376.5, -244.13684, 144.40114), (380, -244.13684, 144.40114), (376.5, -245.9642, 158.28137), (291.94455, -238.05545, 112), (291.05237, -237.45934, 112), (291.52783, -237.71346, 112), (292.54068, -238.94762, 112), (292.28653, -238.47218, 112), (291.94455, -238.05545, 120), (291.05237, -237.45934, 120), (291, -237.44344, 120), (291.52783, -237.71346, 120), (292.54068, -238.94762, 120), (292.28653, -238.47218, 120), (291.05237, -222.54066, 112), (291.52783, -222.28654, 112), (291.94455, -221.94455, 112), (292.28653, -221.52782, 112), (292.54068, -221.05238, 112), (292.69717, -220.5365, 112), (292.75, -220, 112), (292.69717, -219.4635, 112), (291.05237, -222.54066, 120), (291, -222.55656, 120), (291.52783, -222.28654, 120), (291.94455, -221.94455, 120), (292.28653, -221.52782, 120), (292.54068, -221.05238, 120), (292.69717, -220.5365, 120), (292.75, -220, 120), (292.69717, -219.4635, 120), (291.05237, -217.45934, 112), (291.52783, -217.71346, 112), (291.94455, -218.05545, 112), (292.54068, -218.94762, 112), (292.28653, -218.47218, 112), (291.05237, -217.45934, 120), (291, -217.44344, 120), (291.52783, -217.71346, 120), (291.94455, -218.05545, 120), (292.54068, -218.94762, 120), (292.28653, -218.47218, 120), (291.05237, -202.54066, 112), (291.52783, -202.28654, 112), (291.94455, -201.94455, 112), (292.28653, -201.52782, 112), (292.54068, -201.05238, 112), (292.69717, -200.5365, 112), (292.75, -200, 112), (292.69717, -199.4635, 112), (291.05237, -202.54066, 120), (291, -202.55656, 120), (291.52783, -202.28654, 120), (291.94455, -201.94455, 120), (292.28653, -201.52782, 120), (292.54068, -201.05238, 120), (292.69717, -200.5365, 120), (292.75, -200, 120), (292.69717, -199.4635, 120), (328, -235, 140), (328, -226.5158, 139.44391), (328, -218.17676, 137.78517), (328, -210.12558, 135.05217), (328, -202.5, 131.29166), (328, -208.21216, 139.67157), (331.5, -208.21216, 139.67157), (328, -200, 135.62178), (331.5, -200, 135.62178), (328, -235, 145), (331.5, -235, 145), (328, -225.86316, 144.40114), (331.5, -225.86316, 144.40114), (331.5, -235, 159), (331.5, -224.0358, 158.28137), (328, -216.88266, 142.6148), (331.5, -216.88266, 142.6148), (331.5, -213.2592, 156.13777), (331.5, -202.8546, 152.60588), (291.05237, -197.45934, 112), (291.52783, -197.71346, 112), (291.94455, -198.05545, 112), (292.54068, -198.94762, 112), (292.28653, -198.47218, 112), (291.05237, -197.45934, 120), (291, -197.44344, 120), (291.52783, -197.71346, 120), (291.94455, -198.05545, 120), (292.54068, -198.94762, 120), (292.28653, -198.47218, 120), (291, -190, 120), (305, -190, 112), (305, -190, 120), (328, -183.43204, 114.569496), (328, -179.46527, 117.6133), (331.5, -179.46527, 117.6133), (328, -189.03806, 120.961945), (328, -185.50252, 124.497475), (331.5, -185.50252, 124.497475), (328, -195.43051, 126.56797), (328, -192.3867, 130.53473), (331.5, -192.3867, 130.53473), (331.5, -162.25386, 117), (331.5, -168.35832, 126.13596), (331.5, -175.60303, 134.39697), (331.5, -193, 147.74614), (331.5, -183.86404, 141.64168), (380, -235, 140), (380, -226.5158, 139.44391), (380, -218.17676, 137.78517), (380, -210.12558, 135.05217), (380, -202.5, 131.29166), (376.5, -208.21216, 139.67157), (380, -208.21216, 139.67157), (376.5, -200, 135.62178), (380, -200, 135.62178), (376.5, -235, 145), (380, -235, 145), (376.5, -225.86316, 144.40114), (380, -225.86316, 144.40114), (376.5, -235, 159), (376.5, -224.0358, 158.28137), (376.5, -216.88266, 142.6148), (380, -216.88266, 142.6148), (376.5, -213.2592, 156.13777), (376.5, -202.8546, 152.60588), (376.5, -179.46527, 117.6133), (380, -179.46527, 117.6133), (380, -189.03806, 120.961945), (376.5, -185.50252, 124.497475), (380, -185.50252, 124.497475), (380, -195.43051, 126.56797), (376.5, -192.3867, 130.53473), (380, -192.3867, 130.53473), (376.5, -162.25386, 117), (376.5, -168.35832, 126.13596), (376.5, -175.60303, 134.39697), (376.5, -193, 147.74614), (376.5, -183.86404, 141.64168), (331.5, -157.39412, 42.85459), (376.5, -157.39412, 42.85459), (331.5, -153.86223, 53.2592), (331.5, -151.71863, 64.0358), (331.5, -151, 75), (331.5, -151.71863, 85.9642), (331.5, -153.86223, 96.7408), (331.5, -157.39412, 107.14541), (376.5, -153.86223, 53.2592), (376.5, -151.71863, 64.0358), (376.5, -151, 75), (376.5, -151.71863, 85.9642), (376.5, -153.86223, 96.7408), (376.5, -157.39412, 107.14541), (254.6967, -158.9955, 209.78001), (257.12988, -157.4251, 210.2008), (260, -156.87366, 210.34856), (262.87012, -157.4251, 210.2008), (265.3033, -158.9955, 209.78001), (10, -291, 236), (10, -291, 244), (10, -289, 236), (10, -289, 244), (30, -291, 236), (30, -291, 244), (30, -289, 236), (30, -289, 244), (90, -291, 236), (90, -291, 244), (90, -289, 236), (90, -289, 244), (0, -277.65, 319), (0.51698935, -277.5991, 319), (1.014111, -277.44827, 319), (1.4722611, -277.2034, 319), (1.873833, -276.87384, 319), (0, -277.65, 321), (0.51698935, -277.5991, 321), (1.014111, -277.44827, 321), (1.4722611, -277.2034, 321), (1.873833, -276.87384, 321), (2.2033944, -276.47226, 319), (2.4482808, -276.0141, 319), (2.599081, -275.517, 319), (2.65, -275, 319), (2.599081, -274.483, 319), (2.2033944, -276.47226, 321), (2.4482808, -276.0141, 321), (2.599081, -275.517, 321), (2.65, -275, 321), (2.599081, -274.483, 321), (0, -272.35, 319), (0.51698935, -272.4009, 319), (1.014111, -272.55173, 319), (1.4722611, -272.7966, 319), (2.2033944, -273.52774, 319), (1.873833, -273.12616, 319), (2.4482808, -273.9859, 319), (0, -272.35, 321), (0.51698935, -272.4009, 321), (1.014111, -272.55173, 321), (1.4722611, -272.7966, 321), (2.2033944, -273.52774, 321), (1.873833, -273.12616, 321), (2.4482808, -273.9859, 321), (0, -237.75, 300), (0.71175236, -237.6563, 300), (1.375, -237.38158, 300), (1.9445436, -236.94455, 300), (2.3815699, -236.375, 300), (2.656296, -235.71175, 300), (2.75, -235, 300), (2.656296, -234.28825, 300), (0, -237.75, 304), (0.71175236, -237.6563, 304), (1.375, -237.38158, 304), (1.9445436, -236.94455, 304), (2.3815699, -236.375, 304), (2.656296, -235.71175, 304), (2.75, -235, 304), (2.656296, -234.28825, 304), (0, -232.25, 300), (0.71175236, -232.3437, 300), (1.375, -232.61842, 300), (1.9445436, -233.05545, 300), (2.3815699, -233.625, 300), (0, -232.25, 304), (0.71175236, -232.3437, 304), (1.375, -232.61842, 304), (1.9445436, -233.05545, 304), (2.3815699, -233.625, 304), (0, -227.5, 312), (0, -219.5, 312), (10.768411, -226.7942, 312), (0, -227.5, 319), (0, -227.5, 321), (10.768411, -226.7942, 319), (10.768411, -226.7942, 321), (21.352571, -224.68887, 312), (21.352571, -224.68887, 319), (21.352571, -224.68887, 321), (9.724201, -218.86264, 312), (19.282019, -216.96147, 312), (31.571383, -221.22006, 312), (31.571383, -221.22006, 319), (31.571383, -221.22006, 321), (28.509916, -213.82903, 312), (41.25, -216.4471, 312), (37.25, -209.51889, 312), (41.25, -216.4471, 319), (41.25, -216.4471, 321), (45.352726, -204.10483, 312), (47.72971, -203.3363, 312), (0, -227.5, 322), (0, -222.5, 322), (0, -219.5, 322), (10.768411, -226.7942, 322), (10.11578, -221.83698, 322), (21.352571, -224.68887, 322), (20.058475, -219.85925, 322), (9.724201, -218.86264, 322), (19.282019, -216.96147, 322), (31.571383, -221.22006, 322), (29.657967, -216.60066, 322), (28.509916, -213.82903, 322), (41.25, -216.4471, 322), (38.75, -212.11697, 322), (37.25, -209.51889, 322), (47.179012, -206.48488, 322), (45.352726, -204.10483, 322), (0, -168, 338), (4.487077, -167.55806, 338), (8.801719, -166.24922, 338), (12.778115, -164.1238, 338), (16.263456, -161.26346, 338), (50.222816, -210.45164, 312), (50.222816, -210.45164, 319), (50.222816, -210.45164, 321), (52.685413, -208.292, 312), (59.24304, -207.1828, 312), (60.104076, -207.35408, 312), (58.02535, -205.96512, 312), (58.513084, -206.69507, 312), (57.854076, -205.10408, 312), (58.02535, -204.24304, 312), (58.513084, -203.51309, 312), (59.24304, -203.02534, 312), (60.104076, -202.85408, 312), (52.685413, -208.292, 315), (59.24304, -207.1828, 315), (60.104076, -207.35408, 315), (58.02535, -205.96512, 315), (58.513084, -206.69507, 315), (57.854076, -205.10408, 315), (58.02535, -204.24304, 315), (58.33631, -203.3363, 315), (58.513084, -203.51309, 315), (59.24304, -203.02534, 315), (60.104076, -202.85408, 315), (58.33631, -203.3363, 319), (58.33631, -203.3363, 321), (61.871845, -217.47844, 312), (61.871845, -217.47844, 315), (60.965115, -207.1828, 312), (61.69507, -206.69507, 312), (62.182804, -205.96512, 312), (62.354076, -205.10408, 312), (61.69507, -203.51309, 312), (60.965115, -203.02534, 312), (62.182804, -204.24304, 312), (72.47845, -206.87184, 312), (60.965115, -207.1828, 315), (61.69507, -206.69507, 315), (62.182804, -205.96512, 315), (62.354076, -205.10408, 315), (61.69507, -203.51309, 315), (60.965115, -203.02534, 315), (62.182804, -204.24304, 315), (72.47845, -206.87184, 315), (50.222816, -210.45164, 322), (54.800777, -199.80078, 322), (58.33631, -203.3363, 322), (52.679455, -197.67946, 312), (58.33631, -192.7297, 312), (59.104824, -190.35272, 312), (63.292015, -197.68541, 312), (65.45165, -195.22282, 312), (63.292015, -197.68541, 315), (65.45165, -195.22282, 319), (65.45165, -195.22282, 321), (64.51889, -182.25, 312), (71.4471, -186.25, 312), (71.4471, -186.25, 319), (71.4471, -186.25, 321), (68.829025, -173.50992, 312), (71.96147, -164.28201, 312), (76.22006, -176.57138, 312), (76.22006, -176.57138, 319), (76.22006, -176.57138, 321), (79.68888, -166.35257, 312), (79.68888, -166.35257, 319), (79.68888, -166.35257, 321), (52.679455, -197.67946, 322), (59.104824, -190.35272, 322), (65.45165, -195.22282, 322), (61.484882, -192.17902, 322), (64.51889, -182.25, 322), (71.4471, -186.25, 322), (67.11697, -183.75, 322), (71.60066, -174.65796, 322), (68.829025, -173.50992, 322), (71.96147, -164.28201, 322), (76.22006, -176.57138, 322), (74.85925, -165.05847, 322), (79.68888, -166.35257, 322), (110, -291, 236), (110, -291, 244), (110, -289, 236), (110, -289, 244), (170, -291, 236), (170, -291, 244), (170, -289, 236), (170, -289, 244), (190, -250, 300), (190, -250, 304), (172.3437, -235.71175, 300), (172.25, -235, 300), (172.3437, -234.28825, 300), (173.05545, -236.94455, 300), (173.625, -237.38158, 300), (174.28825, -237.6563, 300), (175, -237.75, 300), (172.61842, -236.375, 300), (172.3437, -235.71175, 304), (172.25, -235, 304), (172.3437, -234.28825, 304), (173.05545, -236.94455, 304), (173.625, -237.38158, 304), (174.28825, -237.6563, 304), (175, -237.75, 304), (172.61842, -236.375, 304), (172.61842, -233.625, 300), (173.05545, -233.05545, 300), (173.625, -232.61842, 300), (174.28825, -232.3437, 300), (175, -232.25, 300), (172.61842, -233.625, 304), (173.05545, -233.05545, 304), (173.625, -232.61842, 304), (174.28825, -232.3437, 304), (175, -232.25, 304), (175.71175, -237.6563, 300), (176.375, -237.38158, 300), (176.94455, -236.94455, 300), (177.38158, -236.375, 300), (177.6563, -235.71175, 300), (177.75, -235, 300), (177.6563, -234.28825, 300), (175.71175, -237.6563, 304), (176.375, -237.38158, 304), (176.94455, -236.94455, 304), (177.38158, -236.375, 304), (177.6563, -235.71175, 304), (177.75, -235, 304), (177.6563, -234.28825, 304), (176.94455, -233.05545, 300), (175.71175, -232.3437, 300), (176.375, -232.61842, 300), (177.38158, -233.625, 300), (176.94455, -233.05545, 304), (175.71175, -232.3437, 304), (176.375, -232.61842, 304), (177.38158, -233.625, 304), (0, -222.5, 378), (10.11578, -221.83698, 378), (20.058475, -219.85925, 378), (0, -200, 362), (7.178941, -199.52946, 362), (0, -200, 372), (7.178941, -199.52946, 372), (29.657967, -216.60066, 378), (38.75, -212.11697, 378), (47.179012, -206.48488, 378), (0, -222.5, 394), (0, -219.5, 394), (10.11578, -221.83698, 394), (20.058475, -219.85925, 394), (9.724201, -218.86264, 394), (19.282019, -216.96147, 394), (29.657967, -216.60066, 394), (28.509916, -213.82903, 394), (38.75, -212.11697, 394), (37.25, -209.51889, 394), (47.179012, -206.48488, 394), (45.352726, -204.10483, 394), (14.235047, -198.12592, 362), (21.047588, -195.81337, 362), (14.644661, -180.35535, 354), (14.644661, -180.35535, 357), (22.221489, -186.57349, 354), (22.221489, -186.57349, 357), (0, -195, 372), (6.5263095, -194.57225, 372), (14.235047, -198.12592, 372), (12.940952, -193.2963, 372), (21.047588, -195.81337, 372), (19.134172, -191.19397, 372), (8.426519, -172.77852, 354), (8.426519, -172.77852, 357), (5.475815, -167.25813, 354), (5.475815, -167.25813, 357), (8.801719, -166.24922, 354), (8.801719, -166.24922, 357), (0, -168, 362), (4.487077, -167.55806, 362), (8.801719, -166.24922, 362), (12.778115, -164.1238, 354), (16.263456, -161.26346, 354), (12.778115, -164.1238, 357), (16.263456, -161.26346, 357), (12.778115, -164.1238, 362), (16.263456, -161.26346, 362), (30.865828, -191.19397, 354), (30.865828, -191.19397, 357), (27.5, -192.6314, 362), (33.48188, -188.63443, 362), (40.245483, -194.03926, 354), (40.245483, -194.03926, 357), (38.890873, -183.89087, 362), (27.5, -192.6314, 372), (25, -188.30127, 372), (30.438072, -184.66766, 372), (33.48188, -188.63443, 372), (35.35534, -180.35535, 372), (38.890873, -183.89087, 372), (33.332893, -169.94409, 357), (33.332893, -169.94409, 362), (28.786797, -166.21321, 357), (25.055912, -161.66711, 357), (28.786797, -166.21321, 362), (25.055912, -161.66711, 362), (38.519497, -172.71638, 357), (44.14729, -174.42355, 357), (38.519497, -172.71638, 362), (43.634434, -178.48187, 362), (46.210346, -174.62675, 362), (44.14729, -174.42355, 362), (39.667667, -175.43806, 372), (40.98625, -173.46466, 372), (43.634434, -178.48187, 372), (46.210346, -174.62675, 372), (44.14729, -174.42355, 372), (40.98625, -173.46466, 382), (44.14729, -174.42355, 382), (43.30127, -170, 382), (46.193977, -164.13417, 382), (54.800777, -199.80078, 378), (54.800777, -199.80078, 394), (50, -195, 354), (50, -195, 357), (55.504745, -194.45782, 354), (55.504745, -194.45782, 357), (59.88936, -193.99837, 354), (59.104824, -190.35272, 354), (59.88936, -193.99837, 357), (59.104824, -190.35272, 357), (61.484882, -192.17902, 354), (61.484882, -192.17902, 357), (69.13417, -191.19397, 354), (69.13417, -191.19397, 357), (64.51889, -182.25, 354), (64.51889, -182.25, 357), (67.11697, -183.75, 354), (67.11697, -183.75, 357), (61.484882, -192.17902, 378), (67.11697, -183.75, 378), (50, -175, 357), (55.85271, -174.42355, 357), (61.480503, -172.71638, 357), (71.60066, -174.65796, 354), (71.60066, -174.65796, 357), (68.829025, -173.50992, 354), (68.829025, -173.50992, 357), (66.66711, -169.94409, 357), (71.2132, -166.21321, 357), (71.37133, -166.02052, 357), (71.96147, -164.28201, 354), (71.60066, -174.65796, 378), (77.77851, -186.57349, 354), (77.77851, -186.57349, 357), (85.35534, -180.35535, 354), (85.35534, -180.35535, 357), (74.85925, -165.05847, 354), (74.85925, -165.05847, 357), (75.883385, -159.9098, 357), (91.57348, -172.77852, 354), (91.57348, -172.77852, 357), (96.19398, -164.13417, 354), (96.19398, -164.13417, 357), (74.85925, -165.05847, 378), (75.883385, -159.9098, 378), (52.679455, -197.67946, 394), (59.104824, -190.35272, 394), (61.484882, -192.17902, 394), (64.51889, -182.25, 394), (67.11697, -183.75, 394), (50, -175, 382), (55.85271, -174.42355, 382), (61.480503, -172.71638, 382), (66.66711, -169.94409, 382), (71.60066, -174.65796, 394), (68.829025, -173.50992, 394), (71.2132, -166.21321, 382), (71.37133, -166.02052, 382), (71.96147, -164.28201, 382), (71.96147, -164.28201, 394), (75.883385, -159.9098, 382), (74.85925, -165.05847, 394), (0, -195, 449), (0, -190, 449), (5.8736787, -189.61502, 449), (6.5263095, -194.57225, 449), (11.646857, -188.46666, 449), (12.940952, -193.2963, 449), (19.134172, -191.19397, 449), (17.220755, -186.57458, 449), (22.5, -183.97115, 449), (0, -190, 472.1), (5.8736787, -189.61502, 472.1), (11.646857, -188.46666, 472.1), (17.220755, -186.57458, 472.1), (22.5, -183.97115, 472.1), (25, -188.30127, 449), (27.394264, -180.7009, 449), (30.438072, -184.66766, 449), (35.35534, -180.35535, 449), (27.394264, -180.7009, 472.1), (31.819805, -176.81981, 449), (35.7009, -172.39427, 449), (39.667667, -175.43806, 449), (43.30127, -170, 449), (38.97114, -167.5, 449), (41.574577, -162.22075, 449), (46.193977, -164.13417, 449), (31.819805, -176.81981, 472.1), (35.7009, -172.39427, 472.1), (38.97114, -167.5, 472.1), (41.574577, -162.22075, 472.1), (19.1238, -157.77812, 338), (21.24923, -153.80171, 338), (22.558062, -149.48708, 338), (23, -145, 338), (22.558062, -140.51292, 338), (0, -122, 338), (4.487077, -122.44194, 338), (8.801719, -123.75077, 338), (21.24923, -136.19829, 338), (19.1238, -132.22188, 338), (12.778115, -125.8762, 338), (16.263456, -128.73654, 338), (37.25, -80.48111, 312), (45.352726, -85.89518, 312), (47.72971, -86.66369, 312), (37.25, -80.48111, 322), (45.352726, -85.89518, 322), (47.179012, -83.515114, 322), (71.96147, -125.71798, 312), (73.86264, -154.7242, 312), (81.794205, -155.76842, 312), (81.794205, -155.76842, 319), (81.794205, -155.76842, 321), (74.5, -145, 312), (82.5, -145, 312), (82.5, -145, 319), (82.5, -145, 321), (73.86264, -135.2758, 312), (81.794205, -134.23158, 312), (81.17054, -130.8847, 319), (81.12927, -130.88878, 319), (81.17054, -130.8847, 321), (81.12927, -130.88878, 321), (81.794205, -134.23158, 319), (81.794205, -134.23158, 321), (82.2961, -130.54327, 319), (83.33342, -129.98882, 319), (82.2961, -130.54327, 321), (83.33342, -129.98882, 321), (79.68888, -123.64743, 312), (84.24264, -129.24265, 319), (84.24264, -129.24265, 321), (83.33342, -120.011185, 319), (84.24264, -120.75736, 319), (83.33342, -120.011185, 321), (84.24264, -120.75736, 321), (84.988815, -128.33342, 319), (85.543274, -127.2961, 319), (84.988815, -128.33342, 321), (85.543274, -127.2961, 321), (85.88471, -126.17054, 319), (86, -125, 319), (85.88471, -126.17054, 321), (86, -125, 321), (85.88471, -123.82946, 319), (85.543274, -122.7039, 319), (85.88471, -123.82946, 321), (85.543274, -122.7039, 321), (84.988815, -121.66658, 319), (84.988815, -121.66658, 321), (71.96147, -125.71798, 322), (73.86264, -154.7242, 322), (76.836975, -155.11578, 322), (81.794205, -155.76842, 322), (74.5, -145, 322), (77.5, -145, 322), (82.5, -145, 322), (73.86264, -135.2758, 322), (76.836975, -134.88422, 322), (81.794205, -134.23158, 322), (74.85925, -124.94152, 322), (79.68888, -123.64743, 322), (68.829025, -116.49008, 312), (64.51889, -107.75, 312), (71.4471, -103.75, 312), (71.4471, -103.75, 319), (71.4471, -103.75, 321), (52.679455, -92.32054, 312), (58.33631, -97.270294, 312), (59.104824, -99.64727, 312), (52.685413, -81.707985, 312), (58.513084, -86.486916, 312), (58.02535, -85.75696, 312), (57.854076, -84.89592, 312), (59.24304, -86.974655, 312), (60.104076, -87.14592, 312), (58.02535, -84.03489, 312), (58.513084, -83.30493, 312), (59.24304, -82.81719, 312), (60.104076, -82.64592, 312), (52.685413, -81.707985, 315), (58.33631, -86.66369, 315), (58.513084, -86.486916, 315), (58.02535, -85.75696, 315), (57.854076, -84.89592, 315), (59.24304, -86.974655, 315), (60.104076, -87.14592, 315), (58.33631, -86.66369, 319), (58.33631, -86.66369, 321), (58.02535, -84.03489, 315), (58.513084, -83.30493, 315), (59.24304, -82.81719, 315), (60.104076, -82.64592, 315), (65.45165, -94.77718, 312), (63.292015, -92.31459, 312), (65.45165, -94.77718, 319), (65.45165, -94.77718, 321), (63.292015, -92.31459, 315), (60.965115, -86.974655, 312), (61.69507, -86.486916, 312), (62.182804, -85.75696, 312), (62.354076, -84.89592, 312), (60.965115, -82.81719, 312), (61.69507, -83.30493, 312), (62.182804, -84.03489, 312), (72.47845, -83.12816, 312), (60.965115, -86.974655, 315), (61.69507, -86.486916, 315), (62.182804, -85.75696, 315), (62.354076, -84.89592, 315), (60.965115, -82.81719, 315), (61.69507, -83.30493, 315), (62.182804, -84.03489, 315), (72.47845, -83.12816, 315), (76.22006, -113.42862, 312), (78.21382, -119.30204, 319), (78.21382, -119.30204, 321), (76.22006, -113.42862, 319), (76.22006, -113.42862, 321), (78.82946, -119.11529, 319), (80, -119, 319), (81.17054, -119.11529, 319), (78.82946, -119.11529, 321), (80, -119, 321), (81.17054, -119.11529, 321), (82.2961, -119.456726, 319), (82.2961, -119.456726, 321), (68.829025, -116.49008, 322), (71.60066, -115.34203, 322), (64.51889, -107.75, 322), (67.11697, -106.25, 322), (71.4471, -103.75, 322), (52.679455, -92.32054, 322), (59.104824, -99.64727, 322), (54.800777, -90.19923, 322), (58.33631, -86.66369, 322), (61.484882, -97.82099, 322), (65.45165, -94.77718, 322), (76.22006, -113.42862, 322), (0, -70.5, 312), (9.724201, -71.13736, 312), (0, -62.5, 312), (10.768411, -63.2058, 312), (0, -62.5, 319), (0, -62.5, 321), (10.768411, -63.2058, 319), (10.768411, -63.2058, 321), (19.282019, -73.03853, 312), (21.352571, -65.31112, 312), (21.352571, -65.31112, 319), (21.352571, -65.31112, 321), (28.509916, -76.170975, 312), (31.571383, -68.77994, 312), (31.571383, -68.77994, 319), (31.571383, -68.77994, 321), (41.25, -73.5529, 312), (41.25, -73.5529, 319), (41.25, -73.5529, 321), (0, -70.5, 322), (9.724201, -71.13736, 322), (0, -67.5, 322), (0, -62.5, 322), (10.11578, -68.163025, 322), (10.768411, -63.2058, 322), (19.282019, -73.03853, 322), (20.058475, -70.14075, 322), (21.352571, -65.31112, 322), (0, -70.5, 341.5), (9.724201, -71.13736, 341.5), (0, -67.5, 341.5), (10.11578, -68.163025, 341.5), (14.060996, -72, 341.5), (20, -72, 341.5), (20, -70.12912, 341.5), (28.509916, -76.170975, 322), (29.657967, -73.39934, 322), (31.571383, -68.77994, 322), (38.75, -77.88303, 322), (41.25, -73.5529, 322), (50.222816, -79.54835, 312), (50.222816, -79.54835, 319), (50.222816, -79.54835, 321), (61.871845, -72.52155, 312), (61.871845, -72.52155, 315), (50.222816, -79.54835, 322), (172.3437, -0.71175236, 300), (174.28825, -2.656296, 300), (175, -2.75, 300), (173.05545, -1.9445436, 300), (172.61842, -1.375, 300), (173.625, -2.3815699, 300), (172.3437, -0.71175236, 304), (174.28825, -2.656296, 304), (175, -2.75, 304), (173.05545, -1.9445436, 304), (172.61842, -1.375, 304), (173.625, -2.3815699, 304), (175.71175, -2.656296, 300), (176.375, -2.3815699, 300), (176.94455, -1.9445436, 300), (177.38158, -1.375, 300), (177.6563, -0.71175236, 300), (175.71175, -2.656296, 304), (176.375, -2.3815699, 304), (176.94455, -1.9445436, 304), (177.38158, -1.375, 304), (177.6563, -0.71175236, 304), (19.1238, -157.77812, 354), (19.1238, -157.77812, 357), (22.283613, -156.4805, 357), (21.24923, -153.80171, 354), (21.36012, -153.43616, 357), (21.24923, -153.80171, 357), (19.1238, -157.77812, 362), (22.283613, -156.4805, 362), (21.36012, -153.43616, 362), (21.24923, -153.80171, 362), (22.558062, -149.48708, 354), (23, -145, 354), (22.558062, -140.51292, 354), (5.475815, -122.74187, 354), (5.475815, -122.74187, 357), (8.801719, -123.75077, 354), (8.801719, -123.75077, 357), (0, -122, 362), (4.487077, -122.44194, 362), (8.801719, -123.75077, 362), (21.24923, -136.19829, 354), (21.36012, -136.56384, 357), (21.24923, -136.19829, 357), (19.1238, -132.22188, 354), (19.1238, -132.22188, 357), (22.283613, -133.5195, 357), (21.36012, -136.56384, 362), (21.24923, -136.19829, 362), (19.1238, -132.22188, 362), (22.283613, -133.5195, 362), (12.778115, -125.8762, 354), (16.263456, -128.73654, 354), (12.778115, -125.8762, 357), (16.263456, -128.73654, 357), (12.778115, -125.8762, 362), (16.263456, -128.73654, 362), (25.055912, -128.33289, 357), (28.786797, -123.7868, 357), (33.332893, -120.05591, 357), (25.055912, -128.33289, 362), (28.786797, -123.7868, 362), (33.332893, -120.05591, 362), (48.29629, -157.94095, 382), (48.29629, -132.05905, 382), (46.193977, -125.86583, 382), (43.30127, -120, 382), (8.426519, -117.22149, 354), (8.426519, -117.22149, 357), (14.644661, -109.64466, 354), (14.644661, -109.64466, 357), (22.221489, -103.42652, 354), (22.221489, -103.42652, 357), (0, -90, 362), (7.178941, -90.470535, 362), (14.235047, -91.87408, 362), (21.047588, -94.18662, 362), (0, -95, 372), (0, -90, 372), (6.5263095, -95.42776, 372), (7.178941, -90.470535, 372), (12.940952, -96.70371, 372), (14.235047, -91.87408, 372), (19.134172, -98.80602, 372), (21.047588, -94.18662, 372), (33.48188, -101.36557, 362), (38.519497, -117.283615, 357), (44.14729, -115.57644, 357), (38.519497, -117.283615, 362), (44.14729, -115.57644, 362), (46.210346, -115.373245, 362), (43.634434, -111.51812, 362), (38.890873, -106.10912, 362), (25, -101.69873, 372), (30.438072, -105.33234, 372), (35.35534, -109.64466, 372), (33.48188, -101.36557, 372), (40.98625, -116.53533, 372), (39.667667, -114.56193, 372), (44.14729, -115.57644, 372), (46.210346, -115.373245, 372), (43.634434, -111.51812, 372), (38.890873, -106.10912, 372), (30.865828, -98.80602, 354), (30.865828, -98.80602, 357), (27.5, -97.36861, 362), (40.245483, -95.96074, 354), (40.245483, -95.96074, 357), (27.5, -97.36861, 372), (47.179012, -83.515114, 378), (40.98625, -116.53533, 382), (44.14729, -115.57644, 382), (37.25, -80.48111, 394), (45.352726, -85.89518, 394), (47.179012, -83.515114, 394), (71.96147, -125.71798, 354), (66.66711, -120.05591, 357), (71.2132, -123.7868, 357), (71.37133, -123.97948, 357), (73.86264, -154.7242, 354), (76.836975, -155.11578, 354), (77.716385, -156.4805, 357), (79.42356, -150.8527, 357), (74.5, -145, 354), (77.5, -145, 354), (80, -145, 357), (73.86264, -135.2758, 354), (76.836975, -134.88422, 354), (77.716385, -133.5195, 357), (75.883385, -130.0902, 357), (79.42356, -139.1473, 357), (74.85925, -124.94152, 354), (74.85925, -124.94152, 357), (96.19398, -125.86583, 354), (96.19398, -125.86583, 357), (75.883385, -130.0902, 378), (74.85925, -124.94152, 378), (49.572243, -151.5263, 382), (50, -145, 382), (49.572243, -138.4737, 382), (71.96147, -125.71798, 382), (66.66711, -120.05591, 382), (71.2132, -123.7868, 382), (71.37133, -123.97948, 382), (71.96147, -125.71798, 394), (73.86264, -154.7242, 382), (76.836975, -155.11578, 382), (77.716385, -156.4805, 382), (79.42356, -150.8527, 382), (73.86264, -154.7242, 394), (76.836975, -155.11578, 394), (74.5, -145, 382), (77.5, -145, 382), (80, -145, 382), (74.5, -145, 394), (77.5, -145, 394), (73.86264, -135.2758, 382), (76.836975, -134.88422, 382), (77.716385, -133.5195, 382), (75.883385, -130.0902, 382), (79.42356, -139.1473, 382), (73.86264, -135.2758, 394), (76.836975, -134.88422, 394), (74.85925, -124.94152, 394), (50, -115, 357), (55.85271, -115.57644, 357), (61.480503, -117.283615, 357), (68.829025, -116.49008, 354), (71.60066, -115.34203, 354), (68.829025, -116.49008, 357), (71.60066, -115.34203, 357), (64.51889, -107.75, 354), (64.51889, -107.75, 357), (67.11697, -106.25, 354), (67.11697, -106.25, 357), (71.60066, -115.34203, 378), (67.11697, -106.25, 378), (50, -95, 354), (50, -95, 357), (55.504745, -95.54217, 354), (59.104824, -99.64727, 354), (59.88936, -96.00164, 354), (55.504745, -95.54217, 357), (59.104824, -99.64727, 357), (59.88936, -96.00164, 357), (61.484882, -97.82099, 354), (61.484882, -97.82099, 357), (69.13417, -98.80602, 354), (69.13417, -98.80602, 357), (54.800777, -90.19923, 378), (61.484882, -97.82099, 378), (77.77851, -103.42652, 354), (77.77851, -103.42652, 357), (91.57348, -117.22149, 354), (91.57348, -117.22149, 357), (85.35534, -109.64466, 354), (85.35534, -109.64466, 357), (50, -115, 382), (55.85271, -115.57644, 382), (61.480503, -117.283615, 382), (68.829025, -116.49008, 394), (71.60066, -115.34203, 394), (64.51889, -107.75, 394), (67.11697, -106.25, 394), (52.679455, -92.32054, 394), (59.104824, -99.64727, 394), (54.800777, -90.19923, 394), (61.484882, -97.82099, 394), (43.466663, -156.64685, 449), (48.29629, -157.94095, 449), (44.615017, -150.87367, 449), (45, -145, 449), (43.466663, -156.64685, 472.1), (44.615017, -150.87367, 472.1), (45, -145, 472.1), (44.615017, -139.12633, 449), (43.466663, -133.35315, 449), (48.29629, -132.05905, 449), (41.574577, -127.77924, 449), (38.97114, -122.5, 449), (46.193977, -125.86583, 449), (43.30127, -120, 449), (44.615017, -139.12633, 472.1), (43.466663, -133.35315, 472.1), (41.574577, -127.77924, 472.1), (38.97114, -122.5, 472.1), (0, -100, 449), (5.8736787, -100.38498, 449), (11.646857, -101.53334, 449), (17.220755, -103.42542, 449), (22.5, -106.028854, 449), (0, -100, 472.1), (5.8736787, -100.38498, 472.1), (11.646857, -101.53334, 472.1), (17.220755, -103.42542, 472.1), (22.5, -106.028854, 472.1), (0, -95, 449), (6.5263095, -95.42776, 449), (12.940952, -96.70371, 449), (19.134172, -98.80602, 449), (35.7009, -117.605736, 449), (31.819805, -113.18019, 449), (27.394264, -109.2991, 449), (25, -101.69873, 449), (30.438072, -105.33234, 449), (35.35534, -109.64466, 449), (39.667667, -114.56193, 449), (35.7009, -117.605736, 472.1), (31.819805, -113.18019, 472.1), (27.394264, -109.2991, 472.1), (49.572243, -151.5263, 449), (50, -145, 449), (49.572243, -138.4737, 449), (0, -70.5, 366.5), (9.724201, -71.13736, 366.5), (0, -67.5, 366.5), (10.11578, -68.163025, 366.5), (14.060996, -72, 366.5), (20, -72, 366.5), (20, -70.12912, 366.5), (0, -67.5, 378), (10.11578, -68.163025, 378), (20.058475, -70.14075, 378), (29.657967, -73.39934, 378), (38.75, -77.88303, 378), (0, -70.5, 394), (9.724201, -71.13736, 394), (0, -67.5, 394), (10.11578, -68.163025, 394), (19.282019, -73.03853, 394), (20.058475, -70.14075, 394), (28.509916, -76.170975, 394), (29.657967, -73.39934, 394), (38.75, -77.88303, 394), (99.03926, -154.75452, 354), (99.03926, -154.75452, 357), (100, -145, 354), (100, -145, 357), (99.03926, -135.24548, 354), (99.03926, -135.24548, 357), (250, -270, 280), (250, -270, 285), (250, -263, 280), (253, -263, 280), (250, -263, 283), (250, -266, 285), (250, -261.38892, 287.92133), (250, -260.9567, 287.6903), (250, -260.48773, 287.54803), (250, -260, 287.5), (250, -259.51227, 287.54803), (250, -261.76776, 288.23224), (250, -262.07867, 288.61108), (250, -262.3097, 289.0433), (250, -262.45197, 289.51227), (250, -262.5, 290), (250, -262.45197, 290.48773), (250, -262.3097, 290.9567), (250, -262.07867, 291.38892), (255, -270, 280), (265, -270, 280), (255, -266, 280), (258.23224, -261.76776, 280), (258.61108, -262.07867, 280), (259.0433, -262.3097, 280), (259.51227, -262.45197, 280), (260, -262.5, 280), (257.92133, -261.38892, 280), (257.54803, -260.48773, 280), (257.6903, -260.9567, 280), (257.5, -260, 280), (257.54803, -259.51227, 280), (265, -266, 280), (260.48773, -262.45197, 280), (260.9567, -262.3097, 280), (261.38892, -262.07867, 280), (261.76776, -261.76776, 280), (262.07867, -261.38892, 280), (262.3097, -260.9567, 280), (262.45197, -260.48773, 280), (262.5, -260, 280), (262.45197, -259.51227, 280), (250, -257, 280), (253, -257, 280), (250, -257, 283), (250, -250, 280), (250, -259.0433, 287.6903), (250, -258.61108, 287.92133), (250, -257, 287.76263), (250, -258.23224, 288.23224), (250, -257.92133, 288.61108), (250, -257.6903, 289.0433), (250, -257.54803, 289.51227), (250, -257.5, 290), (250, -257.54803, 290.48773), (250, -257.6903, 290.9567), (250, -257.92133, 291.38892), (250, -254, 285), (250, -250, 285), (250, -250, 287), (253, -250, 287), (257.6903, -259.0433, 280), (257.92133, -258.61108, 280), (258.23224, -258.23224, 280), (258.61108, -257.92133, 280), (259.0433, -257.6903, 280), (259.51227, -257.54803, 280), (260, -257.5, 280), (255, -254, 280), (255, -250, 280), (255, -250, 284), (261.76776, -258.23224, 280), (260.9567, -257.6903, 280), (260.48773, -257.54803, 280), (261.38892, -257.92133, 280), (262.3097, -259.0433, 280), (262.07867, -258.61108, 280), (265, -254, 280), (265, -250, 280), (265, -250, 284), (258.61108, -250, 287.92133), (259.0433, -250, 287.6903), (259.51227, -250, 287.54803), (260, -250, 287.5), (257.92133, -250, 288.61108), (258.23224, -250, 288.23224), (257.6903, -250, 289.0433), (257.54803, -250, 289.51227), (257.5, -250, 290), (257.54803, -250, 290.48773), (257.6903, -250, 290.9567), (257.92133, -250, 291.38892), (260.48773, -250, 287.54803), (260.9567, -250, 287.6903), (261.38892, -250, 287.92133), (261.76776, -250, 288.23224), (262.07867, -250, 288.61108), (262.3097, -250, 289.0433), (262.45197, -250, 289.51227), (262.5, -250, 290), (262.45197, -250, 290.48773), (262.3097, -250, 290.9567), (262.07867, -250, 291.38892), (270, -270, 280), (267, -263, 280), (270, -263, 280), (267, -257, 280), (270, -257, 280), (270, -250, 280), (267, -250, 287), (270, -250, 287), (290, -291, 320), (290, -290, 320), (290, -290, 321), (289, -289, 319), (250, -270, 295), (250, -270, 300), (250, -266, 295), (250, -263, 292.23737), (250, -261.76776, 291.76776), (250, -261.38892, 292.07867), (250, -260.9567, 292.3097), (250, -260.48773, 292.45197), (250, -260, 292.5), (250, -259.51227, 292.45197), (250, -263, 297), (250, -263, 300), (253, -263, 300), (255, -270, 300), (265, -270, 300), (255, -266, 300), (258.23224, -261.76776, 300), (258.61108, -262.07867, 300), (259.0433, -262.3097, 300), (259.51227, -262.45197, 300), (260, -262.5, 300), (257.92133, -261.38892, 300), (257.6903, -260.9567, 300), (257.54803, -260.48773, 300), (257.5, -260, 300), (257.54803, -259.51227, 300), (265, -266, 300), (260.48773, -262.45197, 300), (260.9567, -262.3097, 300), (261.38892, -262.07867, 300), (261.76776, -261.76776, 300), (262.07867, -261.38892, 300), (262.3097, -260.9567, 300), (262.45197, -260.48773, 300), (262.5, -260, 300), (262.45197, -259.51227, 300), (250, -258.61108, 292.07867), (250, -259.0433, 292.3097), (250, -258.23224, 291.76776), (250, -257, 297), (250, -254, 295), (250, -250, 293), (250, -250, 295), (253, -250, 293), (250, -257, 300), (253, -257, 300), (250, -250, 300), (258.23224, -250, 291.76776), (258.61108, -250, 292.07867), (259.0433, -250, 292.3097), (259.51227, -250, 292.45197), (260, -250, 292.5), (255, -250, 296), (260.48773, -250, 292.45197), (260.9567, -250, 292.3097), (261.38892, -250, 292.07867), (261.76776, -250, 291.76776), (265, -250, 296), (257.6903, -259.0433, 300), (257.92133, -258.61108, 300), (258.23224, -258.23224, 300), (258.61108, -257.92133, 300), (259.0433, -257.6903, 300), (259.51227, -257.54803, 300), (260, -257.5, 300), (255, -254, 300), (255, -250, 300), (261.76776, -258.23224, 300), (260.48773, -257.54803, 300), (260.9567, -257.6903, 300), (261.38892, -257.92133, 300), (262.07867, -258.61108, 300), (262.3097, -259.0433, 300), (265, -254, 300), (265, -250, 300), (270, -270, 300), (267, -263, 300), (270, -263, 300), (272.4009, -275.517, 319), (272.35, -275, 319), (272.4009, -274.483, 319), (272.4009, -275.517, 321), (272.35, -275, 321), (272.4009, -274.483, 321), (273.12616, -276.87384, 319), (273.52774, -277.2034, 319), (273.9859, -277.44827, 319), (274.483, -277.5991, 319), (275, -277.65, 319), (273.12616, -276.87384, 321), (273.52774, -277.2034, 321), (273.9859, -277.44827, 321), (274.483, -277.5991, 321), (275, -277.65, 321), (272.7966, -276.47226, 319), (272.55173, -276.0141, 319), (272.7966, -276.47226, 321), (272.55173, -276.0141, 321), (275.517, -277.5991, 319), (276.0141, -277.44827, 319), (276.47226, -277.2034, 319), (276.87384, -276.87384, 319), (275.517, -277.5991, 321), (276.0141, -277.44827, 321), (276.47226, -277.2034, 321), (276.87384, -276.87384, 321), (277.2034, -276.47226, 319), (277.44827, -276.0141, 319), (277.5991, -275.517, 319), (277.65, -275, 319), (277.5991, -274.483, 319), (277.2034, -276.47226, 321), (277.44827, -276.0141, 321), (277.5991, -275.517, 321), (277.65, -275, 321), (277.5991, -274.483, 321), (272.55173, -273.9859, 319), (272.7966, -273.52774, 319), (273.12616, -273.12616, 319), (273.52774, -272.7966, 319), (273.9859, -272.55173, 319), (274.483, -272.4009, 319), (275, -272.35, 319), (272.55173, -273.9859, 321), (272.7966, -273.52774, 321), (273.12616, -273.12616, 321), (273.52774, -272.7966, 321), (273.9859, -272.55173, 321), (274.483, -272.4009, 321), (275, -272.35, 321), (276.87384, -273.12616, 319), (275.517, -272.4009, 319), (276.0141, -272.55173, 319), (276.47226, -272.7966, 319), (277.44827, -273.9859, 319), (277.2034, -273.52774, 319), (276.87384, -273.12616, 321), (275.517, -272.4009, 321), (276.0141, -272.55173, 321), (276.47226, -272.7966, 321), (277.44827, -273.9859, 321), (277.2034, -273.52774, 321), (267, -250, 293), (270, -250, 293), (267, -257, 300), (270, -257, 300), (270, -250, 300), (253.0709, -186.27264, 280), (252.5, -183.30127, 280), (253.0709, -180.3299, 280), (253, -187.77925, 287), (252.5, -185.17691, 287), (253, -182.57457, 287), (255, -190.07326, 284), (257.12988, -191.5466, 284), (260, -192.13763, 284), (262.87012, -191.5466, 284), (265, -190.07326, 284), (258.61108, -192.90233, 287.92133), (259.51227, -192.9879, 287.54803), (259.0433, -192.92944, 287.6903), (260, -193.07545, 287.5), (257.92133, -192.94511, 288.61108), (258.23224, -192.90762, 288.23224), (257.6903, -193.01335, 289.0433), (257.54803, -193.10971, 289.51227), (257.5, -193.23051, 290), (257.54803, -193.3711, 290.48773), (257.6903, -193.52605, 290.9567), (257.92133, -193.68944, 291.38892), (260.48773, -192.9879, 287.54803), (260.9567, -192.92944, 287.6903), (261.38892, -192.90233, 287.92133), (261.76776, -192.90762, 288.23224), (262.07867, -192.94511, 288.61108), (262.3097, -193.01335, 289.0433), (262.45197, -193.10971, 289.51227), (262.5, -193.23051, 290), (262.45197, -193.3711, 290.48773), (262.3097, -193.52605, 290.9567), (262.07867, -193.68944, 291.38892), (254.6967, -188.79166, 280), (255, -189.00146, 280), (265.3033, -188.79166, 280), (265, -189.00146, 280), (254.6967, -177.81088, 280), (255, -177.60107, 280), (255, -178.67288, 284), (257.12988, -177.19954, 284), (260, -176.60849, 284), (265.3033, -177.81088, 280), (265, -177.60107, 280), (262.87012, -177.19954, 284), (265, -178.67288, 284), (258.61108, -177.94524, 287.92133), (259.51227, -177.65962, 287.54803), (259.0433, -177.79433, 287.6903), (260, -177.54631, 287.5), (257.92133, -178.2721, 288.61108), (257.6903, -178.43547, 289.0433), (257.54803, -178.59044, 289.51227), (258.23224, -178.10655, 288.23224), (257.54803, -178.8518, 290.48773), (257.5, -178.73102, 290), (257.6903, -178.94818, 290.9567), (257.92133, -179.01642, 291.38892), (260.48773, -177.65962, 287.54803), (260.9567, -177.79433, 287.6903), (261.38892, -177.94524, 287.92133), (261.76776, -178.10655, 288.23224), (262.07867, -178.2721, 288.61108), (262.3097, -178.43547, 289.0433), (262.45197, -178.59044, 289.51227), (262.45197, -178.8518, 290.48773), (262.5, -178.73102, 290), (262.3097, -178.94818, 290.9567), (262.07867, -179.01642, 291.38892), (266.9291, -186.27264, 280), (267.5, -183.30127, 280), (266.9291, -180.3299, 280), (267, -187.77925, 287), (267.5, -185.17691, 287), (267, -182.57457, 287), (257.12988, -200.92482, 319), (254.6967, -199.77757, 321), (257.12988, -201.46071, 321), (260, -202.05176, 321), (260, -201.51585, 319), (262.87012, -200.92482, 319), (262.87012, -201.46071, 321), (265.3033, -199.77757, 321), (253.0709, -191.63162, 300), (253, -189.38695, 293), (252.5, -186.7846, 293), (253, -184.18227, 293), (252.5, -188.66025, 300), (253.0709, -185.68889, 300), (260, -194.4152, 292.5), (257.12988, -194.762, 296), (260, -195.35303, 296), (258.23224, -193.85497, 291.76776), (258.61108, -194.0163, 292.07867), (259.0433, -194.1672, 292.3097), (259.51227, -194.3019, 292.45197), (255, -193.28865, 296), (262.87012, -194.762, 296), (260.48773, -194.3019, 292.45197), (260.9567, -194.1672, 292.3097), (261.38892, -194.0163, 292.07867), (261.76776, -193.85497, 291.76776), (265, -193.28865, 296), (254.6967, -194.15063, 300), (255, -194.36044, 300), (265.3033, -194.15063, 300), (265, -194.36044, 300), (255, -181.88828, 296), (257.12988, -180.41493, 296), (260, -179.82388, 296), (262.87012, -180.41493, 296), (265, -181.88828, 296), (254.6967, -183.16988, 300), (255, -182.96007, 300), (265.3033, -183.16988, 300), (265, -182.96007, 300), (253.0709, -197.25856, 321), (253.0709, -196.72266, 319), (252.5, -193.75128, 319), (252.5, -194.28719, 321), (253.0709, -190.77992, 319), (253.0709, -191.31581, 321), (254.6967, -199.24167, 319), (265.3033, -199.24167, 319), (254.6967, -188.26091, 319), (254.6967, -188.7968, 321), (257.12988, -187.11366, 321), (257.12988, -186.57776, 319), (260, -185.98672, 319), (260, -186.52261, 321), (262.87012, -187.11366, 321), (262.87012, -186.57776, 319), (265.3033, -188.26091, 319), (265.3033, -188.7968, 321), (258.23224, -179.0539, 291.76776), (258.61108, -179.05919, 292.07867), (259.0433, -179.03209, 292.3097), (259.51227, -178.97363, 292.45197), (260, -178.88606, 292.5), (260.48773, -178.97363, 292.45197), (260.9567, -179.03209, 292.3097), (261.38892, -179.05919, 292.07867), (261.76776, -179.0539, 291.76776), (266.9291, -191.63162, 300), (267, -189.38695, 293), (267.5, -186.7846, 293), (267, -184.18227, 293), (267.5, -188.66025, 300), (266.9291, -185.68889, 300), (266.9291, -197.25856, 321), (266.9291, -196.72266, 319), (267.5, -193.75128, 319), (267.5, -194.28719, 321), (266.9291, -190.77992, 319), (266.9291, -191.31581, 321), (291, -290, 320), (257.12988, -222.5749, 399.7992), (254.6967, -221.0045, 400.22), (260, -223.12634, 399.65143), (262.87012, -222.5749, 399.7992), (265.3033, -221.0045, 400.22), (253.0709, -218.65424, 400.84973), (252.5, -215.8819, 401.5926), (253.0709, -213.10957, 402.33542), (254.6967, -210.75931, 402.96518), (265.3033, -210.75931, 402.96518), (257.12988, -209.1889, 403.38596), (260, -208.63747, 403.53372), (262.87012, -209.1889, 403.38596), (266.9291, -218.65424, 400.84973), (267.5, -215.8819, 401.5926), (266.9291, -213.10957, 402.33542), (273.52774, -139.7034, 319), (273.9859, -139.94829, 319), (274.483, -140.09908, 319), (275, -140.15, 319), (273.52774, -139.7034, 321), (273.9859, -139.94829, 321), (274.483, -140.09908, 321), (275, -140.15, 321), (275.517, -140.09908, 319), (276.0141, -139.94829, 319), (276.47226, -139.7034, 319), (275.517, -140.09908, 321), (276.0141, -139.94829, 321), (276.47226, -139.7034, 321), (272.4009, -138.01698, 319), (272.35, -137.5, 319), (272.4009, -138.01698, 321), (272.35, -137.5, 321), (272.4009, -136.98302, 319), (272.4009, -136.98302, 321), (272.7966, -138.97226, 319), (273.12616, -139.37384, 319), (272.55173, -138.51411, 319), (272.7966, -138.97226, 321), (273.12616, -139.37384, 321), (272.55173, -138.51411, 321), (272.55173, -136.48589, 319), (272.7966, -136.02774, 319), (273.12616, -135.62616, 319), (273.52774, -135.2966, 319), (273.9859, -135.05171, 319), (274.483, -134.90092, 319), (275, -134.85, 319), (272.55173, -136.48589, 321), (272.7966, -136.02774, 321), (273.12616, -135.62616, 321), (273.52774, -135.2966, 321), (273.9859, -135.05171, 321), (274.483, -134.90092, 321), (275, -134.85, 321), (276.87384, -139.37384, 319), (277.2034, -138.97226, 319), (277.44827, -138.51411, 319), (277.5991, -138.01698, 319), (277.65, -137.5, 319), (276.87384, -139.37384, 321), (277.2034, -138.97226, 321), (277.44827, -138.51411, 321), (277.5991, -138.01698, 321), (277.65, -137.5, 321), (275.517, -134.90092, 319), (276.0141, -135.05171, 319), (276.87384, -135.62616, 319), (276.47226, -135.2966, 319), (277.44827, -136.48589, 319), (277.5991, -136.98302, 319), (277.2034, -136.02774, 319), (275.517, -134.90092, 321), (276.0141, -135.05171, 321), (276.87384, -135.62616, 321), (276.47226, -135.2966, 321), (277.44827, -136.48589, 321), (277.5991, -136.98302, 321), (277.2034, -136.02774, 321), (272.4009, -0.51698935, 319), (272.4009, -0.51698935, 321), (274.483, -2.599081, 319), (275, -2.65, 319), (274.483, -2.599081, 321), (275, -2.65, 321), (273.12616, -1.873833, 319), (272.7966, -1.4722611, 319), (273.52774, -2.2033944, 319), (272.55173, -1.014111, 319), (273.9859, -2.4482808, 319), (273.12616, -1.873833, 321), (272.7966, -1.4722611, 321), (273.52774, -2.2033944, 321), (272.55173, -1.014111, 321), (273.9859, -2.4482808, 321), (275.517, -2.599081, 319), (275.517, -2.599081, 321), (276.0141, -2.4482808, 319), (276.47226, -2.2033944, 319), (276.87384, -1.873833, 319), (277.2034, -1.4722611, 319), (277.44827, -1.014111, 319), (277.5991, -0.51698935, 319), (276.0141, -2.4482808, 321), (276.47226, -2.2033944, 321), (276.87384, -1.873833, 321), (277.2034, -1.4722611, 321), (277.44827, -1.014111, 321), (277.5991, -0.51698935, 321), (45, 84, 148.5), (45, 84, 158.5), (45, 140, 148.5), (40, 140, 153.5), (58.71346, 119.47218, 140), (60.4635, 118.30284, 140), (59.472183, 118.713455, 140), (59.055458, 119.05546, 140), (59.94762, 118.45933, 140), (61, 118.25, 140), (61.5365, 118.30284, 140), (62.05238, 118.45933, 140), (62.527817, 118.713455, 140), (62.944542, 119.05546, 140), (63.28654, 119.47218, 140), (60, 84, 148.5), (60, 84, 158.5), (58.71346, 119.47218, 146), (60.4635, 118.30284, 146), (59.472183, 118.713455, 146), (59.055458, 119.05546, 146), (59.94762, 118.45933, 146), (61, 118.25, 146), (61.5365, 118.30284, 146), (62.05238, 118.45933, 146), (62.527817, 118.713455, 146), (62.944542, 119.05546, 146), (63.28654, 119.47218, 146), (58.45933, 119.947624, 140), (58.30284, 120.4635, 140), (58.25, 121, 140), (58.30284, 121.5365, 140), (58.45933, 122.052376, 140), (58.71346, 122.52782, 140), (59.055458, 122.94454, 140), (59.472183, 123.286545, 140), (59.94762, 123.54067, 140), (60.4635, 123.69716, 140), (63.54067, 119.947624, 140), (63.54067, 122.052376, 140), (61, 123.75, 140), (61.5365, 123.69716, 140), (62.05238, 123.54067, 140), (62.527817, 123.286545, 140), (63.28654, 122.52782, 140), (62.944542, 122.94454, 140), (63.69716, 120.4635, 140), (63.75, 121, 140), (63.69716, 121.5365, 140), (58.45933, 119.947624, 146), (58.30284, 120.4635, 146), (58.25, 121, 146), (58.30284, 121.5365, 146), (58.45933, 122.052376, 146), (58.71346, 122.52782, 146), (59.055458, 122.94454, 146), (59.472183, 123.286545, 146), (59.94762, 123.54067, 146), (60.4635, 123.69716, 146), (63.54067, 119.947624, 146), (63.54067, 122.052376, 146), (61, 123.75, 146), (61.5365, 123.69716, 146), (62.05238, 123.54067, 146), (62.527817, 123.286545, 146), (63.28654, 122.52782, 146), (62.944542, 122.94454, 146), (63.69716, 120.4635, 146), (63.75, 121, 146), (63.69716, 121.5365, 146), (65, 120, 171), (40, 140, 218.5), (45, 140, 223.5), (65, 120, 176), (95, 145, 176), (90, 140, 191), (95, 145, 191), (90, 140, 221), (116.713455, 119.47218, 140), (117.05546, 119.05546, 140), (117.947624, 118.45933, 140), (117.47218, 118.713455, 140), (118.4635, 118.30284, 140), (119, 118.25, 140), (119.5365, 118.30284, 140), (120.052376, 118.45933, 140), (120.52782, 118.713455, 140), (120.94454, 119.05546, 140), (121.286545, 119.47218, 140), (116.713455, 119.47218, 146), (117.05546, 119.05546, 146), (117.947624, 118.45933, 146), (117.47218, 118.713455, 146), (118.4635, 118.30284, 146), (119, 118.25, 146), (119.5365, 118.30284, 146), (120.052376, 118.45933, 146), (120.52782, 118.713455, 146), (120.94454, 119.05546, 146), (121.286545, 119.47218, 146), (116.45933, 119.947624, 140), (116.30284, 120.4635, 140), (116.25, 121, 140), (116.30284, 121.5365, 140), (116.45933, 122.052376, 140), (116.713455, 122.52782, 140), (117.05546, 122.94454, 140), (117.47218, 123.286545, 140), (117.947624, 123.54067, 140), (118.4635, 123.69716, 140), (119, 123.75, 140), (119.5365, 123.69716, 140), (120.52782, 123.286545, 140), (120.94454, 122.94454, 140), (120.052376, 123.54067, 140), (121.54067, 119.947624, 140), (121.69716, 120.4635, 140), (121.75, 121, 140), (121.69716, 121.5365, 140), (121.54067, 122.052376, 140), (121.286545, 122.52782, 140), (116.45933, 119.947624, 146), (116.30284, 120.4635, 146), (116.25, 121, 146), (116.30284, 121.5365, 146), (116.45933, 122.052376, 146), (116.713455, 122.52782, 146), (117.05546, 122.94454, 146), (117.47218, 123.286545, 146), (117.947624, 123.54067, 146), (118.4635, 123.69716, 146), (119, 123.75, 146), (119.5365, 123.69716, 146), (120.52782, 123.286545, 146), (120.94454, 122.94454, 146), (120.052376, 123.54067, 146), (121.54067, 119.947624, 146), (121.69716, 120.4635, 146), (121.75, 121, 146), (121.69716, 121.5365, 146), (121.54067, 122.052376, 146), (121.286545, 122.52782, 146), (165, 145, 176), (165, 145, 191), (170, 140, 191), (170, 140, 221), (40, 175, 153.5), (59.472183, 176.71346, 140), (60.4635, 176.30284, 140), (59.94762, 176.45934, 140), (58.71346, 177.47218, 140), (58.45933, 177.94762, 140), (58.25, 179, 140), (58.30284, 178.4635, 140), (59.055458, 177.05545, 140), (61, 176.25, 140), (61.5365, 176.30284, 140), (62.05238, 176.45934, 140), (62.527817, 176.71346, 140), (62.944542, 177.05545, 140), (63.28654, 177.47218, 140), (63.54067, 177.94762, 140), (63.69716, 178.4635, 140), (63.75, 179, 140), (58.30284, 179.5365, 140), (58.45933, 180.05238, 140), (58.71346, 180.52782, 140), (59.055458, 180.94455, 140), (59.472183, 181.28654, 140), (59.94762, 181.54066, 140), (60.4635, 181.69716, 140), (61, 181.75, 140), (61.5365, 181.69716, 140), (62.05238, 181.54066, 140), (63.54067, 180.05238, 140), (63.28654, 180.52782, 140), (62.527817, 181.28654, 140), (62.944542, 180.94455, 140), (63.69716, 179.5365, 140), (59.472183, 176.71346, 146), (60.4635, 176.30284, 146), (59.94762, 176.45934, 146), (58.71346, 177.47218, 146), (58.45933, 177.94762, 146), (58.25, 179, 146), (58.30284, 178.4635, 146), (59.055458, 177.05545, 146), (61, 176.25, 146), (61.5365, 176.30284, 146), (62.05238, 176.45934, 146), (62.527817, 176.71346, 146), (62.944542, 177.05545, 146), (63.28654, 177.47218, 146), (63.54067, 177.94762, 146), (63.69716, 178.4635, 146), (63.75, 179, 146), (58.30284, 179.5365, 146), (58.45933, 180.05238, 146), (58.71346, 180.52782, 146), (59.055458, 180.94455, 146), (59.472183, 181.28654, 146), (59.94762, 181.54066, 146), (60.4635, 181.69716, 146), (61, 181.75, 146), (61.5365, 181.69716, 146), (62.05238, 181.54066, 146), (63.54067, 180.05238, 146), (63.28654, 180.52782, 146), (62.527817, 181.28654, 146), (62.944542, 180.94455, 146), (63.69716, 179.5365, 146), (40, 175, 218.5), (67, 218, 176), (67, 218, 190), (67, 232, 176), (67, 232, 190), (83, 218, 176), (95, 215, 176), (83, 218, 190), (95, 215, 191), (83, 232, 176), (83, 232, 190), (90, 220, 191), (90, 220, 221), (65, 240, 171), (65, 240, 176), (117.47218, 176.71346, 140), (117.947624, 176.45934, 140), (116.45933, 177.94762, 140), (116.30284, 178.4635, 140), (116.25, 179, 140), (116.713455, 177.47218, 140), (117.05546, 177.05545, 140), (118.4635, 176.30284, 140), (119, 176.25, 140), (119.5365, 176.30284, 140), (120.052376, 176.45934, 140), (120.52782, 176.71346, 140), (120.94454, 177.05545, 140), (116.30284, 179.5365, 140), (116.45933, 180.05238, 140), (116.713455, 180.52782, 140), (117.05546, 180.94455, 140), (117.47218, 181.28654, 140), (117.947624, 181.54066, 140), (118.4635, 181.69716, 140), (119, 181.75, 140), (119.5365, 181.69716, 140), (120.052376, 181.54066, 140), (120.94454, 180.94455, 140), (120.52782, 181.28654, 140), (121.286545, 177.47218, 140), (121.54067, 177.94762, 140), (121.69716, 178.4635, 140), (121.75, 179, 140), (121.69716, 179.5365, 140), (121.54067, 180.05238, 140), (121.286545, 180.52782, 140), (117.47218, 176.71346, 146), (117.947624, 176.45934, 146), (116.45933, 177.94762, 146), (116.30284, 178.4635, 146), (116.25, 179, 146), (116.713455, 177.47218, 146), (117.05546, 177.05545, 146), (118.4635, 176.30284, 146), (119, 176.25, 146), (119.5365, 176.30284, 146), (120.052376, 176.45934, 146), (120.52782, 176.71346, 146), (120.94454, 177.05545, 146), (116.30284, 179.5365, 146), (116.45933, 180.05238, 146), (116.713455, 180.52782, 146), (117.05546, 180.94455, 146), (117.47218, 181.28654, 146), (117.947624, 181.54066, 146), (118.4635, 181.69716, 146), (119, 181.75, 146), (119.5365, 181.69716, 146), (120.052376, 181.54066, 146), (120.94454, 180.94455, 146), (120.52782, 181.28654, 146), (121.286545, 177.47218, 146), (121.54067, 177.94762, 146), (121.69716, 178.4635, 146), (121.75, 179, 146), (121.69716, 179.5365, 146), (121.54067, 180.05238, 146), (121.286545, 180.52782, 146), (152.71346, 213.47218, 140), (152.45934, 213.94762, 140), (153.47218, 212.71346, 140), (153.05545, 213.05545, 140), (153.94762, 212.45934, 140), (154.4635, 212.30284, 140), (155, 212.25, 140), (155.5365, 212.30284, 140), (156.05238, 212.45934, 140), (156.52782, 212.71346, 140), (156.94455, 213.05545, 140), (157.28654, 213.47218, 140), (152.30284, 214.4635, 140), (152.25, 215, 140), (152.30284, 215.5365, 140), (152.45934, 216.05238, 140), (152.71346, 216.52782, 140), (153.05545, 216.94455, 140), (153.47218, 217.28654, 140), (153.94762, 217.54066, 140), (157.28654, 216.52782, 140), (154.4635, 217.69716, 140), (155, 217.75, 140), (155.5365, 217.69716, 140), (156.52782, 217.28654, 140), (156.05238, 217.54066, 140), (156.94455, 216.94455, 140), (157.54066, 213.94762, 140), (157.69716, 214.4635, 140), (157.75, 215, 140), (157.69716, 215.5365, 140), (157.54066, 216.05238, 140), (170, 230, 140), (152.71346, 213.47218, 146), (152.45934, 213.94762, 146), (153.47218, 212.71346, 146), (153.05545, 213.05545, 146), (153.94762, 212.45934, 146), (154.4635, 212.30284, 146), (155, 212.25, 146), (155.5365, 212.30284, 146), (156.05238, 212.45934, 146), (156.52782, 212.71346, 146), (156.94455, 213.05545, 146), (157.28654, 213.47218, 146), (152.30284, 214.4635, 146), (152.25, 215, 146), (152.30284, 215.5365, 146), (152.45934, 216.05238, 146), (152.71346, 216.52782, 146), (153.05545, 216.94455, 146), (153.47218, 217.28654, 146), (153.94762, 217.54066, 146), (157.28654, 216.52782, 146), (154.4635, 217.69716, 146), (155, 217.75, 146), (155.5365, 217.69716, 146), (156.52782, 217.28654, 146), (156.05238, 217.54066, 146), (156.94455, 216.94455, 146), (157.54066, 213.94762, 146), (157.69716, 214.4635, 146), (157.75, 215, 146), (157.69716, 215.5365, 146), (157.54066, 216.05238, 146), (170, 230, 146), (165, 215, 176), (165, 215, 191), (177.5, 212.5, 176), (192.5, 212.5, 176), (177.5, 212.5, 188), (192.5, 212.5, 188), (177.5, 227.5, 176), (192.5, 227.5, 176), (170, 220, 191), (177.5, 227.5, 188), (192.5, 227.5, 188), (170, 220, 221), (331.5, 157.39412, 42.85459), (376.5, 157.39412, 42.85459), (331.5, 153.86223, 53.2592), (331.5, 151.71863, 64.0358), (331.5, 151, 75), (331.5, 151.71863, 85.9642), (331.5, 153.86223, 96.7408), (331.5, 157.39412, 107.14541), (376.5, 153.86223, 53.2592), (376.5, 151.71863, 64.0358), (376.5, 151, 75), (376.5, 151.71863, 85.9642), (376.5, 153.86223, 96.7408), (376.5, 157.39412, 107.14541), (195, 120, 171), (195, 120, 176), (270, 200, 30), (282, 200, 30), (270, 232, 40), (270, 238, 40), (282, 232, 40), (282, 238, 40), (282, 218.37016, 68.1117), (282, 217.34587, 71.48837), (290, 218.37016, 68.1117), (290, 217.34587, 71.48837), (282, 217, 75), (282, 217.34587, 78.51163), (290, 217, 75), (290, 217.34587, 78.51163), (270, 232, 60), (270, 238, 60), (282, 228.1117, 58.370167), (290, 228.1117, 58.370167), (282, 222.27208, 62.27208), (282, 220.03355, 64.99973), (282, 224.99974, 60.033546), (290, 222.27208, 62.27208), (290, 220.03355, 64.99973), (290, 224.99974, 60.033546), (290, 227.8, 62.529236), (282, 231.48837, 57.345863), (282, 232, 57.295475), (283, 232, 57.295475), (283, 235, 57), (282, 238, 57.295475), (283, 238, 57.295475), (282, 238.51163, 57.345863), (290, 231.48837, 57.345863), (290, 235, 57), (290, 238.51163, 57.345863), (283, 232, 60), (283, 238, 60), (270, 228.9896, 68.98959), (270, 226.66333, 73.341736), (270, 227.93251, 70.27766), (270, 227.14702, 71.74719), (270, 226.5, 75), (270, 226.66333, 76.658264), (270, 227.14702, 78.25281), (270, 227.93251, 79.72234), (270, 228.9896, 81.01041), (270, 230.27765, 67.93251), (270, 231.7472, 67.147026), (270, 233.34174, 66.66332), (270, 235, 66.5), (270, 236.65826, 66.66332), (270, 238.2528, 67.147026), (290, 228.9896, 68.98959), (290, 226.66333, 73.341736), (290, 227.93251, 70.27766), (290, 227.14702, 71.74719), (290, 220.6, 75), (290, 226.5, 75), (290, 226.66333, 76.658264), (290, 227.14702, 78.25281), (290, 227.93251, 79.72234), (290, 228.9896, 81.01041), (290, 230.27765, 67.93251), (290, 231.7472, 67.147026), (290, 233.34174, 66.66332), (290, 235, 66.5), (290, 236.65826, 66.66332), (290, 238.2528, 67.147026), (282, 218.37016, 81.8883), (290, 218.37016, 81.8883), (270, 230.27765, 82.06749), (270, 231.7472, 82.852974), (270, 233.34174, 83.33668), (270, 235, 83.5), (270, 236.65826, 83.33668), (270, 238.2528, 82.852974), (282, 220.03355, 85.00027), (282, 222.27208, 87.72792), (290, 220.03355, 85.00027), (290, 222.27208, 87.72792), (290, 227.8, 87.470764), (282, 224.99974, 89.96645), (282, 228.1117, 91.62983), (290, 224.99974, 89.96645), (290, 228.1117, 91.62983), (290, 230.27765, 82.06749), (290, 231.7472, 82.852974), (290, 233.34174, 83.33668), (290, 235, 83.5), (290, 236.65826, 83.33668), (290, 238.2528, 82.852974), (282, 231.48837, 92.65414), (282, 235, 93), (282, 238.51163, 92.65414), (290, 231.48837, 92.65414), (290, 235, 93), (290, 238.51163, 92.65414), (270, 270, 30), (282, 270, 30), (282, 241.8883, 58.370167), (290, 241.8883, 58.370167), (282, 245.00026, 60.033546), (282, 247.72792, 62.27208), (290, 242.2, 62.529236), (290, 245.00026, 60.033546), (290, 247.72792, 62.27208), (282, 249.96645, 64.99973), (290, 249.96645, 64.99973), (270, 239.72235, 67.93251), (270, 241.0104, 68.98959), (270, 242.06749, 70.27766), (270, 242.85298, 71.74719), (270, 243.33667, 73.341736), (270, 243.5, 75), (270, 243.33667, 76.658264), (270, 241.0104, 81.01041), (270, 242.85298, 78.25281), (270, 242.06749, 79.72234), (290, 239.72235, 67.93251), (290, 241.0104, 68.98959), (290, 242.06749, 70.27766), (290, 242.85298, 71.74719), (290, 243.33667, 73.341736), (290, 243.5, 75), (290, 243.33667, 76.658264), (290, 241.0104, 81.01041), (290, 242.85298, 78.25281), (290, 242.06749, 79.72234), (282, 251.62984, 68.1117), (282, 252.65413, 71.48837), (290, 251.62984, 68.1117), (290, 252.65413, 71.48837), (282, 253, 75), (282, 252.65413, 78.51163), (290, 249.4, 75), (290, 253, 75), (290, 252.65413, 78.51163), (270, 239.72235, 82.06749), (282, 247.72792, 87.72792), (290, 239.72235, 82.06749), (290, 242.2, 87.470764), (290, 247.72792, 87.72792), (282, 241.8883, 91.62983), (282, 245.00026, 89.96645), (290, 241.8883, 91.62983), (290, 245.00026, 89.96645), (282, 251.62984, 81.8883), (282, 249.96645, 85.00027), (290, 251.62984, 81.8883), (290, 249.96645, 85.00027), (331.5, 175.60303, 15.60303), (331.5, 193, 2.2538662), (331.5, 183.86404, 8.358319), (328, 192.3867, 19.465265), (331.5, 192.3867, 19.465265), (331.5, 168.35832, 23.86404), (331.5, 162.25386, 33), (328, 174.37822, 40), (331.5, 174.37822, 40), (328, 178.70834, 42.5), (328, 170.32843, 48.21216), (331.5, 170.32843, 48.21216), (328, 174.94783, 50.125576), (328, 185.50252, 25.502525), (331.5, 185.50252, 25.502525), (328, 179.46527, 32.3867), (328, 183.43204, 35.430508), (331.5, 179.46527, 32.3867), (328, 189.03806, 29.03806), (328, 195.43051, 23.432034), (331.5, 202.8546, -2.6058807), (331.5, 213.2592, -6.137769), (328, 208.21216, 10.328433), (331.5, 208.21216, 10.328433), (328, 200, 14.3782215), (331.5, 200, 14.3782215), (328, 202.5, 18.70835), (328, 216.88266, 7.3851924), (331.5, 216.88266, 7.3851924), (328, 218.17676, 12.214821), (328, 210.12558, 14.94783), (331.5, 224.0358, -8.281368), (328, 225.86316, 5.59886), (331.5, 225.86316, 5.59886), (331.5, 235, -9), (328, 235, 5), (331.5, 235, 5), (328, 226.5158, 10.556084), (328, 235, 10), (376.5, 175.60303, 15.60303), (376.5, 193, 2.2538662), (376.5, 183.86404, 8.358319), (376.5, 192.3867, 19.465265), (380, 192.3867, 19.465265), (376.5, 168.35832, 23.86404), (376.5, 162.25386, 33), (376.5, 174.37822, 40), (380, 174.37822, 40), (380, 178.70834, 42.5), (376.5, 170.32843, 48.21216), (380, 170.32843, 48.21216), (380, 174.94783, 50.125576), (376.5, 185.50252, 25.502525), (380, 185.50252, 25.502525), (376.5, 179.46527, 32.3867), (380, 179.46527, 32.3867), (380, 183.43204, 35.430508), (380, 189.03806, 29.03806), (380, 195.43051, 23.432034), (376.5, 202.8546, -2.6058807), (376.5, 213.2592, -6.137769), (376.5, 208.21216, 10.328433), (380, 208.21216, 10.328433), (376.5, 200, 14.3782215), (380, 200, 14.3782215), (380, 202.5, 18.70835), (376.5, 216.88266, 7.3851924), (380, 216.88266, 7.3851924), (380, 218.17676, 12.214821), (380, 210.12558, 14.94783), (376.5, 224.0358, -8.281368), (376.5, 225.86316, 5.59886), (380, 225.86316, 5.59886), (376.5, 235, -9), (376.5, 235, 5), (380, 235, 5), (380, 226.5158, 10.556084), (380, 235, 10), (328, 167.3852, 56.882668), (331.5, 167.3852, 56.882668), (328, 165.59886, 65.86317), (331.5, 165.59886, 65.86317), (328, 172.21483, 58.17676), (328, 165, 75), (331.5, 165, 75), (328, 170.55609, 66.5158), (328, 165.59886, 84.13683), (331.5, 165.59886, 84.13683), (328, 167.3852, 93.11733), (331.5, 167.3852, 93.11733), (328, 170.55609, 83.4842), (328, 172.21483, 91.823235), (328, 170.32843, 101.78784), (331.5, 170.32843, 101.78784), (328, 174.94783, 99.87442), (328, 174.37822, 110), (331.5, 174.37822, 110), (328, 178.70834, 107.5), (300, 227.8, 62.529236), (300, 228.65317, 70.129906), (300, 228.0718, 71), (300, 227.60896, 71.93853), (300, 227.2726, 72.92945), (300, 220.6, 75), (300, 227.06844, 73.95579), (300, 227, 75), (300, 227.06844, 76.04421), (300, 227.2726, 77.07055), (300, 227.60896, 78.06147), (300, 228.0718, 79), (300, 228.65317, 79.870094), (300, 230.12991, 68.653175), (300, 229.34314, 69.34315), (300, 231, 68.0718), (300, 231.93854, 67.60896), (300, 232.92944, 67.27259), (300, 233.9558, 67.06844), (300, 235, 67), (300, 236.0442, 67.06844), (300, 237.07056, 67.27259), (300, 238.06146, 67.60896), (300, 239, 68.0718), (300, 229.34314, 80.65685), (328, 228.65317, 70.129906), (328, 228.0718, 71), (328, 227.60896, 71.93853), (328, 227.2726, 72.92945), (328, 227.06844, 73.95579), (328, 227, 75), (328, 227.06844, 76.04421), (328, 227.2726, 77.07055), (328, 227.60896, 78.06147), (328, 228.0718, 79), (328, 228.65317, 79.870094), (328, 230.12991, 68.653175), (328, 229.34314, 69.34315), (328, 231, 68.0718), (328, 231.93854, 67.60896), (328, 232.92944, 67.27259), (328, 233.9558, 67.06844), (328, 235, 67), (328, 236.0442, 67.06844), (328, 237.07056, 67.27259), (328, 238.06146, 67.60896), (328, 239, 68.0718), (328, 229.34314, 80.65685), (300, 227.8, 87.470764), (300, 230.12991, 81.346825), (300, 231, 81.9282), (300, 231.93854, 82.39104), (300, 232.92944, 82.72741), (300, 233.9558, 82.93156), (300, 235, 83), (300, 236.0442, 82.93156), (300, 237.07056, 82.72741), (300, 239, 81.9282), (300, 238.06146, 82.39104), (328, 230.12991, 81.346825), (328, 231, 81.9282), (328, 231.93854, 82.39104), (328, 232.92944, 82.72741), (328, 233.9558, 82.93156), (328, 235, 83), (328, 236.0442, 82.93156), (328, 237.07056, 82.72741), (328, 239, 81.9282), (328, 238.06146, 82.39104), (376.5, 167.3852, 56.882668), (380, 167.3852, 56.882668), (376.5, 165.59886, 65.86317), (380, 165.59886, 65.86317), (376.5, 165, 75), (380, 165, 75), (376.5, 165.59886, 84.13683), (380, 165.59886, 84.13683), (376.5, 167.3852, 93.11733), (380, 167.3852, 93.11733), (376.5, 170.32843, 101.78784), (380, 170.32843, 101.78784), (376.5, 174.37822, 110), (380, 174.37822, 110), (380, 178.70834, 107.5), (380, 228.65317, 70.129906), (380, 228.0718, 71), (380, 227.60896, 71.93853), (380, 227.2726, 72.92945), (387.5, 228.65317, 70.129906), (387.5, 228.0718, 71), (387.5, 227.60896, 71.93853), (387.5, 227.2726, 72.92945), (380, 227.06844, 73.95579), (380, 227, 75), (380, 227.06844, 76.04421), (380, 227.2726, 77.07055), (380, 227.60896, 78.06147), (380, 228.0718, 79), (380, 228.65317, 79.870094), (387.5, 227.06844, 73.95579), (387.5, 227, 75), (387.5, 227.06844, 76.04421), (387.5, 227.2726, 77.07055), (387.5, 227.60896, 78.06147), (387.5, 228.0718, 79), (387.5, 228.65317, 79.870094), (380, 230.12991, 68.653175), (380, 229.34314, 69.34315), (380, 231, 68.0718), (380, 231.93854, 67.60896), (380, 232.92944, 67.27259), (380, 233.9558, 67.06844), (380, 235, 67), (380, 236.0442, 67.06844), (380, 237.07056, 67.27259), (380, 238.06146, 67.60896), (380, 239, 68.0718), (387.5, 230.12991, 68.653175), (387.5, 229.34314, 69.34315), (387.5, 231, 68.0718), (387.5, 231.93854, 67.60896), (387.5, 232.92944, 67.27259), (387.5, 233.9558, 67.06844), (387.5, 235, 67), (387.5, 236.0442, 67.06844), (387.5, 237.07056, 67.27259), (387.5, 238.06146, 67.60896), (387.5, 239, 68.0718), (380, 229.34314, 80.65685), (387.5, 229.34314, 80.65685), (380, 230.12991, 81.346825), (380, 231, 81.9282), (380, 231.93854, 82.39104), (380, 232.92944, 82.72741), (380, 233.9558, 82.93156), (380, 235, 83), (380, 236.0442, 82.93156), (380, 237.07056, 82.72741), (380, 239, 81.9282), (380, 238.06146, 82.39104), (387.5, 230.12991, 81.346825), (387.5, 231, 81.9282), (387.5, 231.93854, 82.39104), (387.5, 232.92944, 82.72741), (387.5, 233.9558, 82.93156), (387.5, 235, 83), (387.5, 236.0442, 82.93156), (387.5, 237.07056, 82.72741), (387.5, 239, 81.9282), (387.5, 238.06146, 82.39104), (331.5, 245.9642, -8.281368), (328, 244.13684, 5.59886), (331.5, 244.13684, 5.59886), (331.5, 256.7408, -6.137769), (328, 243.4842, 10.556084), (328, 253.11734, 7.3851924), (331.5, 253.11734, 7.3851924), (328, 251.82324, 12.214821), (331.5, 267.14542, -2.6058807), (331.5, 277, 2.2538662), (328, 261.78784, 10.328433), (331.5, 261.78784, 10.328433), (328, 259.87442, 14.94783), (328, 267.5, 18.70835), (328, 270, 14.3782215), (331.5, 270, 14.3782215), (328, 277.6133, 19.465265), (331.5, 277.6133, 19.465265), (328, 274.5695, 23.432034), (331.5, 286.13596, 8.358319), (331.5, 294.39697, 15.60303), (328, 284.49747, 25.502525), (331.5, 284.49747, 25.502525), (328, 280.96194, 29.03806), (328, 286.56796, 35.430508), (328, 290.53473, 32.3867), (331.5, 290.53473, 32.3867), (328, 291.29166, 42.5), (328, 295.62177, 40), (331.5, 295.62177, 40), (328, 295.05215, 50.125576), (331.5, 301.6417, 23.86404), (331.5, 307.74612, 33), (328, 299.67157, 48.21216), (331.5, 299.67157, 48.21216), (331.5, 312.60587, 42.85459), (376.5, 245.9642, -8.281368), (376.5, 244.13684, 5.59886), (380, 244.13684, 5.59886), (376.5, 256.7408, -6.137769), (380, 243.4842, 10.556084), (376.5, 253.11734, 7.3851924), (380, 253.11734, 7.3851924), (380, 251.82324, 12.214821), (376.5, 267.14542, -2.6058807), (376.5, 277, 2.2538662), (376.5, 261.78784, 10.328433), (380, 261.78784, 10.328433), (380, 259.87442, 14.94783), (380, 267.5, 18.70835), (376.5, 270, 14.3782215), (380, 270, 14.3782215), (376.5, 277.6133, 19.465265), (380, 277.6133, 19.465265), (380, 274.5695, 23.432034), (376.5, 286.13596, 8.358319), (376.5, 294.39697, 15.60303), (376.5, 284.49747, 25.502525), (380, 284.49747, 25.502525), (380, 280.96194, 29.03806), (376.5, 290.53473, 32.3867), (380, 290.53473, 32.3867), (376.5, 295.62177, 40), (380, 295.62177, 40), (376.5, 301.6417, 23.86404), (376.5, 307.74612, 33), (376.5, 299.67157, 48.21216), (380, 299.67157, 48.21216), (376.5, 312.60587, 42.85459), (300, 242.2, 62.529236), (300, 239.87009, 68.653175), (300, 240.65686, 69.34315), (300, 241.34683, 70.129906), (300, 241.9282, 71), (300, 242.39104, 71.93853), (300, 242.7274, 72.92945), (300, 242.93156, 73.95579), (300, 243, 75), (300, 242.93156, 76.04421), (300, 242.7274, 77.07055), (300, 241.34683, 79.870094), (300, 240.65686, 80.65685), (300, 242.39104, 78.06147), (300, 241.9282, 79), (300, 249.4, 75), (328, 239.87009, 68.653175), (328, 240.65686, 69.34315), (328, 241.34683, 70.129906), (328, 241.9282, 71), (328, 242.39104, 71.93853), (328, 242.7274, 72.92945), (328, 242.93156, 73.95579), (328, 243, 75), (328, 242.93156, 76.04421), (328, 242.7274, 77.07055), (328, 241.34683, 79.870094), (328, 240.65686, 80.65685), (328, 242.39104, 78.06147), (328, 241.9282, 79), (300, 239.87009, 81.346825), (300, 242.2, 87.470764), (328, 239.87009, 81.346825), (328, 297.7852, 58.17676), (328, 302.6148, 56.882668), (331.5, 302.6148, 56.882668), (328, 304.40115, 65.86317), (331.5, 304.40115, 65.86317), (331.5, 316.13776, 53.2592), (331.5, 318.28137, 64.0358), (328, 299.4439, 66.5158), (328, 305, 75), (331.5, 305, 75), (331.5, 319, 75), (328, 297.7852, 91.823235), (328, 295.05215, 99.87442), (328, 291.29166, 107.5), (328, 295.62177, 110), (331.5, 295.62177, 110), (328, 299.4439, 83.4842), (328, 304.40115, 84.13683), (331.5, 304.40115, 84.13683), (328, 302.6148, 93.11733), (331.5, 302.6148, 93.11733), (331.5, 318.28137, 85.9642), (328, 299.67157, 101.78784), (331.5, 299.67157, 101.78784), (331.5, 316.13776, 96.7408), (331.5, 312.60587, 107.14541), (380, 239.87009, 68.653175), (380, 240.65686, 69.34315), (380, 241.34683, 70.129906), (380, 241.9282, 71), (380, 242.39104, 71.93853), (380, 242.7274, 72.92945), (387.5, 239.87009, 68.653175), (387.5, 240.65686, 69.34315), (387.5, 241.34683, 70.129906), (387.5, 241.9282, 71), (387.5, 242.39104, 71.93853), (387.5, 242.7274, 72.92945), (380, 242.93156, 73.95579), (380, 243, 75), (380, 242.93156, 76.04421), (380, 242.7274, 77.07055), (380, 241.34683, 79.870094), (380, 240.65686, 80.65685), (380, 242.39104, 78.06147), (380, 241.9282, 79), (387.5, 242.93156, 73.95579), (387.5, 243, 75), (387.5, 242.93156, 76.04421), (387.5, 242.7274, 77.07055), (387.5, 241.34683, 79.870094), (387.5, 240.65686, 80.65685), (387.5, 242.39104, 78.06147), (387.5, 241.9282, 79), (380, 239.87009, 81.346825), (387.5, 239.87009, 81.346825), (376.5, 302.6148, 56.882668), (380, 302.6148, 56.882668), (376.5, 304.40115, 65.86317), (380, 304.40115, 65.86317), (376.5, 316.13776, 53.2592), (376.5, 318.28137, 64.0358), (376.5, 305, 75), (380, 305, 75), (376.5, 319, 75), (376.5, 295.62177, 110), (380, 295.62177, 110), (376.5, 304.40115, 84.13683), (380, 304.40115, 84.13683), (376.5, 302.6148, 93.11733), (380, 302.6148, 93.11733), (376.5, 318.28137, 85.9642), (376.5, 299.67157, 101.78784), (380, 299.67157, 101.78784), (376.5, 316.13776, 96.7408), (376.5, 312.60587, 107.14541), (235, 190, 112), (235, 190, 120), (248.05545, 198.05545, 112), (247.45934, 198.94762, 112), (247.71346, 198.47218, 112), (248.94762, 197.45934, 112), (248.47218, 197.71346, 112), (249.4635, 197.30284, 112), (250, 197.25, 112), (250.5365, 197.30284, 112), (251.05238, 197.45934, 112), (251.94455, 198.05545, 112), (251.52782, 197.71346, 112), (252.28654, 198.47218, 112), (252.54066, 198.94762, 112), (248.05545, 198.05545, 120), (247.45934, 198.94762, 120), (247.71346, 198.47218, 120), (250, 190, 120), (248.94762, 197.45934, 120), (248.47218, 197.71346, 120), (249.4635, 197.30284, 120), (250, 197.25, 120), (250.5365, 197.30284, 120), (251.05238, 197.45934, 120), (251.52782, 197.71346, 120), (251.94455, 198.05545, 120), (252.28654, 198.47218, 120), (252.54066, 198.94762, 120), (255, 190, 120), (265, 190, 120), (270, 190, 120), (287.45932, 198.94762, 112), (288.05545, 198.05545, 112), (288.94763, 197.45934, 112), (288.47217, 197.71346, 112), (287.71347, 198.47218, 112), (289.4635, 197.30284, 112), (290, 197.25, 112), (290.5365, 197.30284, 112), (289, 190, 120), (287.45932, 198.94762, 120), (288.05545, 198.05545, 120), (288.94763, 197.45934, 120), (289, 197.44344, 120), (288.47217, 197.71346, 120), (287.71347, 198.47218, 120), (289.4635, 197.30284, 120), (290, 197.25, 120), (290.5365, 197.30284, 120), (247.30284, 199.4635, 112), (247.25, 200, 112), (247.30284, 200.5365, 112), (247.45934, 201.05238, 112), (247.71346, 201.52782, 112), (248.05545, 201.94455, 112), (248.47218, 202.28654, 112), (248.94762, 202.54066, 112), (249.4635, 202.69716, 112), (250, 202.75, 112), (250.5365, 202.69716, 112), (251.05238, 202.54066, 112), (252.69716, 199.4635, 112), (252.75, 200, 112), (252.69716, 200.5365, 112), (252.54066, 201.05238, 112), (252.28654, 201.52782, 112), (251.94455, 201.94455, 112), (251.52782, 202.28654, 112), (247.30284, 199.4635, 120), (247.25, 200, 120), (247.30284, 200.5365, 120), (247.45934, 201.05238, 120), (247.71346, 201.52782, 120), (248.05545, 201.94455, 120), (248.47218, 202.28654, 120), (248.94762, 202.54066, 120), (249.4635, 202.69716, 120), (250, 202.75, 120), (250.5365, 202.69716, 120), (251.05238, 202.54066, 120), (252.69716, 199.4635, 120), (252.75, 200, 120), (252.69716, 200.5365, 120), (252.54066, 201.05238, 120), (252.28654, 201.52782, 120), (251.52782, 202.28654, 120), (251.94455, 201.94455, 120), (248.05545, 218.05545, 112), (247.45934, 218.94762, 112), (247.71346, 218.47218, 112), (248.94762, 217.45934, 112), (248.47218, 217.71346, 112), (249.4635, 217.30284, 112), (250, 217.25, 112), (250.5365, 217.30284, 112), (251.05238, 217.45934, 112), (251.94455, 218.05545, 112), (251.52782, 217.71346, 112), (252.28654, 218.47218, 112), (252.54066, 218.94762, 112), (248.05545, 218.05545, 120), (247.45934, 218.94762, 120), (247.71346, 218.47218, 120), (248.94762, 217.45934, 120), (248.47218, 217.71346, 120), (249.4635, 217.30284, 120), (250, 217.25, 120), (250.5365, 217.30284, 120), (251.05238, 217.45934, 120), (251.52782, 217.71346, 120), (251.94455, 218.05545, 120), (252.28654, 218.47218, 120), (252.54066, 218.94762, 120), (247.30284, 219.4635, 112), (247.25, 220, 112), (247.30284, 220.5365, 112), (247.45934, 221.05238, 112), (247.71346, 221.52782, 112), (248.05545, 221.94455, 112), (248.47218, 222.28654, 112), (248.94762, 222.54066, 112), (249.4635, 222.69716, 112), (250, 222.75, 112), (250.5365, 222.69716, 112), (251.05238, 222.54066, 112), (252.69716, 219.4635, 112), (252.75, 220, 112), (252.69716, 220.5365, 112), (252.54066, 221.05238, 112), (252.28654, 221.52782, 112), (251.94455, 221.94455, 112), (251.52782, 222.28654, 112), (247.30284, 219.4635, 120), (247.25, 220, 120), (247.30284, 220.5365, 120), (247.45934, 221.05238, 120), (247.71346, 221.52782, 120), (248.05545, 221.94455, 120), (248.47218, 222.28654, 120), (248.94762, 222.54066, 120), (249.4635, 222.69716, 120), (250, 222.75, 120), (250.5365, 222.69716, 120), (251.05238, 222.54066, 120), (252.69716, 219.4635, 120), (252.75, 220, 120), (252.69716, 220.5365, 120), (252.54066, 221.05238, 120), (252.28654, 221.52782, 120), (251.52782, 222.28654, 120), (251.94455, 221.94455, 120), (247.45934, 238.94762, 112), (247.71346, 238.47218, 112), (248.05545, 238.05545, 112), (248.94762, 237.45934, 112), (248.47218, 237.71346, 112), (249.4635, 237.30284, 112), (250, 237.25, 112), (250.5365, 237.30284, 112), (251.05238, 237.45934, 112), (251.52782, 237.71346, 112), (251.94455, 238.05545, 112), (252.28654, 238.47218, 112), (252.54066, 238.94762, 112), (247.45934, 238.94762, 120), (247.71346, 238.47218, 120), (248.05545, 238.05545, 120), (248.94762, 237.45934, 120), (248.47218, 237.71346, 120), (249.4635, 237.30284, 120), (250, 237.25, 120), (250.5365, 237.30284, 120), (251.05238, 237.45934, 120), (251.52782, 237.71346, 120), (251.94455, 238.05545, 120), (252.28654, 238.47218, 120), (252.54066, 238.94762, 120), (270, 200, 112), (282, 200, 112), (287.30283, 199.4635, 112), (287.25, 200, 112), (287.30283, 200.5365, 112), (287.45932, 201.05238, 112), (287.71347, 201.52782, 112), (288.05545, 201.94455, 112), (288.47217, 202.28654, 112), (288.94763, 202.54066, 112), (289.4635, 202.69716, 112), (290, 202.75, 112), (290.5365, 202.69716, 112), (287.30283, 199.4635, 120), (287.25, 200, 120), (287.30283, 200.5365, 120), (287.45932, 201.05238, 120), (287.71347, 201.52782, 120), (288.05545, 201.94455, 120), (288.47217, 202.28654, 120), (288.94763, 202.54066, 120), (289, 202.55656, 120), (289.4635, 202.69716, 120), (290, 202.75, 120), (290.5365, 202.69716, 120), (287.45932, 218.94762, 112), (288.05545, 218.05545, 112), (288.94763, 217.45934, 112), (288.47217, 217.71346, 112), (287.71347, 218.47218, 112), (289.4635, 217.30284, 112), (290, 217.25, 112), (290.5365, 217.30284, 112), (287.45932, 218.94762, 120), (288.05545, 218.05545, 120), (288.94763, 217.45934, 120), (288.47217, 217.71346, 120), (289, 217.44344, 120), (287.71347, 218.47218, 120), (289.4635, 217.30284, 120), (290, 217.25, 120), (290.5365, 217.30284, 120), (287.30283, 219.4635, 112), (287.25, 220, 112), (287.30283, 220.5365, 112), (287.45932, 221.05238, 112), (287.71347, 221.52782, 112), (288.05545, 221.94455, 112), (288.47217, 222.28654, 112), (288.94763, 222.54066, 112), (289.4635, 222.69716, 112), (290, 222.75, 112), (290.5365, 222.69716, 112), (287.30283, 219.4635, 120), (287.25, 220, 120), (287.30283, 220.5365, 120), (287.45932, 221.05238, 120), (287.71347, 221.52782, 120), (288.05545, 221.94455, 120), (288.47217, 222.28654, 120), (288.94763, 222.54066, 120), (289, 222.55656, 120), (289.4635, 222.69716, 120), (290, 222.75, 120), (290.5365, 222.69716, 120), (287.45932, 238.94762, 112), (288.47217, 237.71346, 112), (288.94763, 237.45934, 112), (287.71347, 238.47218, 112), (288.05545, 238.05545, 112), (289.4635, 237.30284, 112), (290, 237.25, 112), (290.5365, 237.30284, 112), (287.45932, 238.94762, 120), (288.47217, 237.71346, 120), (288.94763, 237.45934, 120), (289, 237.44344, 120), (287.71347, 238.47218, 120), (288.05545, 238.05545, 120), (289.4635, 237.30284, 120), (290, 237.25, 120), (290.5365, 237.30284, 120), (235, 250, 120), (235, 257, 120), (235, 263, 120), (235, 270, 112), (235, 270, 120), (195, 240, 171), (247.30284, 239.4635, 112), (247.25, 240, 112), (247.30284, 240.5365, 112), (247.45934, 241.05238, 112), (247.71346, 241.52782, 112), (248.05545, 241.94455, 112), (248.47218, 242.28654, 112), (248.94762, 242.54066, 112), (249.4635, 242.69716, 112), (250, 242.75, 112), (250.5365, 242.69716, 112), (251.05238, 242.54066, 112), (252.69716, 239.4635, 112), (252.75, 240, 112), (252.54066, 241.05238, 112), (252.69716, 240.5365, 112), (252.28654, 241.52782, 112), (251.94455, 241.94455, 112), (251.52782, 242.28654, 112), (247.30284, 239.4635, 120), (247.25, 240, 120), (247.30284, 240.5365, 120), (247.45934, 241.05238, 120), (247.71346, 241.52782, 120), (248.05545, 241.94455, 120), (248.47218, 242.28654, 120), (248.94762, 242.54066, 120), (249.4635, 242.69716, 120), (250, 242.75, 120), (250.5365, 242.69716, 120), (251.05238, 242.54066, 120), (252.69716, 239.4635, 120), (252.75, 240, 120), (252.69716, 240.5365, 120), (252.54066, 241.05238, 120), (252.28654, 241.52782, 120), (251.94455, 241.94455, 120), (251.52782, 242.28654, 120), (247.45934, 258.94763, 112), (247.71346, 258.47217, 112), (248.05545, 258.05545, 112), (248.94762, 257.45932, 112), (248.47218, 257.71347, 112), (249.4635, 257.30283, 112), (250, 257.25, 112), (250.5365, 257.30283, 112), (251.05238, 257.45932, 112), (251.52782, 257.71347, 112), (251.94455, 258.05545, 112), (252.28654, 258.47217, 112), (252.54066, 258.94763, 112), (247.45934, 258.94763, 120), (247.71346, 258.47217, 120), (248.05545, 258.05545, 120), (250, 250, 120), (250, 250, 125), (250, 254, 125), (248.94762, 257.45932, 120), (248.47218, 257.71347, 120), (249.4635, 257.30283, 120), (250, 257.25, 120), (250, 257, 120), (250.5365, 257.30283, 120), (251.05238, 257.45932, 120), (251.52782, 257.71347, 120), (251.94455, 258.05545, 120), (252.28654, 258.47217, 120), (252.54066, 258.94763, 120), (253, 257, 120), (250, 257, 123), (255, 250, 120), (255, 254, 120), (255, 250, 124), (258.61108, 257.92133, 120), (257.92133, 258.61108, 120), (257.6903, 259.0433, 120), (258.23224, 258.23224, 120), (259.0433, 257.6903, 120), (259.51227, 257.54803, 120), (260, 257.5, 120), (265, 250, 120), (265, 254, 120), (265, 250, 124), (260.48773, 257.54803, 120), (260.9567, 257.6903, 120), (261.38892, 257.92133, 120), (261.76776, 258.23224, 120), (262.07867, 258.61108, 120), (262.3097, 259.0433, 120), (250, 250, 127), (253, 250, 127), (250, 250, 133), (253, 250, 133), (250, 259.0433, 127.6903), (250, 258.61108, 127.921326), (250, 257.92133, 128.61107), (250, 257.6903, 129.04329), (250, 257.54803, 129.51227), (250, 257.5, 130), (250, 258.23224, 128.23224), (250, 257.54803, 130.48773), (250, 257.6903, 130.95671), (250, 257.92133, 131.38893), (250, 258.23224, 131.76776), (250, 257, 132.23735), (250, 258.61108, 132.07867), (250, 259.0433, 132.3097), (250, 250, 135), (250, 254, 135), (250, 250, 140), (250, 257, 137), (250, 257, 140), (253, 257, 140), (258.61108, 250, 127.921326), (259.0433, 250, 127.6903), (259.51227, 250, 127.548035), (260, 250, 127.5), (257.92133, 250, 128.61107), (257.6903, 250, 129.04329), (258.23224, 250, 128.23224), (257.54803, 250, 129.51227), (257.5, 250, 130), (255, 250, 132.34526), (257.54803, 250, 130.48773), (257.6903, 250, 130.95671), (257.92133, 250, 131.38893), (258.23224, 250, 131.76776), (258.61108, 250, 132.07867), (259.0433, 250, 132.3097), (259.51227, 250, 132.45197), (260, 250, 132.5), (260.48773, 250, 127.548035), (260.9567, 250, 127.6903), (261.38892, 250, 127.921326), (261.76776, 250, 128.23224), (262.07867, 250, 128.61107), (262.3097, 250, 129.04329), (262.45197, 250, 129.51227), (262.5, 250, 130), (261.76776, 250, 131.76776), (262.45197, 250, 130.48773), (262.3097, 250, 130.95671), (262.07867, 250, 131.38893), (260.9567, 250, 132.3097), (260.48773, 250, 132.45197), (261.38892, 250, 132.07867), (255, 250, 136), (255, 250, 140), (255, 254, 140), (258.61108, 257.92133, 140), (257.92133, 258.61108, 140), (257.6903, 259.0433, 140), (258.23224, 258.23224, 140), (259.0433, 257.6903, 140), (259.51227, 257.54803, 140), (260, 257.5, 140), (265, 250, 136), (265, 250, 140), (265, 254, 140), (260.48773, 257.54803, 140), (260.9567, 257.6903, 140), (261.38892, 257.92133, 140), (261.76776, 258.23224, 140), (262.07867, 258.61108, 140), (262.3097, 259.0433, 140), (247.30284, 259.4635, 112), (247.25, 260, 112), (247.30284, 260.5365, 112), (247.45934, 261.05237, 112), (247.71346, 261.52783, 112), (248.05545, 261.94455, 112), (248.47218, 262.28653, 112), (248.94762, 262.54068, 112), (249.4635, 262.69717, 112), (250, 262.75, 112), (250.5365, 262.69717, 112), (251.05238, 262.54068, 112), (252.69716, 259.4635, 112), (252.75, 260, 112), (252.54066, 261.05237, 112), (252.69716, 260.5365, 112), (252.28654, 261.52783, 112), (251.94455, 261.94455, 112), (251.52782, 262.28653, 112), (247.30284, 259.4635, 120), (247.25, 260, 120), (247.30284, 260.5365, 120), (247.45934, 261.05237, 120), (247.71346, 261.52783, 120), (248.05545, 261.94455, 120), (248.47218, 262.28653, 120), (248.94762, 262.54068, 120), (249.4635, 262.69717, 120), (250, 262.75, 120), (250.5365, 262.69717, 120), (251.05238, 262.54068, 120), (250, 263, 120), (252.69716, 259.4635, 120), (252.75, 260, 120), (252.54066, 261.05237, 120), (252.69716, 260.5365, 120), (252.28654, 261.52783, 120), (251.94455, 261.94455, 120), (251.52782, 262.28653, 120), (253, 263, 120), (250, 263, 123), (250, 266, 125), (250, 270, 120), (250, 270, 125), (257.54803, 259.51227, 120), (257.5, 260, 120), (257.6903, 260.9567, 120), (257.54803, 260.48773, 120), (257.92133, 261.38892, 120), (258.23224, 261.76776, 120), (258.61108, 262.07867, 120), (259.0433, 262.3097, 120), (259.51227, 262.45197, 120), (260, 262.5, 120), (255, 266, 120), (262.45197, 259.51227, 120), (262.5, 260, 120), (262.45197, 260.48773, 120), (262.3097, 260.9567, 120), (262.07867, 261.38892, 120), (260.9567, 262.3097, 120), (260.48773, 262.45197, 120), (261.76776, 261.76776, 120), (261.38892, 262.07867, 120), (265, 266, 120), (255, 270, 120), (265, 270, 120), (250, 259.51227, 127.548035), (250, 260, 127.5), (250, 260.48773, 127.548035), (250, 260.9567, 127.6903), (250, 261.38892, 127.921326), (250, 263, 127.76264), (250, 261.76776, 128.23224), (250, 262.07867, 128.61107), (250, 262.3097, 129.04329), (250, 262.45197, 129.51227), (250, 262.5, 130), (250, 259.51227, 132.45197), (250, 260, 132.5), (250, 260.9567, 132.3097), (250, 260.48773, 132.45197), (250, 261.38892, 132.07867), (250, 262.45197, 130.48773), (250, 262.3097, 130.95671), (250, 262.07867, 131.38893), (250, 261.76776, 131.76776), (250, 263, 137), (250, 263, 140), (253, 263, 140), (250, 266, 135), (250, 270, 135), (250, 270, 140), (257.54803, 259.51227, 140), (257.5, 260, 140), (257.54803, 260.48773, 140), (257.6903, 260.9567, 140), (257.92133, 261.38892, 140), (258.23224, 261.76776, 140), (258.61108, 262.07867, 140), (259.0433, 262.3097, 140), (259.51227, 262.45197, 140), (260, 262.5, 140), (255, 266, 140), (262.45197, 259.51227, 140), (262.5, 260, 140), (262.3097, 260.9567, 140), (262.45197, 260.48773, 140), (262.07867, 261.38892, 140), (260.9567, 262.3097, 140), (260.48773, 262.45197, 140), (261.76776, 261.76776, 140), (261.38892, 262.07867, 140), (265, 266, 140), (255, 270, 140), (265, 270, 140), (270, 250, 120), (267, 257, 120), (270, 257, 120), (287.30283, 239.4635, 112), (287.25, 240, 112), (287.30283, 240.5365, 112), (287.45932, 241.05238, 112), (287.71347, 241.52782, 112), (288.05545, 241.94455, 112), (288.47217, 242.28654, 112), (288.94763, 242.54066, 112), (289.4635, 242.69716, 112), (290, 242.75, 112), (290.5365, 242.69716, 112), (287.30283, 239.4635, 120), (287.25, 240, 120), (287.30283, 240.5365, 120), (287.45932, 241.05238, 120), (287.71347, 241.52782, 120), (288.05545, 241.94455, 120), (288.47217, 242.28654, 120), (288.94763, 242.54066, 120), (289, 242.55656, 120), (289.4635, 242.69716, 120), (290, 242.75, 120), (290.5365, 242.69716, 120), (287.45932, 258.94763, 112), (288.47217, 257.71347, 112), (288.94763, 257.45932, 112), (288.05545, 258.05545, 112), (287.71347, 258.47217, 112), (289.4635, 257.30283, 112), (290, 257.25, 112), (290.5365, 257.30283, 112), (287.45932, 258.94763, 120), (288.47217, 257.71347, 120), (288.94763, 257.45932, 120), (289, 257.44345, 120), (288.05545, 258.05545, 120), (287.71347, 258.47217, 120), (289.4635, 257.30283, 120), (290, 257.25, 120), (290.5365, 257.30283, 120), (267, 250, 127), (270, 250, 127), (267, 250, 133), (270, 250, 133), (270, 250, 140), (267, 257, 140), (270, 257, 140), (267, 263, 120), (270, 263, 120), (270, 270, 112), (270, 270, 120), (287.30283, 259.4635, 112), (287.25, 260, 112), (287.30283, 260.5365, 112), (287.45932, 261.05237, 112), (287.71347, 261.52783, 112), (288.05545, 261.94455, 112), (288.47217, 262.28653, 112), (288.94763, 262.54068, 112), (289.4635, 262.69717, 112), (290, 262.75, 112), (290.5365, 262.69717, 112), (287.30283, 259.4635, 120), (287.25, 260, 120), (287.30283, 260.5365, 120), (287.45932, 261.05237, 120), (287.71347, 261.52783, 120), (288.05545, 261.94455, 120), (288.47217, 262.28653, 120), (288.94763, 262.54068, 120), (289, 262.55655, 120), (289.4635, 262.69717, 120), (290, 262.75, 120), (290.5365, 262.69717, 120), (282, 270, 112), (289, 270, 120), (267, 263, 140), (270, 263, 140), (270, 270, 140), (289, 289, 120), (289, 290, 120), (290, 290, 120), (290, 291, 120), (251, 289, 160), (251, 291, 160), (195, 240, 176), (240, 289, 227), (240, 291, 227), (251, 289, 212), (251, 291, 212), (291.05237, 197.45934, 112), (291.52783, 197.71346, 112), (291.94455, 198.05545, 112), (292.28653, 198.47218, 112), (292.54068, 198.94762, 112), (291, 190, 120), (291.05237, 197.45934, 120), (291, 197.44344, 120), (291.52783, 197.71346, 120), (291.94455, 198.05545, 120), (292.28653, 198.47218, 120), (292.54068, 198.94762, 120), (305, 190, 112), (305, 190, 120), (331.5, 162.25386, 117), (331.5, 168.35832, 126.13596), (331.5, 175.60303, 134.39697), (328, 183.43204, 114.569496), (328, 179.46527, 117.6133), (331.5, 179.46527, 117.6133), (328, 189.03806, 120.961945), (328, 185.50252, 124.497475), (331.5, 185.50252, 124.497475), (328, 192.3867, 130.53473), (331.5, 192.3867, 130.53473), (328, 195.43051, 126.56797), (331.5, 183.86404, 141.64168), (331.5, 193, 147.74614), (292.69717, 199.4635, 112), (292.75, 200, 112), (292.69717, 200.5365, 112), (292.54068, 201.05238, 112), (292.28653, 201.52782, 112), (291.05237, 202.54066, 112), (291.52783, 202.28654, 112), (291.94455, 201.94455, 112), (292.69717, 199.4635, 120), (292.75, 200, 120), (292.69717, 200.5365, 120), (292.54068, 201.05238, 120), (292.28653, 201.52782, 120), (291.05237, 202.54066, 120), (291, 202.55656, 120), (291.52783, 202.28654, 120), (291.94455, 201.94455, 120), (291.05237, 217.45934, 112), (291.52783, 217.71346, 112), (291.94455, 218.05545, 112), (292.28653, 218.47218, 112), (292.54068, 218.94762, 112), (291.05237, 217.45934, 120), (291, 217.44344, 120), (291.52783, 217.71346, 120), (291.94455, 218.05545, 120), (292.28653, 218.47218, 120), (292.54068, 218.94762, 120), (292.69717, 219.4635, 112), (292.75, 220, 112), (292.69717, 220.5365, 112), (292.54068, 221.05238, 112), (292.28653, 221.52782, 112), (291.05237, 222.54066, 112), (291.94455, 221.94455, 112), (291.52783, 222.28654, 112), (292.69717, 219.4635, 120), (292.75, 220, 120), (292.69717, 220.5365, 120), (292.54068, 221.05238, 120), (292.28653, 221.52782, 120), (291.05237, 222.54066, 120), (291, 222.55656, 120), (291.94455, 221.94455, 120), (291.52783, 222.28654, 120), (291.05237, 237.45934, 112), (291.52783, 237.71346, 112), (291.94455, 238.05545, 112), (292.28653, 238.47218, 112), (292.54068, 238.94762, 112), (291.05237, 237.45934, 120), (291, 237.44344, 120), (291.52783, 237.71346, 120), (291.94455, 238.05545, 120), (292.28653, 238.47218, 120), (292.54068, 238.94762, 120), (328, 202.5, 131.29166), (328, 200, 135.62178), (331.5, 200, 135.62178), (328, 208.21216, 139.67157), (331.5, 208.21216, 139.67157), (328, 210.12558, 135.05217), (328, 218.17676, 137.78517), (328, 226.5158, 139.44391), (328, 235, 140), (331.5, 202.8546, 152.60588), (328, 216.88266, 142.6148), (331.5, 216.88266, 142.6148), (331.5, 213.2592, 156.13777), (328, 225.86316, 144.40114), (331.5, 225.86316, 144.40114), (328, 235, 145), (331.5, 235, 145), (331.5, 224.0358, 158.28137), (331.5, 235, 159), (376.5, 162.25386, 117), (376.5, 168.35832, 126.13596), (376.5, 175.60303, 134.39697), (380, 183.43204, 114.569496), (376.5, 179.46527, 117.6133), (380, 179.46527, 117.6133), (380, 189.03806, 120.961945), (376.5, 185.50252, 124.497475), (380, 185.50252, 124.497475), (376.5, 192.3867, 130.53473), (380, 192.3867, 130.53473), (380, 195.43051, 126.56797), (376.5, 183.86404, 141.64168), (376.5, 193, 147.74614), (380, 202.5, 131.29166), (376.5, 200, 135.62178), (380, 200, 135.62178), (376.5, 208.21216, 139.67157), (380, 208.21216, 139.67157), (380, 210.12558, 135.05217), (380, 218.17676, 137.78517), (380, 226.5158, 139.44391), (380, 235, 140), (376.5, 202.8546, 152.60588), (376.5, 216.88266, 142.6148), (380, 216.88266, 142.6148), (376.5, 213.2592, 156.13777), (376.5, 225.86316, 144.40114), (380, 225.86316, 144.40114), (376.5, 235, 145), (380, 235, 145), (376.5, 224.0358, 158.28137), (376.5, 235, 159), (292.69717, 239.4635, 112), (292.75, 240, 112), (292.69717, 240.5365, 112), (292.54068, 241.05238, 112), (292.28653, 241.52782, 112), (291.05237, 242.54066, 112), (291.52783, 242.28654, 112), (291.94455, 241.94455, 112), (292.69717, 239.4635, 120), (292.75, 240, 120), (292.69717, 240.5365, 120), (292.54068, 241.05238, 120), (292.28653, 241.52782, 120), (291.05237, 242.54066, 120), (291, 242.55656, 120), (291.52783, 242.28654, 120), (291.94455, 241.94455, 120), (291.05237, 257.45932, 112), (291.52783, 257.71347, 112), (291.94455, 258.05545, 112), (292.28653, 258.47217, 112), (292.54068, 258.94763, 112), (291.05237, 257.45932, 120), (291, 257.44345, 120), (291.52783, 257.71347, 120), (291.94455, 258.05545, 120), (292.28653, 258.47217, 120), (292.54068, 258.94763, 120), (292.69717, 259.4635, 112), (292.75, 260, 112), (292.69717, 260.5365, 112), (292.54068, 261.05237, 112), (292.28653, 261.52783, 112), (291.05237, 262.54068, 112), (291.52783, 262.28653, 112), (291.94455, 261.94455, 112), (292.69717, 259.4635, 120), (292.75, 260, 120), (292.69717, 260.5365, 120), (292.54068, 261.05237, 120), (292.28653, 261.52783, 120), (291.05237, 262.54068, 120), (291, 262.55655, 120), (291.52783, 262.28653, 120), (291.94455, 261.94455, 120), (291, 270, 120), (305, 270, 112), (305, 270, 120), (328, 243.4842, 139.44391), (328, 251.82324, 137.78517), (328, 267.5, 131.29166), (328, 259.87442, 135.05217), (328, 261.78784, 139.67157), (331.5, 261.78784, 139.67157), (328, 274.5695, 126.56797), (328, 277.6133, 130.53473), (331.5, 277.6133, 130.53473), (328, 270, 135.62178), (331.5, 270, 135.62178), (328, 244.13684, 144.40114), (331.5, 244.13684, 144.40114), (328, 253.11734, 142.6148), (331.5, 253.11734, 142.6148), (331.5, 256.7408, 156.13777), (331.5, 245.9642, 158.28137), (331.5, 267.14542, 152.60588), (331.5, 277, 147.74614), (291, 290, 120), (328, 286.56796, 114.569496), (328, 280.96194, 120.961945), (328, 284.49747, 124.497475), (331.5, 284.49747, 124.497475), (328, 290.53473, 117.6133), (331.5, 290.53473, 117.6133), (331.5, 294.39697, 134.39697), (331.5, 307.74612, 117), (331.5, 301.6417, 126.13596), (331.5, 286.13596, 141.64168), (380, 243.4842, 139.44391), (380, 251.82324, 137.78517), (380, 267.5, 131.29166), (380, 259.87442, 135.05217), (376.5, 261.78784, 139.67157), (380, 261.78784, 139.67157), (380, 274.5695, 126.56797), (376.5, 277.6133, 130.53473), (380, 277.6133, 130.53473), (376.5, 270, 135.62178), (380, 270, 135.62178), (376.5, 244.13684, 144.40114), (380, 244.13684, 144.40114), (376.5, 253.11734, 142.6148), (380, 253.11734, 142.6148), (376.5, 256.7408, 156.13777), (376.5, 245.9642, 158.28137), (376.5, 267.14542, 152.60588), (376.5, 277, 147.74614), (380, 280.96194, 120.961945), (376.5, 284.49747, 124.497475), (380, 284.49747, 124.497475), (376.5, 290.53473, 117.6133), (380, 290.53473, 117.6133), (376.5, 294.39697, 134.39697), (376.5, 307.74612, 117), (376.5, 301.6417, 126.13596), (376.5, 286.13596, 141.64168), (0, 137, 300), (1.6968405, 137.11122, 300), (3.3646476, 137.44296, 300), (4.9748845, 137.98956, 300), (0, 137, 304), (1.6968405, 137.11122, 304), (3.3646476, 137.44296, 304), (4.9748845, 137.98956, 304), (6.5, 138.74167, 300), (6.5, 138.74167, 304), (7.9138985, 139.6864, 300), (9.192389, 140.80762, 300), (10.313594, 142.0861, 300), (11.25833, 143.5, 300), (7.9138985, 139.6864, 304), (9.192389, 140.80762, 304), (10.313594, 142.0861, 304), (11.25833, 143.5, 304), (12.010434, 145.02512, 300), (12.010434, 145.02512, 304), (12.010434, 154.97488, 300), (11.25833, 156.5, 300), (10.313594, 157.9139, 300), (9.192389, 159.19238, 300), (12.010434, 154.97488, 304), (11.25833, 156.5, 304), (10.313594, 157.9139, 304), (9.192389, 159.19238, 304), (12.557035, 146.63535, 300), (12.888783, 148.30316, 300), (12.557035, 146.63535, 304), (12.888783, 148.30316, 304), (13, 150, 300), (12.888783, 151.69684, 300), (12.557035, 153.36465, 300), (13, 150, 304), (12.888783, 151.69684, 304), (12.557035, 153.36465, 304), (172.25, 0, 300), (172.3437, 0.71175236, 300), (172.61842, 1.375, 300), (173.05545, 1.9445436, 300), (173.625, 2.3815699, 300), (174.28825, 2.656296, 300), (175, 2.75, 300), (172.25, 0, 304), (172.3437, 0.71175236, 304), (172.61842, 1.375, 304), (173.05545, 1.9445436, 304), (173.625, 2.3815699, 304), (174.28825, 2.656296, 304), (175, 2.75, 304), (176.375, 2.3815699, 300), (176.94455, 1.9445436, 300), (177.75, 0, 300), (177.6563, 0.71175236, 300), (177.38158, 1.375, 300), (175.71175, 2.656296, 300), (176.375, 2.3815699, 304), (176.94455, 1.9445436, 304), (177.75, 0, 304), (177.6563, 0.71175236, 304), (177.38158, 1.375, 304), (175.71175, 2.656296, 304), (132.52795, 136.66644, 319), (132.52795, 136.66644, 321), (131.1418, 139.25975, 319), (131.1418, 139.25975, 321), (134.3934, 134.3934, 319), (134.3934, 134.3934, 321), (136.66644, 132.52795, 319), (136.66644, 132.52795, 321), (139.25975, 131.1418, 319), (142.07364, 130.28822, 319), (139.25975, 131.1418, 321), (142.07364, 130.28822, 321), (145, 130, 319), (145, 130, 321), (130.28822, 142.07364, 319), (130.28822, 142.07364, 321), (130, 145, 319), (130, 145, 321), (130.28822, 147.92636, 319), (130.28822, 147.92636, 321), (131.1418, 150.74025, 319), (131.1418, 150.74025, 321), (132.52795, 153.33356, 319), (132.52795, 153.33356, 321), (134.3934, 155.6066, 319), (134.3934, 155.6066, 321), (136.66644, 157.47205, 319), (136.66644, 157.47205, 321), (139.25975, 158.8582, 319), (139.25975, 158.8582, 321), (147.92636, 130.28822, 319), (147.92636, 130.28822, 321), (150.74025, 131.1418, 319), (150.74025, 131.1418, 321), (153.33356, 132.52795, 319), (153.33356, 132.52795, 321), (155.6066, 134.3934, 319), (155.6066, 134.3934, 321), (157.47205, 136.66644, 319), (157.47205, 136.66644, 321), (158.8582, 139.25975, 319), (158.8582, 139.25975, 321), (150.74025, 158.8582, 319), (150.74025, 158.8582, 321), (153.33356, 157.47205, 319), (153.33356, 157.47205, 321), (155.6066, 155.6066, 319), (155.6066, 155.6066, 321), (159.71178, 142.07364, 319), (159.71178, 142.07364, 321), (160, 145, 319), (160, 145, 321), (159.71178, 147.92636, 319), (159.71178, 147.92636, 321), (158.8582, 150.74025, 319), (158.8582, 150.74025, 321), (157.47205, 153.33356, 319), (157.47205, 153.33356, 321), (0, 163, 300), (1.6968405, 162.88878, 300), (3.3646476, 162.55704, 300), (4.9748845, 162.01044, 300), (0, 163, 304), (1.6968405, 162.88878, 304), (3.3646476, 162.55704, 304), (4.9748845, 162.01044, 304), (6.5, 161.25833, 300), (7.9138985, 160.3136, 300), (6.5, 161.25833, 304), (7.9138985, 160.3136, 304), (0, 232.25, 300), (0.71175236, 232.3437, 300), (1.375, 232.61842, 300), (1.9445436, 233.05545, 300), (2.3815699, 233.625, 300), (0, 232.25, 304), (0.71175236, 232.3437, 304), (1.375, 232.61842, 304), (1.9445436, 233.05545, 304), (2.3815699, 233.625, 304), (2.656296, 234.28825, 300), (2.75, 235, 300), (2.656296, 235.71175, 300), (2.3815699, 236.375, 300), (0, 237.75, 300), (0.71175236, 237.6563, 300), (1.375, 237.38158, 300), (1.9445436, 236.94455, 300), (2.656296, 234.28825, 304), (2.75, 235, 304), (2.656296, 235.71175, 304), (2.3815699, 236.375, 304), (0, 237.75, 304), (0.71175236, 237.6563, 304), (1.375, 237.38158, 304), (1.9445436, 236.94455, 304), (0, 272.35, 320), (0.51698935, 272.4009, 320), (1.014111, 272.55173, 320), (1.4722611, 272.7966, 320), (0, 272.35, 321), (0.51698935, 272.4009, 321), (1.014111, 272.55173, 321), (1.4722611, 272.7966, 321), (1.873833, 273.12616, 320), (2.2033944, 273.52774, 320), (2.4482808, 273.9859, 320), (1.873833, 273.12616, 321), (2.2033944, 273.52774, 321), (2.4482808, 273.9859, 321), (2.599081, 274.483, 320), (2.65, 275, 320), (2.599081, 274.483, 321), (2.65, 275, 321), (2.2033944, 276.47226, 320), (2.599081, 275.517, 320), (2.4482808, 276.0141, 320), (2.2033944, 276.47226, 321), (2.599081, 275.517, 321), (2.4482808, 276.0141, 321), (0, 277.65, 320), (0.51698935, 277.5991, 320), (1.4722611, 277.2034, 320), (1.014111, 277.44827, 320), (0, 277.65, 321), (0.51698935, 277.5991, 321), (1.4722611, 277.2034, 321), (1.014111, 277.44827, 321), (1.873833, 276.87384, 320), (1.873833, 276.87384, 321), (142.07364, 159.71178, 319), (142.07364, 159.71178, 321), (145, 160, 319), (145, 160, 321), (147.92636, 159.71178, 319), (147.92636, 159.71178, 321), (173.625, 232.61842, 300), (172.61842, 233.625, 300), (173.05545, 233.05545, 300), (174.28825, 232.3437, 300), (175, 232.25, 300), (173.625, 232.61842, 304), (172.61842, 233.625, 304), (173.05545, 233.05545, 304), (174.28825, 232.3437, 304), (175, 232.25, 304), (172.3437, 234.28825, 300), (172.25, 235, 300), (172.3437, 235.71175, 300), (172.61842, 236.375, 300), (173.05545, 236.94455, 300), (173.625, 237.38158, 300), (174.28825, 237.6563, 300), (175, 237.75, 300), (172.3437, 234.28825, 304), (172.25, 235, 304), (172.3437, 235.71175, 304), (172.61842, 236.375, 304), (173.05545, 236.94455, 304), (173.625, 237.38158, 304), (174.28825, 237.6563, 304), (175, 237.75, 304), (175.71175, 232.3437, 300), (176.375, 232.61842, 300), (176.94455, 233.05545, 300), (177.38158, 233.625, 300), (175.71175, 232.3437, 304), (176.375, 232.61842, 304), (176.94455, 233.05545, 304), (177.38158, 233.625, 304), (177.6563, 234.28825, 300), (177.75, 235, 300), (177.6563, 235.71175, 300), (177.38158, 236.375, 300), (175.71175, 237.6563, 300), (176.94455, 236.94455, 300), (176.375, 237.38158, 300), (177.6563, 234.28825, 304), (177.75, 235, 304), (177.6563, 235.71175, 304), (177.38158, 236.375, 304), (175.71175, 237.6563, 304), (176.94455, 236.94455, 304), (176.375, 237.38158, 304), (190, 250, 300), (190, 250, 304), (272.35, 0, 319), (272.4009, 0.51698935, 319), (272.35, 0, 321), (272.4009, 0.51698935, 321), (272.55173, 1.014111, 319), (272.7966, 1.4722611, 319), (273.12616, 1.873833, 319), (273.52774, 2.2033944, 319), (273.9859, 2.4482808, 319), (272.55173, 1.014111, 321), (272.7966, 1.4722611, 321), (273.12616, 1.873833, 321), (273.52774, 2.2033944, 321), (273.9859, 2.4482808, 321), (274.483, 2.599081, 319), (275, 2.65, 319), (274.483, 2.599081, 321), (275, 2.65, 321), (276.0141, 2.4482808, 319), (276.87384, 1.873833, 319), (276.47226, 2.2033944, 319), (277.65, 0, 319), (277.5991, 0.51698935, 319), (277.44827, 1.014111, 319), (277.2034, 1.4722611, 319), (276.0141, 2.4482808, 321), (276.87384, 1.873833, 321), (276.47226, 2.2033944, 321), (277.65, 0, 321), (277.5991, 0.51698935, 321), (277.44827, 1.014111, 321), (277.2034, 1.4722611, 321), (275.517, 2.599081, 319), (275.517, 2.599081, 321), (272.4009, 136.98302, 319), (272.4009, 136.98302, 321), (272.35, 137.5, 319), (272.4009, 138.01698, 319), (272.35, 137.5, 321), (272.4009, 138.01698, 321), (273.12616, 135.62616, 319), (273.52774, 135.2966, 319), (272.7966, 136.02774, 319), (272.55173, 136.48589, 319), (273.9859, 135.05171, 319), (274.483, 134.90092, 319), (275, 134.85, 319), (273.12616, 135.62616, 321), (273.52774, 135.2966, 321), (272.7966, 136.02774, 321), (272.55173, 136.48589, 321), (273.9859, 135.05171, 321), (274.483, 134.90092, 321), (275, 134.85, 321), (272.55173, 138.51411, 319), (272.7966, 138.97226, 319), (273.12616, 139.37384, 319), (272.55173, 138.51411, 321), (272.7966, 138.97226, 321), (273.12616, 139.37384, 321), (275.517, 134.90092, 319), (276.0141, 135.05171, 319), (276.47226, 135.2966, 319), (276.87384, 135.62616, 319), (277.2034, 136.02774, 319), (277.44827, 136.48589, 319), (277.5991, 136.98302, 319), (275.517, 134.90092, 321), (276.0141, 135.05171, 321), (276.47226, 135.2966, 321), (276.87384, 135.62616, 321), (277.2034, 136.02774, 321), (277.44827, 136.48589, 321), (277.5991, 136.98302, 321), (276.87384, 139.37384, 319), (277.65, 137.5, 319), (277.5991, 138.01698, 319), (277.44827, 138.51411, 319), (277.2034, 138.97226, 319), (276.87384, 139.37384, 321), (277.65, 137.5, 321), (277.5991, 138.01698, 321), (277.44827, 138.51411, 321), (277.2034, 138.97226, 321), (273.52774, 139.7034, 319), (273.9859, 139.94829, 319), (274.483, 140.09908, 319), (275, 140.15, 319), (273.52774, 139.7034, 321), (273.9859, 139.94829, 321), (274.483, 140.09908, 321), (275, 140.15, 321), (275.517, 140.09908, 319), (276.0141, 139.94829, 319), (276.47226, 139.7034, 319), (275.517, 140.09908, 321), (276.0141, 139.94829, 321), (276.47226, 139.7034, 321), (240, 287, 240), (240, 289, 240), (240, 291, 240), (240, 287, 252), (240, 291, 252), (250, 267.56406, 240), (250, 270, 240), (255, 267.56406, 240), (265, 267.56406, 240), (255, 270, 240), (265, 270, 240), (270, 267.56406, 240), (270, 270, 240), (289, 267.56406, 240), (250, 250, 280), (250, 257, 280), (253, 257, 280), (250, 257, 283), (250, 250, 285), (250, 250, 287), (250, 254, 285), (253, 250, 287), (250, 258.61108, 287.92133), (250, 259.0433, 287.6903), (250, 257.92133, 288.61108), (250, 257.6903, 289.0433), (250, 257.54803, 289.51227), (250, 258.23224, 288.23224), (250, 257.5, 290), (250, 257.54803, 290.48773), (250, 257.6903, 290.9567), (250, 257.92133, 291.38892), (255, 250, 280), (255, 254, 280), (255, 250, 284), (258.61108, 257.92133, 280), (257.92133, 258.61108, 280), (257.6903, 259.0433, 280), (258.23224, 258.23224, 280), (259.0433, 257.6903, 280), (259.51227, 257.54803, 280), (260, 257.5, 280), (265, 250, 280), (265, 254, 280), (265, 250, 284), (260.48773, 257.54803, 280), (260.9567, 257.6903, 280), (261.38892, 257.92133, 280), (261.76776, 258.23224, 280), (262.07867, 258.61108, 280), (262.3097, 259.0433, 280), (258.61108, 250, 287.92133), (259.0433, 250, 287.6903), (259.51227, 250, 287.54803), (260, 250, 287.5), (257.92133, 250, 288.61108), (258.23224, 250, 288.23224), (257.6903, 250, 289.0433), (257.54803, 250, 289.51227), (257.5, 250, 290), (257.54803, 250, 290.48773), (257.6903, 250, 290.9567), (257.92133, 250, 291.38892), (260.48773, 250, 287.54803), (260.9567, 250, 287.6903), (261.38892, 250, 287.92133), (261.76776, 250, 288.23224), (262.07867, 250, 288.61108), (262.3097, 250, 289.0433), (262.45197, 250, 289.51227), (262.5, 250, 290), (262.45197, 250, 290.48773), (262.3097, 250, 290.9567), (262.07867, 250, 291.38892), (250, 263, 280), (253, 263, 280), (250, 263, 283), (250, 267.56406, 280), (250, 259.51227, 287.54803), (250, 260, 287.5), (250, 260.48773, 287.54803), (250, 260.9567, 287.6903), (250, 261.38892, 287.92133), (250, 263, 287.76263), (250, 261.76776, 288.23224), (250, 262.07867, 288.61108), (250, 262.3097, 289.0433), (250, 262.45197, 289.51227), (250, 262.5, 290), (250, 262.45197, 290.48773), (250, 262.07867, 291.38892), (250, 262.3097, 290.9567), (250, 266, 285), (250, 267.56406, 285), (257.54803, 259.51227, 280), (257.5, 260, 280), (257.54803, 260.48773, 280), (257.6903, 260.9567, 280), (257.92133, 261.38892, 280), (258.23224, 261.76776, 280), (258.61108, 262.07867, 280), (259.0433, 262.3097, 280), (259.51227, 262.45197, 280), (260, 262.5, 280), (255, 266, 280), (255, 267.56406, 280), (262.45197, 259.51227, 280), (262.5, 260, 280), (262.45197, 260.48773, 280), (262.3097, 260.9567, 280), (262.07867, 261.38892, 280), (260.9567, 262.3097, 280), (260.48773, 262.45197, 280), (261.76776, 261.76776, 280), (261.38892, 262.07867, 280), (265, 266, 280), (265, 267.56406, 280), (270, 250, 280), (267, 257, 280), (270, 257, 280), (267, 250, 287), (270, 250, 287), (267, 263, 280), (270, 263, 280), (270, 267.56406, 280), (289, 289, 240), (290, 290, 240), (290, 291, 240), (250, 250, 293), (250, 250, 295), (250, 254, 295), (253, 250, 293), (250, 257, 292.23737), (250, 258.23224, 291.76776), (250, 258.61108, 292.07867), (250, 259.0433, 292.3097), (250, 257, 297), (250, 250, 300), (250, 257, 300), (253, 257, 300), (258.23224, 250, 291.76776), (258.61108, 250, 292.07867), (259.0433, 250, 292.3097), (259.51227, 250, 292.45197), (260, 250, 292.5), (255, 250, 296), (260.48773, 250, 292.45197), (260.9567, 250, 292.3097), (261.38892, 250, 292.07867), (261.76776, 250, 291.76776), (265, 250, 296), (255, 250, 300), (255, 254, 300), (258.61108, 257.92133, 300), (257.92133, 258.61108, 300), (257.6903, 259.0433, 300), (258.23224, 258.23224, 300), (259.0433, 257.6903, 300), (259.51227, 257.54803, 300), (260, 257.5, 300), (265, 250, 300), (265, 254, 300), (260.48773, 257.54803, 300), (260.9567, 257.6903, 300), (261.38892, 257.92133, 300), (261.76776, 258.23224, 300), (262.07867, 258.61108, 300), (262.3097, 259.0433, 300), (250, 259.51227, 292.45197), (250, 260, 292.5), (250, 260.9567, 292.3097), (250, 260.48773, 292.45197), (250, 261.38892, 292.07867), (250, 261.76776, 291.76776), (250, 263, 297), (250, 266, 295), (250, 267.56406, 295), (250, 263, 300), (253, 263, 300), (250, 267.56406, 300), (257.54803, 259.51227, 300), (257.5, 260, 300), (257.54803, 260.48773, 300), (257.6903, 260.9567, 300), (257.92133, 261.38892, 300), (258.23224, 261.76776, 300), (258.61108, 262.07867, 300), (259.0433, 262.3097, 300), (259.51227, 262.45197, 300), (260, 262.5, 300), (255, 266, 300), (255, 267.56406, 300), (262.45197, 259.51227, 300), (262.5, 260, 300), (262.45197, 260.48773, 300), (262.3097, 260.9567, 300), (262.07867, 261.38892, 300), (260.48773, 262.45197, 300), (260.9567, 262.3097, 300), (261.38892, 262.07867, 300), (261.76776, 261.76776, 300), (265, 266, 300), (265, 267.56406, 300), (267, 250, 293), (270, 250, 293), (270, 250, 300), (267, 257, 300), (270, 257, 300), (267, 263, 300), (270, 263, 300), (270, 267.56406, 300), (272.4009, 274.483, 320), (272.35, 275, 320), (272.4009, 274.483, 321), (272.35, 275, 321), (272.4009, 275.517, 320), (272.4009, 275.517, 321), (273.52774, 272.7966, 320), (273.52774, 272.7966, 321), (273.12616, 273.12616, 320), (272.7966, 273.52774, 320), (272.55173, 273.9859, 320), (273.12616, 273.12616, 321), (272.7966, 273.52774, 321), (272.55173, 273.9859, 321), (273.9859, 272.55173, 320), (274.483, 272.4009, 320), (275, 272.35, 320), (273.9859, 272.55173, 321), (274.483, 272.4009, 321), (275, 272.35, 321), (275.517, 272.4009, 320), (276.0141, 272.55173, 320), (276.47226, 272.7966, 320), (275.517, 272.4009, 321), (276.0141, 272.55173, 321), (276.47226, 272.7966, 321), (276.87384, 273.12616, 320), (276.87384, 273.12616, 321), (277.2034, 273.52774, 320), (277.44827, 273.9859, 320), (277.2034, 273.52774, 321), (277.44827, 273.9859, 321), (272.55173, 276.0141, 320), (272.7966, 276.47226, 320), (272.55173, 276.0141, 321), (272.7966, 276.47226, 321), (273.12616, 276.87384, 320), (273.52774, 277.2034, 320), (273.12616, 276.87384, 321), (273.52774, 277.2034, 321), (273.9859, 277.44827, 320), (274.483, 277.5991, 320), (275, 277.65, 320), (273.9859, 277.44827, 321), (274.483, 277.5991, 321), (275, 277.65, 321), (277.5991, 274.483, 320), (277.65, 275, 320), (277.5991, 274.483, 321), (277.65, 275, 321), (277.5991, 275.517, 320), (277.44827, 276.0141, 320), (277.2034, 276.47226, 320), (277.5991, 275.517, 321), (277.44827, 276.0141, 321), (277.2034, 276.47226, 321), (275.517, 277.5991, 320), (276.0141, 277.44827, 320), (276.87384, 276.87384, 320), (276.47226, 277.2034, 320), (276.0141, 277.44827, 321), (275.517, 277.5991, 321), (276.87384, 276.87384, 321), (276.47226, 277.2034, 321), (289, 267.56406, 319), (290, 290, 320), (290, 290, 321), (290, 291, 320), (291, 290, 320)]

            rel material:binding = </BVR1/Materials/BodyMaterial>
        }
    }


    def Xform "WheelFL" (
        prepend apiSchemas = ["PhysicsRigidBodyAPI", "PhysicsMassAPI"]
    )
    {
        double3 xformOp:translate = (-280, 82, 280)
        uniform token[] xformOpOrder = ["xformOp:translate"]

        float physics:mass = 2.0

        def PhysicsRevoluteJoint "WheelFLJoint"
        {
            rel physics:body0 = </BVR1/Body>
            rel physics:body1 = </BVR1/WheelFL>
            float3 physics:localPos0 = (-280, 82, 280)
            float3 physics:localPos1 = (0, 0, 0)
            float3 physics:axis = (1, 0, 0)

            float drive:angular:physics:damping = 10.0
            float drive:angular:physics:stiffness = 0.0
            float drive:angular:physics:maxForce = 50
            token drive:angular:physics:type = "force"
        }

        def Mesh "WheelFLMesh"
        {
            int[] faceVertexCounts = [3, 3, 3, 3, 3, 3, 3, 3, 3, 3, 3, 3, 3, 3, 3, 3, 3, 3, 3, 3, 3, 3, 3, 3, 3, 3, 3, 3, 3, 3, 3, 3, 3, 3, 3, 3, 3, 3, 3, 3, 3, 3, 3, 3, 3, 3, 3, 3, 3, 3, 3, 3, 3, 3, 3, 3, 3, 3, 3, 3, 3, 3, 3, 3, 3, 3, 3, 3, 3, 3, 3, 3, 3, 3, 3, 3, 3, 3, 3, 3, 3, 3, 3, 3, 3, 3, 3, 3, 3, 3, 3, 3, 3, 3, 3, 3, 3, 3, 3, 3, 3, 3, 3, 3, 3, 3, 3, 3, 3, 3, 3, 3, 3, 3, 3, 3, 3, 3, 3, 3, 3, 3, 3, 3, 3, 3, 3, 3, 3, 3, 3, 3, 3, 3, 3, 3, 3, 3, 3, 3, 3, 3, 3, 3, 3, 3, 3, 3, 3, 3, 3, 3, 3, 3, 3, 3, 3, 3, 3, 3, 3, 3, 3, 3, 3, 3, 3, 3, 3, 3, 3, 3, 3, 3, 3, 3, 3, 3, 3, 3, 3, 3, 3, 3, 3, 3, 3, 3, 3, 3, 3, 3, 3, 3, 3, 3, 3, 3, 3, 3, 3, 3, 3, 3, 3, 3, 3, 3, 3, 3, 3, 3, 3, 3, 3, 3, 3, 3, 3, 3, 3, 3, 3, 3, 3, 3, 3, 3, 3, 3, 3, 3, 3, 3, 3, 3, 3, 3, 3, 3, 3, 3, 3, 3, 3, 3, 3, 3, 3, 3, 3, 3, 3, 3, 3, 3, 3, 3, 3, 3, 3, 3, 3, 3, 3, 3, 3, 3, 3, 3, 3, 3, 3, 3, 3, 3, 3, 3, 3, 3, 3, 3, 3, 3, 3, 3, 3, 3, 3, 3, 3, 3, 3, 3, 3, 3, 3, 3, 3, 3, 3, 3, 3, 3, 3, 3, 3, 3, 3, 3, 3, 3, 3, 3, 3, 3, 3, 3, 3, 3, 3, 3, 3, 3, 3, 3, 3, 3, 3, 3, 3, 3, 3, 3, 3, 3, 3, 3, 3, 3, 3, 3, 3, 3, 3, 3, 3, 3, 3, 3, 3, 3, 3, 3, 3, 3, 3, 3, 3, 3, 3, 3, 3, 3, 3, 3, 3, 3, 3, 3, 3, 3, 3, 3, 3, 3, 3, 3, 3, 3, 3, 3, 3, 3, 3, 3, 3, 3, 3, 3, 3, 3, 3, 3, 3, 3, 3, 3, 3, 3, 3, 3, 3, 3, 3, 3, 3, 3, 3, 3, 3, 3, 3, 3, 3, 3, 3, 3, 3, 3, 3, 3, 3, 3, 3, 3, 3, 3, 3, 3, 3, 3, 3, 3, 3, 3, 3, 3, 3, 3, 3, 3, 3, 3, 3, 3, 3, 3, 3, 3, 3, 3, 3, 3, 3, 3, 3, 3, 3, 3, 3, 3, 3, 3, 3, 3, 3, 3, 3, 3, 3, 3, 3, 3, 3, 3, 3, 3, 3, 3, 3, 3, 3, 3, 3, 3, 3, 3, 3, 3, 3, 3, 3, 3, 3, 3, 3, 3, 3, 3, 3, 3, 3, 3, 3, 3, 3, 3, 3, 3, 3, 3, 3, 3, 3, 3, 3, 3, 3, 3, 3, 3, 3, 3, 3, 3, 3, 3, 3, 3, 3, 3, 3, 3, 3, 3, 3, 3, 3, 3, 3, 3, 3, 3, 3, 3, 3, 3, 3, 3, 3, 3, 3, 3, 3, 3, 3, 3, 3, 3, 3, 3, 3, 3, 3, 3, 3, 3, 3, 3, 3, 3, 3, 3, 3, 3, 3, 3, 3, 3, 3, 3, 3, 3, 3, 3, 3, 3, 3, 3, 3, 3, 3, 3, 3, 3, 3, 3, 3, 3, 3, 3, 3, 3, 3, 3, 3, 3, 3, 3, 3, 3, 3, 3, 3, 3, 3, 3, 3, 3, 3, 3, 3, 3, 3, 3, 3, 3, 3, 3, 3, 3, 3, 3, 3, 3, 3, 3, 3, 3, 3, 3, 3, 3, 3, 3, 3, 3, 3, 3, 3, 3, 3, 3, 3, 3, 3, 3, 3, 3, 3, 3, 3, 3, 3, 3, 3, 3, 3, 3, 3, 3, 3, 3, 3, 3, 3, 3, 3, 3, 3, 3, 3, 3, 3, 3, 3, 3, 3, 3, 3, 3, 3, 3, 3, 3, 3, 3, 3, 3, 3, 3, 3, 3, 3, 3, 3, 3, 3, 3, 3, 3, 3, 3, 3, 3, 3, 3, 3, 3, 3, 3, 3, 3, 3, 3, 3, 3, 3, 3, 3, 3, 3, 3, 3, 3, 3, 3, 3, 3, 3, 3, 3, 3, 3, 3, 3, 3, 3, 3, 3, 3, 3, 3, 3, 3, 3, 3, 3, 3, 3, 3, 3, 3, 3, 3, 3, 3, 3, 3, 3, 3, 3, 3, 3, 3, 3, 3, 3, 3, 3, 3, 3, 3, 3, 3, 3, 3, 3, 3, 3, 3, 3, 3, 3, 3, 3, 3, 3, 3, 3, 3, 3, 3, 3, 3, 3, 3, 3, 3, 3, 3, 3, 3, 3, 3, 3, 3, 3, 3, 3, 3, 3, 3, 3, 3, 3, 3, 3, 3, 3, 3, 3, 3, 3, 3, 3, 3, 3, 3, 3, 3, 3, 3, 3, 3, 3, 3, 3, 3, 3, 3, 3, 3, 3, 3, 3, 3, 3, 3, 3, 3, 3, 3, 3, 3, 3, 3, 3, 3, 3, 3, 3, 3, 3, 3, 3, 3, 3, 3, 3, 3, 3, 3, 3, 3, 3, 3, 3, 3, 3, 3, 3, 3, 3, 3, 3, 3, 3, 3, 3, 3, 3, 3, 3, 3, 3, 3, 3, 3, 3, 3, 3, 3, 3, 3, 3, 3, 3, 3, 3, 3, 3, 3, 3, 3, 3, 3, 3, 3, 3, 3, 3, 3, 3, 3, 3, 3, 3, 3, 3, 3, 3, 3, 3, 3, 3, 3, 3, 3, 3, 3, 3, 3, 3, 3, 3, 3, 3, 3, 3, 3, 3, 3, 3, 3, 3, 3, 3, 3, 3, 3, 3, 3, 3, 3, 3, 3, 3, 3, 3, 3, 3, 3, 3, 3, 3, 3, 3, 3, 3, 3, 3, 3, 3, 3, 3, 3, 3, 3, 3, 3, 3, 3, 3, 3, 3, 3, 3, 3, 3, 3, 3, 3, 3, 3, 3, 3, 3, 3, 3, 3, 3, 3, 3, 3, 3, 3, 3, 3, 3, 3, 3, 3, 3, 3, 3, 3, 3, 3, 3, 3, 3, 3, 3, 3, 3, 3, 3, 3, 3, 3, 3, 3, 3, 3, 3, 3, 3, 3, 3, 3, 3, 3, 3, 3, 3, 3, 3, 3, 3, 3, 3, 3, 3, 3, 3, 3, 3, 3, 3, 3, 3, 3, 3, 3, 3, 3, 3, 3, 3, 3, 3, 3, 3, 3, 3, 3, 3, 3, 3, 3, 3, 3, 3, 3, 3, 3, 3, 3, 3, 3, 3, 3, 3, 3, 3, 3, 3, 3, 3, 3, 3, 3, 3, 3, 3, 3, 3, 3, 3, 3, 3, 3, 3, 3, 3, 3, 3, 3, 3, 3, 3, 3, 3, 3, 3, 3, 3, 3, 3, 3, 3, 3, 3, 3, 3, 3, 3, 3, 3, 3, 3, 3, 3, 3, 3, 3]
            int[] faceVertexIndices = [400, 403, 397, 571, 429, 574, 574, 430, 575, 564, 573, 571, 505, 572, 573, 566, 573, 565, 505, 573, 566, 572, 428, 573, 573, 426, 571, 570, 492, 575, 569, 493, 570, 568, 494, 569, 567, 495, 568, 575, 486, 574, 575, 425, 570, 570, 424, 569, 569, 423, 568, 568, 422, 567, 571, 563, 564, 571, 562, 563, 561, 562, 571, 573, 564, 565, 574, 485, 571, 14, 138, 9, 11, 10, 18, 10, 57, 16, 16, 17, 10, 65, 16, 57, 11, 139, 10, 57, 10, 160, 9, 140, 11, 12, 14, 87, 12, 80, 13, 13, 79, 15, 14, 9, 88, 14, 12, 143, 13, 141, 12, 15, 142, 13, 77, 144, 15, 18, 19, 11, 19, 20, 11, 20, 81, 11, 17, 18, 10, 9, 11, 89, 561, 571, 485, 512, 515, 572, 511, 514, 515, 512, 572, 513, 513, 572, 505, 511, 515, 512, 515, 427, 572, 514, 404, 515, 510, 514, 507, 507, 514, 508, 509, 510, 506, 506, 510, 507, 508, 514, 511, 510, 403, 514, 509, 399, 510, 495, 494, 568, 494, 493, 569, 493, 492, 570, 492, 486, 575, 486, 485, 574, 567, 352, 495, 495, 351, 494, 494, 350, 493, 493, 349, 492, 485, 491, 561, 490, 491, 484, 489, 490, 484, 488, 489, 484, 492, 343, 486, 485, 484, 491, 487, 488, 483, 441, 487, 483, 483, 488, 484, 486, 342, 485, 485, 341, 484, 484, 340, 483, 440, 441, 437, 439, 440, 437, 438, 439, 436, 437, 441, 483, 436, 439, 437, 483, 326, 437, 437, 325, 436, 432, 438, 436, 435, 438, 432, 432, 434, 435, 434, 431, 433, 432, 431, 434, 436, 321, 432, 432, 320, 431, 430, 574, 429, 428, 426, 573, 428, 572, 427, 429, 571, 426, 426, 428, 419, 428, 427, 421, 421, 420, 428, 394, 421, 427, 430, 425, 575, 425, 424, 570, 424, 423, 569, 423, 422, 568, 430, 349, 425, 425, 350, 424, 424, 351, 423, 423, 352, 422, 429, 343, 430, 419, 418, 426, 418, 417, 426, 417, 416, 426, 420, 419, 428, 426, 342, 429, 416, 342, 426, 427, 515, 404, 404, 514, 403, 404, 394, 427, 403, 401, 404, 402, 394, 404, 401, 402, 404, 400, 401, 403, 403, 510, 399, 509, 398, 399, 56, 65, 57, 58, 60, 56, 59, 65, 56, 60, 59, 56, 61, 60, 58, 57, 159, 56, 58, 56, 161, 58, 62, 63, 62, 64, 63, 62, 320, 64, 64, 320, 322, 61, 58, 63, 62, 58, 165, 320, 62, 431, 399, 396, 403, 396, 397, 403, 399, 398, 396, 398, 395, 396, 138, 14, 143, 352, 567, 422, 352, 351, 495, 351, 350, 494, 350, 349, 493, 351, 352, 423, 350, 351, 424, 349, 350, 425, 343, 349, 430, 342, 343, 429, 416, 348, 342, 348, 347, 342, 341, 347, 346, 345, 341, 346, 343, 492, 349, 342, 486, 343, 341, 485, 342, 341, 340, 484, 347, 341, 342, 344, 341, 345, 330, 340, 344, 344, 340, 341, 77, 15, 78, 78, 15, 79, 79, 13, 80, 80, 12, 87, 87, 14, 88, 88, 9, 89, 78, 206, 77, 79, 207, 78, 80, 208, 79, 87, 209, 80, 81, 89, 11, 81, 82, 89, 82, 83, 89, 90, 83, 84, 90, 84, 85, 88, 216, 87, 89, 217, 88, 83, 90, 89, 90, 85, 86, 132, 86, 128, 86, 132, 90, 90, 218, 89, 132, 219, 90, 340, 326, 483, 326, 325, 437, 329, 340, 330, 328, 340, 329, 327, 326, 328, 328, 326, 340, 327, 325, 326, 325, 321, 436, 321, 320, 432, 324, 325, 327, 323, 321, 324, 321, 325, 324, 322, 321, 323, 320, 321, 322, 239, 509, 238, 238, 509, 506, 237, 239, 238, 237, 233, 239, 239, 233, 236, 239, 398, 509, 236, 137, 239, 236, 232, 235, 235, 230, 234, 233, 232, 236, 232, 231, 235, 231, 230, 235, 235, 134, 236, 234, 133, 235, 234, 214, 219, 230, 215, 234, 215, 214, 234, 218, 219, 211, 219, 132, 234, 218, 90, 219, 217, 89, 218, 216, 88, 217, 214, 213, 219, 213, 212, 219, 212, 211, 219, 218, 211, 210, 210, 140, 218, 218, 138, 217, 217, 143, 216, 216, 141, 209, 209, 142, 208, 208, 144, 207, 144, 206, 207, 209, 87, 216, 208, 80, 209, 207, 79, 208, 206, 78, 207, 161, 164, 166, 433, 165, 167, 431, 165, 433, 167, 161, 166, 165, 161, 167, 431, 62, 165, 165, 58, 161, 164, 159, 163, 168, 162, 160, 163, 160, 162, 164, 161, 159, 163, 159, 160, 161, 56, 159, 159, 57, 160, 140, 138, 218, 146, 139, 147, 210, 149, 140, 140, 149, 148, 140, 148, 147, 138, 143, 217, 142, 144, 208, 141, 142, 209, 143, 141, 216, 144, 77, 206, 142, 15, 144, 141, 13, 142, 143, 12, 141, 168, 139, 145, 139, 146, 145, 168, 160, 139, 147, 139, 140, 139, 11, 140, 160, 10, 139, 128, 129, 132, 130, 132, 129, 131, 133, 130, 130, 133, 132, 131, 134, 133, 133, 234, 132, 134, 235, 133, 134, 131, 135, 136, 137, 135, 134, 135, 137, 137, 136, 395, 398, 137, 395, 137, 236, 134, 137, 398, 239, 140, 9, 138, 281, 282, 284, 129, 128, 92, 395, 127, 385, 135, 127, 136, 385, 127, 126, 127, 125, 126, 383, 385, 126, 127, 135, 125, 125, 135, 131, 125, 131, 122, 125, 124, 126, 125, 122, 124, 122, 123, 124, 131, 130, 120, 122, 131, 120, 119, 120, 130, 122, 120, 123, 120, 121, 123, 119, 121, 120, 119, 94, 121, 150, 145, 146, 168, 145, 150, 147, 151, 146, 152, 151, 147, 150, 146, 151, 153, 178, 150, 153, 150, 151, 157, 153, 151, 147, 148, 154, 152, 147, 154, 154, 148, 155, 148, 149, 155, 149, 210, 220, 149, 220, 155, 152, 154, 226, 154, 155, 222, 158, 151, 152, 157, 151, 156, 151, 158, 156, 223, 158, 152, 565, 585, 566, 505, 566, 585, 583, 584, 564, 130, 129, 119, 129, 92, 119, 584, 565, 564, 585, 565, 584, 579, 504, 580, 581, 499, 583, 580, 503, 581, 581, 583, 563, 583, 564, 563, 581, 563, 562, 580, 581, 562, 562, 579, 580, 562, 561, 579, 576, 584, 583, 163, 162, 169, 162, 178, 169, 169, 170, 163, 164, 163, 170, 171, 164, 170, 169, 172, 170, 169, 181, 172, 171, 170, 174, 170, 172, 174, 173, 166, 164, 173, 164, 171, 167, 166, 173, 173, 171, 175, 171, 174, 175, 173, 175, 177, 167, 173, 176, 433, 167, 176, 433, 176, 442, 176, 173, 177, 442, 176, 444, 176, 177, 444, 162, 168, 178, 168, 150, 178, 178, 153, 180, 178, 180, 179, 181, 169, 178, 181, 178, 179, 577, 584, 578, 584, 576, 578, 502, 576, 583, 0, 32, 3, 7, 0, 3, 16, 30, 0, 17, 16, 0, 18, 1, 2, 18, 17, 1, 17, 0, 1, 4, 2, 73, 5, 4, 68, 2, 4, 18, 4, 5, 19, 4, 19, 18, 81, 5, 66, 5, 20, 19, 81, 20, 5, 2, 1, 6, 6, 1, 7, 2, 6, 8, 2, 8, 69, 59, 22, 21, 513, 549, 560, 512, 513, 560, 560, 557, 559, 560, 546, 557, 558, 559, 555, 559, 557, 555, 560, 559, 512, 558, 511, 559, 511, 512, 559, 556, 558, 554, 558, 555, 554, 556, 554, 551, 556, 511, 558, 511, 556, 508, 507, 508, 556, 553, 556, 551, 552, 553, 550, 553, 551, 550, 507, 556, 553, 506, 553, 552, 506, 507, 553, 549, 582, 547, 549, 547, 548, 546, 560, 549, 546, 549, 548, 505, 585, 549, 513, 505, 549, 65, 59, 21, 22, 33, 21, 24, 33, 22, 24, 22, 23, 26, 24, 23, 59, 60, 22, 60, 23, 22, 60, 61, 23, 27, 25, 28, 26, 23, 25, 27, 26, 25, 61, 25, 23, 61, 63, 25, 64, 25, 63, 503, 580, 504, 499, 581, 503, 504, 579, 491, 491, 503, 504, 579, 561, 491, 499, 503, 489, 491, 490, 503, 503, 490, 489, 502, 583, 498, 498, 583, 499, 502, 498, 501, 498, 500, 501, 500, 496, 497, 498, 496, 500, 496, 481, 497, 489, 498, 499, 489, 488, 498, 488, 496, 498, 487, 481, 496, 488, 487, 496, 210, 211, 221, 220, 210, 221, 211, 222, 221, 211, 212, 222, 212, 213, 226, 222, 212, 226, 155, 220, 221, 222, 155, 221, 226, 154, 222, 223, 152, 227, 283, 28, 281, 227, 152, 226, 29, 27, 28, 283, 29, 28, 223, 227, 224, 227, 225, 224, 213, 214, 227, 213, 227, 226, 214, 229, 227, 214, 215, 229, 215, 241, 229, 225, 229, 228, 227, 229, 225, 229, 241, 228, 64, 28, 25, 64, 281, 28, 64, 322, 281, 0, 30, 32, 32, 30, 31, 30, 21, 31, 33, 31, 21, 65, 21, 30, 16, 65, 30, 497, 481, 482, 481, 480, 482, 481, 452, 480, 479, 480, 452, 441, 452, 481, 487, 441, 481, 440, 451, 452, 441, 440, 452, 451, 479, 452, 450, 479, 451, 215, 230, 241, 230, 272, 241, 228, 241, 240, 241, 242, 240, 241, 272, 242, 243, 242, 272, 448, 450, 449, 450, 451, 449, 440, 439, 451, 439, 449, 451, 439, 438, 449, 448, 449, 446, 447, 448, 446, 447, 446, 443, 438, 446, 449, 438, 435, 446, 435, 443, 446, 445, 447, 443, 444, 445, 443, 444, 443, 442, 435, 434, 443, 434, 442, 443, 434, 433, 442, 420, 421, 415, 421, 382, 415, 419, 420, 414, 419, 414, 413, 420, 415, 414, 414, 415, 407, 415, 380, 412, 407, 415, 412, 418, 419, 413, 417, 418, 411, 411, 418, 413, 416, 417, 410, 410, 417, 411, 416, 410, 409, 410, 339, 409, 413, 334, 411, 411, 338, 410, 413, 414, 408, 408, 414, 407, 413, 408, 406, 413, 406, 405, 66, 5, 67, 68, 67, 5, 68, 4, 73, 66, 67, 81, 67, 82, 81, 394, 402, 393, 402, 392, 393, 402, 401, 392, 401, 400, 391, 401, 391, 392, 392, 379, 393, 390, 379, 392, 390, 392, 391, 388, 390, 391, 400, 397, 389, 400, 389, 391, 396, 389, 397, 387, 389, 386, 388, 391, 389, 387, 388, 389, 230, 231, 272, 231, 273, 272, 231, 232, 273, 232, 233, 275, 232, 275, 273, 273, 243, 272, 274, 243, 273, 276, 274, 275, 274, 273, 275, 233, 237, 278, 233, 278, 275, 237, 280, 278, 276, 275, 278, 277, 276, 278, 277, 278, 280, 237, 238, 280, 238, 506, 552, 238, 552, 280, 279, 277, 280, 550, 279, 280, 550, 280, 552, 1, 0, 7, 282, 285, 284, 283, 281, 284, 322, 282, 281, 322, 323, 282, 324, 282, 323, 285, 286, 284, 285, 288, 286, 288, 287, 286, 282, 324, 285, 285, 327, 288, 327, 285, 324, 288, 290, 287, 290, 289, 287, 291, 289, 290, 291, 316, 289, 288, 327, 290, 327, 328, 290, 291, 290, 328, 329, 318, 291, 328, 329, 291, 396, 386, 389, 396, 395, 385, 396, 385, 386, 383, 386, 385, 384, 387, 386, 383, 384, 386, 421, 394, 382, 394, 393, 382, 415, 382, 380, 380, 382, 381, 382, 393, 381, 379, 381, 393, 577, 582, 584, 395, 136, 127, 582, 585, 584, 83, 82, 67, 83, 67, 68, 68, 73, 83, 73, 84, 83, 74, 2, 69, 73, 2, 74, 74, 69, 70, 71, 74, 70, 71, 72, 74, 72, 75, 74, 75, 76, 74, 75, 91, 76, 73, 74, 84, 74, 85, 84, 76, 85, 74, 86, 76, 92, 76, 86, 85, 348, 416, 409, 347, 348, 339, 339, 348, 409, 346, 347, 338, 347, 339, 338, 334, 346, 338, 338, 339, 410, 334, 338, 411, 333, 413, 405, 333, 334, 413, 333, 405, 337, 336, 333, 337, 336, 335, 333, 346, 333, 345, 334, 333, 346, 331, 345, 333, 345, 331, 344, 344, 331, 318, 316, 291, 318, 317, 316, 318, 319, 317, 318, 319, 318, 331, 329, 330, 318, 344, 318, 330, 335, 332, 333, 332, 331, 333, 332, 319, 331, 91, 92, 76, 91, 93, 92, 93, 94, 92, 94, 119, 92, 86, 92, 128, 582, 549, 585, 375, 374, 384, 374, 373, 384, 378, 371, 384, 319, 332, 412, 317, 319, 380, 121, 24, 123, 94, 33, 121, 93, 31, 94, 91, 32, 93, 75, 3, 91, 316, 317, 381, 289, 316, 379, 287, 289, 390, 286, 287, 388, 284, 286, 387, 372, 315, 284, 315, 314, 284, 314, 313, 284, 313, 312, 284, 312, 311, 284, 311, 310, 284, 332, 335, 407, 335, 336, 408, 310, 309, 283, 336, 337, 406, 309, 308, 283, 308, 307, 283, 307, 306, 283, 306, 305, 283, 304, 283, 305, 283, 284, 310, 29, 283, 304, 24, 26, 123, 126, 113, 383, 383, 118, 366, 383, 117, 118, 383, 116, 117, 383, 115, 116, 383, 114, 115, 113, 114, 383, 126, 112, 113, 126, 111, 112, 126, 110, 111, 126, 109, 110, 126, 108, 109, 72, 7, 75, 71, 6, 72, 26, 27, 124, 70, 8, 71, 69, 8, 70, 27, 29, 126, 46, 47, 29, 52, 53, 29, 53, 46, 29, 406, 337, 405, 408, 336, 406, 412, 332, 407, 407, 335, 408, 54, 52, 29, 55, 54, 29, 51, 48, 29, 29, 48, 49, 51, 29, 45, 47, 45, 29, 29, 49, 50, 29, 50, 107, 304, 55, 29, 33, 24, 121, 32, 31, 93, 3, 32, 91, 31, 33, 94, 123, 26, 124, 8, 6, 71, 7, 3, 75, 6, 7, 72, 124, 27, 126, 126, 29, 107, 126, 107, 108, 379, 316, 381, 380, 319, 412, 381, 317, 380, 390, 289, 379, 383, 366, 384, 388, 287, 390, 387, 286, 388, 384, 284, 387, 377, 376, 384, 370, 369, 384, 369, 377, 384, 384, 368, 370, 384, 367, 368, 372, 284, 384, 366, 367, 384, 373, 372, 384, 384, 371, 375, 376, 378, 384, 246, 245, 279, 245, 244, 279, 445, 464, 522, 521, 528, 551, 551, 524, 525, 525, 521, 551, 518, 517, 551, 520, 518, 551, 527, 519, 551, 551, 519, 520, 551, 526, 527, 554, 445, 551, 555, 447, 554, 557, 448, 555, 551, 516, 550, 546, 450, 557, 528, 526, 551, 551, 523, 524, 551, 522, 523, 517, 516, 551, 445, 522, 551, 547, 480, 548, 582, 482, 547, 548, 479, 546, 453, 177, 192, 502, 501, 576, 501, 500, 578, 500, 497, 577, 224, 158, 223, 225, 156, 224, 228, 157, 225, 187, 177, 244, 186, 177, 187, 184, 177, 182, 177, 188, 182, 497, 482, 582, 482, 480, 547, 480, 479, 548, 479, 450, 546, 450, 448, 557, 240, 153, 228, 448, 447, 555, 447, 445, 554, 445, 463, 464, 445, 462, 463, 445, 461, 462, 445, 460, 461, 445, 459, 460, 185, 177, 186, 185, 188, 177, 191, 192, 177, 177, 189, 191, 190, 177, 183, 177, 190, 189, 177, 184, 183, 177, 175, 279, 175, 174, 277, 174, 172, 276, 444, 177, 453, 172, 181, 274, 578, 500, 577, 459, 444, 458, 457, 458, 444, 456, 457, 444, 455, 456, 444, 444, 454, 455, 444, 453, 454, 445, 444, 459, 242, 180, 240, 243, 179, 242, 274, 181, 243, 550, 250, 279, 516, 255, 550, 255, 254, 550, 254, 253, 550, 253, 252, 550, 252, 251, 550, 251, 250, 550, 250, 249, 279, 249, 248, 279, 248, 247, 279, 247, 246, 279, 577, 497, 582, 576, 501, 578, 179, 180, 242, 180, 153, 240, 181, 179, 243, 157, 156, 225, 153, 157, 228, 276, 172, 274, 277, 174, 276, 279, 175, 277, 244, 177, 279, 156, 158, 224, 357, 295, 356, 107, 96, 108, 48, 38, 49, 49, 39, 50, 51, 37, 48, 46, 36, 47, 47, 34, 45, 292, 44, 304, 44, 43, 55, 43, 41, 54, 42, 35, 53, 42, 52, 41, 40, 45, 34, 40, 37, 51, 39, 95, 50, 39, 49, 38, 38, 48, 37, 36, 34, 47, 36, 46, 35, 44, 292, 353, 43, 44, 106, 41, 43, 105, 41, 104, 42, 35, 42, 103, 35, 102, 36, 45, 40, 51, 54, 41, 52, 355, 294, 357, 97, 38, 98, 372, 303, 315, 315, 302, 314, 314, 301, 313, 313, 300, 312, 312, 299, 311, 311, 298, 310, 310, 297, 309, 309, 296, 308, 308, 295, 307, 307, 294, 306, 53, 35, 46, 52, 42, 53, 55, 43, 54, 304, 44, 55, 306, 293, 305, 305, 292, 304, 303, 372, 359, 303, 302, 315, 302, 301, 314, 301, 300, 313, 300, 299, 312, 299, 298, 311, 298, 297, 310, 297, 296, 309, 353, 292, 354, 354, 293, 355, 296, 295, 308, 295, 294, 307, 294, 293, 306, 96, 39, 97, 95, 39, 96, 356, 296, 364, 364, 297, 363, 363, 298, 365, 358, 300, 362, 365, 299, 358, 361, 302, 360, 362, 301, 361, 360, 303, 359, 366, 353, 354, 355, 367, 354, 357, 368, 355, 364, 369, 356, 357, 356, 370, 365, 358, 378, 362, 371, 358, 360, 359, 373, 361, 360, 374, 362, 361, 375, 365, 376, 363, 364, 363, 377, 366, 354, 367, 367, 355, 368, 370, 356, 369, 369, 364, 377, 368, 357, 370, 378, 358, 371, 373, 359, 372, 375, 361, 374, 374, 360, 373, 371, 362, 375, 377, 363, 376, 376, 365, 378, 293, 292, 305, 302, 303, 360, 301, 302, 361, 300, 301, 362, 299, 300, 358, 298, 299, 365, 297, 298, 363, 296, 297, 364, 295, 296, 356, 353, 366, 118, 95, 107, 50, 98, 37, 99, 99, 40, 100, 100, 34, 101, 101, 36, 102, 102, 35, 103, 116, 105, 117, 115, 104, 116, 114, 103, 115, 113, 102, 114, 112, 101, 113, 34, 36, 101, 37, 40, 99, 34, 100, 40, 38, 97, 39, 37, 98, 38, 111, 100, 112, 294, 295, 357, 110, 99, 111, 293, 294, 355, 103, 42, 104, 104, 41, 105, 105, 43, 106, 106, 44, 353, 107, 95, 96, 97, 108, 96, 98, 109, 97, 99, 110, 98, 100, 111, 99, 292, 293, 354, 109, 98, 110, 108, 97, 109, 101, 112, 100, 102, 113, 101, 103, 114, 102, 104, 115, 103, 105, 116, 104, 106, 117, 105, 106, 353, 118, 117, 106, 118, 453, 204, 466, 516, 529, 255, 455, 454, 467, 255, 269, 254, 254, 268, 253, 253, 267, 252, 252, 266, 251, 250, 251, 265, 250, 264, 249, 249, 263, 248, 248, 262, 247, 247, 261, 246, 246, 260, 245, 245, 259, 244, 258, 244, 259, 259, 245, 260, 260, 246, 261, 261, 247, 262, 262, 248, 263, 263, 249, 264, 264, 250, 265, 265, 251, 266, 266, 252, 267, 267, 253, 268, 268, 254, 269, 269, 255, 529, 456, 455, 468, 457, 456, 469, 458, 457, 470, 517, 530, 516, 518, 531, 517, 519, 532, 520, 527, 540, 519, 520, 533, 518, 521, 534, 528, 522, 535, 523, 524, 537, 525, 523, 536, 524, 525, 538, 521, 526, 539, 527, 526, 528, 541, 459, 458, 471, 460, 459, 472, 461, 460, 473, 462, 461, 474, 463, 462, 475, 464, 463, 476, 522, 464, 477, 184, 182, 194, 184, 196, 183, 467, 454, 466, 468, 455, 467, 469, 456, 468, 522, 477, 535, 477, 464, 476, 476, 463, 475, 475, 462, 474, 474, 461, 473, 529, 516, 530, 530, 517, 531, 531, 518, 533, 532, 519, 540, 533, 520, 532, 541, 528, 534, 534, 521, 538, 536, 523, 535, 537, 524, 536, 538, 525, 537, 539, 526, 541, 540, 527, 539, 188, 185, 197, 187, 199, 186, 186, 198, 185, 244, 258, 187, 188, 200, 182, 191, 189, 201, 190, 183, 195, 190, 202, 189, 192, 191, 203, 453, 192, 204, 195, 183, 196, 196, 184, 194, 197, 185, 198, 454, 453, 466, 198, 186, 199, 199, 187, 258, 200, 188, 197, 194, 182, 200, 473, 460, 472, 472, 459, 471, 471, 458, 470, 470, 457, 469, 201, 189, 202, 202, 190, 195, 203, 191, 201, 204, 192, 203, 205, 271, 543, 536, 535, 544, 256, 197, 198, 256, 198, 199, 256, 199, 258, 256, 257, 205, 196, 194, 193, 545, 543, 544, 542, 538, 544, 538, 537, 544, 270, 271, 257, 205, 257, 271, 545, 478, 543, 542, 544, 543, 542, 539, 541, 542, 532, 540, 540, 539, 542, 541, 534, 542, 534, 538, 542, 533, 532, 542, 542, 531, 533, 542, 530, 531, 542, 529, 530, 542, 269, 529, 467, 193, 465, 465, 193, 478, 468, 467, 465, 469, 468, 465, 470, 469, 465, 261, 262, 256, 257, 256, 270, 471, 470, 465, 472, 471, 465, 473, 472, 465, 474, 473, 465, 474, 465, 544, 475, 474, 544, 478, 205, 543, 202, 195, 193, 196, 193, 195, 194, 200, 193, 256, 260, 261, 256, 259, 260, 256, 258, 259, 200, 197, 193, 256, 205, 193, 202, 193, 201, 203, 201, 193, 204, 203, 193, 466, 204, 193, 466, 193, 467, 193, 205, 478, 465, 478, 545, 476, 475, 544, 477, 476, 544, 535, 477, 544, 544, 465, 545, 270, 256, 262, 270, 262, 263, 270, 263, 264, 270, 264, 265, 270, 265, 266, 270, 266, 267, 270, 267, 268, 270, 268, 269, 270, 269, 542, 270, 542, 271, 537, 536, 544, 543, 271, 542, 193, 197, 256]
            point3f[] points = [(-71.4018, -57, -54.78853), (-77.94228, -57, -45), (-83.149155, -57, -34.44151), (-69.282036, -57, -40), (-86.93333, -57, -23.293715), (-89.230034, -57, -11.747357), (-77.27406, -57, -20.705524), (-73.91036, -57, -30.614676), (-79.31559, -57, -10.442096), (-107.1027, -40, -82.18279), (-82.18279, -40, -107.1027), (-95.45942, -40, -95.45942), (-124.72374, -40, -51.662262), (-130.4, -40, -34.94057), (-116.91343, -40, -67.5), (-133.84506, -40, -17.621037), (-71.4018, -40, -54.78853), (-77.94228, -40, -45), (-83.149155, -40, -34.44151), (-86.93333, -40, -23.293715), (-89.230034, -40, -11.747357), (-54.78853, -57, -71.4018), (-45, -57, -77.94228), (-34.44151, -57, -83.149155), (-40, -57, -69.282036), (-23.293715, -57, -86.93333), (-30.614676, -57, -73.91036), (-20.705524, -57, -77.27406), (-11.747357, -57, -89.230034), (-10.442096, -57, -79.31559), (-63.63961, -57, -63.63961), (-56.568542, -57, -56.568542), (-63.468266, -57, -48.700912), (-48.700912, -57, -63.468266), (-5.5534735, -85, -4.26133), (-4.26133, -85, -5.5534735), (-4.9497476, -85, -4.9497476), (-6.467157, -85, -2.6787841), (-6.761481, -85, -1.8117334), (-6.940114, -85, -0.91368335), (-6.0621777, -85, -3.5), (-2.6787841, -85, -6.467157), (-3.5, -85, -6.0621777), (-1.8117334, -85, -6.761481), (-0.91368335, -85, -6.940114), (-5.5534735, -57, -4.26133), (-4.26133, -57, -5.5534735), (-4.9497476, -57, -4.9497476), (-6.467157, -57, -2.6787841), (-6.761481, -57, -1.8117334), (-6.940114, -57, -0.91368335), (-6.0621777, -57, -3.5), (-2.6787841, -57, -6.467157), (-3.5, -57, -6.0621777), (-1.8117334, -57, -6.761481), (-0.91368335, -57, -6.940114), (-51.662262, -40, -124.72374), (-67.5, -40, -116.91343), (-34.94057, -40, -130.4), (-54.78853, -40, -71.4018), (-45, -40, -77.94228), (-34.44151, -40, -83.149155), (-17.621037, -40, -133.84506), (-23.293715, -40, -86.93333), (-11.747357, -40, -89.230034), (-63.63961, -40, -63.63961), (-90, -57, 0), (-89.230034, -57, 11.747357), (-86.93333, -57, 23.293715), (-80, -57, 0), (-79.31559, -57, 10.442096), (-77.27406, -57, 20.705524), (-73.91036, -57, 30.614676), (-83.149155, -57, 34.44151), (-77.94228, -57, 45), (-69.282036, -57, 40), (-71.4018, -57, 54.78853), (-135, -40, 0), (-133.84506, -40, 17.621037), (-130.4, -40, 34.94057), (-124.72374, -40, 51.662262), (-90, -40, 0), (-89.230034, -40, 11.747357), (-86.93333, -40, 23.293715), (-83.149155, -40, 34.44151), (-77.94228, -40, 45), (-71.4018, -40, 54.78853), (-116.91343, -40, 67.5), (-107.1027, -40, 82.18279), (-95.45942, -40, 95.45942), (-82.18279, -40, 107.1027), (-63.468266, -57, 48.700912), (-63.63961, -57, 63.63961), (-56.568542, -57, 56.568542), (-48.700912, -57, 63.468266), (-7, -85, 0), (-6.940114, -85, 0.91368335), (-6.761481, -85, 1.8117334), (-6.467157, -85, 2.6787841), (-6.0621777, -85, 3.5), (-5.5534735, -85, 4.26133), (-4.9497476, -85, 4.9497476), (-4.26133, -85, 5.5534735), (-3.5, -85, 6.0621777), (-2.6787841, -85, 6.467157), (-1.8117334, -85, 6.761481), (-0.91368335, -85, 6.940114), (-7, -57, 0), (-6.940114, -57, 0.91368335), (-6.761481, -57, 1.8117334), (-6.467157, -57, 2.6787841), (-6.0621777, -57, 3.5), (-5.5534735, -57, 4.26133), (-4.9497476, -57, 4.9497476), (-4.26133, -57, 5.5534735), (-3.5, -57, 6.0621777), (-2.6787841, -57, 6.467157), (-1.8117334, -57, 6.761481), (-0.91368335, -57, 6.940114), (-54.78853, -57, 71.4018), (-45, -57, 77.94228), (-40, -57, 69.282036), (-34.44151, -57, 83.149155), (-30.614676, -57, 73.91036), (-20.705524, -57, 77.27406), (-23.293715, -57, 86.93333), (-10.442096, -57, 79.31559), (-11.747357, -57, 89.230034), (-63.63961, -40, 63.63961), (-54.78853, -40, 71.4018), (-45, -40, 77.94228), (-34.44151, -40, 83.149155), (-67.5, -40, 116.91343), (-51.662262, -40, 124.72374), (-34.94057, -40, 130.4), (-23.293715, -40, 86.93333), (-11.747357, -40, 89.230034), (-17.621037, -40, 133.84506), (-107.1027, 40, -82.18279), (-82.18279, 40, -107.1027), (-95.45942, 40, -95.45942), (-124.72374, 40, -51.662262), (-130.4, 40, -34.94057), (-116.91343, 40, -67.5), (-133.84506, 40, -17.621037), (-71.4018, 40, -54.78853), (-77.94228, 40, -45), (-83.149155, 40, -34.44151), (-86.93333, 40, -23.293715), (-89.230034, 40, -11.747357), (-71.4018, 57, -54.78853), (-77.94228, 57, -45), (-83.149155, 57, -34.44151), (-69.282036, 57, -40), (-86.93333, 57, -23.293715), (-89.230034, 57, -11.747357), (-77.27406, 57, -20.705524), (-73.91036, 57, -30.614676), (-79.31559, 57, -10.442096), (-51.662262, 40, -124.72374), (-67.5, 40, -116.91343), (-34.94057, 40, -130.4), (-54.78853, 40, -71.4018), (-45, 40, -77.94228), (-34.44151, 40, -83.149155), (-17.621037, 40, -133.84506), (-23.293715, 40, -86.93333), (-11.747357, 40, -89.230034), (-63.63961, 40, -63.63961), (-54.78853, 57, -71.4018), (-45, 57, -77.94228), (-34.44151, 57, -83.149155), (-40, 57, -69.282036), (-23.293715, 57, -86.93333), (-30.614676, 57, -73.91036), (-20.705524, 57, -77.27406), (-11.747357, 57, -89.230034), (-10.442096, 57, -79.31559), (-63.63961, 57, -63.63961), (-56.568542, 57, -56.568542), (-63.468266, 57, -48.700912), (-48.700912, 57, -63.468266), (-5.5534735, 57, -4.26133), (-4.26133, 57, -5.5534735), (-4.9497476, 57, -4.9497476), (-6.467157, 57, -2.6787841), (-6.761481, 57, -1.8117334), (-6.940114, 57, -0.91368335), (-6.0621777, 57, -3.5), (-2.6787841, 57, -6.467157), (-3.5, 57, -6.0621777), (-1.8117334, 57, -6.761481), (-0.91368335, 57, -6.940114), (-6.3, 76, -10.911921), (-5.5534735, 76, -4.26133), (-4.26133, 76, -5.5534735), (-4.9497476, 76, -4.9497476), (-6.467157, 76, -2.6787841), (-6.761481, 76, -1.8117334), (-6.940114, 76, -0.91368335), (-6.0621777, 76, -3.5), (-2.6787841, 76, -6.467157), (-3.5, 76, -6.0621777), (-1.8117334, 76, -6.761481), (-0.91368335, 76, -6.940114), (-6.3, 86, -10.911921), (-135, 40, 0), (-133.84506, 40, 17.621037), (-130.4, 40, 34.94057), (-124.72374, 40, 51.662262), (-90, 40, 0), (-89.230034, 40, 11.747357), (-86.93333, 40, 23.293715), (-83.149155, 40, 34.44151), (-77.94228, 40, 45), (-71.4018, 40, 54.78853), (-116.91343, 40, 67.5), (-107.1027, 40, 82.18279), (-95.45942, 40, 95.45942), (-82.18279, 40, 107.1027), (-90, 57, 0), (-89.230034, 57, 11.747357), (-86.93333, 57, 23.293715), (-79.31559, 57, 10.442096), (-77.27406, 57, 20.705524), (-73.91036, 57, 30.614676), (-83.149155, 57, 34.44151), (-77.94228, 57, 45), (-69.282036, 57, 40), (-71.4018, 57, 54.78853), (-63.63961, 40, 63.63961), (-54.78853, 40, 71.4018), (-45, 40, 77.94228), (-34.44151, 40, 83.149155), (-67.5, 40, 116.91343), (-51.662262, 40, 124.72374), (-34.94057, 40, 130.4), (-23.293715, 40, 86.93333), (-11.747357, 40, 89.230034), (-17.621037, 40, 133.84506), (-63.468266, 57, 48.700912), (-63.63961, 57, 63.63961), (-56.568542, 57, 56.568542), (-48.700912, 57, 63.468266), (-7, 57, 0), (-6.940114, 57, 0.91368335), (-6.761481, 57, 1.8117334), (-6.467157, 57, 2.6787841), (-6.0621777, 57, 3.5), (-5.5534735, 57, 4.26133), (-4.9497476, 57, 4.9497476), (-4.26133, 57, 5.5534735), (-3.5, 57, 6.0621777), (-2.6787841, 57, 6.467157), (-1.8117334, 57, 6.761481), (-0.91368335, 57, 6.940114), (-12.6, 76, 0), (-12.6, 86, 0), (-7, 76, 0), (-6.940114, 76, 0.91368335), (-6.761481, 76, 1.8117334), (-6.467157, 76, 2.6787841), (-6.0621777, 76, 3.5), (-5.5534735, 76, 4.26133), (-4.9497476, 76, 4.9497476), (-4.26133, 76, 5.5534735), (-3.5, 76, 6.0621777), (-2.6787841, 76, 6.467157), (-1.8117334, 76, 6.761481), (-0.91368335, 76, 6.940114), (-6.3, 76, 10.911921), (-6.3, 86, 10.911921), (-54.78853, 57, 71.4018), (-45, 57, 77.94228), (-40, 57, 69.282036), (-34.44151, 57, 83.149155), (-30.614676, 57, 73.91036), (-20.705524, 57, 77.27406), (-23.293715, 57, 86.93333), (-10.442096, 57, 79.31559), (-11.747357, 57, 89.230034), (0, -57, -90), (11.747357, -57, -89.230034), (0, -57, -80), (10.442096, -57, -79.31559), (23.293715, -57, -86.93333), (20.705524, -57, -77.27406), (30.614676, -57, -73.91036), (34.44151, -57, -83.149155), (40, -57, -69.282036), (45, -57, -77.94228), (54.78853, -57, -71.4018), (0, -85, -7), (0.91368335, -85, -6.940114), (1.8117334, -85, -6.761481), (2.6787841, -85, -6.467157), (3.5, -85, -6.0621777), (4.26133, -85, -5.5534735), (4.9497476, -85, -4.9497476), (5.5534735, -85, -4.26133), (6.0621777, -85, -3.5), (6.467157, -85, -2.6787841), (6.761481, -85, -1.8117334), (6.940114, -85, -0.91368335), (0, -57, -7), (0.91368335, -57, -6.940114), (1.8117334, -57, -6.761481), (2.6787841, -57, -6.467157), (3.5, -57, -6.0621777), (4.26133, -57, -5.5534735), (4.9497476, -57, -4.9497476), (5.5534735, -57, -4.26133), (6.0621777, -57, -3.5), (6.467157, -57, -2.6787841), (6.761481, -57, -1.8117334), (6.940114, -57, -0.91368335), (48.700912, -57, -63.468266), (56.568542, -57, -56.568542), (63.63961, -57, -63.63961), (63.468266, -57, -48.700912), (0, -40, -135), (17.621037, -40, -133.84506), (0, -40, -90), (11.747357, -40, -89.230034), (23.293715, -40, -86.93333), (34.94057, -40, -130.4), (51.662262, -40, -124.72374), (34.44151, -40, -83.149155), (45, -40, -77.94228), (54.78853, -40, -71.4018), (63.63961, -40, -63.63961), (71.4018, -57, -54.78853), (69.282036, -57, -40), (77.94228, -57, -45), (83.149155, -57, -34.44151), (73.91036, -57, -30.614676), (77.27406, -57, -20.705524), (79.31559, -57, -10.442096), (86.93333, -57, -23.293715), (89.230034, -57, -11.747357), (67.5, -40, -116.91343), (82.18279, -40, -107.1027), (95.45942, -40, -95.45942), (107.1027, -40, -82.18279), (71.4018, -40, -54.78853), (77.94228, -40, -45), (83.149155, -40, -34.44151), (86.93333, -40, -23.293715), (89.230034, -40, -11.747357), (116.91343, -40, -67.5), (124.72374, -40, -51.662262), (130.4, -40, -34.94057), (133.84506, -40, -17.621037), (0, -85, 7), (0.91368335, -85, 6.940114), (1.8117334, -85, 6.761481), (3.5, -85, 6.0621777), (2.6787841, -85, 6.467157), (6.0621777, -85, 3.5), (7, -85, 0), (6.940114, -85, 0.91368335), (6.761481, -85, 1.8117334), (6.467157, -85, 2.6787841), (4.9497476, -85, 4.9497476), (4.26133, -85, 5.5534735), (5.5534735, -85, 4.26133), (0, -57, 7), (0.91368335, -57, 6.940114), (1.8117334, -57, 6.761481), (3.5, -57, 6.0621777), (2.6787841, -57, 6.467157), (6.0621777, -57, 3.5), (7, -57, 0), (6.940114, -57, 0.91368335), (6.761481, -57, 1.8117334), (6.467157, -57, 2.6787841), (4.9497476, -57, 4.9497476), (4.26133, -57, 5.5534735), (5.5534735, -57, 4.26133), (48.700912, -57, 63.468266), (63.468266, -57, 48.700912), (56.568542, -57, 56.568542), (63.63961, -57, 63.63961), (0, -57, 80), (10.442096, -57, 79.31559), (0, -57, 90), (11.747357, -57, 89.230034), (20.705524, -57, 77.27406), (30.614676, -57, 73.91036), (23.293715, -57, 86.93333), (40, -57, 69.282036), (34.44151, -57, 83.149155), (45, -57, 77.94228), (54.78853, -57, 71.4018), (63.63961, -40, 63.63961), (0, -40, 90), (11.747357, -40, 89.230034), (23.293715, -40, 86.93333), (0, -40, 135), (17.621037, -40, 133.84506), (34.44151, -40, 83.149155), (45, -40, 77.94228), (54.78853, -40, 71.4018), (34.94057, -40, 130.4), (51.662262, -40, 124.72374), (80, -57, 0), (79.31559, -57, 10.442096), (73.91036, -57, 30.614676), (77.27406, -57, 20.705524), (90, -57, 0), (89.230034, -57, 11.747357), (86.93333, -57, 23.293715), (69.282036, -57, 40), (83.149155, -57, 34.44151), (77.94228, -57, 45), (71.4018, -57, 54.78853), (90, -40, 0), (89.230034, -40, 11.747357), (86.93333, -40, 23.293715), (83.149155, -40, 34.44151), (77.94228, -40, 45), (71.4018, -40, 54.78853), (135, -40, 0), (133.84506, -40, 17.621037), (130.4, -40, 34.94057), (124.72374, -40, 51.662262), (95.45942, -40, 95.45942), (67.5, -40, 116.91343), (82.18279, -40, 107.1027), (107.1027, -40, 82.18279), (116.91343, -40, 67.5), (0, 40, -135), (17.621037, 40, -133.84506), (0, 40, -90), (11.747357, 40, -89.230034), (23.293715, 40, -86.93333), (34.94057, 40, -130.4), (51.662262, 40, -124.72374), (34.44151, 40, -83.149155), (45, 40, -77.94228), (54.78853, 40, -71.4018), (63.63961, 40, -63.63961), (0, 57, -90), (11.747357, 57, -89.230034), (0, 57, -80), (10.442096, 57, -79.31559), (23.293715, 57, -86.93333), (20.705524, 57, -77.27406), (30.614676, 57, -73.91036), (34.44151, 57, -83.149155), (40, 57, -69.282036), (45, 57, -77.94228), (54.78853, 57, -71.4018), (0, 57, -7), (0.91368335, 57, -6.940114), (1.8117334, 57, -6.761481), (2.6787841, 57, -6.467157), (3.5, 57, -6.0621777), (4.26133, 57, -5.5534735), (4.9497476, 57, -4.9497476), (5.5534735, 57, -4.26133), (6.0621777, 57, -3.5), (6.467157, 57, -2.6787841), (6.761481, 57, -1.8117334), (6.940114, 57, -0.91368335), (6.3, 76, -10.911921), (0, 76, -7), (0.91368335, 76, -6.940114), (1.8117334, 76, -6.761481), (2.6787841, 76, -6.467157), (3.5, 76, -6.0621777), (4.26133, 76, -5.5534735), (4.9497476, 76, -4.9497476), (5.5534735, 76, -4.26133), (6.0621777, 76, -3.5), (6.467157, 76, -2.6787841), (6.761481, 76, -1.8117334), (6.940114, 76, -0.91368335), (6.3, 86, -10.911921), (48.700912, 57, -63.468266), (56.568542, 57, -56.568542), (63.63961, 57, -63.63961), (63.468266, 57, -48.700912), (67.5, 40, -116.91343), (82.18279, 40, -107.1027), (95.45942, 40, -95.45942), (107.1027, 40, -82.18279), (71.4018, 40, -54.78853), (77.94228, 40, -45), (83.149155, 40, -34.44151), (86.93333, 40, -23.293715), (89.230034, 40, -11.747357), (116.91343, 40, -67.5), (124.72374, 40, -51.662262), (130.4, 40, -34.94057), (133.84506, 40, -17.621037), (71.4018, 57, -54.78853), (69.282036, 57, -40), (77.94228, 57, -45), (83.149155, 57, -34.44151), (73.91036, 57, -30.614676), (77.27406, 57, -20.705524), (79.31559, 57, -10.442096), (86.93333, 57, -23.293715), (89.230034, 57, -11.747357), (63.63961, 40, 63.63961), (0, 40, 90), (11.747357, 40, 89.230034), (23.293715, 40, 86.93333), (0, 40, 135), (17.621037, 40, 133.84506), (34.44151, 40, 83.149155), (45, 40, 77.94228), (54.78853, 40, 71.4018), (34.94057, 40, 130.4), (51.662262, 40, 124.72374), (0, 57, 7), (0.91368335, 57, 6.940114), (1.8117334, 57, 6.761481), (3.5, 57, 6.0621777), (2.6787841, 57, 6.467157), (6.0621777, 57, 3.5), (7, 57, 0), (6.940114, 57, 0.91368335), (6.761481, 57, 1.8117334), (6.467157, 57, 2.6787841), (4.9497476, 57, 4.9497476), (4.26133, 57, 5.5534735), (5.5534735, 57, 4.26133), (0, 76, 7), (0.91368335, 76, 6.940114), (1.8117334, 76, 6.761481), (3.5, 76, 6.0621777), (2.6787841, 76, 6.467157), (6.0621777, 76, 3.5), (7, 76, 0), (6.940114, 76, 0.91368335), (6.761481, 76, 1.8117334), (6.467157, 76, 2.6787841), (4.9497476, 76, 4.9497476), (4.26133, 76, 5.5534735), (5.5534735, 76, 4.26133), (6.3, 76, 10.911921), (6.3, 86, 10.911921), (12.6, 76, 0), (12.6, 86, 0), (48.700912, 57, 63.468266), (63.468266, 57, 48.700912), (56.568542, 57, 56.568542), (63.63961, 57, 63.63961), (0, 57, 80), (10.442096, 57, 79.31559), (0, 57, 90), (11.747357, 57, 89.230034), (20.705524, 57, 77.27406), (30.614676, 57, 73.91036), (23.293715, 57, 86.93333), (40, 57, 69.282036), (34.44151, 57, 83.149155), (45, 57, 77.94228), (54.78853, 57, 71.4018), (90, 40, 0), (89.230034, 40, 11.747357), (86.93333, 40, 23.293715), (83.149155, 40, 34.44151), (77.94228, 40, 45), (71.4018, 40, 54.78853), (135, 40, 0), (133.84506, 40, 17.621037), (130.4, 40, 34.94057), (124.72374, 40, 51.662262), (95.45942, 40, 95.45942), (67.5, 40, 116.91343), (82.18279, 40, 107.1027), (107.1027, 40, 82.18279), (116.91343, 40, 67.5), (79.31559, 57, 10.442096), (73.91036, 57, 30.614676), (77.27406, 57, 20.705524), (90, 57, 0), (89.230034, 57, 11.747357), (86.93333, 57, 23.293715), (69.282036, 57, 40), (83.149155, 57, 34.44151), (77.94228, 57, 45), (71.4018, 57, 54.78853)]

            rel material:binding = </BVR1/Materials/WheelMaterial>
        }
    }

    def Xform "WheelFR" (
        prepend apiSchemas = ["PhysicsRigidBodyAPI", "PhysicsMassAPI"]
    )
    {
        double3 xformOp:translate = (280, 82, 280)
        uniform token[] xformOpOrder = ["xformOp:translate"]

        float physics:mass = 2.0

        def PhysicsRevoluteJoint "WheelFRJoint"
        {
            rel physics:body0 = </BVR1/Body>
            rel physics:body1 = </BVR1/WheelFR>
            float3 physics:localPos0 = (280, 82, 280)
            float3 physics:localPos1 = (0, 0, 0)
            float3 physics:axis = (1, 0, 0)

            float drive:angular:physics:damping = 10.0
            float drive:angular:physics:stiffness = 0.0
            float drive:angular:physics:maxForce = 50
            token drive:angular:physics:type = "force"
        }

        def Mesh "WheelFRMesh"
        {
            int[] faceVertexCounts = [3, 3, 3, 3, 3, 3, 3, 3, 3, 3, 3, 3, 3, 3, 3, 3, 3, 3, 3, 3, 3, 3, 3, 3, 3, 3, 3, 3, 3, 3, 3, 3, 3, 3, 3, 3, 3, 3, 3, 3, 3, 3, 3, 3, 3, 3, 3, 3, 3, 3, 3, 3, 3, 3, 3, 3, 3, 3, 3, 3, 3, 3, 3, 3, 3, 3, 3, 3, 3, 3, 3, 3, 3, 3, 3, 3, 3, 3, 3, 3, 3, 3, 3, 3, 3, 3, 3, 3, 3, 3, 3, 3, 3, 3, 3, 3, 3, 3, 3, 3, 3, 3, 3, 3, 3, 3, 3, 3, 3, 3, 3, 3, 3, 3, 3, 3, 3, 3, 3, 3, 3, 3, 3, 3, 3, 3, 3, 3, 3, 3, 3, 3, 3, 3, 3, 3, 3, 3, 3, 3, 3, 3, 3, 3, 3, 3, 3, 3, 3, 3, 3, 3, 3, 3, 3, 3, 3, 3, 3, 3, 3, 3, 3, 3, 3, 3, 3, 3, 3, 3, 3, 3, 3, 3, 3, 3, 3, 3, 3, 3, 3, 3, 3, 3, 3, 3, 3, 3, 3, 3, 3, 3, 3, 3, 3, 3, 3, 3, 3, 3, 3, 3, 3, 3, 3, 3, 3, 3, 3, 3, 3, 3, 3, 3, 3, 3, 3, 3, 3, 3, 3, 3, 3, 3, 3, 3, 3, 3, 3, 3, 3, 3, 3, 3, 3, 3, 3, 3, 3, 3, 3, 3, 3, 3, 3, 3, 3, 3, 3, 3, 3, 3, 3, 3, 3, 3, 3, 3, 3, 3, 3, 3, 3, 3, 3, 3, 3, 3, 3, 3, 3, 3, 3, 3, 3, 3, 3, 3, 3, 3, 3, 3, 3, 3, 3, 3, 3, 3, 3, 3, 3, 3, 3, 3, 3, 3, 3, 3, 3, 3, 3, 3, 3, 3, 3, 3, 3, 3, 3, 3, 3, 3, 3, 3, 3, 3, 3, 3, 3, 3, 3, 3, 3, 3, 3, 3, 3, 3, 3, 3, 3, 3, 3, 3, 3, 3, 3, 3, 3, 3, 3, 3, 3, 3, 3, 3, 3, 3, 3, 3, 3, 3, 3, 3, 3, 3, 3, 3, 3, 3, 3, 3, 3, 3, 3, 3, 3, 3, 3, 3, 3, 3, 3, 3, 3, 3, 3, 3, 3, 3, 3, 3, 3, 3, 3, 3, 3, 3, 3, 3, 3, 3, 3, 3, 3, 3, 3, 3, 3, 3, 3, 3, 3, 3, 3, 3, 3, 3, 3, 3, 3, 3, 3, 3, 3, 3, 3, 3, 3, 3, 3, 3, 3, 3, 3, 3, 3, 3, 3, 3, 3, 3, 3, 3, 3, 3, 3, 3, 3, 3, 3, 3, 3, 3, 3, 3, 3, 3, 3, 3, 3, 3, 3, 3, 3, 3, 3, 3, 3, 3, 3, 3, 3, 3, 3, 3, 3, 3, 3, 3, 3, 3, 3, 3, 3, 3, 3, 3, 3, 3, 3, 3, 3, 3, 3, 3, 3, 3, 3, 3, 3, 3, 3, 3, 3, 3, 3, 3, 3, 3, 3, 3, 3, 3, 3, 3, 3, 3, 3, 3, 3, 3, 3, 3, 3, 3, 3, 3, 3, 3, 3, 3, 3, 3, 3, 3, 3, 3, 3, 3, 3, 3, 3, 3, 3, 3, 3, 3, 3, 3, 3, 3, 3, 3, 3, 3, 3, 3, 3, 3, 3, 3, 3, 3, 3, 3, 3, 3, 3, 3, 3, 3, 3, 3, 3, 3, 3, 3, 3, 3, 3, 3, 3, 3, 3, 3, 3, 3, 3, 3, 3, 3, 3, 3, 3, 3, 3, 3, 3, 3, 3, 3, 3, 3, 3, 3, 3, 3, 3, 3, 3, 3, 3, 3, 3, 3, 3, 3, 3, 3, 3, 3, 3, 3, 3, 3, 3, 3, 3, 3, 3, 3, 3, 3, 3, 3, 3, 3, 3, 3, 3, 3, 3, 3, 3, 3, 3, 3, 3, 3, 3, 3, 3, 3, 3, 3, 3, 3, 3, 3, 3, 3, 3, 3, 3, 3, 3, 3, 3, 3, 3, 3, 3, 3, 3, 3, 3, 3, 3, 3, 3, 3, 3, 3, 3, 3, 3, 3, 3, 3, 3, 3, 3, 3, 3, 3, 3, 3, 3, 3, 3, 3, 3, 3, 3, 3, 3, 3, 3, 3, 3, 3, 3, 3, 3, 3, 3, 3, 3, 3, 3, 3, 3, 3, 3, 3, 3, 3, 3, 3, 3, 3, 3, 3, 3, 3, 3, 3, 3, 3, 3, 3, 3, 3, 3, 3, 3, 3, 3, 3, 3, 3, 3, 3, 3, 3, 3, 3, 3, 3, 3, 3, 3, 3, 3, 3, 3, 3, 3, 3, 3, 3, 3, 3, 3, 3, 3, 3, 3, 3, 3, 3, 3, 3, 3, 3, 3, 3, 3, 3, 3, 3, 3, 3, 3, 3, 3, 3, 3, 3, 3, 3, 3, 3, 3, 3, 3, 3, 3, 3, 3, 3, 3, 3, 3, 3, 3, 3, 3, 3, 3, 3, 3, 3, 3, 3, 3, 3, 3, 3, 3, 3, 3, 3, 3, 3, 3, 3, 3, 3, 3, 3, 3, 3, 3, 3, 3, 3, 3, 3, 3, 3, 3, 3, 3, 3, 3, 3, 3, 3, 3, 3, 3, 3, 3, 3, 3, 3, 3, 3, 3, 3, 3, 3, 3, 3, 3, 3, 3, 3, 3, 3, 3, 3, 3, 3, 3, 3, 3, 3, 3, 3, 3, 3, 3, 3, 3, 3, 3, 3, 3, 3, 3, 3, 3, 3, 3, 3, 3, 3, 3, 3, 3, 3, 3, 3, 3, 3, 3, 3, 3, 3, 3, 3, 3, 3, 3, 3, 3, 3, 3, 3, 3, 3, 3, 3, 3, 3, 3, 3, 3, 3, 3, 3, 3, 3, 3, 3, 3, 3, 3, 3, 3, 3, 3, 3, 3, 3, 3, 3, 3, 3, 3, 3, 3, 3, 3, 3, 3, 3, 3, 3, 3, 3, 3, 3, 3, 3, 3, 3, 3, 3, 3, 3, 3, 3, 3, 3, 3, 3, 3, 3, 3, 3, 3, 3, 3, 3, 3, 3, 3, 3, 3, 3, 3, 3, 3, 3, 3, 3, 3, 3, 3, 3, 3, 3, 3, 3, 3, 3, 3, 3, 3, 3, 3, 3, 3, 3, 3, 3, 3, 3, 3, 3, 3, 3, 3, 3, 3, 3, 3, 3, 3, 3, 3, 3, 3, 3, 3, 3, 3, 3, 3, 3, 3, 3, 3, 3, 3, 3, 3, 3, 3, 3, 3, 3, 3, 3, 3, 3, 3, 3, 3, 3, 3, 3, 3, 3, 3, 3, 3, 3, 3, 3, 3, 3, 3, 3, 3, 3, 3, 3, 3, 3, 3, 3, 3, 3, 3, 3, 3, 3, 3, 3, 3, 3, 3, 3, 3, 3, 3, 3, 3, 3, 3, 3, 3, 3, 3, 3, 3, 3, 3, 3, 3, 3, 3, 3, 3, 3, 3, 3, 3, 3, 3, 3, 3, 3, 3, 3, 3, 3, 3, 3, 3, 3, 3, 3, 3, 3, 3, 3, 3, 3, 3, 3, 3, 3, 3, 3, 3, 3, 3, 3, 3, 3, 3, 3, 3, 3, 3, 3, 3, 3, 3, 3, 3, 3]
            int[] faceVertexIndices = [400, 403, 397, 571, 429, 574, 574, 430, 575, 564, 573, 571, 505, 572, 573, 566, 573, 565, 505, 573, 566, 572, 428, 573, 573, 426, 571, 570, 492, 575, 569, 493, 570, 568, 494, 569, 567, 495, 568, 575, 486, 574, 575, 425, 570, 570, 424, 569, 569, 423, 568, 568, 422, 567, 571, 563, 564, 571, 562, 563, 561, 562, 571, 573, 564, 565, 574, 485, 571, 14, 138, 9, 11, 10, 18, 10, 57, 16, 16, 17, 10, 65, 16, 57, 11, 139, 10, 57, 10, 160, 9, 140, 11, 12, 14, 87, 12, 80, 13, 13, 79, 15, 14, 9, 88, 14, 12, 143, 13, 141, 12, 15, 142, 13, 77, 144, 15, 18, 19, 11, 19, 20, 11, 20, 81, 11, 17, 18, 10, 9, 11, 89, 561, 571, 485, 512, 515, 572, 511, 514, 515, 512, 572, 513, 513, 572, 505, 511, 515, 512, 515, 427, 572, 514, 404, 515, 510, 514, 507, 507, 514, 508, 509, 510, 506, 506, 510, 507, 508, 514, 511, 510, 403, 514, 509, 399, 510, 495, 494, 568, 494, 493, 569, 493, 492, 570, 492, 486, 575, 486, 485, 574, 567, 352, 495, 495, 351, 494, 494, 350, 493, 493, 349, 492, 485, 491, 561, 490, 491, 484, 489, 490, 484, 488, 489, 484, 492, 343, 486, 485, 484, 491, 487, 488, 483, 441, 487, 483, 483, 488, 484, 486, 342, 485, 485, 341, 484, 484, 340, 483, 440, 441, 437, 439, 440, 437, 438, 439, 436, 437, 441, 483, 436, 439, 437, 483, 326, 437, 437, 325, 436, 432, 438, 436, 435, 438, 432, 432, 434, 435, 434, 431, 433, 432, 431, 434, 436, 321, 432, 432, 320, 431, 430, 574, 429, 428, 426, 573, 428, 572, 427, 429, 571, 426, 426, 428, 419, 428, 427, 421, 421, 420, 428, 394, 421, 427, 430, 425, 575, 425, 424, 570, 424, 423, 569, 423, 422, 568, 430, 349, 425, 425, 350, 424, 424, 351, 423, 423, 352, 422, 429, 343, 430, 419, 418, 426, 418, 417, 426, 417, 416, 426, 420, 419, 428, 426, 342, 429, 416, 342, 426, 427, 515, 404, 404, 514, 403, 404, 394, 427, 403, 401, 404, 402, 394, 404, 401, 402, 404, 400, 401, 403, 403, 510, 399, 509, 398, 399, 56, 65, 57, 58, 60, 56, 59, 65, 56, 60, 59, 56, 61, 60, 58, 57, 159, 56, 58, 56, 161, 58, 62, 63, 62, 64, 63, 62, 320, 64, 64, 320, 322, 61, 58, 63, 62, 58, 165, 320, 62, 431, 399, 396, 403, 396, 397, 403, 399, 398, 396, 398, 395, 396, 138, 14, 143, 352, 567, 422, 352, 351, 495, 351, 350, 494, 350, 349, 493, 351, 352, 423, 350, 351, 424, 349, 350, 425, 343, 349, 430, 342, 343, 429, 416, 348, 342, 348, 347, 342, 341, 347, 346, 345, 341, 346, 343, 492, 349, 342, 486, 343, 341, 485, 342, 341, 340, 484, 347, 341, 342, 344, 341, 345, 330, 340, 344, 344, 340, 341, 77, 15, 78, 78, 15, 79, 79, 13, 80, 80, 12, 87, 87, 14, 88, 88, 9, 89, 78, 206, 77, 79, 207, 78, 80, 208, 79, 87, 209, 80, 81, 89, 11, 81, 82, 89, 82, 83, 89, 90, 83, 84, 90, 84, 85, 88, 216, 87, 89, 217, 88, 83, 90, 89, 90, 85, 86, 132, 86, 128, 86, 132, 90, 90, 218, 89, 132, 219, 90, 340, 326, 483, 326, 325, 437, 329, 340, 330, 328, 340, 329, 327, 326, 328, 328, 326, 340, 327, 325, 326, 325, 321, 436, 321, 320, 432, 324, 325, 327, 323, 321, 324, 321, 325, 324, 322, 321, 323, 320, 321, 322, 239, 509, 238, 238, 509, 506, 237, 239, 238, 237, 233, 239, 239, 233, 236, 239, 398, 509, 236, 137, 239, 236, 232, 235, 235, 230, 234, 233, 232, 236, 232, 231, 235, 231, 230, 235, 235, 134, 236, 234, 133, 235, 234, 214, 219, 230, 215, 234, 215, 214, 234, 218, 219, 211, 219, 132, 234, 218, 90, 219, 217, 89, 218, 216, 88, 217, 214, 213, 219, 213, 212, 219, 212, 211, 219, 218, 211, 210, 210, 140, 218, 218, 138, 217, 217, 143, 216, 216, 141, 209, 209, 142, 208, 208, 144, 207, 144, 206, 207, 209, 87, 216, 208, 80, 209, 207, 79, 208, 206, 78, 207, 161, 164, 166, 433, 165, 167, 431, 165, 433, 167, 161, 166, 165, 161, 167, 431, 62, 165, 165, 58, 161, 164, 159, 163, 168, 162, 160, 163, 160, 162, 164, 161, 159, 163, 159, 160, 161, 56, 159, 159, 57, 160, 140, 138, 218, 146, 139, 147, 210, 149, 140, 140, 149, 148, 140, 148, 147, 138, 143, 217, 142, 144, 208, 141, 142, 209, 143, 141, 216, 144, 77, 206, 142, 15, 144, 141, 13, 142, 143, 12, 141, 168, 139, 145, 139, 146, 145, 168, 160, 139, 147, 139, 140, 139, 11, 140, 160, 10, 139, 128, 129, 132, 130, 132, 129, 131, 133, 130, 130, 133, 132, 131, 134, 133, 133, 234, 132, 134, 235, 133, 134, 131, 135, 136, 137, 135, 134, 135, 137, 137, 136, 395, 398, 137, 395, 137, 236, 134, 137, 398, 239, 140, 9, 138, 281, 282, 284, 129, 128, 92, 395, 127, 385, 135, 127, 136, 385, 127, 126, 127, 125, 126, 383, 385, 126, 127, 135, 125, 125, 135, 131, 125, 131, 122, 125, 124, 126, 125, 122, 124, 122, 123, 124, 131, 130, 120, 122, 131, 120, 119, 120, 130, 122, 120, 123, 120, 121, 123, 119, 121, 120, 119, 94, 121, 150, 145, 146, 168, 145, 150, 147, 151, 146, 152, 151, 147, 150, 146, 151, 153, 178, 150, 153, 150, 151, 157, 153, 151, 147, 148, 154, 152, 147, 154, 154, 148, 155, 148, 149, 155, 149, 210, 220, 149, 220, 155, 152, 154, 226, 154, 155, 222, 158, 151, 152, 157, 151, 156, 151, 158, 156, 223, 158, 152, 565, 585, 566, 505, 566, 585, 583, 584, 564, 130, 129, 119, 129, 92, 119, 584, 565, 564, 585, 565, 584, 579, 504, 580, 581, 499, 583, 580, 503, 581, 581, 583, 563, 583, 564, 563, 581, 563, 562, 580, 581, 562, 562, 579, 580, 562, 561, 579, 576, 584, 583, 163, 162, 169, 162, 178, 169, 169, 170, 163, 164, 163, 170, 171, 164, 170, 169, 172, 170, 169, 181, 172, 171, 170, 174, 170, 172, 174, 173, 166, 164, 173, 164, 171, 167, 166, 173, 173, 171, 175, 171, 174, 175, 173, 175, 177, 167, 173, 176, 433, 167, 176, 433, 176, 442, 176, 173, 177, 442, 176, 444, 176, 177, 444, 162, 168, 178, 168, 150, 178, 178, 153, 180, 178, 180, 179, 181, 169, 178, 181, 178, 179, 577, 584, 578, 584, 576, 578, 502, 576, 583, 0, 32, 3, 7, 0, 3, 16, 30, 0, 17, 16, 0, 18, 1, 2, 18, 17, 1, 17, 0, 1, 4, 2, 73, 5, 4, 68, 2, 4, 18, 4, 5, 19, 4, 19, 18, 81, 5, 66, 5, 20, 19, 81, 20, 5, 2, 1, 6, 6, 1, 7, 2, 6, 8, 2, 8, 69, 59, 22, 21, 513, 549, 560, 512, 513, 560, 560, 557, 559, 560, 546, 557, 558, 559, 555, 559, 557, 555, 560, 559, 512, 558, 511, 559, 511, 512, 559, 556, 558, 554, 558, 555, 554, 556, 554, 551, 556, 511, 558, 511, 556, 508, 507, 508, 556, 553, 556, 551, 552, 553, 550, 553, 551, 550, 507, 556, 553, 506, 553, 552, 506, 507, 553, 549, 582, 547, 549, 547, 548, 546, 560, 549, 546, 549, 548, 505, 585, 549, 513, 505, 549, 65, 59, 21, 22, 33, 21, 24, 33, 22, 24, 22, 23, 26, 24, 23, 59, 60, 22, 60, 23, 22, 60, 61, 23, 27, 25, 28, 26, 23, 25, 27, 26, 25, 61, 25, 23, 61, 63, 25, 64, 25, 63, 503, 580, 504, 499, 581, 503, 504, 579, 491, 491, 503, 504, 579, 561, 491, 499, 503, 489, 491, 490, 503, 503, 490, 489, 502, 583, 498, 498, 583, 499, 502, 498, 501, 498, 500, 501, 500, 496, 497, 498, 496, 500, 496, 481, 497, 489, 498, 499, 489, 488, 498, 488, 496, 498, 487, 481, 496, 488, 487, 496, 210, 211, 221, 220, 210, 221, 211, 222, 221, 211, 212, 222, 212, 213, 226, 222, 212, 226, 155, 220, 221, 222, 155, 221, 226, 154, 222, 223, 152, 227, 283, 28, 281, 227, 152, 226, 29, 27, 28, 283, 29, 28, 223, 227, 224, 227, 225, 224, 213, 214, 227, 213, 227, 226, 214, 229, 227, 214, 215, 229, 215, 241, 229, 225, 229, 228, 227, 229, 225, 229, 241, 228, 64, 28, 25, 64, 281, 28, 64, 322, 281, 0, 30, 32, 32, 30, 31, 30, 21, 31, 33, 31, 21, 65, 21, 30, 16, 65, 30, 497, 481, 482, 481, 480, 482, 481, 452, 480, 479, 480, 452, 441, 452, 481, 487, 441, 481, 440, 451, 452, 441, 440, 452, 451, 479, 452, 450, 479, 451, 215, 230, 241, 230, 272, 241, 228, 241, 240, 241, 242, 240, 241, 272, 242, 243, 242, 272, 448, 450, 449, 450, 451, 449, 440, 439, 451, 439, 449, 451, 439, 438, 449, 448, 449, 446, 447, 448, 446, 447, 446, 443, 438, 446, 449, 438, 435, 446, 435, 443, 446, 445, 447, 443, 444, 445, 443, 444, 443, 442, 435, 434, 443, 434, 442, 443, 434, 433, 442, 420, 421, 415, 421, 382, 415, 419, 420, 414, 419, 414, 413, 420, 415, 414, 414, 415, 407, 415, 380, 412, 407, 415, 412, 418, 419, 413, 417, 418, 411, 411, 418, 413, 416, 417, 410, 410, 417, 411, 416, 410, 409, 410, 339, 409, 413, 334, 411, 411, 338, 410, 413, 414, 408, 408, 414, 407, 413, 408, 406, 413, 406, 405, 66, 5, 67, 68, 67, 5, 68, 4, 73, 66, 67, 81, 67, 82, 81, 394, 402, 393, 402, 392, 393, 402, 401, 392, 401, 400, 391, 401, 391, 392, 392, 379, 393, 390, 379, 392, 390, 392, 391, 388, 390, 391, 400, 397, 389, 400, 389, 391, 396, 389, 397, 387, 389, 386, 388, 391, 389, 387, 388, 389, 230, 231, 272, 231, 273, 272, 231, 232, 273, 232, 233, 275, 232, 275, 273, 273, 243, 272, 274, 243, 273, 276, 274, 275, 274, 273, 275, 233, 237, 278, 233, 278, 275, 237, 280, 278, 276, 275, 278, 277, 276, 278, 277, 278, 280, 237, 238, 280, 238, 506, 552, 238, 552, 280, 279, 277, 280, 550, 279, 280, 550, 280, 552, 1, 0, 7, 282, 285, 284, 283, 281, 284, 322, 282, 281, 322, 323, 282, 324, 282, 323, 285, 286, 284, 285, 288, 286, 288, 287, 286, 282, 324, 285, 285, 327, 288, 327, 285, 324, 288, 290, 287, 290, 289, 287, 291, 289, 290, 291, 316, 289, 288, 327, 290, 327, 328, 290, 291, 290, 328, 329, 318, 291, 328, 329, 291, 396, 386, 389, 396, 395, 385, 396, 385, 386, 383, 386, 385, 384, 387, 386, 383, 384, 386, 421, 394, 382, 394, 393, 382, 415, 382, 380, 380, 382, 381, 382, 393, 381, 379, 381, 393, 577, 582, 584, 395, 136, 127, 582, 585, 584, 83, 82, 67, 83, 67, 68, 68, 73, 83, 73, 84, 83, 74, 2, 69, 73, 2, 74, 74, 69, 70, 71, 74, 70, 71, 72, 74, 72, 75, 74, 75, 76, 74, 75, 91, 76, 73, 74, 84, 74, 85, 84, 76, 85, 74, 86, 76, 92, 76, 86, 85, 348, 416, 409, 347, 348, 339, 339, 348, 409, 346, 347, 338, 347, 339, 338, 334, 346, 338, 338, 339, 410, 334, 338, 411, 333, 413, 405, 333, 334, 413, 333, 405, 337, 336, 333, 337, 336, 335, 333, 346, 333, 345, 334, 333, 346, 331, 345, 333, 345, 331, 344, 344, 331, 318, 316, 291, 318, 317, 316, 318, 319, 317, 318, 319, 318, 331, 329, 330, 318, 344, 318, 330, 335, 332, 333, 332, 331, 333, 332, 319, 331, 91, 92, 76, 91, 93, 92, 93, 94, 92, 94, 119, 92, 86, 92, 128, 582, 549, 585, 375, 374, 384, 374, 373, 384, 378, 371, 384, 319, 332, 412, 317, 319, 380, 121, 24, 123, 94, 33, 121, 93, 31, 94, 91, 32, 93, 75, 3, 91, 316, 317, 381, 289, 316, 379, 287, 289, 390, 286, 287, 388, 284, 286, 387, 372, 315, 284, 315, 314, 284, 314, 313, 284, 313, 312, 284, 312, 311, 284, 311, 310, 284, 332, 335, 407, 335, 336, 408, 310, 309, 283, 336, 337, 406, 309, 308, 283, 308, 307, 283, 307, 306, 283, 306, 305, 283, 304, 283, 305, 283, 284, 310, 29, 283, 304, 24, 26, 123, 126, 113, 383, 383, 118, 366, 383, 117, 118, 383, 116, 117, 383, 115, 116, 383, 114, 115, 113, 114, 383, 126, 112, 113, 126, 111, 112, 126, 110, 111, 126, 109, 110, 126, 108, 109, 72, 7, 75, 71, 6, 72, 26, 27, 124, 70, 8, 71, 69, 8, 70, 27, 29, 126, 46, 47, 29, 52, 53, 29, 53, 46, 29, 406, 337, 405, 408, 336, 406, 412, 332, 407, 407, 335, 408, 54, 52, 29, 55, 54, 29, 51, 48, 29, 29, 48, 49, 51, 29, 45, 47, 45, 29, 29, 49, 50, 29, 50, 107, 304, 55, 29, 33, 24, 121, 32, 31, 93, 3, 32, 91, 31, 33, 94, 123, 26, 124, 8, 6, 71, 7, 3, 75, 6, 7, 72, 124, 27, 126, 126, 29, 107, 126, 107, 108, 379, 316, 381, 380, 319, 412, 381, 317, 380, 390, 289, 379, 383, 366, 384, 388, 287, 390, 387, 286, 388, 384, 284, 387, 377, 376, 384, 370, 369, 384, 369, 377, 384, 384, 368, 370, 384, 367, 368, 372, 284, 384, 366, 367, 384, 373, 372, 384, 384, 371, 375, 376, 378, 384, 246, 245, 279, 245, 244, 279, 445, 464, 522, 521, 528, 551, 551, 524, 525, 525, 521, 551, 518, 517, 551, 520, 518, 551, 527, 519, 551, 551, 519, 520, 551, 526, 527, 554, 445, 551, 555, 447, 554, 557, 448, 555, 551, 516, 550, 546, 450, 557, 528, 526, 551, 551, 523, 524, 551, 522, 523, 517, 516, 551, 445, 522, 551, 547, 480, 548, 582, 482, 547, 548, 479, 546, 453, 177, 192, 502, 501, 576, 501, 500, 578, 500, 497, 577, 224, 158, 223, 225, 156, 224, 228, 157, 225, 187, 177, 244, 186, 177, 187, 184, 177, 182, 177, 188, 182, 497, 482, 582, 482, 480, 547, 480, 479, 548, 479, 450, 546, 450, 448, 557, 240, 153, 228, 448, 447, 555, 447, 445, 554, 445, 463, 464, 445, 462, 463, 445, 461, 462, 445, 460, 461, 445, 459, 460, 185, 177, 186, 185, 188, 177, 191, 192, 177, 177, 189, 191, 190, 177, 183, 177, 190, 189, 177, 184, 183, 177, 175, 279, 175, 174, 277, 174, 172, 276, 444, 177, 453, 172, 181, 274, 578, 500, 577, 459, 444, 458, 457, 458, 444, 456, 457, 444, 455, 456, 444, 444, 454, 455, 444, 453, 454, 445, 444, 459, 242, 180, 240, 243, 179, 242, 274, 181, 243, 550, 250, 279, 516, 255, 550, 255, 254, 550, 254, 253, 550, 253, 252, 550, 252, 251, 550, 251, 250, 550, 250, 249, 279, 249, 248, 279, 248, 247, 279, 247, 246, 279, 577, 497, 582, 576, 501, 578, 179, 180, 242, 180, 153, 240, 181, 179, 243, 157, 156, 225, 153, 157, 228, 276, 172, 274, 277, 174, 276, 279, 175, 277, 244, 177, 279, 156, 158, 224, 357, 295, 356, 107, 96, 108, 48, 38, 49, 49, 39, 50, 51, 37, 48, 46, 36, 47, 47, 34, 45, 292, 44, 304, 44, 43, 55, 43, 41, 54, 42, 35, 53, 42, 52, 41, 40, 45, 34, 40, 37, 51, 39, 95, 50, 39, 49, 38, 38, 48, 37, 36, 34, 47, 36, 46, 35, 44, 292, 353, 43, 44, 106, 41, 43, 105, 41, 104, 42, 35, 42, 103, 35, 102, 36, 45, 40, 51, 54, 41, 52, 355, 294, 357, 97, 38, 98, 372, 303, 315, 315, 302, 314, 314, 301, 313, 313, 300, 312, 312, 299, 311, 311, 298, 310, 310, 297, 309, 309, 296, 308, 308, 295, 307, 307, 294, 306, 53, 35, 46, 52, 42, 53, 55, 43, 54, 304, 44, 55, 306, 293, 305, 305, 292, 304, 303, 372, 359, 303, 302, 315, 302, 301, 314, 301, 300, 313, 300, 299, 312, 299, 298, 311, 298, 297, 310, 297, 296, 309, 353, 292, 354, 354, 293, 355, 296, 295, 308, 295, 294, 307, 294, 293, 306, 96, 39, 97, 95, 39, 96, 356, 296, 364, 364, 297, 363, 363, 298, 365, 358, 300, 362, 365, 299, 358, 361, 302, 360, 362, 301, 361, 360, 303, 359, 366, 353, 354, 355, 367, 354, 357, 368, 355, 364, 369, 356, 357, 356, 370, 365, 358, 378, 362, 371, 358, 360, 359, 373, 361, 360, 374, 362, 361, 375, 365, 376, 363, 364, 363, 377, 366, 354, 367, 367, 355, 368, 370, 356, 369, 369, 364, 377, 368, 357, 370, 378, 358, 371, 373, 359, 372, 375, 361, 374, 374, 360, 373, 371, 362, 375, 377, 363, 376, 376, 365, 378, 293, 292, 305, 302, 303, 360, 301, 302, 361, 300, 301, 362, 299, 300, 358, 298, 299, 365, 297, 298, 363, 296, 297, 364, 295, 296, 356, 353, 366, 118, 95, 107, 50, 98, 37, 99, 99, 40, 100, 100, 34, 101, 101, 36, 102, 102, 35, 103, 116, 105, 117, 115, 104, 116, 114, 103, 115, 113, 102, 114, 112, 101, 113, 34, 36, 101, 37, 40, 99, 34, 100, 40, 38, 97, 39, 37, 98, 38, 111, 100, 112, 294, 295, 357, 110, 99, 111, 293, 294, 355, 103, 42, 104, 104, 41, 105, 105, 43, 106, 106, 44, 353, 107, 95, 96, 97, 108, 96, 98, 109, 97, 99, 110, 98, 100, 111, 99, 292, 293, 354, 109, 98, 110, 108, 97, 109, 101, 112, 100, 102, 113, 101, 103, 114, 102, 104, 115, 103, 105, 116, 104, 106, 117, 105, 106, 353, 118, 117, 106, 118, 453, 204, 466, 516, 529, 255, 455, 454, 467, 255, 269, 254, 254, 268, 253, 253, 267, 252, 252, 266, 251, 250, 251, 265, 250, 264, 249, 249, 263, 248, 248, 262, 247, 247, 261, 246, 246, 260, 245, 245, 259, 244, 258, 244, 259, 259, 245, 260, 260, 246, 261, 261, 247, 262, 262, 248, 263, 263, 249, 264, 264, 250, 265, 265, 251, 266, 266, 252, 267, 267, 253, 268, 268, 254, 269, 269, 255, 529, 456, 455, 468, 457, 456, 469, 458, 457, 470, 517, 530, 516, 518, 531, 517, 519, 532, 520, 527, 540, 519, 520, 533, 518, 521, 534, 528, 522, 535, 523, 524, 537, 525, 523, 536, 524, 525, 538, 521, 526, 539, 527, 526, 528, 541, 459, 458, 471, 460, 459, 472, 461, 460, 473, 462, 461, 474, 463, 462, 475, 464, 463, 476, 522, 464, 477, 184, 182, 194, 184, 196, 183, 467, 454, 466, 468, 455, 467, 469, 456, 468, 522, 477, 535, 477, 464, 476, 476, 463, 475, 475, 462, 474, 474, 461, 473, 529, 516, 530, 530, 517, 531, 531, 518, 533, 532, 519, 540, 533, 520, 532, 541, 528, 534, 534, 521, 538, 536, 523, 535, 537, 524, 536, 538, 525, 537, 539, 526, 541, 540, 527, 539, 188, 185, 197, 187, 199, 186, 186, 198, 185, 244, 258, 187, 188, 200, 182, 191, 189, 201, 190, 183, 195, 190, 202, 189, 192, 191, 203, 453, 192, 204, 195, 183, 196, 196, 184, 194, 197, 185, 198, 454, 453, 466, 198, 186, 199, 199, 187, 258, 200, 188, 197, 194, 182, 200, 473, 460, 472, 472, 459, 471, 471, 458, 470, 470, 457, 469, 201, 189, 202, 202, 190, 195, 203, 191, 201, 204, 192, 203, 205, 271, 543, 536, 535, 544, 256, 197, 198, 256, 198, 199, 256, 199, 258, 256, 257, 205, 196, 194, 193, 545, 543, 544, 542, 538, 544, 538, 537, 544, 270, 271, 257, 205, 257, 271, 545, 478, 543, 542, 544, 543, 542, 539, 541, 542, 532, 540, 540, 539, 542, 541, 534, 542, 534, 538, 542, 533, 532, 542, 542, 531, 533, 542, 530, 531, 542, 529, 530, 542, 269, 529, 467, 193, 465, 465, 193, 478, 468, 467, 465, 469, 468, 465, 470, 469, 465, 261, 262, 256, 257, 256, 270, 471, 470, 465, 472, 471, 465, 473, 472, 465, 474, 473, 465, 474, 465, 544, 475, 474, 544, 478, 205, 543, 202, 195, 193, 196, 193, 195, 194, 200, 193, 256, 260, 261, 256, 259, 260, 256, 258, 259, 200, 197, 193, 256, 205, 193, 202, 193, 201, 203, 201, 193, 204, 203, 193, 466, 204, 193, 466, 193, 467, 193, 205, 478, 465, 478, 545, 476, 475, 544, 477, 476, 544, 535, 477, 544, 544, 465, 545, 270, 256, 262, 270, 262, 263, 270, 263, 264, 270, 264, 265, 270, 265, 266, 270, 266, 267, 270, 267, 268, 270, 268, 269, 270, 269, 542, 270, 542, 271, 537, 536, 544, 543, 271, 542, 193, 197, 256]
            point3f[] points = [(-71.4018, -57, -54.78853), (-77.94228, -57, -45), (-83.149155, -57, -34.44151), (-69.282036, -57, -40), (-86.93333, -57, -23.293715), (-89.230034, -57, -11.747357), (-77.27406, -57, -20.705524), (-73.91036, -57, -30.614676), (-79.31559, -57, -10.442096), (-107.1027, -40, -82.18279), (-82.18279, -40, -107.1027), (-95.45942, -40, -95.45942), (-124.72374, -40, -51.662262), (-130.4, -40, -34.94057), (-116.91343, -40, -67.5), (-133.84506, -40, -17.621037), (-71.4018, -40, -54.78853), (-77.94228, -40, -45), (-83.149155, -40, -34.44151), (-86.93333, -40, -23.293715), (-89.230034, -40, -11.747357), (-54.78853, -57, -71.4018), (-45, -57, -77.94228), (-34.44151, -57, -83.149155), (-40, -57, -69.282036), (-23.293715, -57, -86.93333), (-30.614676, -57, -73.91036), (-20.705524, -57, -77.27406), (-11.747357, -57, -89.230034), (-10.442096, -57, -79.31559), (-63.63961, -57, -63.63961), (-56.568542, -57, -56.568542), (-63.468266, -57, -48.700912), (-48.700912, -57, -63.468266), (-5.5534735, -85, -4.26133), (-4.26133, -85, -5.5534735), (-4.9497476, -85, -4.9497476), (-6.467157, -85, -2.6787841), (-6.761481, -85, -1.8117334), (-6.940114, -85, -0.91368335), (-6.0621777, -85, -3.5), (-2.6787841, -85, -6.467157), (-3.5, -85, -6.0621777), (-1.8117334, -85, -6.761481), (-0.91368335, -85, -6.940114), (-5.5534735, -57, -4.26133), (-4.26133, -57, -5.5534735), (-4.9497476, -57, -4.9497476), (-6.467157, -57, -2.6787841), (-6.761481, -57, -1.8117334), (-6.940114, -57, -0.91368335), (-6.0621777, -57, -3.5), (-2.6787841, -57, -6.467157), (-3.5, -57, -6.0621777), (-1.8117334, -57, -6.761481), (-0.91368335, -57, -6.940114), (-51.662262, -40, -124.72374), (-67.5, -40, -116.91343), (-34.94057, -40, -130.4), (-54.78853, -40, -71.4018), (-45, -40, -77.94228), (-34.44151, -40, -83.149155), (-17.621037, -40, -133.84506), (-23.293715, -40, -86.93333), (-11.747357, -40, -89.230034), (-63.63961, -40, -63.63961), (-90, -57, 0), (-89.230034, -57, 11.747357), (-86.93333, -57, 23.293715), (-80, -57, 0), (-79.31559, -57, 10.442096), (-77.27406, -57, 20.705524), (-73.91036, -57, 30.614676), (-83.149155, -57, 34.44151), (-77.94228, -57, 45), (-69.282036, -57, 40), (-71.4018, -57, 54.78853), (-135, -40, 0), (-133.84506, -40, 17.621037), (-130.4, -40, 34.94057), (-124.72374, -40, 51.662262), (-90, -40, 0), (-89.230034, -40, 11.747357), (-86.93333, -40, 23.293715), (-83.149155, -40, 34.44151), (-77.94228, -40, 45), (-71.4018, -40, 54.78853), (-116.91343, -40, 67.5), (-107.1027, -40, 82.18279), (-95.45942, -40, 95.45942), (-82.18279, -40, 107.1027), (-63.468266, -57, 48.700912), (-63.63961, -57, 63.63961), (-56.568542, -57, 56.568542), (-48.700912, -57, 63.468266), (-7, -85, 0), (-6.940114, -85, 0.91368335), (-6.761481, -85, 1.8117334), (-6.467157, -85, 2.6787841), (-6.0621777, -85, 3.5), (-5.5534735, -85, 4.26133), (-4.9497476, -85, 4.9497476), (-4.26133, -85, 5.5534735), (-3.5, -85, 6.0621777), (-2.6787841, -85, 6.467157), (-1.8117334, -85, 6.761481), (-0.91368335, -85, 6.940114), (-7, -57, 0), (-6.940114, -57, 0.91368335), (-6.761481, -57, 1.8117334), (-6.467157, -57, 2.6787841), (-6.0621777, -57, 3.5), (-5.5534735, -57, 4.26133), (-4.9497476, -57, 4.9497476), (-4.26133, -57, 5.5534735), (-3.5, -57, 6.0621777), (-2.6787841, -57, 6.467157), (-1.8117334, -57, 6.761481), (-0.91368335, -57, 6.940114), (-54.78853, -57, 71.4018), (-45, -57, 77.94228), (-40, -57, 69.282036), (-34.44151, -57, 83.149155), (-30.614676, -57, 73.91036), (-20.705524, -57, 77.27406), (-23.293715, -57, 86.93333), (-10.442096, -57, 79.31559), (-11.747357, -57, 89.230034), (-63.63961, -40, 63.63961), (-54.78853, -40, 71.4018), (-45, -40, 77.94228), (-34.44151, -40, 83.149155), (-67.5, -40, 116.91343), (-51.662262, -40, 124.72374), (-34.94057, -40, 130.4), (-23.293715, -40, 86.93333), (-11.747357, -40, 89.230034), (-17.621037, -40, 133.84506), (-107.1027, 40, -82.18279), (-82.18279, 40, -107.1027), (-95.45942, 40, -95.45942), (-124.72374, 40, -51.662262), (-130.4, 40, -34.94057), (-116.91343, 40, -67.5), (-133.84506, 40, -17.621037), (-71.4018, 40, -54.78853), (-77.94228, 40, -45), (-83.149155, 40, -34.44151), (-86.93333, 40, -23.293715), (-89.230034, 40, -11.747357), (-71.4018, 57, -54.78853), (-77.94228, 57, -45), (-83.149155, 57, -34.44151), (-69.282036, 57, -40), (-86.93333, 57, -23.293715), (-89.230034, 57, -11.747357), (-77.27406, 57, -20.705524), (-73.91036, 57, -30.614676), (-79.31559, 57, -10.442096), (-51.662262, 40, -124.72374), (-67.5, 40, -116.91343), (-34.94057, 40, -130.4), (-54.78853, 40, -71.4018), (-45, 40, -77.94228), (-34.44151, 40, -83.149155), (-17.621037, 40, -133.84506), (-23.293715, 40, -86.93333), (-11.747357, 40, -89.230034), (-63.63961, 40, -63.63961), (-54.78853, 57, -71.4018), (-45, 57, -77.94228), (-34.44151, 57, -83.149155), (-40, 57, -69.282036), (-23.293715, 57, -86.93333), (-30.614676, 57, -73.91036), (-20.705524, 57, -77.27406), (-11.747357, 57, -89.230034), (-10.442096, 57, -79.31559), (-63.63961, 57, -63.63961), (-56.568542, 57, -56.568542), (-63.468266, 57, -48.700912), (-48.700912, 57, -63.468266), (-5.5534735, 57, -4.26133), (-4.26133, 57, -5.5534735), (-4.9497476, 57, -4.9497476), (-6.467157, 57, -2.6787841), (-6.761481, 57, -1.8117334), (-6.940114, 57, -0.91368335), (-6.0621777, 57, -3.5), (-2.6787841, 57, -6.467157), (-3.5, 57, -6.0621777), (-1.8117334, 57, -6.761481), (-0.91368335, 57, -6.940114), (-6.3, 76, -10.911921), (-5.5534735, 76, -4.26133), (-4.26133, 76, -5.5534735), (-4.9497476, 76, -4.9497476), (-6.467157, 76, -2.6787841), (-6.761481, 76, -1.8117334), (-6.940114, 76, -0.91368335), (-6.0621777, 76, -3.5), (-2.6787841, 76, -6.467157), (-3.5, 76, -6.0621777), (-1.8117334, 76, -6.761481), (-0.91368335, 76, -6.940114), (-6.3, 86, -10.911921), (-135, 40, 0), (-133.84506, 40, 17.621037), (-130.4, 40, 34.94057), (-124.72374, 40, 51.662262), (-90, 40, 0), (-89.230034, 40, 11.747357), (-86.93333, 40, 23.293715), (-83.149155, 40, 34.44151), (-77.94228, 40, 45), (-71.4018, 40, 54.78853), (-116.91343, 40, 67.5), (-107.1027, 40, 82.18279), (-95.45942, 40, 95.45942), (-82.18279, 40, 107.1027), (-90, 57, 0), (-89.230034, 57, 11.747357), (-86.93333, 57, 23.293715), (-79.31559, 57, 10.442096), (-77.27406, 57, 20.705524), (-73.91036, 57, 30.614676), (-83.149155, 57, 34.44151), (-77.94228, 57, 45), (-69.282036, 57, 40), (-71.4018, 57, 54.78853), (-63.63961, 40, 63.63961), (-54.78853, 40, 71.4018), (-45, 40, 77.94228), (-34.44151, 40, 83.149155), (-67.5, 40, 116.91343), (-51.662262, 40, 124.72374), (-34.94057, 40, 130.4), (-23.293715, 40, 86.93333), (-11.747357, 40, 89.230034), (-17.621037, 40, 133.84506), (-63.468266, 57, 48.700912), (-63.63961, 57, 63.63961), (-56.568542, 57, 56.568542), (-48.700912, 57, 63.468266), (-7, 57, 0), (-6.940114, 57, 0.91368335), (-6.761481, 57, 1.8117334), (-6.467157, 57, 2.6787841), (-6.0621777, 57, 3.5), (-5.5534735, 57, 4.26133), (-4.9497476, 57, 4.9497476), (-4.26133, 57, 5.5534735), (-3.5, 57, 6.0621777), (-2.6787841, 57, 6.467157), (-1.8117334, 57, 6.761481), (-0.91368335, 57, 6.940114), (-12.6, 76, 0), (-12.6, 86, 0), (-7, 76, 0), (-6.940114, 76, 0.91368335), (-6.761481, 76, 1.8117334), (-6.467157, 76, 2.6787841), (-6.0621777, 76, 3.5), (-5.5534735, 76, 4.26133), (-4.9497476, 76, 4.9497476), (-4.26133, 76, 5.5534735), (-3.5, 76, 6.0621777), (-2.6787841, 76, 6.467157), (-1.8117334, 76, 6.761481), (-0.91368335, 76, 6.940114), (-6.3, 76, 10.911921), (-6.3, 86, 10.911921), (-54.78853, 57, 71.4018), (-45, 57, 77.94228), (-40, 57, 69.282036), (-34.44151, 57, 83.149155), (-30.614676, 57, 73.91036), (-20.705524, 57, 77.27406), (-23.293715, 57, 86.93333), (-10.442096, 57, 79.31559), (-11.747357, 57, 89.230034), (0, -57, -90), (11.747357, -57, -89.230034), (0, -57, -80), (10.442096, -57, -79.31559), (23.293715, -57, -86.93333), (20.705524, -57, -77.27406), (30.614676, -57, -73.91036), (34.44151, -57, -83.149155), (40, -57, -69.282036), (45, -57, -77.94228), (54.78853, -57, -71.4018), (0, -85, -7), (0.91368335, -85, -6.940114), (1.8117334, -85, -6.761481), (2.6787841, -85, -6.467157), (3.5, -85, -6.0621777), (4.26133, -85, -5.5534735), (4.9497476, -85, -4.9497476), (5.5534735, -85, -4.26133), (6.0621777, -85, -3.5), (6.467157, -85, -2.6787841), (6.761481, -85, -1.8117334), (6.940114, -85, -0.91368335), (0, -57, -7), (0.91368335, -57, -6.940114), (1.8117334, -57, -6.761481), (2.6787841, -57, -6.467157), (3.5, -57, -6.0621777), (4.26133, -57, -5.5534735), (4.9497476, -57, -4.9497476), (5.5534735, -57, -4.26133), (6.0621777, -57, -3.5), (6.467157, -57, -2.6787841), (6.761481, -57, -1.8117334), (6.940114, -57, -0.91368335), (48.700912, -57, -63.468266), (56.568542, -57, -56.568542), (63.63961, -57, -63.63961), (63.468266, -57, -48.700912), (0, -40, -135), (17.621037, -40, -133.84506), (0, -40, -90), (11.747357, -40, -89.230034), (23.293715, -40, -86.93333), (34.94057, -40, -130.4), (51.662262, -40, -124.72374), (34.44151, -40, -83.149155), (45, -40, -77.94228), (54.78853, -40, -71.4018), (63.63961, -40, -63.63961), (71.4018, -57, -54.78853), (69.282036, -57, -40), (77.94228, -57, -45), (83.149155, -57, -34.44151), (73.91036, -57, -30.614676), (77.27406, -57, -20.705524), (79.31559, -57, -10.442096), (86.93333, -57, -23.293715), (89.230034, -57, -11.747357), (67.5, -40, -116.91343), (82.18279, -40, -107.1027), (95.45942, -40, -95.45942), (107.1027, -40, -82.18279), (71.4018, -40, -54.78853), (77.94228, -40, -45), (83.149155, -40, -34.44151), (86.93333, -40, -23.293715), (89.230034, -40, -11.747357), (116.91343, -40, -67.5), (124.72374, -40, -51.662262), (130.4, -40, -34.94057), (133.84506, -40, -17.621037), (0, -85, 7), (0.91368335, -85, 6.940114), (1.8117334, -85, 6.761481), (3.5, -85, 6.0621777), (2.6787841, -85, 6.467157), (6.0621777, -85, 3.5), (7, -85, 0), (6.940114, -85, 0.91368335), (6.761481, -85, 1.8117334), (6.467157, -85, 2.6787841), (4.9497476, -85, 4.9497476), (4.26133, -85, 5.5534735), (5.5534735, -85, 4.26133), (0, -57, 7), (0.91368335, -57, 6.940114), (1.8117334, -57, 6.761481), (3.5, -57, 6.0621777), (2.6787841, -57, 6.467157), (6.0621777, -57, 3.5), (7, -57, 0), (6.940114, -57, 0.91368335), (6.761481, -57, 1.8117334), (6.467157, -57, 2.6787841), (4.9497476, -57, 4.9497476), (4.26133, -57, 5.5534735), (5.5534735, -57, 4.26133), (48.700912, -57, 63.468266), (63.468266, -57, 48.700912), (56.568542, -57, 56.568542), (63.63961, -57, 63.63961), (0, -57, 80), (10.442096, -57, 79.31559), (0, -57, 90), (11.747357, -57, 89.230034), (20.705524, -57, 77.27406), (30.614676, -57, 73.91036), (23.293715, -57, 86.93333), (40, -57, 69.282036), (34.44151, -57, 83.149155), (45, -57, 77.94228), (54.78853, -57, 71.4018), (63.63961, -40, 63.63961), (0, -40, 90), (11.747357, -40, 89.230034), (23.293715, -40, 86.93333), (0, -40, 135), (17.621037, -40, 133.84506), (34.44151, -40, 83.149155), (45, -40, 77.94228), (54.78853, -40, 71.4018), (34.94057, -40, 130.4), (51.662262, -40, 124.72374), (80, -57, 0), (79.31559, -57, 10.442096), (73.91036, -57, 30.614676), (77.27406, -57, 20.705524), (90, -57, 0), (89.230034, -57, 11.747357), (86.93333, -57, 23.293715), (69.282036, -57, 40), (83.149155, -57, 34.44151), (77.94228, -57, 45), (71.4018, -57, 54.78853), (90, -40, 0), (89.230034, -40, 11.747357), (86.93333, -40, 23.293715), (83.149155, -40, 34.44151), (77.94228, -40, 45), (71.4018, -40, 54.78853), (135, -40, 0), (133.84506, -40, 17.621037), (130.4, -40, 34.94057), (124.72374, -40, 51.662262), (95.45942, -40, 95.45942), (67.5, -40, 116.91343), (82.18279, -40, 107.1027), (107.1027, -40, 82.18279), (116.91343, -40, 67.5), (0, 40, -135), (17.621037, 40, -133.84506), (0, 40, -90), (11.747357, 40, -89.230034), (23.293715, 40, -86.93333), (34.94057, 40, -130.4), (51.662262, 40, -124.72374), (34.44151, 40, -83.149155), (45, 40, -77.94228), (54.78853, 40, -71.4018), (63.63961, 40, -63.63961), (0, 57, -90), (11.747357, 57, -89.230034), (0, 57, -80), (10.442096, 57, -79.31559), (23.293715, 57, -86.93333), (20.705524, 57, -77.27406), (30.614676, 57, -73.91036), (34.44151, 57, -83.149155), (40, 57, -69.282036), (45, 57, -77.94228), (54.78853, 57, -71.4018), (0, 57, -7), (0.91368335, 57, -6.940114), (1.8117334, 57, -6.761481), (2.6787841, 57, -6.467157), (3.5, 57, -6.0621777), (4.26133, 57, -5.5534735), (4.9497476, 57, -4.9497476), (5.5534735, 57, -4.26133), (6.0621777, 57, -3.5), (6.467157, 57, -2.6787841), (6.761481, 57, -1.8117334), (6.940114, 57, -0.91368335), (6.3, 76, -10.911921), (0, 76, -7), (0.91368335, 76, -6.940114), (1.8117334, 76, -6.761481), (2.6787841, 76, -6.467157), (3.5, 76, -6.0621777), (4.26133, 76, -5.5534735), (4.9497476, 76, -4.9497476), (5.5534735, 76, -4.26133), (6.0621777, 76, -3.5), (6.467157, 76, -2.6787841), (6.761481, 76, -1.8117334), (6.940114, 76, -0.91368335), (6.3, 86, -10.911921), (48.700912, 57, -63.468266), (56.568542, 57, -56.568542), (63.63961, 57, -63.63961), (63.468266, 57, -48.700912), (67.5, 40, -116.91343), (82.18279, 40, -107.1027), (95.45942, 40, -95.45942), (107.1027, 40, -82.18279), (71.4018, 40, -54.78853), (77.94228, 40, -45), (83.149155, 40, -34.44151), (86.93333, 40, -23.293715), (89.230034, 40, -11.747357), (116.91343, 40, -67.5), (124.72374, 40, -51.662262), (130.4, 40, -34.94057), (133.84506, 40, -17.621037), (71.4018, 57, -54.78853), (69.282036, 57, -40), (77.94228, 57, -45), (83.149155, 57, -34.44151), (73.91036, 57, -30.614676), (77.27406, 57, -20.705524), (79.31559, 57, -10.442096), (86.93333, 57, -23.293715), (89.230034, 57, -11.747357), (63.63961, 40, 63.63961), (0, 40, 90), (11.747357, 40, 89.230034), (23.293715, 40, 86.93333), (0, 40, 135), (17.621037, 40, 133.84506), (34.44151, 40, 83.149155), (45, 40, 77.94228), (54.78853, 40, 71.4018), (34.94057, 40, 130.4), (51.662262, 40, 124.72374), (0, 57, 7), (0.91368335, 57, 6.940114), (1.8117334, 57, 6.761481), (3.5, 57, 6.0621777), (2.6787841, 57, 6.467157), (6.0621777, 57, 3.5), (7, 57, 0), (6.940114, 57, 0.91368335), (6.761481, 57, 1.8117334), (6.467157, 57, 2.6787841), (4.9497476, 57, 4.9497476), (4.26133, 57, 5.5534735), (5.5534735, 57, 4.26133), (0, 76, 7), (0.91368335, 76, 6.940114), (1.8117334, 76, 6.761481), (3.5, 76, 6.0621777), (2.6787841, 76, 6.467157), (6.0621777, 76, 3.5), (7, 76, 0), (6.940114, 76, 0.91368335), (6.761481, 76, 1.8117334), (6.467157, 76, 2.6787841), (4.9497476, 76, 4.9497476), (4.26133, 76, 5.5534735), (5.5534735, 76, 4.26133), (6.3, 76, 10.911921), (6.3, 86, 10.911921), (12.6, 76, 0), (12.6, 86, 0), (48.700912, 57, 63.468266), (63.468266, 57, 48.700912), (56.568542, 57, 56.568542), (63.63961, 57, 63.63961), (0, 57, 80), (10.442096, 57, 79.31559), (0, 57, 90), (11.747357, 57, 89.230034), (20.705524, 57, 77.27406), (30.614676, 57, 73.91036), (23.293715, 57, 86.93333), (40, 57, 69.282036), (34.44151, 57, 83.149155), (45, 57, 77.94228), (54.78853, 57, 71.4018), (90, 40, 0), (89.230034, 40, 11.747357), (86.93333, 40, 23.293715), (83.149155, 40, 34.44151), (77.94228, 40, 45), (71.4018, 40, 54.78853), (135, 40, 0), (133.84506, 40, 17.621037), (130.4, 40, 34.94057), (124.72374, 40, 51.662262), (95.45942, 40, 95.45942), (67.5, 40, 116.91343), (82.18279, 40, 107.1027), (107.1027, 40, 82.18279), (116.91343, 40, 67.5), (79.31559, 57, 10.442096), (73.91036, 57, 30.614676), (77.27406, 57, 20.705524), (90, 57, 0), (89.230034, 57, 11.747357), (86.93333, 57, 23.293715), (69.282036, 57, 40), (83.149155, 57, 34.44151), (77.94228, 57, 45), (71.4018, 57, 54.78853)]

            rel material:binding = </BVR1/Materials/WheelMaterial>
        }
    }

    def Xform "WheelRL" (
        prepend apiSchemas = ["PhysicsRigidBodyAPI", "PhysicsMassAPI"]
    )
    {
        double3 xformOp:translate = (-280, 82, -280)
        uniform token[] xformOpOrder = ["xformOp:translate"]

        float physics:mass = 2.0

        def PhysicsRevoluteJoint "WheelRLJoint"
        {
            rel physics:body0 = </BVR1/Body>
            rel physics:body1 = </BVR1/WheelRL>
            float3 physics:localPos0 = (-280, 82, -280)
            float3 physics:localPos1 = (0, 0, 0)
            float3 physics:axis = (1, 0, 0)

            float drive:angular:physics:damping = 10.0
            float drive:angular:physics:stiffness = 0.0
            float drive:angular:physics:maxForce = 50
            token drive:angular:physics:type = "force"
        }

        def Mesh "WheelRLMesh"
        {
            int[] faceVertexCounts = [3, 3, 3, 3, 3, 3, 3, 3, 3, 3, 3, 3, 3, 3, 3, 3, 3, 3, 3, 3, 3, 3, 3, 3, 3, 3, 3, 3, 3, 3, 3, 3, 3, 3, 3, 3, 3, 3, 3, 3, 3, 3, 3, 3, 3, 3, 3, 3, 3, 3, 3, 3, 3, 3, 3, 3, 3, 3, 3, 3, 3, 3, 3, 3, 3, 3, 3, 3, 3, 3, 3, 3, 3, 3, 3, 3, 3, 3, 3, 3, 3, 3, 3, 3, 3, 3, 3, 3, 3, 3, 3, 3, 3, 3, 3, 3, 3, 3, 3, 3, 3, 3, 3, 3, 3, 3, 3, 3, 3, 3, 3, 3, 3, 3, 3, 3, 3, 3, 3, 3, 3, 3, 3, 3, 3, 3, 3, 3, 3, 3, 3, 3, 3, 3, 3, 3, 3, 3, 3, 3, 3, 3, 3, 3, 3, 3, 3, 3, 3, 3, 3, 3, 3, 3, 3, 3, 3, 3, 3, 3, 3, 3, 3, 3, 3, 3, 3, 3, 3, 3, 3, 3, 3, 3, 3, 3, 3, 3, 3, 3, 3, 3, 3, 3, 3, 3, 3, 3, 3, 3, 3, 3, 3, 3, 3, 3, 3, 3, 3, 3, 3, 3, 3, 3, 3, 3, 3, 3, 3, 3, 3, 3, 3, 3, 3, 3, 3, 3, 3, 3, 3, 3, 3, 3, 3, 3, 3, 3, 3, 3, 3, 3, 3, 3, 3, 3, 3, 3, 3, 3, 3, 3, 3, 3, 3, 3, 3, 3, 3, 3, 3, 3, 3, 3, 3, 3, 3, 3, 3, 3, 3, 3, 3, 3, 3, 3, 3, 3, 3, 3, 3, 3, 3, 3, 3, 3, 3, 3, 3, 3, 3, 3, 3, 3, 3, 3, 3, 3, 3, 3, 3, 3, 3, 3, 3, 3, 3, 3, 3, 3, 3, 3, 3, 3, 3, 3, 3, 3, 3, 3, 3, 3, 3, 3, 3, 3, 3, 3, 3, 3, 3, 3, 3, 3, 3, 3, 3, 3, 3, 3, 3, 3, 3, 3, 3, 3, 3, 3, 3, 3, 3, 3, 3, 3, 3, 3, 3, 3, 3, 3, 3, 3, 3, 3, 3, 3, 3, 3, 3, 3, 3, 3, 3, 3, 3, 3, 3, 3, 3, 3, 3, 3, 3, 3, 3, 3, 3, 3, 3, 3, 3, 3, 3, 3, 3, 3, 3, 3, 3, 3, 3, 3, 3, 3, 3, 3, 3, 3, 3, 3, 3, 3, 3, 3, 3, 3, 3, 3, 3, 3, 3, 3, 3, 3, 3, 3, 3, 3, 3, 3, 3, 3, 3, 3, 3, 3, 3, 3, 3, 3, 3, 3, 3, 3, 3, 3, 3, 3, 3, 3, 3, 3, 3, 3, 3, 3, 3, 3, 3, 3, 3, 3, 3, 3, 3, 3, 3, 3, 3, 3, 3, 3, 3, 3, 3, 3, 3, 3, 3, 3, 3, 3, 3, 3, 3, 3, 3, 3, 3, 3, 3, 3, 3, 3, 3, 3, 3, 3, 3, 3, 3, 3, 3, 3, 3, 3, 3, 3, 3, 3, 3, 3, 3, 3, 3, 3, 3, 3, 3, 3, 3, 3, 3, 3, 3, 3, 3, 3, 3, 3, 3, 3, 3, 3, 3, 3, 3, 3, 3, 3, 3, 3, 3, 3, 3, 3, 3, 3, 3, 3, 3, 3, 3, 3, 3, 3, 3, 3, 3, 3, 3, 3, 3, 3, 3, 3, 3, 3, 3, 3, 3, 3, 3, 3, 3, 3, 3, 3, 3, 3, 3, 3, 3, 3, 3, 3, 3, 3, 3, 3, 3, 3, 3, 3, 3, 3, 3, 3, 3, 3, 3, 3, 3, 3, 3, 3, 3, 3, 3, 3, 3, 3, 3, 3, 3, 3, 3, 3, 3, 3, 3, 3, 3, 3, 3, 3, 3, 3, 3, 3, 3, 3, 3, 3, 3, 3, 3, 3, 3, 3, 3, 3, 3, 3, 3, 3, 3, 3, 3, 3, 3, 3, 3, 3, 3, 3, 3, 3, 3, 3, 3, 3, 3, 3, 3, 3, 3, 3, 3, 3, 3, 3, 3, 3, 3, 3, 3, 3, 3, 3, 3, 3, 3, 3, 3, 3, 3, 3, 3, 3, 3, 3, 3, 3, 3, 3, 3, 3, 3, 3, 3, 3, 3, 3, 3, 3, 3, 3, 3, 3, 3, 3, 3, 3, 3, 3, 3, 3, 3, 3, 3, 3, 3, 3, 3, 3, 3, 3, 3, 3, 3, 3, 3, 3, 3, 3, 3, 3, 3, 3, 3, 3, 3, 3, 3, 3, 3, 3, 3, 3, 3, 3, 3, 3, 3, 3, 3, 3, 3, 3, 3, 3, 3, 3, 3, 3, 3, 3, 3, 3, 3, 3, 3, 3, 3, 3, 3, 3, 3, 3, 3, 3, 3, 3, 3, 3, 3, 3, 3, 3, 3, 3, 3, 3, 3, 3, 3, 3, 3, 3, 3, 3, 3, 3, 3, 3, 3, 3, 3, 3, 3, 3, 3, 3, 3, 3, 3, 3, 3, 3, 3, 3, 3, 3, 3, 3, 3, 3, 3, 3, 3, 3, 3, 3, 3, 3, 3, 3, 3, 3, 3, 3, 3, 3, 3, 3, 3, 3, 3, 3, 3, 3, 3, 3, 3, 3, 3, 3, 3, 3, 3, 3, 3, 3, 3, 3, 3, 3, 3, 3, 3, 3, 3, 3, 3, 3, 3, 3, 3, 3, 3, 3, 3, 3, 3, 3, 3, 3, 3, 3, 3, 3, 3, 3, 3, 3, 3, 3, 3, 3, 3, 3, 3, 3, 3, 3, 3, 3, 3, 3, 3, 3, 3, 3, 3, 3, 3, 3, 3, 3, 3, 3, 3, 3, 3, 3, 3, 3, 3, 3, 3, 3, 3, 3, 3, 3, 3, 3, 3, 3, 3, 3, 3, 3, 3, 3, 3, 3, 3, 3, 3, 3, 3, 3, 3, 3, 3, 3, 3, 3, 3, 3, 3, 3, 3, 3, 3, 3, 3, 3, 3, 3, 3, 3, 3, 3, 3, 3, 3, 3, 3, 3, 3, 3, 3, 3, 3, 3, 3, 3, 3, 3, 3, 3, 3, 3, 3, 3, 3, 3, 3, 3, 3, 3, 3, 3, 3, 3, 3, 3, 3, 3, 3, 3, 3, 3, 3, 3, 3, 3, 3, 3, 3, 3, 3, 3, 3, 3, 3, 3, 3, 3, 3, 3, 3, 3, 3, 3, 3, 3, 3, 3, 3, 3, 3, 3, 3, 3, 3, 3, 3, 3, 3, 3, 3, 3, 3, 3, 3, 3, 3, 3, 3, 3, 3, 3, 3, 3, 3, 3, 3, 3, 3, 3, 3, 3, 3, 3, 3, 3, 3, 3, 3, 3, 3, 3, 3, 3, 3, 3, 3, 3, 3, 3, 3, 3, 3, 3, 3, 3, 3, 3, 3, 3, 3, 3, 3, 3, 3, 3, 3, 3, 3, 3, 3, 3, 3, 3, 3, 3, 3, 3, 3, 3, 3, 3, 3, 3, 3, 3, 3, 3, 3, 3, 3, 3, 3, 3, 3, 3, 3, 3, 3, 3, 3, 3, 3, 3, 3, 3, 3, 3, 3, 3, 3, 3, 3, 3, 3, 3, 3, 3, 3, 3, 3, 3, 3, 3, 3, 3, 3, 3, 3, 3, 3, 3, 3, 3]
            int[] faceVertexIndices = [400, 403, 397, 571, 429, 574, 574, 430, 575, 564, 573, 571, 505, 572, 573, 566, 573, 565, 505, 573, 566, 572, 428, 573, 573, 426, 571, 570, 492, 575, 569, 493, 570, 568, 494, 569, 567, 495, 568, 575, 486, 574, 575, 425, 570, 570, 424, 569, 569, 423, 568, 568, 422, 567, 571, 563, 564, 571, 562, 563, 561, 562, 571, 573, 564, 565, 574, 485, 571, 14, 138, 9, 11, 10, 18, 10, 57, 16, 16, 17, 10, 65, 16, 57, 11, 139, 10, 57, 10, 160, 9, 140, 11, 12, 14, 87, 12, 80, 13, 13, 79, 15, 14, 9, 88, 14, 12, 143, 13, 141, 12, 15, 142, 13, 77, 144, 15, 18, 19, 11, 19, 20, 11, 20, 81, 11, 17, 18, 10, 9, 11, 89, 561, 571, 485, 512, 515, 572, 511, 514, 515, 512, 572, 513, 513, 572, 505, 511, 515, 512, 515, 427, 572, 514, 404, 515, 510, 514, 507, 507, 514, 508, 509, 510, 506, 506, 510, 507, 508, 514, 511, 510, 403, 514, 509, 399, 510, 495, 494, 568, 494, 493, 569, 493, 492, 570, 492, 486, 575, 486, 485, 574, 567, 352, 495, 495, 351, 494, 494, 350, 493, 493, 349, 492, 485, 491, 561, 490, 491, 484, 489, 490, 484, 488, 489, 484, 492, 343, 486, 485, 484, 491, 487, 488, 483, 441, 487, 483, 483, 488, 484, 486, 342, 485, 485, 341, 484, 484, 340, 483, 440, 441, 437, 439, 440, 437, 438, 439, 436, 437, 441, 483, 436, 439, 437, 483, 326, 437, 437, 325, 436, 432, 438, 436, 435, 438, 432, 432, 434, 435, 434, 431, 433, 432, 431, 434, 436, 321, 432, 432, 320, 431, 430, 574, 429, 428, 426, 573, 428, 572, 427, 429, 571, 426, 426, 428, 419, 428, 427, 421, 421, 420, 428, 394, 421, 427, 430, 425, 575, 425, 424, 570, 424, 423, 569, 423, 422, 568, 430, 349, 425, 425, 350, 424, 424, 351, 423, 423, 352, 422, 429, 343, 430, 419, 418, 426, 418, 417, 426, 417, 416, 426, 420, 419, 428, 426, 342, 429, 416, 342, 426, 427, 515, 404, 404, 514, 403, 404, 394, 427, 403, 401, 404, 402, 394, 404, 401, 402, 404, 400, 401, 403, 403, 510, 399, 509, 398, 399, 56, 65, 57, 58, 60, 56, 59, 65, 56, 60, 59, 56, 61, 60, 58, 57, 159, 56, 58, 56, 161, 58, 62, 63, 62, 64, 63, 62, 320, 64, 64, 320, 322, 61, 58, 63, 62, 58, 165, 320, 62, 431, 399, 396, 403, 396, 397, 403, 399, 398, 396, 398, 395, 396, 138, 14, 143, 352, 567, 422, 352, 351, 495, 351, 350, 494, 350, 349, 493, 351, 352, 423, 350, 351, 424, 349, 350, 425, 343, 349, 430, 342, 343, 429, 416, 348, 342, 348, 347, 342, 341, 347, 346, 345, 341, 346, 343, 492, 349, 342, 486, 343, 341, 485, 342, 341, 340, 484, 347, 341, 342, 344, 341, 345, 330, 340, 344, 344, 340, 341, 77, 15, 78, 78, 15, 79, 79, 13, 80, 80, 12, 87, 87, 14, 88, 88, 9, 89, 78, 206, 77, 79, 207, 78, 80, 208, 79, 87, 209, 80, 81, 89, 11, 81, 82, 89, 82, 83, 89, 90, 83, 84, 90, 84, 85, 88, 216, 87, 89, 217, 88, 83, 90, 89, 90, 85, 86, 132, 86, 128, 86, 132, 90, 90, 218, 89, 132, 219, 90, 340, 326, 483, 326, 325, 437, 329, 340, 330, 328, 340, 329, 327, 326, 328, 328, 326, 340, 327, 325, 326, 325, 321, 436, 321, 320, 432, 324, 325, 327, 323, 321, 324, 321, 325, 324, 322, 321, 323, 320, 321, 322, 239, 509, 238, 238, 509, 506, 237, 239, 238, 237, 233, 239, 239, 233, 236, 239, 398, 509, 236, 137, 239, 236, 232, 235, 235, 230, 234, 233, 232, 236, 232, 231, 235, 231, 230, 235, 235, 134, 236, 234, 133, 235, 234, 214, 219, 230, 215, 234, 215, 214, 234, 218, 219, 211, 219, 132, 234, 218, 90, 219, 217, 89, 218, 216, 88, 217, 214, 213, 219, 213, 212, 219, 212, 211, 219, 218, 211, 210, 210, 140, 218, 218, 138, 217, 217, 143, 216, 216, 141, 209, 209, 142, 208, 208, 144, 207, 144, 206, 207, 209, 87, 216, 208, 80, 209, 207, 79, 208, 206, 78, 207, 161, 164, 166, 433, 165, 167, 431, 165, 433, 167, 161, 166, 165, 161, 167, 431, 62, 165, 165, 58, 161, 164, 159, 163, 168, 162, 160, 163, 160, 162, 164, 161, 159, 163, 159, 160, 161, 56, 159, 159, 57, 160, 140, 138, 218, 146, 139, 147, 210, 149, 140, 140, 149, 148, 140, 148, 147, 138, 143, 217, 142, 144, 208, 141, 142, 209, 143, 141, 216, 144, 77, 206, 142, 15, 144, 141, 13, 142, 143, 12, 141, 168, 139, 145, 139, 146, 145, 168, 160, 139, 147, 139, 140, 139, 11, 140, 160, 10, 139, 128, 129, 132, 130, 132, 129, 131, 133, 130, 130, 133, 132, 131, 134, 133, 133, 234, 132, 134, 235, 133, 134, 131, 135, 136, 137, 135, 134, 135, 137, 137, 136, 395, 398, 137, 395, 137, 236, 134, 137, 398, 239, 140, 9, 138, 281, 282, 284, 129, 128, 92, 395, 127, 385, 135, 127, 136, 385, 127, 126, 127, 125, 126, 383, 385, 126, 127, 135, 125, 125, 135, 131, 125, 131, 122, 125, 124, 126, 125, 122, 124, 122, 123, 124, 131, 130, 120, 122, 131, 120, 119, 120, 130, 122, 120, 123, 120, 121, 123, 119, 121, 120, 119, 94, 121, 150, 145, 146, 168, 145, 150, 147, 151, 146, 152, 151, 147, 150, 146, 151, 153, 178, 150, 153, 150, 151, 157, 153, 151, 147, 148, 154, 152, 147, 154, 154, 148, 155, 148, 149, 155, 149, 210, 220, 149, 220, 155, 152, 154, 226, 154, 155, 222, 158, 151, 152, 157, 151, 156, 151, 158, 156, 223, 158, 152, 565, 585, 566, 505, 566, 585, 583, 584, 564, 130, 129, 119, 129, 92, 119, 584, 565, 564, 585, 565, 584, 579, 504, 580, 581, 499, 583, 580, 503, 581, 581, 583, 563, 583, 564, 563, 581, 563, 562, 580, 581, 562, 562, 579, 580, 562, 561, 579, 576, 584, 583, 163, 162, 169, 162, 178, 169, 169, 170, 163, 164, 163, 170, 171, 164, 170, 169, 172, 170, 169, 181, 172, 171, 170, 174, 170, 172, 174, 173, 166, 164, 173, 164, 171, 167, 166, 173, 173, 171, 175, 171, 174, 175, 173, 175, 177, 167, 173, 176, 433, 167, 176, 433, 176, 442, 176, 173, 177, 442, 176, 444, 176, 177, 444, 162, 168, 178, 168, 150, 178, 178, 153, 180, 178, 180, 179, 181, 169, 178, 181, 178, 179, 577, 584, 578, 584, 576, 578, 502, 576, 583, 0, 32, 3, 7, 0, 3, 16, 30, 0, 17, 16, 0, 18, 1, 2, 18, 17, 1, 17, 0, 1, 4, 2, 73, 5, 4, 68, 2, 4, 18, 4, 5, 19, 4, 19, 18, 81, 5, 66, 5, 20, 19, 81, 20, 5, 2, 1, 6, 6, 1, 7, 2, 6, 8, 2, 8, 69, 59, 22, 21, 513, 549, 560, 512, 513, 560, 560, 557, 559, 560, 546, 557, 558, 559, 555, 559, 557, 555, 560, 559, 512, 558, 511, 559, 511, 512, 559, 556, 558, 554, 558, 555, 554, 556, 554, 551, 556, 511, 558, 511, 556, 508, 507, 508, 556, 553, 556, 551, 552, 553, 550, 553, 551, 550, 507, 556, 553, 506, 553, 552, 506, 507, 553, 549, 582, 547, 549, 547, 548, 546, 560, 549, 546, 549, 548, 505, 585, 549, 513, 505, 549, 65, 59, 21, 22, 33, 21, 24, 33, 22, 24, 22, 23, 26, 24, 23, 59, 60, 22, 60, 23, 22, 60, 61, 23, 27, 25, 28, 26, 23, 25, 27, 26, 25, 61, 25, 23, 61, 63, 25, 64, 25, 63, 503, 580, 504, 499, 581, 503, 504, 579, 491, 491, 503, 504, 579, 561, 491, 499, 503, 489, 491, 490, 503, 503, 490, 489, 502, 583, 498, 498, 583, 499, 502, 498, 501, 498, 500, 501, 500, 496, 497, 498, 496, 500, 496, 481, 497, 489, 498, 499, 489, 488, 498, 488, 496, 498, 487, 481, 496, 488, 487, 496, 210, 211, 221, 220, 210, 221, 211, 222, 221, 211, 212, 222, 212, 213, 226, 222, 212, 226, 155, 220, 221, 222, 155, 221, 226, 154, 222, 223, 152, 227, 283, 28, 281, 227, 152, 226, 29, 27, 28, 283, 29, 28, 223, 227, 224, 227, 225, 224, 213, 214, 227, 213, 227, 226, 214, 229, 227, 214, 215, 229, 215, 241, 229, 225, 229, 228, 227, 229, 225, 229, 241, 228, 64, 28, 25, 64, 281, 28, 64, 322, 281, 0, 30, 32, 32, 30, 31, 30, 21, 31, 33, 31, 21, 65, 21, 30, 16, 65, 30, 497, 481, 482, 481, 480, 482, 481, 452, 480, 479, 480, 452, 441, 452, 481, 487, 441, 481, 440, 451, 452, 441, 440, 452, 451, 479, 452, 450, 479, 451, 215, 230, 241, 230, 272, 241, 228, 241, 240, 241, 242, 240, 241, 272, 242, 243, 242, 272, 448, 450, 449, 450, 451, 449, 440, 439, 451, 439, 449, 451, 439, 438, 449, 448, 449, 446, 447, 448, 446, 447, 446, 443, 438, 446, 449, 438, 435, 446, 435, 443, 446, 445, 447, 443, 444, 445, 443, 444, 443, 442, 435, 434, 443, 434, 442, 443, 434, 433, 442, 420, 421, 415, 421, 382, 415, 419, 420, 414, 419, 414, 413, 420, 415, 414, 414, 415, 407, 415, 380, 412, 407, 415, 412, 418, 419, 413, 417, 418, 411, 411, 418, 413, 416, 417, 410, 410, 417, 411, 416, 410, 409, 410, 339, 409, 413, 334, 411, 411, 338, 410, 413, 414, 408, 408, 414, 407, 413, 408, 406, 413, 406, 405, 66, 5, 67, 68, 67, 5, 68, 4, 73, 66, 67, 81, 67, 82, 81, 394, 402, 393, 402, 392, 393, 402, 401, 392, 401, 400, 391, 401, 391, 392, 392, 379, 393, 390, 379, 392, 390, 392, 391, 388, 390, 391, 400, 397, 389, 400, 389, 391, 396, 389, 397, 387, 389, 386, 388, 391, 389, 387, 388, 389, 230, 231, 272, 231, 273, 272, 231, 232, 273, 232, 233, 275, 232, 275, 273, 273, 243, 272, 274, 243, 273, 276, 274, 275, 274, 273, 275, 233, 237, 278, 233, 278, 275, 237, 280, 278, 276, 275, 278, 277, 276, 278, 277, 278, 280, 237, 238, 280, 238, 506, 552, 238, 552, 280, 279, 277, 280, 550, 279, 280, 550, 280, 552, 1, 0, 7, 282, 285, 284, 283, 281, 284, 322, 282, 281, 322, 323, 282, 324, 282, 323, 285, 286, 284, 285, 288, 286, 288, 287, 286, 282, 324, 285, 285, 327, 288, 327, 285, 324, 288, 290, 287, 290, 289, 287, 291, 289, 290, 291, 316, 289, 288, 327, 290, 327, 328, 290, 291, 290, 328, 329, 318, 291, 328, 329, 291, 396, 386, 389, 396, 395, 385, 396, 385, 386, 383, 386, 385, 384, 387, 386, 383, 384, 386, 421, 394, 382, 394, 393, 382, 415, 382, 380, 380, 382, 381, 382, 393, 381, 379, 381, 393, 577, 582, 584, 395, 136, 127, 582, 585, 584, 83, 82, 67, 83, 67, 68, 68, 73, 83, 73, 84, 83, 74, 2, 69, 73, 2, 74, 74, 69, 70, 71, 74, 70, 71, 72, 74, 72, 75, 74, 75, 76, 74, 75, 91, 76, 73, 74, 84, 74, 85, 84, 76, 85, 74, 86, 76, 92, 76, 86, 85, 348, 416, 409, 347, 348, 339, 339, 348, 409, 346, 347, 338, 347, 339, 338, 334, 346, 338, 338, 339, 410, 334, 338, 411, 333, 413, 405, 333, 334, 413, 333, 405, 337, 336, 333, 337, 336, 335, 333, 346, 333, 345, 334, 333, 346, 331, 345, 333, 345, 331, 344, 344, 331, 318, 316, 291, 318, 317, 316, 318, 319, 317, 318, 319, 318, 331, 329, 330, 318, 344, 318, 330, 335, 332, 333, 332, 331, 333, 332, 319, 331, 91, 92, 76, 91, 93, 92, 93, 94, 92, 94, 119, 92, 86, 92, 128, 582, 549, 585, 375, 374, 384, 374, 373, 384, 378, 371, 384, 319, 332, 412, 317, 319, 380, 121, 24, 123, 94, 33, 121, 93, 31, 94, 91, 32, 93, 75, 3, 91, 316, 317, 381, 289, 316, 379, 287, 289, 390, 286, 287, 388, 284, 286, 387, 372, 315, 284, 315, 314, 284, 314, 313, 284, 313, 312, 284, 312, 311, 284, 311, 310, 284, 332, 335, 407, 335, 336, 408, 310, 309, 283, 336, 337, 406, 309, 308, 283, 308, 307, 283, 307, 306, 283, 306, 305, 283, 304, 283, 305, 283, 284, 310, 29, 283, 304, 24, 26, 123, 126, 113, 383, 383, 118, 366, 383, 117, 118, 383, 116, 117, 383, 115, 116, 383, 114, 115, 113, 114, 383, 126, 112, 113, 126, 111, 112, 126, 110, 111, 126, 109, 110, 126, 108, 109, 72, 7, 75, 71, 6, 72, 26, 27, 124, 70, 8, 71, 69, 8, 70, 27, 29, 126, 46, 47, 29, 52, 53, 29, 53, 46, 29, 406, 337, 405, 408, 336, 406, 412, 332, 407, 407, 335, 408, 54, 52, 29, 55, 54, 29, 51, 48, 29, 29, 48, 49, 51, 29, 45, 47, 45, 29, 29, 49, 50, 29, 50, 107, 304, 55, 29, 33, 24, 121, 32, 31, 93, 3, 32, 91, 31, 33, 94, 123, 26, 124, 8, 6, 71, 7, 3, 75, 6, 7, 72, 124, 27, 126, 126, 29, 107, 126, 107, 108, 379, 316, 381, 380, 319, 412, 381, 317, 380, 390, 289, 379, 383, 366, 384, 388, 287, 390, 387, 286, 388, 384, 284, 387, 377, 376, 384, 370, 369, 384, 369, 377, 384, 384, 368, 370, 384, 367, 368, 372, 284, 384, 366, 367, 384, 373, 372, 384, 384, 371, 375, 376, 378, 384, 246, 245, 279, 245, 244, 279, 445, 464, 522, 521, 528, 551, 551, 524, 525, 525, 521, 551, 518, 517, 551, 520, 518, 551, 527, 519, 551, 551, 519, 520, 551, 526, 527, 554, 445, 551, 555, 447, 554, 557, 448, 555, 551, 516, 550, 546, 450, 557, 528, 526, 551, 551, 523, 524, 551, 522, 523, 517, 516, 551, 445, 522, 551, 547, 480, 548, 582, 482, 547, 548, 479, 546, 453, 177, 192, 502, 501, 576, 501, 500, 578, 500, 497, 577, 224, 158, 223, 225, 156, 224, 228, 157, 225, 187, 177, 244, 186, 177, 187, 184, 177, 182, 177, 188, 182, 497, 482, 582, 482, 480, 547, 480, 479, 548, 479, 450, 546, 450, 448, 557, 240, 153, 228, 448, 447, 555, 447, 445, 554, 445, 463, 464, 445, 462, 463, 445, 461, 462, 445, 460, 461, 445, 459, 460, 185, 177, 186, 185, 188, 177, 191, 192, 177, 177, 189, 191, 190, 177, 183, 177, 190, 189, 177, 184, 183, 177, 175, 279, 175, 174, 277, 174, 172, 276, 444, 177, 453, 172, 181, 274, 578, 500, 577, 459, 444, 458, 457, 458, 444, 456, 457, 444, 455, 456, 444, 444, 454, 455, 444, 453, 454, 445, 444, 459, 242, 180, 240, 243, 179, 242, 274, 181, 243, 550, 250, 279, 516, 255, 550, 255, 254, 550, 254, 253, 550, 253, 252, 550, 252, 251, 550, 251, 250, 550, 250, 249, 279, 249, 248, 279, 248, 247, 279, 247, 246, 279, 577, 497, 582, 576, 501, 578, 179, 180, 242, 180, 153, 240, 181, 179, 243, 157, 156, 225, 153, 157, 228, 276, 172, 274, 277, 174, 276, 279, 175, 277, 244, 177, 279, 156, 158, 224, 357, 295, 356, 107, 96, 108, 48, 38, 49, 49, 39, 50, 51, 37, 48, 46, 36, 47, 47, 34, 45, 292, 44, 304, 44, 43, 55, 43, 41, 54, 42, 35, 53, 42, 52, 41, 40, 45, 34, 40, 37, 51, 39, 95, 50, 39, 49, 38, 38, 48, 37, 36, 34, 47, 36, 46, 35, 44, 292, 353, 43, 44, 106, 41, 43, 105, 41, 104, 42, 35, 42, 103, 35, 102, 36, 45, 40, 51, 54, 41, 52, 355, 294, 357, 97, 38, 98, 372, 303, 315, 315, 302, 314, 314, 301, 313, 313, 300, 312, 312, 299, 311, 311, 298, 310, 310, 297, 309, 309, 296, 308, 308, 295, 307, 307, 294, 306, 53, 35, 46, 52, 42, 53, 55, 43, 54, 304, 44, 55, 306, 293, 305, 305, 292, 304, 303, 372, 359, 303, 302, 315, 302, 301, 314, 301, 300, 313, 300, 299, 312, 299, 298, 311, 298, 297, 310, 297, 296, 309, 353, 292, 354, 354, 293, 355, 296, 295, 308, 295, 294, 307, 294, 293, 306, 96, 39, 97, 95, 39, 96, 356, 296, 364, 364, 297, 363, 363, 298, 365, 358, 300, 362, 365, 299, 358, 361, 302, 360, 362, 301, 361, 360, 303, 359, 366, 353, 354, 355, 367, 354, 357, 368, 355, 364, 369, 356, 357, 356, 370, 365, 358, 378, 362, 371, 358, 360, 359, 373, 361, 360, 374, 362, 361, 375, 365, 376, 363, 364, 363, 377, 366, 354, 367, 367, 355, 368, 370, 356, 369, 369, 364, 377, 368, 357, 370, 378, 358, 371, 373, 359, 372, 375, 361, 374, 374, 360, 373, 371, 362, 375, 377, 363, 376, 376, 365, 378, 293, 292, 305, 302, 303, 360, 301, 302, 361, 300, 301, 362, 299, 300, 358, 298, 299, 365, 297, 298, 363, 296, 297, 364, 295, 296, 356, 353, 366, 118, 95, 107, 50, 98, 37, 99, 99, 40, 100, 100, 34, 101, 101, 36, 102, 102, 35, 103, 116, 105, 117, 115, 104, 116, 114, 103, 115, 113, 102, 114, 112, 101, 113, 34, 36, 101, 37, 40, 99, 34, 100, 40, 38, 97, 39, 37, 98, 38, 111, 100, 112, 294, 295, 357, 110, 99, 111, 293, 294, 355, 103, 42, 104, 104, 41, 105, 105, 43, 106, 106, 44, 353, 107, 95, 96, 97, 108, 96, 98, 109, 97, 99, 110, 98, 100, 111, 99, 292, 293, 354, 109, 98, 110, 108, 97, 109, 101, 112, 100, 102, 113, 101, 103, 114, 102, 104, 115, 103, 105, 116, 104, 106, 117, 105, 106, 353, 118, 117, 106, 118, 453, 204, 466, 516, 529, 255, 455, 454, 467, 255, 269, 254, 254, 268, 253, 253, 267, 252, 252, 266, 251, 250, 251, 265, 250, 264, 249, 249, 263, 248, 248, 262, 247, 247, 261, 246, 246, 260, 245, 245, 259, 244, 258, 244, 259, 259, 245, 260, 260, 246, 261, 261, 247, 262, 262, 248, 263, 263, 249, 264, 264, 250, 265, 265, 251, 266, 266, 252, 267, 267, 253, 268, 268, 254, 269, 269, 255, 529, 456, 455, 468, 457, 456, 469, 458, 457, 470, 517, 530, 516, 518, 531, 517, 519, 532, 520, 527, 540, 519, 520, 533, 518, 521, 534, 528, 522, 535, 523, 524, 537, 525, 523, 536, 524, 525, 538, 521, 526, 539, 527, 526, 528, 541, 459, 458, 471, 460, 459, 472, 461, 460, 473, 462, 461, 474, 463, 462, 475, 464, 463, 476, 522, 464, 477, 184, 182, 194, 184, 196, 183, 467, 454, 466, 468, 455, 467, 469, 456, 468, 522, 477, 535, 477, 464, 476, 476, 463, 475, 475, 462, 474, 474, 461, 473, 529, 516, 530, 530, 517, 531, 531, 518, 533, 532, 519, 540, 533, 520, 532, 541, 528, 534, 534, 521, 538, 536, 523, 535, 537, 524, 536, 538, 525, 537, 539, 526, 541, 540, 527, 539, 188, 185, 197, 187, 199, 186, 186, 198, 185, 244, 258, 187, 188, 200, 182, 191, 189, 201, 190, 183, 195, 190, 202, 189, 192, 191, 203, 453, 192, 204, 195, 183, 196, 196, 184, 194, 197, 185, 198, 454, 453, 466, 198, 186, 199, 199, 187, 258, 200, 188, 197, 194, 182, 200, 473, 460, 472, 472, 459, 471, 471, 458, 470, 470, 457, 469, 201, 189, 202, 202, 190, 195, 203, 191, 201, 204, 192, 203, 205, 271, 543, 536, 535, 544, 256, 197, 198, 256, 198, 199, 256, 199, 258, 256, 257, 205, 196, 194, 193, 545, 543, 544, 542, 538, 544, 538, 537, 544, 270, 271, 257, 205, 257, 271, 545, 478, 543, 542, 544, 543, 542, 539, 541, 542, 532, 540, 540, 539, 542, 541, 534, 542, 534, 538, 542, 533, 532, 542, 542, 531, 533, 542, 530, 531, 542, 529, 530, 542, 269, 529, 467, 193, 465, 465, 193, 478, 468, 467, 465, 469, 468, 465, 470, 469, 465, 261, 262, 256, 257, 256, 270, 471, 470, 465, 472, 471, 465, 473, 472, 465, 474, 473, 465, 474, 465, 544, 475, 474, 544, 478, 205, 543, 202, 195, 193, 196, 193, 195, 194, 200, 193, 256, 260, 261, 256, 259, 260, 256, 258, 259, 200, 197, 193, 256, 205, 193, 202, 193, 201, 203, 201, 193, 204, 203, 193, 466, 204, 193, 466, 193, 467, 193, 205, 478, 465, 478, 545, 476, 475, 544, 477, 476, 544, 535, 477, 544, 544, 465, 545, 270, 256, 262, 270, 262, 263, 270, 263, 264, 270, 264, 265, 270, 265, 266, 270, 266, 267, 270, 267, 268, 270, 268, 269, 270, 269, 542, 270, 542, 271, 537, 536, 544, 543, 271, 542, 193, 197, 256]
            point3f[] points = [(-71.4018, -57, -54.78853), (-77.94228, -57, -45), (-83.149155, -57, -34.44151), (-69.282036, -57, -40), (-86.93333, -57, -23.293715), (-89.230034, -57, -11.747357), (-77.27406, -57, -20.705524), (-73.91036, -57, -30.614676), (-79.31559, -57, -10.442096), (-107.1027, -40, -82.18279), (-82.18279, -40, -107.1027), (-95.45942, -40, -95.45942), (-124.72374, -40, -51.662262), (-130.4, -40, -34.94057), (-116.91343, -40, -67.5), (-133.84506, -40, -17.621037), (-71.4018, -40, -54.78853), (-77.94228, -40, -45), (-83.149155, -40, -34.44151), (-86.93333, -40, -23.293715), (-89.230034, -40, -11.747357), (-54.78853, -57, -71.4018), (-45, -57, -77.94228), (-34.44151, -57, -83.149155), (-40, -57, -69.282036), (-23.293715, -57, -86.93333), (-30.614676, -57, -73.91036), (-20.705524, -57, -77.27406), (-11.747357, -57, -89.230034), (-10.442096, -57, -79.31559), (-63.63961, -57, -63.63961), (-56.568542, -57, -56.568542), (-63.468266, -57, -48.700912), (-48.700912, -57, -63.468266), (-5.5534735, -85, -4.26133), (-4.26133, -85, -5.5534735), (-4.9497476, -85, -4.9497476), (-6.467157, -85, -2.6787841), (-6.761481, -85, -1.8117334), (-6.940114, -85, -0.91368335), (-6.0621777, -85, -3.5), (-2.6787841, -85, -6.467157), (-3.5, -85, -6.0621777), (-1.8117334, -85, -6.761481), (-0.91368335, -85, -6.940114), (-5.5534735, -57, -4.26133), (-4.26133, -57, -5.5534735), (-4.9497476, -57, -4.9497476), (-6.467157, -57, -2.6787841), (-6.761481, -57, -1.8117334), (-6.940114, -57, -0.91368335), (-6.0621777, -57, -3.5), (-2.6787841, -57, -6.467157), (-3.5, -57, -6.0621777), (-1.8117334, -57, -6.761481), (-0.91368335, -57, -6.940114), (-51.662262, -40, -124.72374), (-67.5, -40, -116.91343), (-34.94057, -40, -130.4), (-54.78853, -40, -71.4018), (-45, -40, -77.94228), (-34.44151, -40, -83.149155), (-17.621037, -40, -133.84506), (-23.293715, -40, -86.93333), (-11.747357, -40, -89.230034), (-63.63961, -40, -63.63961), (-90, -57, 0), (-89.230034, -57, 11.747357), (-86.93333, -57, 23.293715), (-80, -57, 0), (-79.31559, -57, 10.442096), (-77.27406, -57, 20.705524), (-73.91036, -57, 30.614676), (-83.149155, -57, 34.44151), (-77.94228, -57, 45), (-69.282036, -57, 40), (-71.4018, -57, 54.78853), (-135, -40, 0), (-133.84506, -40, 17.621037), (-130.4, -40, 34.94057), (-124.72374, -40, 51.662262), (-90, -40, 0), (-89.230034, -40, 11.747357), (-86.93333, -40, 23.293715), (-83.149155, -40, 34.44151), (-77.94228, -40, 45), (-71.4018, -40, 54.78853), (-116.91343, -40, 67.5), (-107.1027, -40, 82.18279), (-95.45942, -40, 95.45942), (-82.18279, -40, 107.1027), (-63.468266, -57, 48.700912), (-63.63961, -57, 63.63961), (-56.568542, -57, 56.568542), (-48.700912, -57, 63.468266), (-7, -85, 0), (-6.940114, -85, 0.91368335), (-6.761481, -85, 1.8117334), (-6.467157, -85, 2.6787841), (-6.0621777, -85, 3.5), (-5.5534735, -85, 4.26133), (-4.9497476, -85, 4.9497476), (-4.26133, -85, 5.5534735), (-3.5, -85, 6.0621777), (-2.6787841, -85, 6.467157), (-1.8117334, -85, 6.761481), (-0.91368335, -85, 6.940114), (-7, -57, 0), (-6.940114, -57, 0.91368335), (-6.761481, -57, 1.8117334), (-6.467157, -57, 2.6787841), (-6.0621777, -57, 3.5), (-5.5534735, -57, 4.26133), (-4.9497476, -57, 4.9497476), (-4.26133, -57, 5.5534735), (-3.5, -57, 6.0621777), (-2.6787841, -57, 6.467157), (-1.8117334, -57, 6.761481), (-0.91368335, -57, 6.940114), (-54.78853, -57, 71.4018), (-45, -57, 77.94228), (-40, -57, 69.282036), (-34.44151, -57, 83.149155), (-30.614676, -57, 73.91036), (-20.705524, -57, 77.27406), (-23.293715, -57, 86.93333), (-10.442096, -57, 79.31559), (-11.747357, -57, 89.230034), (-63.63961, -40, 63.63961), (-54.78853, -40, 71.4018), (-45, -40, 77.94228), (-34.44151, -40, 83.149155), (-67.5, -40, 116.91343), (-51.662262, -40, 124.72374), (-34.94057, -40, 130.4), (-23.293715, -40, 86.93333), (-11.747357, -40, 89.230034), (-17.621037, -40, 133.84506), (-107.1027, 40, -82.18279), (-82.18279, 40, -107.1027), (-95.45942, 40, -95.45942), (-124.72374, 40, -51.662262), (-130.4, 40, -34.94057), (-116.91343, 40, -67.5), (-133.84506, 40, -17.621037), (-71.4018, 40, -54.78853), (-77.94228, 40, -45), (-83.149155, 40, -34.44151), (-86.93333, 40, -23.293715), (-89.230034, 40, -11.747357), (-71.4018, 57, -54.78853), (-77.94228, 57, -45), (-83.149155, 57, -34.44151), (-69.282036, 57, -40), (-86.93333, 57, -23.293715), (-89.230034, 57, -11.747357), (-77.27406, 57, -20.705524), (-73.91036, 57, -30.614676), (-79.31559, 57, -10.442096), (-51.662262, 40, -124.72374), (-67.5, 40, -116.91343), (-34.94057, 40, -130.4), (-54.78853, 40, -71.4018), (-45, 40, -77.94228), (-34.44151, 40, -83.149155), (-17.621037, 40, -133.84506), (-23.293715, 40, -86.93333), (-11.747357, 40, -89.230034), (-63.63961, 40, -63.63961), (-54.78853, 57, -71.4018), (-45, 57, -77.94228), (-34.44151, 57, -83.149155), (-40, 57, -69.282036), (-23.293715, 57, -86.93333), (-30.614676, 57, -73.91036), (-20.705524, 57, -77.27406), (-11.747357, 57, -89.230034), (-10.442096, 57, -79.31559), (-63.63961, 57, -63.63961), (-56.568542, 57, -56.568542), (-63.468266, 57, -48.700912), (-48.700912, 57, -63.468266), (-5.5534735, 57, -4.26133), (-4.26133, 57, -5.5534735), (-4.9497476, 57, -4.9497476), (-6.467157, 57, -2.6787841), (-6.761481, 57, -1.8117334), (-6.940114, 57, -0.91368335), (-6.0621777, 57, -3.5), (-2.6787841, 57, -6.467157), (-3.5, 57, -6.0621777), (-1.8117334, 57, -6.761481), (-0.91368335, 57, -6.940114), (-6.3, 76, -10.911921), (-5.5534735, 76, -4.26133), (-4.26133, 76, -5.5534735), (-4.9497476, 76, -4.9497476), (-6.467157, 76, -2.6787841), (-6.761481, 76, -1.8117334), (-6.940114, 76, -0.91368335), (-6.0621777, 76, -3.5), (-2.6787841, 76, -6.467157), (-3.5, 76, -6.0621777), (-1.8117334, 76, -6.761481), (-0.91368335, 76, -6.940114), (-6.3, 86, -10.911921), (-135, 40, 0), (-133.84506, 40, 17.621037), (-130.4, 40, 34.94057), (-124.72374, 40, 51.662262), (-90, 40, 0), (-89.230034, 40, 11.747357), (-86.93333, 40, 23.293715), (-83.149155, 40, 34.44151), (-77.94228, 40, 45), (-71.4018, 40, 54.78853), (-116.91343, 40, 67.5), (-107.1027, 40, 82.18279), (-95.45942, 40, 95.45942), (-82.18279, 40, 107.1027), (-90, 57, 0), (-89.230034, 57, 11.747357), (-86.93333, 57, 23.293715), (-79.31559, 57, 10.442096), (-77.27406, 57, 20.705524), (-73.91036, 57, 30.614676), (-83.149155, 57, 34.44151), (-77.94228, 57, 45), (-69.282036, 57, 40), (-71.4018, 57, 54.78853), (-63.63961, 40, 63.63961), (-54.78853, 40, 71.4018), (-45, 40, 77.94228), (-34.44151, 40, 83.149155), (-67.5, 40, 116.91343), (-51.662262, 40, 124.72374), (-34.94057, 40, 130.4), (-23.293715, 40, 86.93333), (-11.747357, 40, 89.230034), (-17.621037, 40, 133.84506), (-63.468266, 57, 48.700912), (-63.63961, 57, 63.63961), (-56.568542, 57, 56.568542), (-48.700912, 57, 63.468266), (-7, 57, 0), (-6.940114, 57, 0.91368335), (-6.761481, 57, 1.8117334), (-6.467157, 57, 2.6787841), (-6.0621777, 57, 3.5), (-5.5534735, 57, 4.26133), (-4.9497476, 57, 4.9497476), (-4.26133, 57, 5.5534735), (-3.5, 57, 6.0621777), (-2.6787841, 57, 6.467157), (-1.8117334, 57, 6.761481), (-0.91368335, 57, 6.940114), (-12.6, 76, 0), (-12.6, 86, 0), (-7, 76, 0), (-6.940114, 76, 0.91368335), (-6.761481, 76, 1.8117334), (-6.467157, 76, 2.6787841), (-6.0621777, 76, 3.5), (-5.5534735, 76, 4.26133), (-4.9497476, 76, 4.9497476), (-4.26133, 76, 5.5534735), (-3.5, 76, 6.0621777), (-2.6787841, 76, 6.467157), (-1.8117334, 76, 6.761481), (-0.91368335, 76, 6.940114), (-6.3, 76, 10.911921), (-6.3, 86, 10.911921), (-54.78853, 57, 71.4018), (-45, 57, 77.94228), (-40, 57, 69.282036), (-34.44151, 57, 83.149155), (-30.614676, 57, 73.91036), (-20.705524, 57, 77.27406), (-23.293715, 57, 86.93333), (-10.442096, 57, 79.31559), (-11.747357, 57, 89.230034), (0, -57, -90), (11.747357, -57, -89.230034), (0, -57, -80), (10.442096, -57, -79.31559), (23.293715, -57, -86.93333), (20.705524, -57, -77.27406), (30.614676, -57, -73.91036), (34.44151, -57, -83.149155), (40, -57, -69.282036), (45, -57, -77.94228), (54.78853, -57, -71.4018), (0, -85, -7), (0.91368335, -85, -6.940114), (1.8117334, -85, -6.761481), (2.6787841, -85, -6.467157), (3.5, -85, -6.0621777), (4.26133, -85, -5.5534735), (4.9497476, -85, -4.9497476), (5.5534735, -85, -4.26133), (6.0621777, -85, -3.5), (6.467157, -85, -2.6787841), (6.761481, -85, -1.8117334), (6.940114, -85, -0.91368335), (0, -57, -7), (0.91368335, -57, -6.940114), (1.8117334, -57, -6.761481), (2.6787841, -57, -6.467157), (3.5, -57, -6.0621777), (4.26133, -57, -5.5534735), (4.9497476, -57, -4.9497476), (5.5534735, -57, -4.26133), (6.0621777, -57, -3.5), (6.467157, -57, -2.6787841), (6.761481, -57, -1.8117334), (6.940114, -57, -0.91368335), (48.700912, -57, -63.468266), (56.568542, -57, -56.568542), (63.63961, -57, -63.63961), (63.468266, -57, -48.700912), (0, -40, -135), (17.621037, -40, -133.84506), (0, -40, -90), (11.747357, -40, -89.230034), (23.293715, -40, -86.93333), (34.94057, -40, -130.4), (51.662262, -40, -124.72374), (34.44151, -40, -83.149155), (45, -40, -77.94228), (54.78853, -40, -71.4018), (63.63961, -40, -63.63961), (71.4018, -57, -54.78853), (69.282036, -57, -40), (77.94228, -57, -45), (83.149155, -57, -34.44151), (73.91036, -57, -30.614676), (77.27406, -57, -20.705524), (79.31559, -57, -10.442096), (86.93333, -57, -23.293715), (89.230034, -57, -11.747357), (67.5, -40, -116.91343), (82.18279, -40, -107.1027), (95.45942, -40, -95.45942), (107.1027, -40, -82.18279), (71.4018, -40, -54.78853), (77.94228, -40, -45), (83.149155, -40, -34.44151), (86.93333, -40, -23.293715), (89.230034, -40, -11.747357), (116.91343, -40, -67.5), (124.72374, -40, -51.662262), (130.4, -40, -34.94057), (133.84506, -40, -17.621037), (0, -85, 7), (0.91368335, -85, 6.940114), (1.8117334, -85, 6.761481), (3.5, -85, 6.0621777), (2.6787841, -85, 6.467157), (6.0621777, -85, 3.5), (7, -85, 0), (6.940114, -85, 0.91368335), (6.761481, -85, 1.8117334), (6.467157, -85, 2.6787841), (4.9497476, -85, 4.9497476), (4.26133, -85, 5.5534735), (5.5534735, -85, 4.26133), (0, -57, 7), (0.91368335, -57, 6.940114), (1.8117334, -57, 6.761481), (3.5, -57, 6.0621777), (2.6787841, -57, 6.467157), (6.0621777, -57, 3.5), (7, -57, 0), (6.940114, -57, 0.91368335), (6.761481, -57, 1.8117334), (6.467157, -57, 2.6787841), (4.9497476, -57, 4.9497476), (4.26133, -57, 5.5534735), (5.5534735, -57, 4.26133), (48.700912, -57, 63.468266), (63.468266, -57, 48.700912), (56.568542, -57, 56.568542), (63.63961, -57, 63.63961), (0, -57, 80), (10.442096, -57, 79.31559), (0, -57, 90), (11.747357, -57, 89.230034), (20.705524, -57, 77.27406), (30.614676, -57, 73.91036), (23.293715, -57, 86.93333), (40, -57, 69.282036), (34.44151, -57, 83.149155), (45, -57, 77.94228), (54.78853, -57, 71.4018), (63.63961, -40, 63.63961), (0, -40, 90), (11.747357, -40, 89.230034), (23.293715, -40, 86.93333), (0, -40, 135), (17.621037, -40, 133.84506), (34.44151, -40, 83.149155), (45, -40, 77.94228), (54.78853, -40, 71.4018), (34.94057, -40, 130.4), (51.662262, -40, 124.72374), (80, -57, 0), (79.31559, -57, 10.442096), (73.91036, -57, 30.614676), (77.27406, -57, 20.705524), (90, -57, 0), (89.230034, -57, 11.747357), (86.93333, -57, 23.293715), (69.282036, -57, 40), (83.149155, -57, 34.44151), (77.94228, -57, 45), (71.4018, -57, 54.78853), (90, -40, 0), (89.230034, -40, 11.747357), (86.93333, -40, 23.293715), (83.149155, -40, 34.44151), (77.94228, -40, 45), (71.4018, -40, 54.78853), (135, -40, 0), (133.84506, -40, 17.621037), (130.4, -40, 34.94057), (124.72374, -40, 51.662262), (95.45942, -40, 95.45942), (67.5, -40, 116.91343), (82.18279, -40, 107.1027), (107.1027, -40, 82.18279), (116.91343, -40, 67.5), (0, 40, -135), (17.621037, 40, -133.84506), (0, 40, -90), (11.747357, 40, -89.230034), (23.293715, 40, -86.93333), (34.94057, 40, -130.4), (51.662262, 40, -124.72374), (34.44151, 40, -83.149155), (45, 40, -77.94228), (54.78853, 40, -71.4018), (63.63961, 40, -63.63961), (0, 57, -90), (11.747357, 57, -89.230034), (0, 57, -80), (10.442096, 57, -79.31559), (23.293715, 57, -86.93333), (20.705524, 57, -77.27406), (30.614676, 57, -73.91036), (34.44151, 57, -83.149155), (40, 57, -69.282036), (45, 57, -77.94228), (54.78853, 57, -71.4018), (0, 57, -7), (0.91368335, 57, -6.940114), (1.8117334, 57, -6.761481), (2.6787841, 57, -6.467157), (3.5, 57, -6.0621777), (4.26133, 57, -5.5534735), (4.9497476, 57, -4.9497476), (5.5534735, 57, -4.26133), (6.0621777, 57, -3.5), (6.467157, 57, -2.6787841), (6.761481, 57, -1.8117334), (6.940114, 57, -0.91368335), (6.3, 76, -10.911921), (0, 76, -7), (0.91368335, 76, -6.940114), (1.8117334, 76, -6.761481), (2.6787841, 76, -6.467157), (3.5, 76, -6.0621777), (4.26133, 76, -5.5534735), (4.9497476, 76, -4.9497476), (5.5534735, 76, -4.26133), (6.0621777, 76, -3.5), (6.467157, 76, -2.6787841), (6.761481, 76, -1.8117334), (6.940114, 76, -0.91368335), (6.3, 86, -10.911921), (48.700912, 57, -63.468266), (56.568542, 57, -56.568542), (63.63961, 57, -63.63961), (63.468266, 57, -48.700912), (67.5, 40, -116.91343), (82.18279, 40, -107.1027), (95.45942, 40, -95.45942), (107.1027, 40, -82.18279), (71.4018, 40, -54.78853), (77.94228, 40, -45), (83.149155, 40, -34.44151), (86.93333, 40, -23.293715), (89.230034, 40, -11.747357), (116.91343, 40, -67.5), (124.72374, 40, -51.662262), (130.4, 40, -34.94057), (133.84506, 40, -17.621037), (71.4018, 57, -54.78853), (69.282036, 57, -40), (77.94228, 57, -45), (83.149155, 57, -34.44151), (73.91036, 57, -30.614676), (77.27406, 57, -20.705524), (79.31559, 57, -10.442096), (86.93333, 57, -23.293715), (89.230034, 57, -11.747357), (63.63961, 40, 63.63961), (0, 40, 90), (11.747357, 40, 89.230034), (23.293715, 40, 86.93333), (0, 40, 135), (17.621037, 40, 133.84506), (34.44151, 40, 83.149155), (45, 40, 77.94228), (54.78853, 40, 71.4018), (34.94057, 40, 130.4), (51.662262, 40, 124.72374), (0, 57, 7), (0.91368335, 57, 6.940114), (1.8117334, 57, 6.761481), (3.5, 57, 6.0621777), (2.6787841, 57, 6.467157), (6.0621777, 57, 3.5), (7, 57, 0), (6.940114, 57, 0.91368335), (6.761481, 57, 1.8117334), (6.467157, 57, 2.6787841), (4.9497476, 57, 4.9497476), (4.26133, 57, 5.5534735), (5.5534735, 57, 4.26133), (0, 76, 7), (0.91368335, 76, 6.940114), (1.8117334, 76, 6.761481), (3.5, 76, 6.0621777), (2.6787841, 76, 6.467157), (6.0621777, 76, 3.5), (7, 76, 0), (6.940114, 76, 0.91368335), (6.761481, 76, 1.8117334), (6.467157, 76, 2.6787841), (4.9497476, 76, 4.9497476), (4.26133, 76, 5.5534735), (5.5534735, 76, 4.26133), (6.3, 76, 10.911921), (6.3, 86, 10.911921), (12.6, 76, 0), (12.6, 86, 0), (48.700912, 57, 63.468266), (63.468266, 57, 48.700912), (56.568542, 57, 56.568542), (63.63961, 57, 63.63961), (0, 57, 80), (10.442096, 57, 79.31559), (0, 57, 90), (11.747357, 57, 89.230034), (20.705524, 57, 77.27406), (30.614676, 57, 73.91036), (23.293715, 57, 86.93333), (40, 57, 69.282036), (34.44151, 57, 83.149155), (45, 57, 77.94228), (54.78853, 57, 71.4018), (90, 40, 0), (89.230034, 40, 11.747357), (86.93333, 40, 23.293715), (83.149155, 40, 34.44151), (77.94228, 40, 45), (71.4018, 40, 54.78853), (135, 40, 0), (133.84506, 40, 17.621037), (130.4, 40, 34.94057), (124.72374, 40, 51.662262), (95.45942, 40, 95.45942), (67.5, 40, 116.91343), (82.18279, 40, 107.1027), (107.1027, 40, 82.18279), (116.91343, 40, 67.5), (79.31559, 57, 10.442096), (73.91036, 57, 30.614676), (77.27406, 57, 20.705524), (90, 57, 0), (89.230034, 57, 11.747357), (86.93333, 57, 23.293715), (69.282036, 57, 40), (83.149155, 57, 34.44151), (77.94228, 57, 45), (71.4018, 57, 54.78853)]

            rel material:binding = </BVR1/Materials/WheelMaterial>
        }
    }

    def Xform "WheelRR" (
        prepend apiSchemas = ["PhysicsRigidBodyAPI", "PhysicsMassAPI"]
    )
    {
        double3 xformOp:translate = (280, 82, -280)
        uniform token[] xformOpOrder = ["xformOp:translate"]

        float physics:mass = 2.0

        def PhysicsRevoluteJoint "WheelRRJoint"
        {
            rel physics:body0 = </BVR1/Body>
            rel physics:body1 = </BVR1/WheelRR>
            float3 physics:localPos0 = (280, 82, -280)
            float3 physics:localPos1 = (0, 0, 0)
            float3 physics:axis = (1, 0, 0)

            float drive:angular:physics:damping = 10.0
            float drive:angular:physics:stiffness = 0.0
            float drive:angular:physics:maxForce = 50
            token drive:angular:physics:type = "force"
        }

        def Mesh "WheelRRMesh"
        {
            int[] faceVertexCounts = [3, 3, 3, 3, 3, 3, 3, 3, 3, 3, 3, 3, 3, 3, 3, 3, 3, 3, 3, 3, 3, 3, 3, 3, 3, 3, 3, 3, 3, 3, 3, 3, 3, 3, 3, 3, 3, 3, 3, 3, 3, 3, 3, 3, 3, 3, 3, 3, 3, 3, 3, 3, 3, 3, 3, 3, 3, 3, 3, 3, 3, 3, 3, 3, 3, 3, 3, 3, 3, 3, 3, 3, 3, 3, 3, 3, 3, 3, 3, 3, 3, 3, 3, 3, 3, 3, 3, 3, 3, 3, 3, 3, 3, 3, 3, 3, 3, 3, 3, 3, 3, 3, 3, 3, 3, 3, 3, 3, 3, 3, 3, 3, 3, 3, 3, 3, 3, 3, 3, 3, 3, 3, 3, 3, 3, 3, 3, 3, 3, 3, 3, 3, 3, 3, 3, 3, 3, 3, 3, 3, 3, 3, 3, 3, 3, 3, 3, 3, 3, 3, 3, 3, 3, 3, 3, 3, 3, 3, 3, 3, 3, 3, 3, 3, 3, 3, 3, 3, 3, 3, 3, 3, 3, 3, 3, 3, 3, 3, 3, 3, 3, 3, 3, 3, 3, 3, 3, 3, 3, 3, 3, 3, 3, 3, 3, 3, 3, 3, 3, 3, 3, 3, 3, 3, 3, 3, 3, 3, 3, 3, 3, 3, 3, 3, 3, 3, 3, 3, 3, 3, 3, 3, 3, 3, 3, 3, 3, 3, 3, 3, 3, 3, 3, 3, 3, 3, 3, 3, 3, 3, 3, 3, 3, 3, 3, 3, 3, 3, 3, 3, 3, 3, 3, 3, 3, 3, 3, 3, 3, 3, 3, 3, 3, 3, 3, 3, 3, 3, 3, 3, 3, 3, 3, 3, 3, 3, 3, 3, 3, 3, 3, 3, 3, 3, 3, 3, 3, 3, 3, 3, 3, 3, 3, 3, 3, 3, 3, 3, 3, 3, 3, 3, 3, 3, 3, 3, 3, 3, 3, 3, 3, 3, 3, 3, 3, 3, 3, 3, 3, 3, 3, 3, 3, 3, 3, 3, 3, 3, 3, 3, 3, 3, 3, 3, 3, 3, 3, 3, 3, 3, 3, 3, 3, 3, 3, 3, 3, 3, 3, 3, 3, 3, 3, 3, 3, 3, 3, 3, 3, 3, 3, 3, 3, 3, 3, 3, 3, 3, 3, 3, 3, 3, 3, 3, 3, 3, 3, 3, 3, 3, 3, 3, 3, 3, 3, 3, 3, 3, 3, 3, 3, 3, 3, 3, 3, 3, 3, 3, 3, 3, 3, 3, 3, 3, 3, 3, 3, 3, 3, 3, 3, 3, 3, 3, 3, 3, 3, 3, 3, 3, 3, 3, 3, 3, 3, 3, 3, 3, 3, 3, 3, 3, 3, 3, 3, 3, 3, 3, 3, 3, 3, 3, 3, 3, 3, 3, 3, 3, 3, 3, 3, 3, 3, 3, 3, 3, 3, 3, 3, 3, 3, 3, 3, 3, 3, 3, 3, 3, 3, 3, 3, 3, 3, 3, 3, 3, 3, 3, 3, 3, 3, 3, 3, 3, 3, 3, 3, 3, 3, 3, 3, 3, 3, 3, 3, 3, 3, 3, 3, 3, 3, 3, 3, 3, 3, 3, 3, 3, 3, 3, 3, 3, 3, 3, 3, 3, 3, 3, 3, 3, 3, 3, 3, 3, 3, 3, 3, 3, 3, 3, 3, 3, 3, 3, 3, 3, 3, 3, 3, 3, 3, 3, 3, 3, 3, 3, 3, 3, 3, 3, 3, 3, 3, 3, 3, 3, 3, 3, 3, 3, 3, 3, 3, 3, 3, 3, 3, 3, 3, 3, 3, 3, 3, 3, 3, 3, 3, 3, 3, 3, 3, 3, 3, 3, 3, 3, 3, 3, 3, 3, 3, 3, 3, 3, 3, 3, 3, 3, 3, 3, 3, 3, 3, 3, 3, 3, 3, 3, 3, 3, 3, 3, 3, 3, 3, 3, 3, 3, 3, 3, 3, 3, 3, 3, 3, 3, 3, 3, 3, 3, 3, 3, 3, 3, 3, 3, 3, 3, 3, 3, 3, 3, 3, 3, 3, 3, 3, 3, 3, 3, 3, 3, 3, 3, 3, 3, 3, 3, 3, 3, 3, 3, 3, 3, 3, 3, 3, 3, 3, 3, 3, 3, 3, 3, 3, 3, 3, 3, 3, 3, 3, 3, 3, 3, 3, 3, 3, 3, 3, 3, 3, 3, 3, 3, 3, 3, 3, 3, 3, 3, 3, 3, 3, 3, 3, 3, 3, 3, 3, 3, 3, 3, 3, 3, 3, 3, 3, 3, 3, 3, 3, 3, 3, 3, 3, 3, 3, 3, 3, 3, 3, 3, 3, 3, 3, 3, 3, 3, 3, 3, 3, 3, 3, 3, 3, 3, 3, 3, 3, 3, 3, 3, 3, 3, 3, 3, 3, 3, 3, 3, 3, 3, 3, 3, 3, 3, 3, 3, 3, 3, 3, 3, 3, 3, 3, 3, 3, 3, 3, 3, 3, 3, 3, 3, 3, 3, 3, 3, 3, 3, 3, 3, 3, 3, 3, 3, 3, 3, 3, 3, 3, 3, 3, 3, 3, 3, 3, 3, 3, 3, 3, 3, 3, 3, 3, 3, 3, 3, 3, 3, 3, 3, 3, 3, 3, 3, 3, 3, 3, 3, 3, 3, 3, 3, 3, 3, 3, 3, 3, 3, 3, 3, 3, 3, 3, 3, 3, 3, 3, 3, 3, 3, 3, 3, 3, 3, 3, 3, 3, 3, 3, 3, 3, 3, 3, 3, 3, 3, 3, 3, 3, 3, 3, 3, 3, 3, 3, 3, 3, 3, 3, 3, 3, 3, 3, 3, 3, 3, 3, 3, 3, 3, 3, 3, 3, 3, 3, 3, 3, 3, 3, 3, 3, 3, 3, 3, 3, 3, 3, 3, 3, 3, 3, 3, 3, 3, 3, 3, 3, 3, 3, 3, 3, 3, 3, 3, 3, 3, 3, 3, 3, 3, 3, 3, 3, 3, 3, 3, 3, 3, 3, 3, 3, 3, 3, 3, 3, 3, 3, 3, 3, 3, 3, 3, 3, 3, 3, 3, 3, 3, 3, 3, 3, 3, 3, 3, 3, 3, 3, 3, 3, 3, 3, 3, 3, 3, 3, 3, 3, 3, 3, 3, 3, 3, 3, 3, 3, 3, 3, 3, 3, 3, 3, 3, 3, 3, 3, 3, 3, 3, 3, 3, 3, 3, 3, 3, 3, 3, 3, 3, 3, 3, 3, 3, 3, 3, 3, 3, 3, 3, 3, 3, 3, 3, 3, 3, 3, 3, 3, 3, 3, 3, 3, 3, 3, 3, 3, 3, 3, 3, 3, 3, 3, 3, 3, 3, 3, 3, 3, 3, 3, 3, 3, 3, 3, 3, 3, 3, 3, 3, 3, 3, 3, 3, 3, 3, 3, 3, 3, 3, 3, 3, 3, 3, 3, 3, 3, 3, 3, 3, 3, 3, 3, 3, 3, 3, 3, 3, 3, 3, 3, 3, 3, 3, 3, 3, 3, 3, 3, 3, 3, 3, 3, 3, 3, 3, 3, 3, 3, 3, 3, 3, 3, 3, 3, 3, 3, 3, 3, 3, 3, 3, 3, 3, 3, 3, 3, 3, 3, 3, 3, 3, 3, 3, 3, 3, 3, 3, 3, 3, 3, 3, 3, 3, 3, 3, 3, 3, 3, 3, 3, 3, 3, 3, 3, 3, 3, 3, 3, 3, 3, 3, 3, 3, 3, 3, 3, 3]
            int[] faceVertexIndices = [400, 403, 397, 571, 429, 574, 574, 430, 575, 564, 573, 571, 505, 572, 573, 566, 573, 565, 505, 573, 566, 572, 428, 573, 573, 426, 571, 570, 492, 575, 569, 493, 570, 568, 494, 569, 567, 495, 568, 575, 486, 574, 575, 425, 570, 570, 424, 569, 569, 423, 568, 568, 422, 567, 571, 563, 564, 571, 562, 563, 561, 562, 571, 573, 564, 565, 574, 485, 571, 14, 138, 9, 11, 10, 18, 10, 57, 16, 16, 17, 10, 65, 16, 57, 11, 139, 10, 57, 10, 160, 9, 140, 11, 12, 14, 87, 12, 80, 13, 13, 79, 15, 14, 9, 88, 14, 12, 143, 13, 141, 12, 15, 142, 13, 77, 144, 15, 18, 19, 11, 19, 20, 11, 20, 81, 11, 17, 18, 10, 9, 11, 89, 561, 571, 485, 512, 515, 572, 511, 514, 515, 512, 572, 513, 513, 572, 505, 511, 515, 512, 515, 427, 572, 514, 404, 515, 510, 514, 507, 507, 514, 508, 509, 510, 506, 506, 510, 507, 508, 514, 511, 510, 403, 514, 509, 399, 510, 495, 494, 568, 494, 493, 569, 493, 492, 570, 492, 486, 575, 486, 485, 574, 567, 352, 495, 495, 351, 494, 494, 350, 493, 493, 349, 492, 485, 491, 561, 490, 491, 484, 489, 490, 484, 488, 489, 484, 492, 343, 486, 485, 484, 491, 487, 488, 483, 441, 487, 483, 483, 488, 484, 486, 342, 485, 485, 341, 484, 484, 340, 483, 440, 441, 437, 439, 440, 437, 438, 439, 436, 437, 441, 483, 436, 439, 437, 483, 326, 437, 437, 325, 436, 432, 438, 436, 435, 438, 432, 432, 434, 435, 434, 431, 433, 432, 431, 434, 436, 321, 432, 432, 320, 431, 430, 574, 429, 428, 426, 573, 428, 572, 427, 429, 571, 426, 426, 428, 419, 428, 427, 421, 421, 420, 428, 394, 421, 427, 430, 425, 575, 425, 424, 570, 424, 423, 569, 423, 422, 568, 430, 349, 425, 425, 350, 424, 424, 351, 423, 423, 352, 422, 429, 343, 430, 419, 418, 426, 418, 417, 426, 417, 416, 426, 420, 419, 428, 426, 342, 429, 416, 342, 426, 427, 515, 404, 404, 514, 403, 404, 394, 427, 403, 401, 404, 402, 394, 404, 401, 402, 404, 400, 401, 403, 403, 510, 399, 509, 398, 399, 56, 65, 57, 58, 60, 56, 59, 65, 56, 60, 59, 56, 61, 60, 58, 57, 159, 56, 58, 56, 161, 58, 62, 63, 62, 64, 63, 62, 320, 64, 64, 320, 322, 61, 58, 63, 62, 58, 165, 320, 62, 431, 399, 396, 403, 396, 397, 403, 399, 398, 396, 398, 395, 396, 138, 14, 143, 352, 567, 422, 352, 351, 495, 351, 350, 494, 350, 349, 493, 351, 352, 423, 350, 351, 424, 349, 350, 425, 343, 349, 430, 342, 343, 429, 416, 348, 342, 348, 347, 342, 341, 347, 346, 345, 341, 346, 343, 492, 349, 342, 486, 343, 341, 485, 342, 341, 340, 484, 347, 341, 342, 344, 341, 345, 330, 340, 344, 344, 340, 341, 77, 15, 78, 78, 15, 79, 79, 13, 80, 80, 12, 87, 87, 14, 88, 88, 9, 89, 78, 206, 77, 79, 207, 78, 80, 208, 79, 87, 209, 80, 81, 89, 11, 81, 82, 89, 82, 83, 89, 90, 83, 84, 90, 84, 85, 88, 216, 87, 89, 217, 88, 83, 90, 89, 90, 85, 86, 132, 86, 128, 86, 132, 90, 90, 218, 89, 132, 219, 90, 340, 326, 483, 326, 325, 437, 329, 340, 330, 328, 340, 329, 327, 326, 328, 328, 326, 340, 327, 325, 326, 325, 321, 436, 321, 320, 432, 324, 325, 327, 323, 321, 324, 321, 325, 324, 322, 321, 323, 320, 321, 322, 239, 509, 238, 238, 509, 506, 237, 239, 238, 237, 233, 239, 239, 233, 236, 239, 398, 509, 236, 137, 239, 236, 232, 235, 235, 230, 234, 233, 232, 236, 232, 231, 235, 231, 230, 235, 235, 134, 236, 234, 133, 235, 234, 214, 219, 230, 215, 234, 215, 214, 234, 218, 219, 211, 219, 132, 234, 218, 90, 219, 217, 89, 218, 216, 88, 217, 214, 213, 219, 213, 212, 219, 212, 211, 219, 218, 211, 210, 210, 140, 218, 218, 138, 217, 217, 143, 216, 216, 141, 209, 209, 142, 208, 208, 144, 207, 144, 206, 207, 209, 87, 216, 208, 80, 209, 207, 79, 208, 206, 78, 207, 161, 164, 166, 433, 165, 167, 431, 165, 433, 167, 161, 166, 165, 161, 167, 431, 62, 165, 165, 58, 161, 164, 159, 163, 168, 162, 160, 163, 160, 162, 164, 161, 159, 163, 159, 160, 161, 56, 159, 159, 57, 160, 140, 138, 218, 146, 139, 147, 210, 149, 140, 140, 149, 148, 140, 148, 147, 138, 143, 217, 142, 144, 208, 141, 142, 209, 143, 141, 216, 144, 77, 206, 142, 15, 144, 141, 13, 142, 143, 12, 141, 168, 139, 145, 139, 146, 145, 168, 160, 139, 147, 139, 140, 139, 11, 140, 160, 10, 139, 128, 129, 132, 130, 132, 129, 131, 133, 130, 130, 133, 132, 131, 134, 133, 133, 234, 132, 134, 235, 133, 134, 131, 135, 136, 137, 135, 134, 135, 137, 137, 136, 395, 398, 137, 395, 137, 236, 134, 137, 398, 239, 140, 9, 138, 281, 282, 284, 129, 128, 92, 395, 127, 385, 135, 127, 136, 385, 127, 126, 127, 125, 126, 383, 385, 126, 127, 135, 125, 125, 135, 131, 125, 131, 122, 125, 124, 126, 125, 122, 124, 122, 123, 124, 131, 130, 120, 122, 131, 120, 119, 120, 130, 122, 120, 123, 120, 121, 123, 119, 121, 120, 119, 94, 121, 150, 145, 146, 168, 145, 150, 147, 151, 146, 152, 151, 147, 150, 146, 151, 153, 178, 150, 153, 150, 151, 157, 153, 151, 147, 148, 154, 152, 147, 154, 154, 148, 155, 148, 149, 155, 149, 210, 220, 149, 220, 155, 152, 154, 226, 154, 155, 222, 158, 151, 152, 157, 151, 156, 151, 158, 156, 223, 158, 152, 565, 585, 566, 505, 566, 585, 583, 584, 564, 130, 129, 119, 129, 92, 119, 584, 565, 564, 585, 565, 584, 579, 504, 580, 581, 499, 583, 580, 503, 581, 581, 583, 563, 583, 564, 563, 581, 563, 562, 580, 581, 562, 562, 579, 580, 562, 561, 579, 576, 584, 583, 163, 162, 169, 162, 178, 169, 169, 170, 163, 164, 163, 170, 171, 164, 170, 169, 172, 170, 169, 181, 172, 171, 170, 174, 170, 172, 174, 173, 166, 164, 173, 164, 171, 167, 166, 173, 173, 171, 175, 171, 174, 175, 173, 175, 177, 167, 173, 176, 433, 167, 176, 433, 176, 442, 176, 173, 177, 442, 176, 444, 176, 177, 444, 162, 168, 178, 168, 150, 178, 178, 153, 180, 178, 180, 179, 181, 169, 178, 181, 178, 179, 577, 584, 578, 584, 576, 578, 502, 576, 583, 0, 32, 3, 7, 0, 3, 16, 30, 0, 17, 16, 0, 18, 1, 2, 18, 17, 1, 17, 0, 1, 4, 2, 73, 5, 4, 68, 2, 4, 18, 4, 5, 19, 4, 19, 18, 81, 5, 66, 5, 20, 19, 81, 20, 5, 2, 1, 6, 6, 1, 7, 2, 6, 8, 2, 8, 69, 59, 22, 21, 513, 549, 560, 512, 513, 560, 560, 557, 559, 560, 546, 557, 558, 559, 555, 559, 557, 555, 560, 559, 512, 558, 511, 559, 511, 512, 559, 556, 558, 554, 558, 555, 554, 556, 554, 551, 556, 511, 558, 511, 556, 508, 507, 508, 556, 553, 556, 551, 552, 553, 550, 553, 551, 550, 507, 556, 553, 506, 553, 552, 506, 507, 553, 549, 582, 547, 549, 547, 548, 546, 560, 549, 546, 549, 548, 505, 585, 549, 513, 505, 549, 65, 59, 21, 22, 33, 21, 24, 33, 22, 24, 22, 23, 26, 24, 23, 59, 60, 22, 60, 23, 22, 60, 61, 23, 27, 25, 28, 26, 23, 25, 27, 26, 25, 61, 25, 23, 61, 63, 25, 64, 25, 63, 503, 580, 504, 499, 581, 503, 504, 579, 491, 491, 503, 504, 579, 561, 491, 499, 503, 489, 491, 490, 503, 503, 490, 489, 502, 583, 498, 498, 583, 499, 502, 498, 501, 498, 500, 501, 500, 496, 497, 498, 496, 500, 496, 481, 497, 489, 498, 499, 489, 488, 498, 488, 496, 498, 487, 481, 496, 488, 487, 496, 210, 211, 221, 220, 210, 221, 211, 222, 221, 211, 212, 222, 212, 213, 226, 222, 212, 226, 155, 220, 221, 222, 155, 221, 226, 154, 222, 223, 152, 227, 283, 28, 281, 227, 152, 226, 29, 27, 28, 283, 29, 28, 223, 227, 224, 227, 225, 224, 213, 214, 227, 213, 227, 226, 214, 229, 227, 214, 215, 229, 215, 241, 229, 225, 229, 228, 227, 229, 225, 229, 241, 228, 64, 28, 25, 64, 281, 28, 64, 322, 281, 0, 30, 32, 32, 30, 31, 30, 21, 31, 33, 31, 21, 65, 21, 30, 16, 65, 30, 497, 481, 482, 481, 480, 482, 481, 452, 480, 479, 480, 452, 441, 452, 481, 487, 441, 481, 440, 451, 452, 441, 440, 452, 451, 479, 452, 450, 479, 451, 215, 230, 241, 230, 272, 241, 228, 241, 240, 241, 242, 240, 241, 272, 242, 243, 242, 272, 448, 450, 449, 450, 451, 449, 440, 439, 451, 439, 449, 451, 439, 438, 449, 448, 449, 446, 447, 448, 446, 447, 446, 443, 438, 446, 449, 438, 435, 446, 435, 443, 446, 445, 447, 443, 444, 445, 443, 444, 443, 442, 435, 434, 443, 434, 442, 443, 434, 433, 442, 420, 421, 415, 421, 382, 415, 419, 420, 414, 419, 414, 413, 420, 415, 414, 414, 415, 407, 415, 380, 412, 407, 415, 412, 418, 419, 413, 417, 418, 411, 411, 418, 413, 416, 417, 410, 410, 417, 411, 416, 410, 409, 410, 339, 409, 413, 334, 411, 411, 338, 410, 413, 414, 408, 408, 414, 407, 413, 408, 406, 413, 406, 405, 66, 5, 67, 68, 67, 5, 68, 4, 73, 66, 67, 81, 67, 82, 81, 394, 402, 393, 402, 392, 393, 402, 401, 392, 401, 400, 391, 401, 391, 392, 392, 379, 393, 390, 379, 392, 390, 392, 391, 388, 390, 391, 400, 397, 389, 400, 389, 391, 396, 389, 397, 387, 389, 386, 388, 391, 389, 387, 388, 389, 230, 231, 272, 231, 273, 272, 231, 232, 273, 232, 233, 275, 232, 275, 273, 273, 243, 272, 274, 243, 273, 276, 274, 275, 274, 273, 275, 233, 237, 278, 233, 278, 275, 237, 280, 278, 276, 275, 278, 277, 276, 278, 277, 278, 280, 237, 238, 280, 238, 506, 552, 238, 552, 280, 279, 277, 280, 550, 279, 280, 550, 280, 552, 1, 0, 7, 282, 285, 284, 283, 281, 284, 322, 282, 281, 322, 323, 282, 324, 282, 323, 285, 286, 284, 285, 288, 286, 288, 287, 286, 282, 324, 285, 285, 327, 288, 327, 285, 324, 288, 290, 287, 290, 289, 287, 291, 289, 290, 291, 316, 289, 288, 327, 290, 327, 328, 290, 291, 290, 328, 329, 318, 291, 328, 329, 291, 396, 386, 389, 396, 395, 385, 396, 385, 386, 383, 386, 385, 384, 387, 386, 383, 384, 386, 421, 394, 382, 394, 393, 382, 415, 382, 380, 380, 382, 381, 382, 393, 381, 379, 381, 393, 577, 582, 584, 395, 136, 127, 582, 585, 584, 83, 82, 67, 83, 67, 68, 68, 73, 83, 73, 84, 83, 74, 2, 69, 73, 2, 74, 74, 69, 70, 71, 74, 70, 71, 72, 74, 72, 75, 74, 75, 76, 74, 75, 91, 76, 73, 74, 84, 74, 85, 84, 76, 85, 74, 86, 76, 92, 76, 86, 85, 348, 416, 409, 347, 348, 339, 339, 348, 409, 346, 347, 338, 347, 339, 338, 334, 346, 338, 338, 339, 410, 334, 338, 411, 333, 413, 405, 333, 334, 413, 333, 405, 337, 336, 333, 337, 336, 335, 333, 346, 333, 345, 334, 333, 346, 331, 345, 333, 345, 331, 344, 344, 331, 318, 316, 291, 318, 317, 316, 318, 319, 317, 318, 319, 318, 331, 329, 330, 318, 344, 318, 330, 335, 332, 333, 332, 331, 333, 332, 319, 331, 91, 92, 76, 91, 93, 92, 93, 94, 92, 94, 119, 92, 86, 92, 128, 582, 549, 585, 375, 374, 384, 374, 373, 384, 378, 371, 384, 319, 332, 412, 317, 319, 380, 121, 24, 123, 94, 33, 121, 93, 31, 94, 91, 32, 93, 75, 3, 91, 316, 317, 381, 289, 316, 379, 287, 289, 390, 286, 287, 388, 284, 286, 387, 372, 315, 284, 315, 314, 284, 314, 313, 284, 313, 312, 284, 312, 311, 284, 311, 310, 284, 332, 335, 407, 335, 336, 408, 310, 309, 283, 336, 337, 406, 309, 308, 283, 308, 307, 283, 307, 306, 283, 306, 305, 283, 304, 283, 305, 283, 284, 310, 29, 283, 304, 24, 26, 123, 126, 113, 383, 383, 118, 366, 383, 117, 118, 383, 116, 117, 383, 115, 116, 383, 114, 115, 113, 114, 383, 126, 112, 113, 126, 111, 112, 126, 110, 111, 126, 109, 110, 126, 108, 109, 72, 7, 75, 71, 6, 72, 26, 27, 124, 70, 8, 71, 69, 8, 70, 27, 29, 126, 46, 47, 29, 52, 53, 29, 53, 46, 29, 406, 337, 405, 408, 336, 406, 412, 332, 407, 407, 335, 408, 54, 52, 29, 55, 54, 29, 51, 48, 29, 29, 48, 49, 51, 29, 45, 47, 45, 29, 29, 49, 50, 29, 50, 107, 304, 55, 29, 33, 24, 121, 32, 31, 93, 3, 32, 91, 31, 33, 94, 123, 26, 124, 8, 6, 71, 7, 3, 75, 6, 7, 72, 124, 27, 126, 126, 29, 107, 126, 107, 108, 379, 316, 381, 380, 319, 412, 381, 317, 380, 390, 289, 379, 383, 366, 384, 388, 287, 390, 387, 286, 388, 384, 284, 387, 377, 376, 384, 370, 369, 384, 369, 377, 384, 384, 368, 370, 384, 367, 368, 372, 284, 384, 366, 367, 384, 373, 372, 384, 384, 371, 375, 376, 378, 384, 246, 245, 279, 245, 244, 279, 445, 464, 522, 521, 528, 551, 551, 524, 525, 525, 521, 551, 518, 517, 551, 520, 518, 551, 527, 519, 551, 551, 519, 520, 551, 526, 527, 554, 445, 551, 555, 447, 554, 557, 448, 555, 551, 516, 550, 546, 450, 557, 528, 526, 551, 551, 523, 524, 551, 522, 523, 517, 516, 551, 445, 522, 551, 547, 480, 548, 582, 482, 547, 548, 479, 546, 453, 177, 192, 502, 501, 576, 501, 500, 578, 500, 497, 577, 224, 158, 223, 225, 156, 224, 228, 157, 225, 187, 177, 244, 186, 177, 187, 184, 177, 182, 177, 188, 182, 497, 482, 582, 482, 480, 547, 480, 479, 548, 479, 450, 546, 450, 448, 557, 240, 153, 228, 448, 447, 555, 447, 445, 554, 445, 463, 464, 445, 462, 463, 445, 461, 462, 445, 460, 461, 445, 459, 460, 185, 177, 186, 185, 188, 177, 191, 192, 177, 177, 189, 191, 190, 177, 183, 177, 190, 189, 177, 184, 183, 177, 175, 279, 175, 174, 277, 174, 172, 276, 444, 177, 453, 172, 181, 274, 578, 500, 577, 459, 444, 458, 457, 458, 444, 456, 457, 444, 455, 456, 444, 444, 454, 455, 444, 453, 454, 445, 444, 459, 242, 180, 240, 243, 179, 242, 274, 181, 243, 550, 250, 279, 516, 255, 550, 255, 254, 550, 254, 253, 550, 253, 252, 550, 252, 251, 550, 251, 250, 550, 250, 249, 279, 249, 248, 279, 248, 247, 279, 247, 246, 279, 577, 497, 582, 576, 501, 578, 179, 180, 242, 180, 153, 240, 181, 179, 243, 157, 156, 225, 153, 157, 228, 276, 172, 274, 277, 174, 276, 279, 175, 277, 244, 177, 279, 156, 158, 224, 357, 295, 356, 107, 96, 108, 48, 38, 49, 49, 39, 50, 51, 37, 48, 46, 36, 47, 47, 34, 45, 292, 44, 304, 44, 43, 55, 43, 41, 54, 42, 35, 53, 42, 52, 41, 40, 45, 34, 40, 37, 51, 39, 95, 50, 39, 49, 38, 38, 48, 37, 36, 34, 47, 36, 46, 35, 44, 292, 353, 43, 44, 106, 41, 43, 105, 41, 104, 42, 35, 42, 103, 35, 102, 36, 45, 40, 51, 54, 41, 52, 355, 294, 357, 97, 38, 98, 372, 303, 315, 315, 302, 314, 314, 301, 313, 313, 300, 312, 312, 299, 311, 311, 298, 310, 310, 297, 309, 309, 296, 308, 308, 295, 307, 307, 294, 306, 53, 35, 46, 52, 42, 53, 55, 43, 54, 304, 44, 55, 306, 293, 305, 305, 292, 304, 303, 372, 359, 303, 302, 315, 302, 301, 314, 301, 300, 313, 300, 299, 312, 299, 298, 311, 298, 297, 310, 297, 296, 309, 353, 292, 354, 354, 293, 355, 296, 295, 308, 295, 294, 307, 294, 293, 306, 96, 39, 97, 95, 39, 96, 356, 296, 364, 364, 297, 363, 363, 298, 365, 358, 300, 362, 365, 299, 358, 361, 302, 360, 362, 301, 361, 360, 303, 359, 366, 353, 354, 355, 367, 354, 357, 368, 355, 364, 369, 356, 357, 356, 370, 365, 358, 378, 362, 371, 358, 360, 359, 373, 361, 360, 374, 362, 361, 375, 365, 376, 363, 364, 363, 377, 366, 354, 367, 367, 355, 368, 370, 356, 369, 369, 364, 377, 368, 357, 370, 378, 358, 371, 373, 359, 372, 375, 361, 374, 374, 360, 373, 371, 362, 375, 377, 363, 376, 376, 365, 378, 293, 292, 305, 302, 303, 360, 301, 302, 361, 300, 301, 362, 299, 300, 358, 298, 299, 365, 297, 298, 363, 296, 297, 364, 295, 296, 356, 353, 366, 118, 95, 107, 50, 98, 37, 99, 99, 40, 100, 100, 34, 101, 101, 36, 102, 102, 35, 103, 116, 105, 117, 115, 104, 116, 114, 103, 115, 113, 102, 114, 112, 101, 113, 34, 36, 101, 37, 40, 99, 34, 100, 40, 38, 97, 39, 37, 98, 38, 111, 100, 112, 294, 295, 357, 110, 99, 111, 293, 294, 355, 103, 42, 104, 104, 41, 105, 105, 43, 106, 106, 44, 353, 107, 95, 96, 97, 108, 96, 98, 109, 97, 99, 110, 98, 100, 111, 99, 292, 293, 354, 109, 98, 110, 108, 97, 109, 101, 112, 100, 102, 113, 101, 103, 114, 102, 104, 115, 103, 105, 116, 104, 106, 117, 105, 106, 353, 118, 117, 106, 118, 453, 204, 466, 516, 529, 255, 455, 454, 467, 255, 269, 254, 254, 268, 253, 253, 267, 252, 252, 266, 251, 250, 251, 265, 250, 264, 249, 249, 263, 248, 248, 262, 247, 247, 261, 246, 246, 260, 245, 245, 259, 244, 258, 244, 259, 259, 245, 260, 260, 246, 261, 261, 247, 262, 262, 248, 263, 263, 249, 264, 264, 250, 265, 265, 251, 266, 266, 252, 267, 267, 253, 268, 268, 254, 269, 269, 255, 529, 456, 455, 468, 457, 456, 469, 458, 457, 470, 517, 530, 516, 518, 531, 517, 519, 532, 520, 527, 540, 519, 520, 533, 518, 521, 534, 528, 522, 535, 523, 524, 537, 525, 523, 536, 524, 525, 538, 521, 526, 539, 527, 526, 528, 541, 459, 458, 471, 460, 459, 472, 461, 460, 473, 462, 461, 474, 463, 462, 475, 464, 463, 476, 522, 464, 477, 184, 182, 194, 184, 196, 183, 467, 454, 466, 468, 455, 467, 469, 456, 468, 522, 477, 535, 477, 464, 476, 476, 463, 475, 475, 462, 474, 474, 461, 473, 529, 516, 530, 530, 517, 531, 531, 518, 533, 532, 519, 540, 533, 520, 532, 541, 528, 534, 534, 521, 538, 536, 523, 535, 537, 524, 536, 538, 525, 537, 539, 526, 541, 540, 527, 539, 188, 185, 197, 187, 199, 186, 186, 198, 185, 244, 258, 187, 188, 200, 182, 191, 189, 201, 190, 183, 195, 190, 202, 189, 192, 191, 203, 453, 192, 204, 195, 183, 196, 196, 184, 194, 197, 185, 198, 454, 453, 466, 198, 186, 199, 199, 187, 258, 200, 188, 197, 194, 182, 200, 473, 460, 472, 472, 459, 471, 471, 458, 470, 470, 457, 469, 201, 189, 202, 202, 190, 195, 203, 191, 201, 204, 192, 203, 205, 271, 543, 536, 535, 544, 256, 197, 198, 256, 198, 199, 256, 199, 258, 256, 257, 205, 196, 194, 193, 545, 543, 544, 542, 538, 544, 538, 537, 544, 270, 271, 257, 205, 257, 271, 545, 478, 543, 542, 544, 543, 542, 539, 541, 542, 532, 540, 540, 539, 542, 541, 534, 542, 534, 538, 542, 533, 532, 542, 542, 531, 533, 542, 530, 531, 542, 529, 530, 542, 269, 529, 467, 193, 465, 465, 193, 478, 468, 467, 465, 469, 468, 465, 470, 469, 465, 261, 262, 256, 257, 256, 270, 471, 470, 465, 472, 471, 465, 473, 472, 465, 474, 473, 465, 474, 465, 544, 475, 474, 544, 478, 205, 543, 202, 195, 193, 196, 193, 195, 194, 200, 193, 256, 260, 261, 256, 259, 260, 256, 258, 259, 200, 197, 193, 256, 205, 193, 202, 193, 201, 203, 201, 193, 204, 203, 193, 466, 204, 193, 466, 193, 467, 193, 205, 478, 465, 478, 545, 476, 475, 544, 477, 476, 544, 535, 477, 544, 544, 465, 545, 270, 256, 262, 270, 262, 263, 270, 263, 264, 270, 264, 265, 270, 265, 266, 270, 266, 267, 270, 267, 268, 270, 268, 269, 270, 269, 542, 270, 542, 271, 537, 536, 544, 543, 271, 542, 193, 197, 256]
            point3f[] points = [(-71.4018, -57, -54.78853), (-77.94228, -57, -45), (-83.149155, -57, -34.44151), (-69.282036, -57, -40), (-86.93333, -57, -23.293715), (-89.230034, -57, -11.747357), (-77.27406, -57, -20.705524), (-73.91036, -57, -30.614676), (-79.31559, -57, -10.442096), (-107.1027, -40, -82.18279), (-82.18279, -40, -107.1027), (-95.45942, -40, -95.45942), (-124.72374, -40, -51.662262), (-130.4, -40, -34.94057), (-116.91343, -40, -67.5), (-133.84506, -40, -17.621037), (-71.4018, -40, -54.78853), (-77.94228, -40, -45), (-83.149155, -40, -34.44151), (-86.93333, -40, -23.293715), (-89.230034, -40, -11.747357), (-54.78853, -57, -71.4018), (-45, -57, -77.94228), (-34.44151, -57, -83.149155), (-40, -57, -69.282036), (-23.293715, -57, -86.93333), (-30.614676, -57, -73.91036), (-20.705524, -57, -77.27406), (-11.747357, -57, -89.230034), (-10.442096, -57, -79.31559), (-63.63961, -57, -63.63961), (-56.568542, -57, -56.568542), (-63.468266, -57, -48.700912), (-48.700912, -57, -63.468266), (-5.5534735, -85, -4.26133), (-4.26133, -85, -5.5534735), (-4.9497476, -85, -4.9497476), (-6.467157, -85, -2.6787841), (-6.761481, -85, -1.8117334), (-6.940114, -85, -0.91368335), (-6.0621777, -85, -3.5), (-2.6787841, -85, -6.467157), (-3.5, -85, -6.0621777), (-1.8117334, -85, -6.761481), (-0.91368335, -85, -6.940114), (-5.5534735, -57, -4.26133), (-4.26133, -57, -5.5534735), (-4.9497476, -57, -4.9497476), (-6.467157, -57, -2.6787841), (-6.761481, -57, -1.8117334), (-6.940114, -57, -0.91368335), (-6.0621777, -57, -3.5), (-2.6787841, -57, -6.467157), (-3.5, -57, -6.0621777), (-1.8117334, -57, -6.761481), (-0.91368335, -57, -6.940114), (-51.662262, -40, -124.72374), (-67.5, -40, -116.91343), (-34.94057, -40, -130.4), (-54.78853, -40, -71.4018), (-45, -40, -77.94228), (-34.44151, -40, -83.149155), (-17.621037, -40, -133.84506), (-23.293715, -40, -86.93333), (-11.747357, -40, -89.230034), (-63.63961, -40, -63.63961), (-90, -57, 0), (-89.230034, -57, 11.747357), (-86.93333, -57, 23.293715), (-80, -57, 0), (-79.31559, -57, 10.442096), (-77.27406, -57, 20.705524), (-73.91036, -57, 30.614676), (-83.149155, -57, 34.44151), (-77.94228, -57, 45), (-69.282036, -57, 40), (-71.4018, -57, 54.78853), (-135, -40, 0), (-133.84506, -40, 17.621037), (-130.4, -40, 34.94057), (-124.72374, -40, 51.662262), (-90, -40, 0), (-89.230034, -40, 11.747357), (-86.93333, -40, 23.293715), (-83.149155, -40, 34.44151), (-77.94228, -40, 45), (-71.4018, -40, 54.78853), (-116.91343, -40, 67.5), (-107.1027, -40, 82.18279), (-95.45942, -40, 95.45942), (-82.18279, -40, 107.1027), (-63.468266, -57, 48.700912), (-63.63961, -57, 63.63961), (-56.568542, -57, 56.568542), (-48.700912, -57, 63.468266), (-7, -85, 0), (-6.940114, -85, 0.91368335), (-6.761481, -85, 1.8117334), (-6.467157, -85, 2.6787841), (-6.0621777, -85, 3.5), (-5.5534735, -85, 4.26133), (-4.9497476, -85, 4.9497476), (-4.26133, -85, 5.5534735), (-3.5, -85, 6.0621777), (-2.6787841, -85, 6.467157), (-1.8117334, -85, 6.761481), (-0.91368335, -85, 6.940114), (-7, -57, 0), (-6.940114, -57, 0.91368335), (-6.761481, -57, 1.8117334), (-6.467157, -57, 2.6787841), (-6.0621777, -57, 3.5), (-5.5534735, -57, 4.26133), (-4.9497476, -57, 4.9497476), (-4.26133, -57, 5.5534735), (-3.5, -57, 6.0621777), (-2.6787841, -57, 6.467157), (-1.8117334, -57, 6.761481), (-0.91368335, -57, 6.940114), (-54.78853, -57, 71.4018), (-45, -57, 77.94228), (-40, -57, 69.282036), (-34.44151, -57, 83.149155), (-30.614676, -57, 73.91036), (-20.705524, -57, 77.27406), (-23.293715, -57, 86.93333), (-10.442096, -57, 79.31559), (-11.747357, -57, 89.230034), (-63.63961, -40, 63.63961), (-54.78853, -40, 71.4018), (-45, -40, 77.94228), (-34.44151, -40, 83.149155), (-67.5, -40, 116.91343), (-51.662262, -40, 124.72374), (-34.94057, -40, 130.4), (-23.293715, -40, 86.93333), (-11.747357, -40, 89.230034), (-17.621037, -40, 133.84506), (-107.1027, 40, -82.18279), (-82.18279, 40, -107.1027), (-95.45942, 40, -95.45942), (-124.72374, 40, -51.662262), (-130.4, 40, -34.94057), (-116.91343, 40, -67.5), (-133.84506, 40, -17.621037), (-71.4018, 40, -54.78853), (-77.94228, 40, -45), (-83.149155, 40, -34.44151), (-86.93333, 40, -23.293715), (-89.230034, 40, -11.747357), (-71.4018, 57, -54.78853), (-77.94228, 57, -45), (-83.149155, 57, -34.44151), (-69.282036, 57, -40), (-86.93333, 57, -23.293715), (-89.230034, 57, -11.747357), (-77.27406, 57, -20.705524), (-73.91036, 57, -30.614676), (-79.31559, 57, -10.442096), (-51.662262, 40, -124.72374), (-67.5, 40, -116.91343), (-34.94057, 40, -130.4), (-54.78853, 40, -71.4018), (-45, 40, -77.94228), (-34.44151, 40, -83.149155), (-17.621037, 40, -133.84506), (-23.293715, 40, -86.93333), (-11.747357, 40, -89.230034), (-63.63961, 40, -63.63961), (-54.78853, 57, -71.4018), (-45, 57, -77.94228), (-34.44151, 57, -83.149155), (-40, 57, -69.282036), (-23.293715, 57, -86.93333), (-30.614676, 57, -73.91036), (-20.705524, 57, -77.27406), (-11.747357, 57, -89.230034), (-10.442096, 57, -79.31559), (-63.63961, 57, -63.63961), (-56.568542, 57, -56.568542), (-63.468266, 57, -48.700912), (-48.700912, 57, -63.468266), (-5.5534735, 57, -4.26133), (-4.26133, 57, -5.5534735), (-4.9497476, 57, -4.9497476), (-6.467157, 57, -2.6787841), (-6.761481, 57, -1.8117334), (-6.940114, 57, -0.91368335), (-6.0621777, 57, -3.5), (-2.6787841, 57, -6.467157), (-3.5, 57, -6.0621777), (-1.8117334, 57, -6.761481), (-0.91368335, 57, -6.940114), (-6.3, 76, -10.911921), (-5.5534735, 76, -4.26133), (-4.26133, 76, -5.5534735), (-4.9497476, 76, -4.9497476), (-6.467157, 76, -2.6787841), (-6.761481, 76, -1.8117334), (-6.940114, 76, -0.91368335), (-6.0621777, 76, -3.5), (-2.6787841, 76, -6.467157), (-3.5, 76, -6.0621777), (-1.8117334, 76, -6.761481), (-0.91368335, 76, -6.940114), (-6.3, 86, -10.911921), (-135, 40, 0), (-133.84506, 40, 17.621037), (-130.4, 40, 34.94057), (-124.72374, 40, 51.662262), (-90, 40, 0), (-89.230034, 40, 11.747357), (-86.93333, 40, 23.293715), (-83.149155, 40, 34.44151), (-77.94228, 40, 45), (-71.4018, 40, 54.78853), (-116.91343, 40, 67.5), (-107.1027, 40, 82.18279), (-95.45942, 40, 95.45942), (-82.18279, 40, 107.1027), (-90, 57, 0), (-89.230034, 57, 11.747357), (-86.93333, 57, 23.293715), (-79.31559, 57, 10.442096), (-77.27406, 57, 20.705524), (-73.91036, 57, 30.614676), (-83.149155, 57, 34.44151), (-77.94228, 57, 45), (-69.282036, 57, 40), (-71.4018, 57, 54.78853), (-63.63961, 40, 63.63961), (-54.78853, 40, 71.4018), (-45, 40, 77.94228), (-34.44151, 40, 83.149155), (-67.5, 40, 116.91343), (-51.662262, 40, 124.72374), (-34.94057, 40, 130.4), (-23.293715, 40, 86.93333), (-11.747357, 40, 89.230034), (-17.621037, 40, 133.84506), (-63.468266, 57, 48.700912), (-63.63961, 57, 63.63961), (-56.568542, 57, 56.568542), (-48.700912, 57, 63.468266), (-7, 57, 0), (-6.940114, 57, 0.91368335), (-6.761481, 57, 1.8117334), (-6.467157, 57, 2.6787841), (-6.0621777, 57, 3.5), (-5.5534735, 57, 4.26133), (-4.9497476, 57, 4.9497476), (-4.26133, 57, 5.5534735), (-3.5, 57, 6.0621777), (-2.6787841, 57, 6.467157), (-1.8117334, 57, 6.761481), (-0.91368335, 57, 6.940114), (-12.6, 76, 0), (-12.6, 86, 0), (-7, 76, 0), (-6.940114, 76, 0.91368335), (-6.761481, 76, 1.8117334), (-6.467157, 76, 2.6787841), (-6.0621777, 76, 3.5), (-5.5534735, 76, 4.26133), (-4.9497476, 76, 4.9497476), (-4.26133, 76, 5.5534735), (-3.5, 76, 6.0621777), (-2.6787841, 76, 6.467157), (-1.8117334, 76, 6.761481), (-0.91368335, 76, 6.940114), (-6.3, 76, 10.911921), (-6.3, 86, 10.911921), (-54.78853, 57, 71.4018), (-45, 57, 77.94228), (-40, 57, 69.282036), (-34.44151, 57, 83.149155), (-30.614676, 57, 73.91036), (-20.705524, 57, 77.27406), (-23.293715, 57, 86.93333), (-10.442096, 57, 79.31559), (-11.747357, 57, 89.230034), (0, -57, -90), (11.747357, -57, -89.230034), (0, -57, -80), (10.442096, -57, -79.31559), (23.293715, -57, -86.93333), (20.705524, -57, -77.27406), (30.614676, -57, -73.91036), (34.44151, -57, -83.149155), (40, -57, -69.282036), (45, -57, -77.94228), (54.78853, -57, -71.4018), (0, -85, -7), (0.91368335, -85, -6.940114), (1.8117334, -85, -6.761481), (2.6787841, -85, -6.467157), (3.5, -85, -6.0621777), (4.26133, -85, -5.5534735), (4.9497476, -85, -4.9497476), (5.5534735, -85, -4.26133), (6.0621777, -85, -3.5), (6.467157, -85, -2.6787841), (6.761481, -85, -1.8117334), (6.940114, -85, -0.91368335), (0, -57, -7), (0.91368335, -57, -6.940114), (1.8117334, -57, -6.761481), (2.6787841, -57, -6.467157), (3.5, -57, -6.0621777), (4.26133, -57, -5.5534735), (4.9497476, -57, -4.9497476), (5.5534735, -57, -4.26133), (6.0621777, -57, -3.5), (6.467157, -57, -2.6787841), (6.761481, -57, -1.8117334), (6.940114, -57, -0.91368335), (48.700912, -57, -63.468266), (56.568542, -57, -56.568542), (63.63961, -57, -63.63961), (63.468266, -57, -48.700912), (0, -40, -135), (17.621037, -40, -133.84506), (0, -40, -90), (11.747357, -40, -89.230034), (23.293715, -40, -86.93333), (34.94057, -40, -130.4), (51.662262, -40, -124.72374), (34.44151, -40, -83.149155), (45, -40, -77.94228), (54.78853, -40, -71.4018), (63.63961, -40, -63.63961), (71.4018, -57, -54.78853), (69.282036, -57, -40), (77.94228, -57, -45), (83.149155, -57, -34.44151), (73.91036, -57, -30.614676), (77.27406, -57, -20.705524), (79.31559, -57, -10.442096), (86.93333, -57, -23.293715), (89.230034, -57, -11.747357), (67.5, -40, -116.91343), (82.18279, -40, -107.1027), (95.45942, -40, -95.45942), (107.1027, -40, -82.18279), (71.4018, -40, -54.78853), (77.94228, -40, -45), (83.149155, -40, -34.44151), (86.93333, -40, -23.293715), (89.230034, -40, -11.747357), (116.91343, -40, -67.5), (124.72374, -40, -51.662262), (130.4, -40, -34.94057), (133.84506, -40, -17.621037), (0, -85, 7), (0.91368335, -85, 6.940114), (1.8117334, -85, 6.761481), (3.5, -85, 6.0621777), (2.6787841, -85, 6.467157), (6.0621777, -85, 3.5), (7, -85, 0), (6.940114, -85, 0.91368335), (6.761481, -85, 1.8117334), (6.467157, -85, 2.6787841), (4.9497476, -85, 4.9497476), (4.26133, -85, 5.5534735), (5.5534735, -85, 4.26133), (0, -57, 7), (0.91368335, -57, 6.940114), (1.8117334, -57, 6.761481), (3.5, -57, 6.0621777), (2.6787841, -57, 6.467157), (6.0621777, -57, 3.5), (7, -57, 0), (6.940114, -57, 0.91368335), (6.761481, -57, 1.8117334), (6.467157, -57, 2.6787841), (4.9497476, -57, 4.9497476), (4.26133, -57, 5.5534735), (5.5534735, -57, 4.26133), (48.700912, -57, 63.468266), (63.468266, -57, 48.700912), (56.568542, -57, 56.568542), (63.63961, -57, 63.63961), (0, -57, 80), (10.442096, -57, 79.31559), (0, -57, 90), (11.747357, -57, 89.230034), (20.705524, -57, 77.27406), (30.614676, -57, 73.91036), (23.293715, -57, 86.93333), (40, -57, 69.282036), (34.44151, -57, 83.149155), (45, -57, 77.94228), (54.78853, -57, 71.4018), (63.63961, -40, 63.63961), (0, -40, 90), (11.747357, -40, 89.230034), (23.293715, -40, 86.93333), (0, -40, 135), (17.621037, -40, 133.84506), (34.44151, -40, 83.149155), (45, -40, 77.94228), (54.78853, -40, 71.4018), (34.94057, -40, 130.4), (51.662262, -40, 124.72374), (80, -57, 0), (79.31559, -57, 10.442096), (73.91036, -57, 30.614676), (77.27406, -57, 20.705524), (90, -57, 0), (89.230034, -57, 11.747357), (86.93333, -57, 23.293715), (69.282036, -57, 40), (83.149155, -57, 34.44151), (77.94228, -57, 45), (71.4018, -57, 54.78853), (90, -40, 0), (89.230034, -40, 11.747357), (86.93333, -40, 23.293715), (83.149155, -40, 34.44151), (77.94228, -40, 45), (71.4018, -40, 54.78853), (135, -40, 0), (133.84506, -40, 17.621037), (130.4, -40, 34.94057), (124.72374, -40, 51.662262), (95.45942, -40, 95.45942), (67.5, -40, 116.91343), (82.18279, -40, 107.1027), (107.1027, -40, 82.18279), (116.91343, -40, 67.5), (0, 40, -135), (17.621037, 40, -133.84506), (0, 40, -90), (11.747357, 40, -89.230034), (23.293715, 40, -86.93333), (34.94057, 40, -130.4), (51.662262, 40, -124.72374), (34.44151, 40, -83.149155), (45, 40, -77.94228), (54.78853, 40, -71.4018), (63.63961, 40, -63.63961), (0, 57, -90), (11.747357, 57, -89.230034), (0, 57, -80), (10.442096, 57, -79.31559), (23.293715, 57, -86.93333), (20.705524, 57, -77.27406), (30.614676, 57, -73.91036), (34.44151, 57, -83.149155), (40, 57, -69.282036), (45, 57, -77.94228), (54.78853, 57, -71.4018), (0, 57, -7), (0.91368335, 57, -6.940114), (1.8117334, 57, -6.761481), (2.6787841, 57, -6.467157), (3.5, 57, -6.0621777), (4.26133, 57, -5.5534735), (4.9497476, 57, -4.9497476), (5.5534735, 57, -4.26133), (6.0621777, 57, -3.5), (6.467157, 57, -2.6787841), (6.761481, 57, -1.8117334), (6.940114, 57, -0.91368335), (6.3, 76, -10.911921), (0, 76, -7), (0.91368335, 76, -6.940114), (1.8117334, 76, -6.761481), (2.6787841, 76, -6.467157), (3.5, 76, -6.0621777), (4.26133, 76, -5.5534735), (4.9497476, 76, -4.9497476), (5.5534735, 76, -4.26133), (6.0621777, 76, -3.5), (6.467157, 76, -2.6787841), (6.761481, 76, -1.8117334), (6.940114, 76, -0.91368335), (6.3, 86, -10.911921), (48.700912, 57, -63.468266), (56.568542, 57, -56.568542), (63.63961, 57, -63.63961), (63.468266, 57, -48.700912), (67.5, 40, -116.91343), (82.18279, 40, -107.1027), (95.45942, 40, -95.45942), (107.1027, 40, -82.18279), (71.4018, 40, -54.78853), (77.94228, 40, -45), (83.149155, 40, -34.44151), (86.93333, 40, -23.293715), (89.230034, 40, -11.747357), (116.91343, 40, -67.5), (124.72374, 40, -51.662262), (130.4, 40, -34.94057), (133.84506, 40, -17.621037), (71.4018, 57, -54.78853), (69.282036, 57, -40), (77.94228, 57, -45), (83.149155, 57, -34.44151), (73.91036, 57, -30.614676), (77.27406, 57, -20.705524), (79.31559, 57, -10.442096), (86.93333, 57, -23.293715), (89.230034, 57, -11.747357), (63.63961, 40, 63.63961), (0, 40, 90), (11.747357, 40, 89.230034), (23.293715, 40, 86.93333), (0, 40, 135), (17.621037, 40, 133.84506), (34.44151, 40, 83.149155), (45, 40, 77.94228), (54.78853, 40, 71.4018), (34.94057, 40, 130.4), (51.662262, 40, 124.72374), (0, 57, 7), (0.91368335, 57, 6.940114), (1.8117334, 57, 6.761481), (3.5, 57, 6.0621777), (2.6787841, 57, 6.467157), (6.0621777, 57, 3.5), (7, 57, 0), (6.940114, 57, 0.91368335), (6.761481, 57, 1.8117334), (6.467157, 57, 2.6787841), (4.9497476, 57, 4.9497476), (4.26133, 57, 5.5534735), (5.5534735, 57, 4.26133), (0, 76, 7), (0.91368335, 76, 6.940114), (1.8117334, 76, 6.761481), (3.5, 76, 6.0621777), (2.6787841, 76, 6.467157), (6.0621777, 76, 3.5), (7, 76, 0), (6.940114, 76, 0.91368335), (6.761481, 76, 1.8117334), (6.467157, 76, 2.6787841), (4.9497476, 76, 4.9497476), (4.26133, 76, 5.5534735), (5.5534735, 76, 4.26133), (6.3, 76, 10.911921), (6.3, 86, 10.911921), (12.6, 76, 0), (12.6, 86, 0), (48.700912, 57, 63.468266), (63.468266, 57, 48.700912), (56.568542, 57, 56.568542), (63.63961, 57, 63.63961), (0, 57, 80), (10.442096, 57, 79.31559), (0, 57, 90), (11.747357, 57, 89.230034), (20.705524, 57, 77.27406), (30.614676, 57, 73.91036), (23.293715, 57, 86.93333), (40, 57, 69.282036), (34.44151, 57, 83.149155), (45, 57, 77.94228), (54.78853, 57, 71.4018), (90, 40, 0), (89.230034, 40, 11.747357), (86.93333, 40, 23.293715), (83.149155, 40, 34.44151), (77.94228, 40, 45), (71.4018, 40, 54.78853), (135, 40, 0), (133.84506, 40, 17.621037), (130.4, 40, 34.94057), (124.72374, 40, 51.662262), (95.45942, 40, 95.45942), (67.5, 40, 116.91343), (82.18279, 40, 107.1027), (107.1027, 40, 82.18279), (116.91343, 40, 67.5), (79.31559, 57, 10.442096), (73.91036, 57, 30.614676), (77.27406, 57, 20.705524), (90, 57, 0), (89.230034, 57, 11.747357), (86.93333, 57, 23.293715), (69.282036, 57, 40), (83.149155, 57, 34.44151), (77.94228, 57, 45), (71.4018, 57, 54.78853)]

            rel material:binding = </BVR1/Materials/WheelMaterial>
        }
    }


    def Scope "Materials"
    {
        def Material "BodyMaterial"
        {
            token outputs:surface.connect = <BodyMaterial/Shader.outputs:surface>

            def Shader "Shader"
            {
                uniform token info:id = "UsdPreviewSurface"
                color3f inputs:diffuseColor = (1, 0.4, 0)
                float inputs:metallic = 0
                float inputs:roughness = 0.5
                token outputs:surface
            }
        }

        def Material "WheelMaterial"
        {
            token outputs:surface.connect = <WheelMaterial/Shader.outputs:surface>

            def Shader "Shader"
            {
                uniform token info:id = "UsdPreviewSurface"
                color3f inputs:diffuseColor = (0.1, 0.1, 0.1)
                float inputs:metallic = 0.0
                float inputs:roughness = 0.9
                token outputs:surface
            }
        }
    }
}
